t,hip_L.q,abduct_L.q,hip_R.q,abduct_R.q
0.000000,0.533349469,0.000000000,-0.018963839,0.000000000
0.001000,0.533161641,-0.000000436,-0.017907560,-0.000002049
0.002000,0.532973994,-0.000001739,-0.016850068,-0.000008127
0.003000,0.532786647,-0.000003899,-0.015790637,-0.000018112
0.004000,0.532599712,-0.000006907,-0.014728570,-0.000031884
0.005000,0.532413296,-0.000010753,-0.013663201,-0.000049330
0.006000,0.532227499,-0.000015427,-0.012593891,-0.000070337
0.007000,0.532042419,-0.000020919,-0.011520026,-0.000094797
0.008000,0.531858145,-0.000027217,-0.010441020,-0.000122605
0.009000,0.531674765,-0.000034311,-0.009356311,-0.000153658
0.010000,0.531492359,-0.000042190,-0.008265362,-0.000187857
0.011000,0.531311003,-0.000050842,-0.007167660,-0.000225106
0.012000,0.531130770,-0.000060256,-0.006062713,-0.000265311
0.013000,0.530951727,-0.000070421,-0.004950052,-0.000308380
0.014000,0.530773938,-0.000081323,-0.003829230,-0.000354227
0.015000,0.530597460,-0.000092952,-0.002699819,-0.000402764
0.016000,0.530422350,-0.000105294,-0.001561413,-0.000453908
0.017000,0.530248658,-0.000118338,-0.000413623,-0.000507578
0.018000,0.530076431,-0.000132071,0.000743919,-0.000563696
0.019000,0.529905713,-0.000146480,0.001911564,-0.000622185
0.020000,0.529736542,-0.000161553,0.003089647,-0.000682970
0.021000,0.529568955,-0.000177276,0.004278484,-0.000745979
0.022000,0.529402985,-0.000193636,0.005478375,-0.000811143
0.023000,0.529238661,-0.000210622,0.006689604,-0.000878391
0.024000,0.529076009,-0.000228218,0.007912442,-0.000947659
0.025000,0.528915051,-0.000246413,0.009147142,-0.001018882
0.026000,0.528755808,-0.000265193,0.010393944,-0.001091996
0.027000,0.528598295,-0.000284545,0.011653074,-0.001166941
0.028000,0.528442526,-0.000304455,0.012924746,-0.001243658
0.029000,0.528288513,-0.000324911,0.014209158,-0.001322088
0.030000,0.528136262,-0.000345898,0.015506499,-0.001402175
0.031000,0.527985780,-0.000367403,0.016816942,-0.001483865
0.032000,0.527837069,-0.000389413,0.018140652,-0.001567105
0.033000,0.527690128,-0.000411915,0.019477780,-0.001651843
0.034000,0.527544956,-0.000434895,0.020828467,-0.001738028
0.035000,0.527401547,-0.000458339,0.022192844,-0.001825612
0.036000,0.527259893,-0.000482235,0.023571029,-0.001914547
0.037000,0.527119986,-0.000506568,0.024963133,-0.002004786
0.038000,0.526981812,-0.000531326,0.026369257,-0.002096285
0.039000,0.526845359,-0.000556495,0.027789491,-0.002188999
0.040000,0.526710608,-0.000582062,0.029223917,-0.002282886
0.041000,0.526577543,-0.000608014,0.030672608,-0.002377904
0.042000,0.526446141,-0.000634337,0.032135628,-0.002474011
0.043000,0.526316381,-0.000661019,0.033613035,-0.002571170
0.044000,0.526188239,-0.000688045,0.035104877,-0.002669340
0.045000,0.526061687,-0.000715404,0.036611195,-0.002768485
0.046000,0.525936697,-0.000743082,0.038132022,-0.002868568
0.047000,0.525813240,-0.000771066,0.039667384,-0.002969552
0.048000,0.525691283,-0.000799343,0.041217301,-0.003071405
0.049000,0.525570793,-0.000827901,0.042781786,-0.003174090
0.050000,0.525451735,-0.000856727,0.044360844,-0.003277576
0.051000,0.525334071,-0.000885808,0.045954476,-0.003381829
0.052000,0.525217763,-0.000915131,0.047562676,-0.003486819
0.053000,0.525102772,-0.000944685,0.049185430,-0.003592515
0.054000,0.524989055,-0.000974457,0.050822722,-0.003698886
0.055000,0.524876569,-0.001004434,0.052474527,-0.003805904
0.056000,0.524765271,-0.001034604,0.054140818,-0.003913539
0.057000,0.524655114,-0.001064956,0.055821560,-0.004021764
0.058000,0.524546050,-0.001095477,0.057516716,-0.004130551
0.059000,0.524438032,-0.001126155,0.059226240,-0.004239874
0.060000,0.524331009,-0.001156979,0.060950084,-0.004349706
0.061000,0.524224931,-0.001187936,0.062688197,-0.004460022
0.062000,0.524119744,-0.001219016,0.064440520,-0.004570798
0.063000,0.524015396,-0.001250206,0.066206993,-0.004682007
0.064000,0.523911831,-0.001281495,0.067987549,-0.004793628
0.065000,0.523808994,-0.001312873,0.069782119,-0.004905636
0.066000,0.523706827,-0.001344327,0.071590630,-0.005018008
0.067000,0.523605272,-0.001375847,0.073413004,-0.005130723
0.068000,0.523504271,-0.001407421,0.075249162,-0.005243757
0.069000,0.523403763,-0.001439040,0.077099019,-0.005357090
0.070000,0.523303686,-0.001470692,0.078962487,-0.005470700
0.071000,0.523203980,-0.001502366,0.080839477,-0.005584567
0.072000,0.523104579,-0.001534053,0.082729893,-0.005698670
0.073000,0.523005422,-0.001565741,0.084633640,-0.005812989
0.074000,0.522906441,-0.001597421,0.086550618,-0.005927506
0.075000,0.522807573,-0.001629082,0.088480723,-0.006042200
0.076000,0.522708749,-0.001660714,0.090423851,-0.006157053
0.077000,0.522609903,-0.001692308,0.092379894,-0.006272046
0.078000,0.522510966,-0.001723854,0.094348740,-0.006387162
0.079000,0.522411870,-0.001755342,0.096330278,-0.006502381
0.080000,0.522312543,-0.001786762,0.098324392,-0.006617688
0.081000,0.522212917,-0.001818106,0.100330963,-0.006733064
0.082000,0.522112919,-0.001849363,0.102349873,-0.006848492
0.083000,0.522012478,-0.001880525,0.104380999,-0.006963955
0.084000,0.521911520,-0.001911583,0.106424217,-0.007079438
0.085000,0.521809973,-0.001942527,0.108479400,-0.007194924
0.086000,0.521707763,-0.001973350,0.110546421,-0.007310397
0.087000,0.521604815,-0.002004041,0.112625150,-0.007425840
0.088000,0.521501055,-0.002034594,0.114715454,-0.007541239
0.089000,0.521396405,-0.002064998,0.116817201,-0.007656579
0.090000,0.521290791,-0.002095247,0.118930256,-0.007771843
0.091000,0.521184136,-0.002125332,0.121054481,-0.007887017
0.092000,0.521076362,-0.002155245,0.123189738,-0.008002087
0.093000,0.520967391,-0.002184977,0.125335887,-0.008117038
0.094000,0.520857146,-0.002214521,0.127492787,-0.008231855
0.095000,0.520745547,-0.002243870,0.129660296,-0.008346525
0.096000,0.520632516,-0.002273016,0.131838269,-0.008461032
0.097000,0.520517973,-0.002301951,0.134026561,-0.008575364
0.098000,0.520401839,-0.002330668,0.136225025,-0.008689507
0.099000,0.520284032,-0.002359160,0.138433514,-0.008803447
0.100000,0.520164472,-0.002387420,0.140651879,-0.008917170
0.101000,0.520043078,-0.002415441,0.142879970,-0.009030664
0.102000,0.519919769,-0.002443215,0.145117635,-0.009143915
0.103000,0.519794464,-0.002470737,0.147364724,-0.009256910
0.104000,0.519667079,-0.002497999,0.149621082,-0.009369636
0.105000,0.519537534,-0.002524995,0.151886555,-0.009482081
0.106000,0.519405744,-0.002551719,0.154160990,-0.009594232
0.107000,0.519271629,-0.002578164,0.156444230,-0.009706077
0.108000,0.519135104,-0.002604325,0.158736119,-0.009817602
0.109000,0.518996087,-0.002630195,0.161036499,-0.009928796
0.110000,0.518854494,-0.002655768,0.163345212,-0.010039646
0.111000,0.518710241,-0.002681038,0.165662101,-0.010150140
0.112000,0.518563244,-0.002706000,0.167987004,-0.010260267
0.113000,0.518413421,-0.002730649,0.170319763,-0.010370014
0.114000,0.518260686,-0.002754977,0.172660217,-0.010479370
0.115000,0.518104956,-0.002778981,0.175008204,-0.010588323
0.116000,0.517946145,-0.002802655,0.177363563,-0.010696861
0.117000,0.517784171,-0.002825993,0.179726131,-0.010804972
0.118000,0.517618947,-0.002848991,0.182095747,-0.010912646
0.119000,0.517450390,-0.002871644,0.184472245,-0.011019870
0.120000,0.517278415,-0.002893946,0.186855464,-0.011126634
0.121000,0.517102938,-0.002915893,0.189245239,-0.011232926
0.122000,0.516923873,-0.002937481,0.191641405,-0.011338735
0.123000,0.516741136,-0.002958704,0.194043798,-0.011444050
0.124000,0.516554642,-0.002979558,0.196452253,-0.011548860
0.125000,0.516364307,-0.003000039,0.198866605,-0.011653154
0.126000,0.516170045,-0.003020143,0.201286688,-0.011756921
0.127000,0.515971773,-0.003039864,0.203712335,-0.011860151
0.128000,0.515769406,-0.003059200,0.206143382,-0.011962832
0.129000,0.515562858,-0.003078146,0.208579662,-0.012064955
0.130000,0.515352047,-0.003096699,0.211021009,-0.012166508
0.131000,0.515136887,-0.003114853,0.213467255,-0.012267481
0.132000,0.514917294,-0.003132606,0.215918235,-0.012367864
0.133000,0.514693184,-0.003149954,0.218373781,-0.012467646
0.134000,0.514464473,-0.003166894,0.220833727,-0.012566816
0.135000,0.514231078,-0.003183421,0.223297906,-0.012665366
0.136000,0.513992915,-0.003199532,0.225766151,-0.012763284
0.137000,0.513749900,-0.003215225,0.228238294,-0.012860561
0.138000,0.513501950,-0.003230495,0.230714170,-0.012957186
0.139000,0.513248982,-0.003245340,0.233193611,-0.013053149
0.140000,0.512990913,-0.003259757,0.235676449,-0.013148441
0.141000,0.512727661,-0.003273742,0.238162520,-0.013243052
0.142000,0.512459142,-0.003287292,0.240651654,-0.013336972
0.143000,0.512185276,-0.003300405,0.243143687,-0.013430192
0.144000,0.511905979,-0.003313078,0.245638451,-0.013522701
0.145000,0.511621171,-0.003325308,0.248135780,-0.013614491
0.146000,0.511330770,-0.003337093,0.250635508,-0.013705551
0.147000,0.511034695,-0.003348429,0.253137468,-0.013795872
0.148000,0.510732865,-0.003359315,0.255641495,-0.013885446
0.149000,0.510425200,-0.003369747,0.258147424,-0.013974263
0.150000,0.510111620,-0.003379724,0.260655087,-0.014062313
0.151000,0.509792045,-0.003389243,0.263164321,-0.014149587
0.152000,0.509466396,-0.003398302,0.265674961,-0.014236078
0.153000,0.509134593,-0.003406899,0.268186840,-0.014321775
0.154000,0.508796559,-0.003415030,0.270699797,-0.014406669
0.155000,0.508452215,-0.003422696,0.273213665,-0.014490753
0.156000,0.508101482,-0.003429892,0.275728281,-0.014574016
0.157000,0.507744284,-0.003436619,0.278243482,-0.014656452
0.158000,0.507380544,-0.003442872,0.280759104,-0.014738050
0.159000,0.507010185,-0.003448651,0.283274986,-0.014818803
0.160000,0.506633131,-0.003453954,0.285790963,-0.014898702
0.161000,0.506249307,-0.003458779,0.288306875,-0.014977739
0.162000,0.505858637,-0.003463124,0.290822560,-0.015055905
0.163000,0.505461046,-0.003466988,0.293337856,-0.015133193
0.164000,0.505056461,-0.003470369,0.295852603,-0.015209595
0.165000,0.504644808,-0.003473266,0.298366640,-0.015285102
0.166000,0.504226013,-0.003475676,0.300879807,-0.015359707
0.167000,0.503800004,-0.003477599,0.303391946,-0.015433402
0.168000,0.503366708,-0.003479033,0.305902897,-0.015506178
0.169000,0.502926055,-0.003479977,0.308412501,-0.015578030
0.170000,0.502477974,-0.003480429,0.310920601,-0.015648948
0.171000,0.502022393,-0.003480388,0.313427040,-0.015718927
0.172000,0.501559243,-0.003479853,0.315931660,-0.015787957
0.173000,0.501088454,-0.003478822,0.318434306,-0.015856033
0.174000,0.500609959,-0.003477295,0.320934821,-0.015923148
0.175000,0.500123689,-0.003475270,0.323433050,-0.015989293
0.176000,0.499629576,-0.003472746,0.325928839,-0.016054462
0.177000,0.499127554,-0.003469723,0.328422034,-0.016118649
0.178000,0.498617556,-0.003466198,0.330912482,-0.016181847
0.179000,0.498099517,-0.003462171,0.333400029,-0.016244048
0.180000,0.497573372,-0.003457642,0.335884524,-0.016305248
0.181000,0.497039058,-0.003452609,0.338365814,-0.016365438
0.182000,0.496496509,-0.003447070,0.340843750,-0.016424614
0.183000,0.495945664,-0.003441027,0.343318181,-0.016482769
0.184000,0.495386461,-0.003434476,0.345788958,-0.016539896
0.185000,0.494818837,-0.003427419,0.348255932,-0.016595990
0.186000,0.494242732,-0.003419853,0.350718954,-0.016651046
0.187000,0.493658087,-0.003411779,0.353177879,-0.016705057
0.188000,0.493064842,-0.003403195,0.355632557,-0.016758018
0.189000,0.492462937,-0.003394100,0.358082845,-0.016809923
0.190000,0.491852317,-0.003384495,0.360528597,-0.016860767
0.191000,0.491232923,-0.003374378,0.362969668,-0.016910545
0.192000,0.490604700,-0.003363749,0.365405915,-0.016959252
0.193000,0.489967591,-0.003352607,0.367837195,-0.017006883
0.194000,0.489321542,-0.003340951,0.370263366,-0.017053432
0.195000,0.488666500,-0.003328782,0.372684286,-0.017098896
0.196000,0.488002411,-0.003316097,0.375099816,-0.017143269
0.197000,0.487329223,-0.003302898,0.377509815,-0.017186547
0.198000,0.486646884,-0.003289183,0.379914144,-0.017228727
0.199000,0.485955344,-0.003274952,0.382312667,-0.017269802
0.200000,0.485254553,-0.003260205,0.384705245,-0.017309771
0.201000,0.484544463,-0.003244940,0.387091743,-0.017348627
0.202000,0.483825024,-0.003229158,0.389472024,-0.017386369
0.203000,0.483096190,-0.003212859,0.391845955,-0.017422991
0.204000,0.482357914,-0.003196041,0.394213401,-0.017458491
0.205000,0.481610151,-0.003178704,0.396574231,-0.017492865
0.206000,0.480852856,-0.003160849,0.398928312,-0.017526109
0.207000,0.480085986,-0.003142474,0.401275513,-0.017558222
0.208000,0.479309498,-0.003123580,0.403615704,-0.017589198
0.209000,0.478523349,-0.003104165,0.405948756,-0.017619037
0.210000,0.477727500,-0.003084231,0.408274541,-0.017647734
0.211000,0.476921909,-0.003063776,0.410592932,-0.017675288
0.212000,0.476106537,-0.003042801,0.412903803,-0.017701696
0.213000,0.475281347,-0.003021304,0.415207028,-0.017726955
0.214000,0.474446301,-0.002999286,0.417502482,-0.017751064
0.215000,0.473601362,-0.002976747,0.419790043,-0.017774020
0.216000,0.472746496,-0.002953687,0.422069589,-0.017795822
0.217000,0.471881667,-0.002930104,0.424340997,-0.017816467
0.218000,0.471006843,-0.002906000,0.426604148,-0.017835954
0.219000,0.470121991,-0.002881373,0.428858922,-0.017854282
0.220000,0.469227080,-0.002856225,0.431105201,-0.017871450
0.221000,0.468322078,-0.002830554,0.433342868,-0.017887455
0.222000,0.467406957,-0.002804360,0.435571806,-0.017902298
0.223000,0.466481687,-0.002777644,0.437791900,-0.017915977
0.224000,0.465546242,-0.002750406,0.440003036,-0.017928492
0.225000,0.464600594,-0.002722644,0.442205101,-0.017939841
0.226000,0.463644719,-0.002694360,0.444397983,-0.017950025
0.227000,0.462678591,-0.002665553,0.446581570,-0.017959044
0.228000,0.461702188,-0.002636224,0.448755754,-0.017966896
0.229000,0.460715487,-0.002606372,0.450920425,-0.017973582
0.230000,0.459718466,-0.002575996,0.453075475,-0.017979103
0.231000,0.458711105,-0.002545099,0.455220798,-0.017983458
0.232000,0.457693385,-0.002513678,0.457356289,-0.017986648
0.233000,0.456665288,-0.002481735,0.459481842,-0.017988673
0.234000,0.455626796,-0.002449269,0.461597355,-0.017989535
0.235000,0.454577893,-0.002416281,0.463702725,-0.017989234
0.236000,0.453518564,-0.002382771,0.465797852,-0.017987771
0.237000,0.452448796,-0.002348738,0.467882635,-0.017985148
0.238000,0.451368575,-0.002314184,0.469956976,-0.017981365
0.239000,0.450277889,-0.002279107,0.472020778,-0.017976424
0.240000,0.449176727,-0.002243509,0.474073942,-0.017970327
0.241000,0.448065081,-0.002207390,0.476116376,-0.017963076
0.242000,0.446942941,-0.002170749,0.478147983,-0.017954672
0.243000,0.445810300,-0.002133587,0.480168672,-0.017945118
0.244000,0.444667151,-0.002095904,0.482178350,-0.017934415
0.245000,0.443513489,-0.002057701,0.484176927,-0.017922567
0.246000,0.442349310,-0.002018978,0.486164314,-0.017909575
0.247000,0.441174611,-0.001979735,0.488140422,-0.017895442
0.248000,0.439989390,-0.001939972,0.490105164,-0.017880171
0.249000,0.438793646,-0.001899691,0.492058454,-0.017863766
0.250000,0.437587379,-0.001858890,0.494000207,-0.017846228
0.251000,0.436370591,-0.001817572,0.495930341,-0.017827562
0.252000,0.435143283,-0.001775735,0.497848773,-0.017807770
0.253000,0.433905461,-0.001733382,0.499755422,-0.017786857
0.254000,0.432657128,-0.001690511,0.501650209,-0.017764825
0.255000,0.431398291,-0.001647124,0.503533053,-0.017741679
0.256000,0.430128956,-0.001603222,0.505403879,-0.017717422
0.257000,0.428849131,-0.001558804,0.507262611,-0.017692059
0.258000,0.427558826,-0.001513872,0.509109172,-0.017665593
0.259000,0.426258052,-0.001468425,0.510943490,-0.017638030
0.260000,0.424946820,-0.001422466,0.512765493,-0.017609374
0.261000,0.423625142,-0.001375994,0.514575108,-0.017579628
0.262000,0.422293032,-0.001329010,0.516372267,-0.017548799
0.263000,0.420950507,-0.001281514,0.518156901,-0.017516891
0.264000,0.419597580,-0.001233509,0.519928942,-0.017483908
0.265000,0.418234271,-0.001184994,0.521688324,-0.017449857
0.266000,0.416860597,-0.001135971,0.523434982,-0.017414742
0.267000,0.415476578,-0.001086440,0.525168854,-0.017378568
0.268000,0.414082235,-0.001036402,0.526889875,-0.017341343
0.269000,0.412677589,-0.000985858,0.528597986,-0.017303070
0.270000,0.411262664,-0.000934809,0.530293126,-0.017263756
0.271000,0.409837484,-0.000883257,0.531975238,-0.017223406
0.272000,0.408402074,-0.000831202,0.533644263,-0.017182028
0.273000,0.406956462,-0.000778645,0.535300146,-0.017139627
0.274000,0.405500673,-0.000725588,0.536942833,-0.017096209
0.275000,0.404034739,-0.000672032,0.538572269,-0.017051781
0.276000,0.402558687,-0.000617978,0.540188403,-0.017006349
0.277000,0.401072550,-0.000563427,0.541791184,-0.016959920
0.278000,0.399576360,-0.000508381,0.543380562,-0.016912501
0.279000,0.398070150,-0.000452840,0.544956489,-0.016864098
0.280000,0.396553955,-0.000396807,0.546518919,-0.016814720
0.281000,0.395027811,-0.000340283,0.548067805,-0.016764372
0.282000,0.393491754,-0.000283270,0.549603103,-0.016713063
0.283000,0.391945823,-0.000225768,0.551124770,-0.016660799
0.284000,0.390390057,-0.000167780,0.552632764,-0.016607588
0.285000,0.388824496,-0.000109307,0.554127046,-0.016553437
0.286000,0.387249182,-0.000050351,0.555607574,-0.016498355
0.287000,0.385664157,0.000009086,0.557074313,-0.016442349
0.288000,0.384069465,0.000069003,0.558527224,-0.016385427
0.289000,0.382465152,0.000129397,0.559966274,-0.016327597
0.290000,0.380851263,0.000190268,0.561391427,-0.016268867
0.291000,0.379227845,0.000251612,0.562802651,-0.016209246
0.292000,0.377594947,0.000313428,0.564199914,-0.016148741
0.293000,0.375952619,0.000375713,0.565583187,-0.016087361
0.294000,0.374300911,0.000438467,0.566952440,-0.016025115
0.295000,0.372639874,0.000501685,0.568307647,-0.015962011
0.296000,0.370969562,0.000565367,0.569648780,-0.015898058
0.297000,0.369290029,0.000629510,0.570975815,-0.015833264
0.298000,0.367601330,0.000694111,0.572288729,-0.015767639
0.299000,0.365903521,0.000759169,0.573587498,-0.015701192
0.300000,0.364196660,0.000824680,0.574872101,-0.015633931
0.301000,0.362480805,0.000890642,0.576142519,-0.015565865
0.302000,0.360756015,0.000957052,0.577398734,-0.015497005
0.303000,0.359022352,0.001023909,0.578640728,-0.015427358
0.304000,0.357279877,0.001091208,0.579868485,-0.015356935
0.305000,0.355528653,0.001158948,0.581081990,-0.015285746
0.306000,0.353768745,0.001227126,0.582281230,-0.015213798
0.307000,0.352000217,0.001295738,0.583466193,-0.015141103
0.308000,0.350223136,0.001364781,0.584636868,-0.015067669
0.309000,0.348437568,0.001434253,0.585793245,-0.014993507
0.310000,0.346643583,0.001504151,0.586935317,-0.014918627
0.311000,0.344841249,0.001574470,0.588063076,-0.014843037
0.312000,0.343030638,0.001645209,0.589176515,-0.014766748
0.313000,0.341211821,0.001716364,0.590275632,-0.014689771
0.314000,0.339384871,0.001787930,0.591360422,-0.014612115
0.315000,0.337549860,0.001859906,0.592430884,-0.014533790
0.316000,0.335706865,0.001932287,0.593487017,-0.014454806
0.317000,0.333855961,0.002005070,0.594528821,-0.014375174
0.318000,0.331997225,0.002078250,0.595556297,-0.014294904
0.319000,0.330130735,0.002151825,0.596569450,-0.014214006
0.320000,0.328256570,0.002225791,0.597568283,-0.014132491
0.321000,0.326374809,0.002300143,0.598552802,-0.014050369
0.322000,0.324485534,0.002374878,0.599523013,-0.013967651
0.323000,0.322588827,0.002449992,0.600478925,-0.013884346
0.324000,0.320684771,0.002525480,0.601420546,-0.013800466
0.325000,0.318773450,0.002601338,0.602347887,-0.013716021
0.326000,0.316854950,0.002677563,0.603260959,-0.013631023
0.327000,0.314929355,0.002754150,0.604159776,-0.013545480
0.328000,0.312996754,0.002831094,0.605044350,-0.013459405
0.329000,0.311057234,0.002908392,0.605914699,-0.013372808
0.330000,0.309110884,0.002986037,0.606770837,-0.013285699
0.331000,0.307157795,0.003064027,0.607612783,-0.013198090
0.332000,0.305198056,0.003142356,0.608440554,-0.013109991
0.333000,0.303231762,0.003221019,0.609254172,-0.013021413
0.334000,0.301259003,0.003300012,0.610053658,-0.012932367
0.335000,0.299279874,0.003379330,0.610839033,-0.012842864
0.336000,0.297294469,0.003458967,0.611610321,-0.012752914
0.337000,0.295302886,0.003538919,0.612367548,-0.012662529
0.338000,0.293305219,0.003619181,0.613110738,-0.012571720
0.339000,0.291301566,0.003699747,0.613839918,-0.012480497
0.340000,0.289292027,0.003780612,0.614555117,-0.012388872
0.341000,0.287276699,0.003861771,0.615256364,-0.012296855
0.342000,0.285255685,0.003943218,0.615943690,-0.012204457
0.343000,0.283229083,0.004024948,0.616617125,-0.012111690
0.344000,0.281196998,0.004106955,0.617276703,-0.012018563
0.345000,0.279159531,0.004189234,0.617922457,-0.011925089
0.346000,0.277116787,0.004271779,0.618554422,-0.011831278
0.347000,0.275068869,0.004354583,0.619172634,-0.011737141
0.348000,0.273015884,0.004437642,0.619777131,-0.011642690
0.349000,0.270957937,0.004520950,0.620367949,-0.011547934
0.350000,0.268895136,0.004604499,0.620945129,-0.011452885
0.351000,0.266827589,0.004688285,0.621508711,-0.011357554
0.352000,0.264755404,0.004772301,0.622058735,-0.011261951
0.353000,0.262678691,0.004856541,0.622595246,-0.011166088
0.354000,0.260597561,0.004940998,0.623118285,-0.011069976
0.355000,0.258512124,0.005025667,0.623627897,-0.010973625
0.356000,0.256422493,0.005110540,0.624124129,-0.010877046
0.357000,0.254328780,0.005195611,0.624607027,-0.010780250
0.358000,0.252231098,0.005280875,0.625076638,-0.010683247
0.359000,0.250129563,0.005366323,0.625533010,-0.010586049
0.360000,0.248024288,0.005451950,0.625976195,-0.010488667
0.361000,0.245915390,0.005537748,0.626406241,-0.010391110
0.362000,0.243802985,0.005623711,0.626823202,-0.010293390
0.363000,0.241687190,0.005709832,0.627227129,-0.010195516
0.364000,0.239568124,0.005796104,0.627618076,-0.010097501
0.365000,0.237445904,0.005882520,0.627996097,-0.009999354
0.366000,0.235320649,0.005969072,0.628361249,-0.009901086
0.367000,0.233192481,0.006055755,0.628713588,-0.009802707
0.368000,0.231061519,0.006142560,0.629053170,-0.009704227
0.369000,0.228927885,0.006229480,0.629380056,-0.009605658
0.370000,0.226791700,0.006316508,0.629694303,-0.009507009
0.371000,0.224653087,0.006403636,0.629995972,-0.009408291
0.372000,0.222512170,0.006490858,0.630285124,-0.009309514
0.373000,0.220369071,0.006578166,0.630561821,-0.009210688
0.374000,0.218223916,0.006665551,0.630826126,-0.009111823
0.375000,0.216076830,0.006753007,0.631078103,-0.009012930
0.376000,0.213927938,0.006840526,0.631317817,-0.008914017
0.377000,0.211777366,0.006928100,0.631545332,-0.008815097
0.378000,0.209625241,0.007015721,0.631760716,-0.008716177
0.379000,0.207471690,0.007103382,0.631964036,-0.008617269
0.380000,0.205316842,0.007191075,0.632155359,-0.008518381
0.381000,0.203160824,0.007278791,0.632334755,-0.008419524
0.382000,0.201003765,0.007366524,0.632502293,-0.008320708
0.383000,0.198845796,0.007454264,0.632658044,-0.008221941
0.384000,0.196687045,0.007542005,0.632802080,-0.008123233
0.385000,0.194527644,0.007629737,0.632934471,-0.008024595
0.386000,0.192367723,0.007717453,0.633055292,-0.007926034
0.387000,0.190207413,0.007805145,0.633164615,-0.007827561
0.388000,0.188046846,0.007892805,0.633262516,-0.007729185
0.389000,0.185886156,0.007980423,0.633349069,-0.007630914
0.390000,0.183725474,0.008067993,0.633424350,-0.007532759
0.391000,0.181564933,0.008155505,0.633488436,-0.007434728
0.392000,0.179404667,0.008242952,0.633541404,-0.007336829
0.393000,0.177244811,0.008330326,0.633583333,-0.007239072
0.394000,0.175085498,0.008417617,0.633614300,-0.007141466
0.395000,0.172926863,0.008504817,0.633634386,-0.007044019
0.396000,0.170769042,0.008591918,0.633643671,-0.006946740
0.397000,0.168612170,0.008678913,0.633642234,-0.006849637
0.398000,0.166456382,0.008765791,0.633630159,-0.006752719
0.399000,0.164301815,0.008852545,0.633607527,-0.006655994
0.400000,0.162148606,0.008939166,0.633574420,-0.006559471
0.401000,0.159996890,0.009025645,0.633530922,-0.006463157
0.402000,0.157846806,0.009111975,0.633477117,-0.006367061
0.403000,0.155698490,0.009198147,0.633413089,-0.006271190
0.404000,0.153552081,0.009284152,0.633338924,-0.006175553
0.405000,0.151407716,0.009369981,0.633254707,-0.006080157
0.406000,0.149265534,0.009455626,0.633160525,-0.005985011
0.407000,0.147125672,0.009541079,0.633056464,-0.005890121
0.408000,0.144988270,0.009626331,0.632942612,-0.005795495
0.409000,0.142853466,0.009711373,0.632819056,-0.005701141
0.410000,0.140721400,0.009796197,0.632685886,-0.005607066
0.411000,0.138592210,0.009880794,0.632543190,-0.005513277
0.412000,0.136466037,0.009965156,0.632391058,-0.005419782
0.413000,0.134343020,0.010049274,0.632229580,-0.005326587
0.414000,0.132223298,0.010133139,0.632058845,-0.005233699
0.415000,0.130107012,0.010216744,0.631878946,-0.005141126
0.416000,0.127994301,0.010300079,0.631689973,-0.005048873
0.417000,0.125885307,0.010383137,0.631492018,-0.004956949
0.418000,0.123780168,0.010465907,0.631285173,-0.004865358
0.419000,0.121679026,0.010548383,0.631069532,-0.004774108
0.420000,0.119582021,0.010630556,0.630845187,-0.004683205
0.421000,0.117489293,0.010712417,0.630612232,-0.004592655
0.422000,0.115400984,0.010793958,0.630370761,-0.004502464
0.423000,0.113317233,0.010875170,0.630120867,-0.004412639
0.424000,0.111238182,0.010956046,0.629862646,-0.004323185
0.425000,0.109163971,0.011036576,0.629596192,-0.004234108
0.426000,0.107094741,0.011116752,0.629321602,-0.004145414
0.427000,0.105030633,0.011196567,0.629038970,-0.004057108
0.428000,0.102971786,0.011276012,0.628748392,-0.003969197
0.429000,0.100918343,0.011355079,0.628449965,-0.003881684
0.430000,0.098870444,0.011433760,0.628143785,-0.003794577
0.431000,0.096828228,0.011512046,0.627829950,-0.003707879
0.432000,0.094791838,0.011589930,0.627508556,-0.003621596
0.433000,0.092761412,0.011667404,0.627179701,-0.003535733
0.434000,0.090737092,0.011744459,0.626843482,-0.003450295
0.435000,0.088719018,0.011821088,0.626499997,-0.003365286
0.436000,0.086707330,0.011897283,0.626149345,-0.003280712
0.437000,0.084702167,0.011973035,0.625791624,-0.003196576
0.438000,0.082703671,0.012048339,0.625426932,-0.003112884
0.439000,0.080711980,0.012123184,0.625055368,-0.003029639
0.440000,0.078727234,0.012197565,0.624677031,-0.002946846
0.441000,0.076749572,0.012271473,0.624292020,-0.002864509
0.442000,0.074779134,0.012344901,0.623900434,-0.002782632
0.443000,0.072816058,0.012417842,0.623502372,-0.002701219
0.444000,0.070860484,0.012490288,0.623097935,-0.002620274
0.445000,0.068912550,0.012562231,0.622687222,-0.002539800
0.446000,0.066972394,0.012633665,0.622270332,-0.002459801
0.447000,0.065040154,0.012704583,0.621847365,-0.002380281
0.448000,0.063115968,0.012774977,0.621418422,-0.002301243
0.449000,0.061199973,0.012844840,0.620983601,-0.002222690
0.450000,0.059292308,0.012914166,0.620543004,-0.002144626
0.451000,0.057393108,0.012982947,0.620096731,-0.002067053
0.452000,0.055502510,0.013051178,0.619644880,-0.001989975
0.453000,0.053620651,0.013118850,0.619187554,-0.001913394
0.454000,0.051747666,0.013185958,0.618724851,-0.001837314
0.455000,0.049883692,0.013252495,0.618256872,-0.001761736
0.456000,0.048028862,0.013318454,0.617783718,-0.001686664
0.457000,0.046183313,0.013383830,0.617305488,-0.001612100
0.458000,0.044347179,0.013448616,0.616822282,-0.001538047
0.459000,0.042520593,0.013512807,0.616334201,-0.001464506
0.460000,0.040703689,0.013576395,0.615841345,-0.001391480
0.461000,0.038896601,0.013639375,0.615343813,-0.001318971
0.462000,0.037099461,0.013701741,0.614841706,-0.001246981
0.463000,0.035312402,0.013763487,0.614335122,-0.001175512
0.464000,0.033535556,0.013824609,0.613824163,-0.001104565
0.465000,0.031769054,0.013885100,0.613308928,-0.001034143
0.466000,0.030013026,0.013944954,0.612789515,-0.000964247
0.467000,0.028267604,0.014004168,0.612266025,-0.000894878
0.468000,0.026532917,0.014062734,0.611738556,-0.000826039
0.469000,0.024809094,0.014120649,0.611207208,-0.000757729
0.470000,0.023096265,0.014177908,0.610672079,-0.000689951
0.471000,0.021394558,0.014234505,0.610133269,-0.000622706
0.472000,0.019704101,0.014290435,0.609590874,-0.000555994
0.473000,0.018025020,0.014345695,0.609044995,-0.000489817
0.474000,0.016357443,0.014400279,0.608495729,-0.000424176
0.475000,0.014701495,0.014454184,0.607943173,-0.000359071
0.476000,0.013057302,0.014507404,0.607387426,-0.000294503
0.477000,0.011424989,0.014559937,0.606828585,-0.000230473
0.478000,0.009804679,0.014611777,0.606266746,-0.000166982
0.479000,0.008196497,0.014662921,0.605702007,-0.000104029
0.480000,0.006600565,0.014713365,0.605134464,-0.000041615
0.481000,0.005017006,0.014763106,0.604564214,0.000020260
0.482000,0.003445940,0.014812140,0.603991353,0.000081595
0.483000,0.001887490,0.014860464,0.603415975,0.000142390
0.484000,0.000341774,0.014908074,0.602838177,0.000202645
0.485000,-0.001191086,0.014954967,0.602258054,0.000262361
0.486000,-0.002710974,0.015001141,0.601675699,0.000321537
0.487000,-0.004217770,0.015046592,0.601091208,0.000380173
0.488000,-0.005711357,0.015091318,0.600504675,0.000438270
0.489000,-0.007191619,0.015135316,0.599916192,0.000495828
0.490000,-0.008658441,0.015178584,0.599325854,0.000552847
0.491000,-0.010111706,0.015221119,0.598733753,0.000609329
0.492000,-0.011551301,0.015262920,0.598139980,0.000665272
0.493000,-0.012977112,0.015303984,0.597544630,0.000720679
0.494000,-0.014389027,0.015344310,0.596947792,0.000775549
0.495000,-0.015786934,0.015383895,0.596349558,0.000829884
0.496000,-0.017170722,0.015422738,0.595750018,0.000883684
0.497000,-0.018540281,0.015460838,0.595149263,0.000936950
0.498000,-0.019895501,0.015498194,0.594547383,0.000989683
0.499000,-0.021236274,0.015534803,0.593944467,0.001041884
0.500000,-0.022562493,0.015570666,0.593340603,0.001093554
0.501000,-0.023874050,0.015605781,0.592735880,0.001144694
0.502000,-0.025170840,0.015640148,0.592130385,0.001195305
0.503000,-0.026452759,0.015673766,0.591524206,0.001245389
0.504000,-0.027719701,0.015706634,0.590917430,0.001294946
0.505000,-0.028971564,0.015738753,0.590310143,0.001343979
0.506000,-0.030208246,0.015770121,0.589702430,0.001392488
0.507000,-0.031429646,0.015800740,0.589094377,0.001440475
0.508000,-0.032635663,0.015830610,0.588486068,0.001487941
0.509000,-0.033826198,0.015859729,0.587877587,0.001534889
0.510000,-0.035001152,0.015888100,0.587269017,0.001581319
0.511000,-0.036160429,0.015915723,0.586660442,0.001627233
0.512000,-0.037303931,0.015942598,0.586051943,0.001672633
0.513000,-0.038431564,0.015968726,0.585443602,0.001717520
0.514000,-0.039543232,0.015994109,0.584835500,0.001761897
0.515000,-0.040638844,0.016018747,0.584227718,0.001805765
0.516000,-0.041718305,0.016042642,0.583620334,0.001849126
0.517000,-0.042781526,0.016065796,0.583013430,0.001891982
0.518000,-0.043828415,0.016088209,0.582407081,0.001934335
0.519000,-0.044858884,0.016109885,0.581801368,0.001976186
0.520000,-0.045872844,0.016130824,0.581196365,0.002017538
0.521000,-0.046870207,0.016151028,0.580592151,0.002058394
0.522000,-0.047850889,0.016170501,0.579988801,0.002098754
0.523000,-0.048814804,0.016189244,0.579386390,0.002138621
0.524000,-0.049761868,0.016207261,0.578784991,0.002177997
0.525000,-0.050691999,0.016224552,0.578184680,0.002216885
0.526000,-0.051605114,0.016241122,0.577585529,0.002255286
0.527000,-0.052501133,0.016256974,0.576987610,0.002293203
0.528000,-0.053379977,0.016272110,0.576390994,0.002330638
0.529000,-0.054241568,0.016286533,0.575795753,0.002367593
0.530000,-0.055085828,0.016300248,0.575201956,0.002404071
0.531000,-0.055912681,0.016313257,0.574609673,0.002440074
0.532000,-0.056722052,0.016325564,0.574018973,0.002475604
0.533000,-0.057513869,0.016337174,0.573429922,0.002510664
0.534000,-0.058288057,0.016348089,0.572842588,0.002545256
0.535000,-0.059044546,0.016358315,0.572257037,0.002579382
0.536000,-0.059783266,0.016367854,0.571673335,0.002613046
0.537000,-0.060504148,0.016376713,0.571091546,0.002646248
0.538000,-0.061207123,0.016384894,0.570511734,0.002678993
0.539000,-0.061892126,0.016392404,0.569933963,0.002711282
0.540000,-0.062559091,0.016399246,0.569358293,0.002743118
0.541000,-0.063207953,0.016405425,0.568784787,0.002774503
0.542000,-0.063838650,0.016410947,0.568213505,0.002805440
0.543000,-0.064451121,0.016415817,0.567644508,0.002835932
0.544000,-0.065045304,0.016420040,0.567077853,0.002865981
0.545000,-0.065621141,0.016423620,0.566513599,0.002895589
0.546000,-0.066178573,0.016426565,0.565951803,0.002924759
0.547000,-0.066717544,0.016428880,0.565392521,0.002953494
0.548000,-0.067237998,0.016430570,0.564835810,0.002981796
0.549000,-0.067739881,0.016431641,0.564281723,0.003009668
0.550000,-0.068223141,0.016432099,0.563730314,0.003037112
0.551000,-0.068687725,0.016431952,0.563181636,0.003064131
0.552000,-0.069133584,0.016431203,0.562635742,0.003090728
0.553000,-0.069560667,0.016429862,0.562092682,0.003116906
0.554000,-0.069968928,0.016427932,0.561552506,0.003142666
0.555000,-0.070358320,0.016425423,0.561015264,0.003168011
0.556000,-0.070728798,0.016422339,0.560481005,0.003192944
0.557000,-0.071080317,0.016418688,0.559949775,0.003217468
0.558000,-0.071412836,0.016414477,0.559421621,0.003241585
0.559000,-0.071726313,0.016409713,0.558896590,0.003265298
0.560000,-0.072020708,0.016404404,0.558374725,0.003288610
0.561000,-0.072295983,0.016398555,0.557856071,0.003311522
0.562000,-0.072552100,0.016392176,0.557340671,0.003334037
0.563000,-0.072789024,0.016385273,0.556828566,0.003356159
0.564000,-0.073006719,0.016377853,0.556319797,0.003377890
0.565000,-0.073205153,0.016369925,0.555814406,0.003399231
0.566000,-0.073384293,0.016361497,0.555312430,0.003420187
0.567000,-0.073544110,0.016352576,0.554813908,0.003440758
0.568000,-0.073684574,0.016343169,0.554318877,0.003460949
0.569000,-0.073805656,0.016333286,0.553827374,0.003480761
0.570000,-0.073907332,0.016322935,0.553339434,0.003500196
0.571000,-0.073989575,0.016312122,0.552855092,0.003519258
0.572000,-0.074052362,0.016300858,0.552374380,0.003537949
0.573000,-0.074095670,0.016289150,0.551897331,0.003556271
0.574000,-0.074119478,0.016277006,0.551423978,0.003574227
0.575000,-0.074123768,0.016264435,0.550954349,0.003591819
0.576000,-0.074108519,0.016251446,0.550488475,0.003609050
0.577000,-0.074073717,0.016238048,0.550026385,0.003625922
0.578000,-0.074019345,0.016224248,0.549568105,0.003642437
0.579000,-0.073945388,0.016210057,0.549113663,0.003658598
0.580000,-0.073851835,0.016195482,0.548663085,0.003674408
0.581000,-0.073738674,0.016180533,0.548216394,0.003689868
0.582000,-0.073605895,0.016165219,0.547773614,0.003704981
0.583000,-0.073453490,0.016149548,0.547334769,0.003719749
0.584000,-0.073281451,0.016133530,0.546899879,0.003734174
0.585000,-0.073089772,0.016117174,0.546468966,0.003748260
0.586000,-0.072878449,0.016100489,0.546042049,0.003762007
0.587000,-0.072647480,0.016083485,0.545619147,0.003775419
0.588000,-0.072396862,0.016066170,0.545200277,0.003788498
0.589000,-0.072126596,0.016048554,0.544785457,0.003801245
0.590000,-0.071836682,0.016030647,0.544374701,0.003813663
0.591000,-0.071527123,0.016012457,0.543968025,0.003825755
0.592000,-0.071197924,0.015993994,0.543565442,0.003837521
0.593000,-0.070849089,0.015975268,0.543166965,0.003848966
0.594000,-0.070480626,0.015956288,0.542772606,0.003860089
0.595000,-0.070092542,0.015937064,0.542382375,0.003870895
0.596000,-0.069684848,0.015917605,0.541996282,0.003881384
0.597000,-0.069257553,0.015897921,0.541614335,0.003891558
0.598000,-0.068810672,0.015878021,0.541236543,0.003901421
0.599000,-0.068344217,0.015857914,0.540862912,0.003910973
0.600000,-0.067858203,0.015837612,0.540493447,0.003920217
0.601000,-0.067352648,0.015817122,0.540128154,0.003929155
0.602000,-0.066827569,0.015796455,0.539767036,0.003937788
0.603000,-0.066282986,0.015775621,0.539410095,0.003946119
0.604000,-0.065718919,0.015754628,0.539057334,0.003954150
0.605000,-0.065135391,0.015733487,0.538708752,0.003961881
0.606000,-0.064532425,0.015712207,0.538364350,0.003969316
0.607000,-0.063910047,0.015690798,0.538024126,0.003976456
0.608000,-0.063268281,0.015669270,0.537688078,0.003983303
0.609000,-0.062607158,0.015647631,0.537356203,0.003989859
0.610000,-0.061926704,0.015625892,0.537028496,0.003996125
0.611000,-0.061226951,0.015604062,0.536704952,0.004002103
0.612000,-0.060507931,0.015582151,0.536385564,0.004007794
0.613000,-0.059769678,0.015560168,0.536070325,0.004013202
0.614000,-0.059012224,0.015538123,0.535759228,0.004018326
0.615000,-0.058235608,0.015516024,0.535452262,0.004023170
0.616000,-0.057439866,0.015493882,0.535149418,0.004027734
0.617000,-0.056625036,0.015471707,0.534850683,0.004032020
0.618000,-0.055791160,0.015449506,0.534556047,0.004036029
0.619000,-0.054938278,0.015427290,0.534265495,0.004039764
0.620000,-0.054066433,0.015405068,0.533979014,0.004043226
0.621000,-0.053175670,0.015382848,0.533696588,0.004046416
0.622000,-0.052266034,0.015360641,0.533418202,0.004049336
0.623000,-0.051337572,0.015338456,0.533143837,0.004051987
0.624000,-0.050390332,0.015316301,0.532873477,0.004054371
0.625000,-0.049424364,0.015294185,0.532607102,0.004056489
0.626000,-0.048439718,0.015272117,0.532344691,0.004058343
0.627000,-0.047436448,0.015250107,0.532086225,0.004059933
0.628000,-0.046414606,0.015228163,0.531831681,0.004061262
0.629000,-0.045374248,0.015206294,0.531581036,0.004062331
0.630000,-0.044315430,0.015184508,0.531334267,0.004063141
0.631000,-0.043238209,0.015162814,0.531091348,0.004063693
0.632000,-0.042142644,0.015141221,0.530852255,0.004063989
0.633000,-0.041028796,0.015119737,0.530616960,0.004064029
0.634000,-0.039896725,0.015098371,0.530385436,0.004063816
0.635000,-0.038746495,0.015077131,0.530157655,0.004063351
0.636000,-0.037578170,0.015056024,0.529933587,0.004062634
0.637000,-0.036391814,0.015035060,0.529713202,0.004061667
0.638000,-0.035187496,0.015014245,0.529496469,0.004060451
0.639000,-0.033965282,0.014993589,0.529283355,0.004058987
0.640000,-0.032725241,0.014973099,0.529073827,0.004057276
0.641000,-0.031467445,0.014952783,0.528867852,0.004055320
0.642000,-0.030191965,0.014932647,0.528665395,0.004053120
0.643000,-0.028898874,0.014912701,0.528466420,0.004050676
0.644000,-0.027588246,0.014892951,0.528270890,0.004047990
0.645000,-0.026260156,0.014873405,0.528078769,0.004045062
0.646000,-0.024914682,0.014854070,0.527890017,0.004041895
0.647000,-0.023551901,0.014834952,0.527704595,0.004038488
0.648000,-0.022171892,0.014816060,0.527522464,0.004034844
0.649000,-0.020774735,0.014797399,0.527343582,0.004030962
0.650000,-0.019360513,0.014778977,0.527167907,0.004026844
0.651000,-0.017929307,0.014760801,0.526995398,0.004022491
0.652000,-0.016481203,0.014742876,0.526826010,0.004017904
0.653000,-0.015016284,0.014725209,0.526659699,0.004013083
0.654000,-0.013534638,0.014707807,0.526496420,0.004008030
0.655000,-0.012036351,0.014690675,0.526336127,0.004002746
0.656000,-0.010521513,0.014673820,0.526178774,0.003997231
0.657000,-0.008990214,0.014657247,0.526024312,0.003991487
0.658000,-0.007442543,0.014640963,0.525872693,0.003985513
0.659000,-0.005878594,0.014624972,0.525723869,0.003979312
0.660000,-0.004298459,0.014609281,0.525577788,0.003972884
0.661000,-0.002702234,0.014593894,0.525434401,0.003966229
0.662000,-0.001090012,0.014578817,0.525293656,0.003959349
0.663000,0.000538108,0.014564055,0.525155500,0.003952245
0.664000,0.002182030,0.014549613,0.525019880,0.003944916
0.665000,0.003841654,0.014535495,0.524886743,0.003937365
0.666000,0.005516880,0.014521706,0.524756034,0.003929591
0.667000,0.007207609,0.014508251,0.524627698,0.003921596
0.668000,0.008913737,0.014495133,0.524501678,0.003913380
0.669000,0.010635161,0.014482358,0.524377917,0.003904944
0.670000,0.012371778,0.014469928,0.524256359,0.003896289
0.671000,0.014123482,0.014457849,0.524136945,0.003887415
0.672000,0.015890167,0.014446123,0.524019617,0.003878324
0.673000,0.017671726,0.014434753,0.523904313,0.003869015
0.674000,0.019468050,0.014423745,0.523790975,0.003859490
0.675000,0.021279030,0.014413100,0.523679541,0.003849749
0.676000,0.023104557,0.014402821,0.523569949,0.003839794
0.677000,0.024944518,0.014392913,0.523462138,0.003829623
0.678000,0.026798802,0.014383376,0.523356043,0.003819240
0.679000,0.028667295,0.014374214,0.523251603,0.003808643
0.680000,0.030549883,0.014365430,0.523148751,0.003797834
0.681000,0.032446451,0.014357025,0.523047424,0.003786813
0.682000,0.034356883,0.014349001,0.522947555,0.003775581
0.683000,0.036281063,0.014341361,0.522849080,0.003764139
0.684000,0.038218871,0.014334106,0.522751930,0.003752486
0.685000,0.040170190,0.014327238,0.522656038,0.003740625
0.686000,0.042134900,0.014320758,0.522561337,0.003728555
0.687000,0.044112879,0.014314667,0.522467759,0.003716277
0.688000,0.046104007,0.014308967,0.522375233,0.003703791
0.689000,0.048108162,0.014303658,0.522283690,0.003691099
0.690000,0.050125219,0.014298741,0.522193061,0.003678201
0.691000,0.052155056,0.014294216,0.522103274,0.003665097
0.692000,0.054197547,0.014290084,0.522014257,0.003651787
0.693000,0.056252566,0.014286346,0.521925941,0.003638274
0.694000,0.058319988,0.014283000,0.521838250,0.003624556
0.695000,0.060399684,0.014280047,0.521751114,0.003610635
0.696000,0.062491526,0.014277487,0.521664459,0.003596511
0.697000,0.064595386,0.014275319,0.521578211,0.003582185
0.698000,0.066711134,0.014273543,0.521492295,0.003567658
0.699000,0.068838640,0.014272157,0.521406637,0.003552929
0.700000,0.070977772,0.014271161,0.521321161,0.003537999
0.701000,0.073128399,0.014270553,0.521235792,0.003522869
0.702000,0.075290387,0.014270332,0.521150454,0.003507540
0.703000,0.077463604,0.014270497,0.521065070,0.003492011
0.704000,0.079647915,0.014271046,0.520979563,0.003476284
0.705000,0.081843186,0.014271977,0.520893856,0.003460359
0.706000,0.084049281,0.014273288,0.520807871,0.003444237
0.707000,0.086266065,0.014274976,0.520721530,0.003427917
0.708000,0.088493399,0.014277040,0.520634754,0.003411401
0.709000,0.090731148,0.014279477,0.520547465,0.003394689
0.710000,0.092979173,0.014282285,0.520459582,0.003377781
0.711000,0.095237334,0.014285459,0.520371027,0.003360678
0.712000,0.097505494,0.014288998,0.520281719,0.003343380
0.713000,0.099783512,0.014292899,0.520191578,0.003325888
0.714000,0.102071248,0.014297157,0.520100524,0.003308203
0.715000,0.104368560,0.014301769,0.520008475,0.003290324
0.716000,0.106675307,0.014306732,0.519915350,0.003272253
0.717000,0.108991347,0.014312041,0.519821068,0.003253989
0.718000,0.111316537,0.014317694,0.519725547,0.003235533
0.719000,0.113650734,0.014323684,0.519628705,0.003216886
0.720000,0.115993794,0.014330010,0.519530460,0.003198048
0.721000,0.118345574,0.014336665,0.519430728,0.003179020
0.722000,0.120705927,0.014343645,0.519329427,0.003159801
0.723000,0.123074709,0.014350946,0.519226475,0.003140392
0.724000,0.125451775,0.014358562,0.519121787,0.003120794
0.725000,0.127836978,0.014366489,0.519015281,0.003101008
0.726000,0.130230172,0.014374720,0.518906873,0.003081032
0.727000,0.132631209,0.014383252,0.518796478,0.003060869
0.728000,0.135039943,0.014392078,0.518684014,0.003040518
0.729000,0.137456225,0.014401193,0.518569395,0.003019979
0.730000,0.139879907,0.014410590,0.518452538,0.002999254
0.731000,0.142310841,0.014420265,0.518333358,0.002978342
0.732000,0.144748878,0.014430210,0.518211770,0.002957243
0.733000,0.147193867,0.014440420,0.518087690,0.002935959
0.734000,0.149645661,0.014450889,0.517961033,0.002914489
0.735000,0.152104108,0.014461609,0.517831714,0.002892834
0.736000,0.154569059,0.014472575,0.517699649,0.002870994
0.737000,0.157040363,0.014483779,0.517564751,0.002848969
0.738000,0.159517869,0.014495214,0.517426937,0.002826761
0.739000,0.162001425,0.014506875,0.517286120,0.002804368
0.740000,0.164490881,0.014518752,0.517142216,0.002781791
0.741000,0.166986084,0.014530841,0.516995140,0.002759031
0.742000,0.169486883,0.014543132,0.516844806,0.002736088
0.743000,0.171993126,0.014555618,0.516691129,0.002712963
0.744000,0.174504660,0.014568293,0.516534024,0.002689654
0.745000,0.177021333,0.014581148,0.516373405,0.002666163
0.746000,0.179542991,0.014594176,0.516209188,0.002642490
0.747000,0.182069483,0.014607368,0.516041287,0.002618635
0.748000,0.184600654,0.014620716,0.515869618,0.002594599
0.749000,0.187136352,0.014634213,0.515694094,0.002570381
0.750000,0.189676423,0.014647851,0.515514632,0.002545981
0.751000,0.192220714,0.014661620,0.515331146,0.002521401
0.752000,0.194769071,0.014675513,0.515143552,0.002496640
0.753000,0.197321341,0.014689521,0.514951764,0.002471697
0.754000,0.199877369,0.014703636,0.514755699,0.002446575
0.755000,0.202437001,0.014717849,0.514555272,0.002421271
0.756000,0.205000085,0.014732150,0.514350398,0.002395787
0.757000,0.207566465,0.014746533,0.514140994,0.002370123
0.758000,0.210135988,0.014760986,0.513926976,0.002344279
0.759000,0.212708500,0.014775502,0.513708259,0.002318255
0.760000,0.215283846,0.014790072,0.513484760,0.002292050
0.761000,0.217861873,0.014804686,0.513256397,0.002265665
0.762000,0.220442426,0.014819335,0.513023084,0.002239101
0.763000,0.223025352,0.014834010,0.512784740,0.002212356
0.764000,0.225610497,0.014848702,0.512541282,0.002185432
0.765000,0.228197706,0.014863401,0.512292627,0.002158327
0.766000,0.230786826,0.014878098,0.512038693,0.002131043
0.767000,0.233377703,0.014892783,0.511779398,0.002103578
0.768000,0.235970183,0.014907447,0.511514660,0.002075934
0.769000,0.238564113,0.014922080,0.511244398,0.002048109
0.770000,0.241159340,0.014936673,0.510968531,0.002020103
0.771000,0.243755709,0.014951216,0.510686977,0.001991918
0.772000,0.246353069,0.014965699,0.510399657,0.001963552
0.773000,0.248951265,0.014980113,0.510106489,0.001935005
0.774000,0.251550145,0.014994448,0.509807395,0.001906277
0.775000,0.254149556,0.015008694,0.509502294,0.001877368
0.776000,0.256749346,0.015022841,0.509191108,0.001848279
0.777000,0.259349363,0.015036880,0.508873757,0.001819007
0.778000,0.261949454,0.015050800,0.508550164,0.001789554
0.779000,0.264549468,0.015064591,0.508220249,0.001759919
0.780000,0.267149253,0.015078245,0.507883937,0.001730102
0.781000,0.269748658,0.015091750,0.507541149,0.001700102
0.782000,0.272347531,0.015105097,0.507191808,0.001669920
0.783000,0.274945722,0.015118276,0.506835839,0.001639554
0.784000,0.277543081,0.015131278,0.506473165,0.001609005
0.785000,0.280139456,0.015144091,0.506103711,0.001578272
0.786000,0.282734700,0.015156707,0.505727402,0.001547355
0.787000,0.285328661,0.015169115,0.505344164,0.001516253
0.788000,0.287921190,0.015181306,0.504953922,0.001484966
0.789000,0.290512140,0.015193269,0.504556603,0.001453493
0.790000,0.293101360,0.015204995,0.504152134,0.001421835
0.791000,0.295688704,0.015216473,0.503740442,0.001389990
0.792000,0.298274023,0.015227694,0.503321456,0.001357958
0.793000,0.300857171,0.015238649,0.502895104,0.001325738
0.794000,0.303438000,0.015249327,0.502461315,0.001293330
0.795000,0.306016363,0.015259718,0.502020019,0.001260733
0.796000,0.308592116,0.015269813,0.501571147,0.001227947
0.797000,0.311165111,0.015279602,0.501114628,0.001194971
0.798000,0.313735205,0.015289076,0.500650395,0.001161805
0.799000,0.316302252,0.015298224,0.500178379,0.001128447
0.800000,0.318866108,0.015307038,0.499698513,0.001094898
0.801000,0.321426630,0.015315507,0.499210731,0.001061155
0.802000,0.323983674,0.015323623,0.498714965,0.001027220
0.803000,0.326537098,0.015331375,0.498211152,0.000993090
0.804000,0.329086760,0.015338754,0.497699225,0.000958765
0.805000,0.331632518,0.015345751,0.497179121,0.000924245
0.806000,0.334174231,0.015352357,0.496650775,0.000889528
0.807000,0.336711758,0.015358563,0.496114127,0.000854614
0.808000,0.339244960,0.015364359,0.495569112,0.000819501
0.809000,0.341773697,0.015369736,0.495015670,0.000784190
0.810000,0.344297831,0.015374685,0.494453740,0.000748678
0.811000,0.346817224,0.015379198,0.493883261,0.000712966
0.812000,0.349331737,0.015383265,0.493304175,0.000677052
0.813000,0.351841235,0.015386877,0.492716423,0.000640935
0.814000,0.354345581,0.015390027,0.492119947,0.000604614
0.815000,0.356844639,0.015392704,0.491514689,0.000568088
0.816000,0.359338275,0.015394901,0.490900594,0.000531357
0.817000,0.361826355,0.015396610,0.490277606,0.000494418
0.818000,0.364308744,0.015397821,0.489645670,0.000457272
0.819000,0.366785310,0.015398527,0.489004732,0.000419916
0.820000,0.369255920,0.015398719,0.488354738,0.000382351
0.821000,0.371720445,0.015398389,0.487695637,0.000344574
0.822000,0.374178751,0.015397530,0.487027377,0.000306585
0.823000,0.376630711,0.015396133,0.486349906,0.000268382
0.824000,0.379076194,0.015394190,0.485663175,0.000229965
0.825000,0.381515072,0.015391694,0.484967134,0.000191331
0.826000,0.383947217,0.015388637,0.484261736,0.000152481
0.827000,0.386372503,0.015385012,0.483546932,0.000113411
0.828000,0.388790802,0.015380811,0.482822676,0.000074123
0.829000,0.391201991,0.015376027,0.482088923,0.000034613
0.830000,0.393605944,0.015370653,0.481345627,-0.000005119
0.831000,0.396002537,0.015364682,0.480592744,-0.000045074
0.832000,0.398391648,0.015358106,0.479830231,-0.000085254
0.833000,0.400773155,0.015350920,0.479058046,-0.000125661
0.834000,0.403146935,0.015343115,0.478276148,-0.000166295
0.835000,0.405512870,0.015334687,0.477484496,-0.000207158
0.836000,0.407870839,0.015325628,0.476683050,-0.000248251
0.837000,0.410220724,0.015315932,0.475871772,-0.000289575
0.838000,0.412562407,0.015305592,0.475050624,-0.000331133
0.839000,0.414895770,0.015294604,0.474219570,-0.000372925
0.840000,0.417220699,0.015282960,0.473378574,-0.000414954
0.841000,0.419537077,0.015270655,0.472527600,-0.000457219
0.842000,0.421844792,0.015257683,0.471666615,-0.000499723
0.843000,0.424143728,0.015244039,0.470795586,-0.000542468
0.844000,0.426433775,0.015229717,0.469914481,-0.000585454
0.845000,0.428714820,0.015214713,0.469023269,-0.000628684
0.846000,0.430986754,0.015199020,0.468121920,-0.000672158
0.847000,0.433249466,0.015182634,0.467210404,-0.000715878
0.848000,0.435502849,0.015165550,0.466288695,-0.000759846
0.849000,0.437746794,0.015147764,0.465356764,-0.000804064
0.850000,0.439981195,0.015129270,0.464414586,-0.000848532
0.851000,0.442205947,0.015110065,0.463462135,-0.000893252
0.852000,0.444420944,0.015090143,0.462499389,-0.000938226
0.853000,0.446626084,0.015069502,0.461526322,-0.000983455
0.854000,0.448821263,0.015048136,0.460542915,-0.001028941
0.855000,0.451006380,0.015026043,0.459549145,-0.001074686
0.856000,0.453181335,0.015003217,0.458544993,-0.001120690
0.857000,0.455346027,0.014979657,0.457530439,-0.001166956
0.858000,0.457500359,0.014955358,0.456505467,-0.001213484
0.859000,0.459644233,0.014930317,0.455470060,-0.001260278
0.860000,0.461777553,0.014904532,0.454424200,-0.001307337
0.861000,0.463900223,0.014877998,0.453367875,-0.001354664
0.862000,0.466012148,0.014850713,0.452301070,-0.001402260
0.863000,0.468113237,0.014822676,0.451223773,-0.001450126
0.864000,0.470203396,0.014793882,0.450135972,-0.001498265
0.865000,0.472282535,0.014764330,0.449037658,-0.001546677
0.866000,0.474350563,0.014734018,0.447928820,-0.001595365
0.867000,0.476407393,0.014702944,0.446809450,-0.001644329
0.868000,0.478452935,0.014671105,0.445679542,-0.001693571
0.869000,0.480487103,0.014638500,0.444539089,-0.001743093
0.870000,0.482509813,0.014605128,0.443388087,-0.001792896
0.871000,0.484520979,0.014570987,0.442226532,-0.001842982
0.872000,0.486520518,0.014536075,0.441054420,-0.001893352
0.873000,0.488508348,0.014500393,0.439871750,-0.001944007
0.874000,0.490484389,0.014463937,0.438678523,-0.001994949
0.875000,0.492448559,0.014426709,0.437474738,-0.002046179
0.876000,0.494400781,0.014388707,0.436260397,-0.002097699
0.877000,0.496340977,0.014349931,0.435035503,-0.002149510
0.878000,0.498269070,0.014310381,0.433800059,-0.002201613
0.879000,0.500184985,0.014270056,0.432554072,-0.002254010
0.880000,0.502088648,0.014228956,0.431297548,-0.002306702
0.881000,0.503979987,0.014187081,0.430030492,-0.002359690
0.882000,0.505858929,0.014144433,0.428752915,-0.002412976
0.883000,0.507725404,0.014101010,0.427464826,-0.002466560
0.884000,0.509579342,0.014056815,0.426166235,-0.002520445
0.885000,0.511420676,0.014011847,0.424857155,-0.002574631
0.886000,0.513249338,0.013966107,0.423537598,-0.002629119
0.887000,0.515065262,0.013919597,0.422207579,-0.002683911
0.888000,0.516868385,0.013872318,0.420867112,-0.002739008
0.889000,0.518658642,0.013824271,0.419516215,-0.002794410
0.890000,0.520435971,0.013775457,0.418154905,-0.002850120
0.891000,0.522200311,0.013725879,0.416783200,-0.002906137
0.892000,0.523951604,0.013675538,0.415401122,-0.002962462
0.893000,0.525689789,0.013624436,0.414008689,-0.003019098
0.894000,0.527414809,0.013572575,0.412605926,-0.003076044
0.895000,0.529126610,0.013519958,0.411192855,-0.003133302
0.896000,0.530825135,0.013466586,0.409769501,-0.003190873
0.897000,0.532510331,0.013412463,0.408335889,-0.003248756
0.898000,0.534182146,0.013357592,0.406892046,-0.003306954
0.899000,0.535840528,0.013301974,0.405438001,-0.003365466
0.900000,0.537485427,0.013245613,0.403973781,-0.003424294
0.901000,0.539116795,0.013188512,0.402499418,-0.003483438
0.902000,0.540734585,0.013130675,0.401014943,-0.003542899
0.903000,0.542338750,0.013072104,0.399520389,-0.003602677
0.904000,0.543929244,0.013012804,0.398015789,-0.003662772
0.905000,0.545506025,0.012952777,0.396501178,-0.003723186
0.906000,0.547069050,0.012892029,0.394976592,-0.003783919
0.907000,0.548618277,0.012830562,0.393442068,-0.003844971
0.908000,0.550153667,0.012768382,0.391897645,-0.003906342
0.909000,0.551675180,0.012705491,0.390343362,-0.003968032
0.910000,0.553182780,0.012641895,0.388779260,-0.004030043
0.911000,0.554676430,0.012577598,0.387205380,-0.004092373
0.912000,0.556156095,0.012512604,0.385621765,-0.004155024
0.913000,0.557621741,0.012446919,0.384028460,-0.004217995
0.914000,0.559073336,0.012380547,0.382425510,-0.004281286
0.915000,0.560510849,0.012313494,0.380812960,-0.004344897
0.916000,0.561934249,0.012245763,0.379190859,-0.004408828
0.917000,0.563343509,0.012177362,0.377559255,-0.004473079
0.918000,0.564738599,0.012108294,0.375918197,-0.004537650
0.919000,0.566119495,0.012038566,0.374267737,-0.004602540
0.920000,0.567486171,0.011968182,0.372607927,-0.004667749
0.921000,0.568838604,0.011897150,0.370938820,-0.004733276
0.922000,0.570176771,0.011825474,0.369260469,-0.004799122
0.923000,0.571500651,0.011753161,0.367572931,-0.004865285
0.924000,0.572810224,0.011680217,0.365876261,-0.004931766
0.925000,0.574105472,0.011606647,0.364170518,-0.004998562
0.926000,0.575386376,0.011532459,0.362455761,-0.005065674
0.927000,0.576652922,0.011457658,0.360732048,-0.005133101
0.928000,0.577905093,0.011382250,0.358999441,-0.005200842
0.929000,0.579142876,0.011306244,0.357258002,-0.005268895
0.930000,0.580366260,0.011229645,0.355507795,-0.005337261
0.931000,0.581575232,0.011152460,0.353748882,-0.005405937
0.932000,0.582769782,0.011074696,0.351981331,-0.005474923
0.933000,0.583949903,0.010996360,0.350205207,-0.005544218
0.934000,0.585115586,0.010917459,0.348420577,-0.005613820
0.935000,0.586266826,0.010838000,0.346627510,-0.005683727
0.936000,0.587403617,0.010757991,0.344826077,-0.005753939
0.937000,0.588525956,0.010677439,0.343016347,-0.005824453
0.938000,0.589633840,0.010596351,0.341198392,-0.005895269
0.939000,0.590727268,0.010514734,0.339372286,-0.005966385
0.940000,0.591806240,0.010432598,0.337538102,-0.006037798
0.941000,0.592870757,0.010349948,0.335695916,-0.006109507
0.942000,0.593920821,0.010266794,0.333845803,-0.006181510
0.943000,0.594956437,0.010183142,0.331987840,-0.006253805
0.944000,0.595977608,0.010099001,0.330122105,-0.006326390
0.945000,0.596984342,0.010014379,0.328248679,-0.006399263
0.946000,0.597976644,0.009929283,0.326367640,-0.006472422
0.947000,0.598954525,0.009843723,0.324479070,-0.006545864
0.948000,0.599917993,0.009757705,0.322583052,-0.006619586
0.949000,0.600867059,0.009671239,0.320679668,-0.006693588
0.950000,0.601801736,0.009584333,0.318769003,-0.006767865
0.951000,0.602722036,0.009496995,0.316851142,-0.006842415
0.952000,0.603627974,0.009409234,0.314926171,-0.006917236
0.953000,0.604519566,0.009321058,0.312994178,-0.006992325
0.954000,0.605396829,0.009232475,0.311055250,-0.007067679
0.955000,0.606259779,0.009143495,0.309109478,-0.007143294
0.956000,0.607108438,0.009054126,0.307156950,-0.007219169
0.957000,0.607942825,0.008964377,0.305197759,-0.007295299
0.958000,0.608762961,0.008874256,0.303231997,-0.007371682
0.959000,0.609568869,0.008783772,0.301259755,-0.007448314
0.960000,0.610360573,0.008692935,0.299281130,-0.007525192
0.961000,0.611138097,0.008601752,0.297296214,-0.007602312
0.962000,0.611901469,0.008510234,0.295305105,-0.007679671
0.963000,0.612650714,0.008418389,0.293307898,-0.007757266
0.964000,0.613385863,0.008326226,0.291304692,-0.007835091
0.965000,0.614106943,0.008233754,0.289295586,-0.007913145
0.966000,0.614813985,0.008140981,0.287280678,-0.007991422
0.967000,0.615507022,0.008047919,0.285260069,-0.008069919
0.968000,0.616186085,0.007954574,0.283233861,-0.008148632
0.969000,0.616851210,0.007860957,0.281202156,-0.008227557
0.970000,0.617502430,0.007767077,0.279165056,-0.008306689
0.971000,0.618139782,0.007672943,0.277122666,-0.008386024
0.972000,0.618763304,0.007578563,0.275075090,-0.008465557
0.973000,0.619373033,0.007483948,0.273022434,-0.008545286
0.974000,0.619969008,0.007389107,0.270964804,-0.008625203
0.975000,0.620551271,0.007294048,0.268902308,-0.008705306
0.976000,0.621119863,0.007198781,0.266835054,-0.008785589
0.977000,0.621674825,0.007103316,0.264763150,-0.008866048
0.978000,0.622216202,0.007007661,0.262686707,-0.008946678
0.979000,0.622744038,0.006911826,0.260605835,-0.009027473
0.980000,0.623258379,0.006815821,0.258520645,-0.009108429
0.981000,0.623759272,0.006719653,0.256431249,-0.009189540
0.982000,0.624246763,0.006623334,0.254337761,-0.009270802
0.983000,0.624720903,0.006526871,0.252240293,-0.009352209
0.984000,0.625181739,0.006430275,0.250138960,-0.009433755
0.985000,0.625629324,0.006333554,0.248033878,-0.009515436
0.986000,0.626063709,0.006236718,0.245925162,-0.009597246
0.987000,0.626484946,0.006139775,0.243812929,-0.009679179
0.988000,0.626893088,0.006042736,0.241697295,-0.009761229
0.989000,0.627288191,0.005945610,0.239578380,-0.009843392
0.990000,0.627670310,0.005848405,0.237456301,-0.009925660
0.991000,0.628039502,0.005751130,0.235331178,-0.010008028
0.992000,0.628395823,0.005653796,0.233203132,-0.010090491
0.993000,0.628739332,0.005556411,0.231072283,-0.010173042
0.994000,0.629070089,0.005458983,0.228938751,-0.010255675
0.995000,0.629388153,0.005361523,0.226802661,-0.010338384
0.996000,0.629693586,0.005264039,0.224664133,-0.010421162
0.997000,0.629986449,0.005166540,0.222523291,-0.010504004
0.998000,0.630266806,0.005069035,0.220380260,-0.010586903
0.999000,0.630534719,0.004971534,0.218235164,-0.010669853
1.000000,0.630790255,0.004874044,0.216088128,-0.010752847
1.001000,0.631033477,0.004776576,0.213939277,-0.010835878
1.002000,0.631264453,0.004679136,0.211788738,-0.010918940
1.003000,0.631483249,0.004581736,0.209636638,-0.011002027
1.004000,0.631689934,0.004484382,0.207483105,-0.011085131
1.005000,0.631884576,0.004387085,0.205328266,-0.011168246
1.006000,0.632067246,0.004289852,0.203172249,-0.011251365
1.007000,0.632238012,0.004192692,0.201015185,-0.011334481
1.008000,0.632396947,0.004095614,0.198857201,-0.011417587
1.009000,0.632544123,0.003998625,0.196698430,-0.011500676
1.010000,0.632679612,0.003901736,0.194539000,-0.011583741
1.011000,0.632803489,0.003804953,0.192379043,-0.011666775
1.012000,0.632915826,0.003708286,0.190218691,-0.011749771
1.013000,0.633016700,0.003611743,0.188058075,-0.011832721
1.014000,0.633106186,0.003515331,0.185897328,-0.011915619
1.015000,0.633184360,0.003419059,0.183736583,-0.011998456
1.016000,0.633251301,0.003322935,0.181575973,-0.012081227
1.017000,0.633307085,0.003226967,0.179415632,-0.012163922
1.018000,0.633351792,0.003131164,0.177255693,-0.012246536
1.019000,0.633385501,0.003035532,0.175096292,-0.012329059
1.020000,0.633408291,0.002940080,0.172937563,-0.012411486
1.021000,0.633420245,0.002844816,0.170779642,-0.012493808
1.022000,0.633421442,0.002749746,0.168622663,-0.012576018
1.023000,0.633411965,0.002654880,0.166466763,-0.012658108
1.024000,0.633391896,0.002560224,0.164312079,-0.012740071
1.025000,0.633361319,0.002465786,0.162158746,-0.012821899
1.026000,0.633320318,0.002371573,0.160006902,-0.012903584
1.027000,0.633268977,0.002277593,0.157856684,-0.012985118
1.028000,0.633207381,0.002183853,0.155708229,-0.013066495
1.029000,0.633135616,0.002090360,0.153561676,-0.013147706
1.030000,0.633053768,0.001997120,0.151417162,-0.013228743
1.031000,0.632961924,0.001904142,0.149274825,-0.013309599
1.032000,0.632860171,0.001811432,0.147134805,-0.013390265
1.033000,0.632748597,0.001718997,0.144997239,-0.013470735
1.034000,0.632627291,0.001626844,0.142862268,-0.013551000
1.035000,0.632496340,0.001534979,0.140730029,-0.013631052
1.036000,0.632355836,0.001443409,0.138600662,-0.013710884
1.037000,0.632205867,0.001352140,0.136474308,-0.013790487
1.038000,0.632046525,0.001261180,0.134351105,-0.013869855
1.039000,0.631877899,0.001170533,0.132231194,-0.013948978
1.040000,0.631700082,0.001080207,0.130114714,-0.014027850
1.041000,0.631513164,0.000990208,0.128001806,-0.014106461
1.042000,0.631317240,0.000900542,0.125892611,-0.014184806
1.043000,0.631112400,0.000811214,0.123787267,-0.014262875
1.044000,0.630898738,0.000722231,0.121685917,-0.014340661
1.045000,0.630676348,0.000633598,0.119588699,-0.014418156
1.046000,0.630445323,0.000545321,0.117495756,-0.014495352
1.047000,0.630205759,0.000457406,0.115407228,-0.014572242
1.048000,0.629957748,0.000369859,0.113323256,-0.014648817
1.049000,0.629701387,0.000282684,0.111243979,-0.014725070
1.050000,0.629436770,0.000195887,0.109169540,-0.014800994
1.051000,0.629163994,0.000109473,0.107100079,-0.014876579
1.052000,0.628883154,0.000023448,0.105035736,-0.014951820
1.053000,0.628594347,-0.000062183,0.102976653,-0.015026708
1.054000,0.628297670,-0.000147417,0.100922970,-0.015101235
1.055000,0.627993218,-0.000232246,0.098874828,-0.015175394
1.056000,0.627681090,-0.000316668,0.096832367,-0.015249178
1.057000,0.627361383,-0.000400677,0.094795729,-0.015322578
1.058000,0.627034195,-0.000484269,0.092765054,-0.015395587
1.059000,0.626699623,-0.000567439,0.090740481,-0.015468198
1.060000,0.626357766,-0.000650183,0.088722153,-0.015540404
1.061000,0.626008722,-0.000732496,0.086710208,-0.015612197
1.062000,0.625652590,-0.000814375,0.084704786,-0.015683569
1.063000,0.625289468,-0.000895814,0.082706029,-0.015754514
1.064000,0.624919456,-0.000976812,0.080714074,-0.015825024
1.065000,0.624542653,-0.001057362,0.078729064,-0.015895091
1.066000,0.624159158,-0.001137462,0.076751135,-0.015964710
1.067000,0.623769071,-0.001217108,0.074780429,-0.016033872
1.068000,0.623372492,-0.001296296,0.072817083,-0.016102571
1.069000,0.622969519,-0.001375023,0.070861237,-0.016170800
1.070000,0.622560253,-0.001453286,0.068913029,-0.016238552
1.071000,0.622144794,-0.001531080,0.066972598,-0.016305820
1.072000,0.621723242,-0.001608403,0.065040082,-0.016372596
1.073000,0.621295698,-0.001685252,0.063115619,-0.016438876
1.074000,0.620862261,-0.001761623,0.061199345,-0.016504651
1.075000,0.620423031,-0.001837515,0.059291399,-0.016569915
1.076000,0.619978110,-0.001912923,0.057391918,-0.016634663
1.077000,0.619527597,-0.001987845,0.055501038,-0.016698886
1.078000,0.619071593,-0.002062279,0.053618895,-0.016762580
1.079000,0.618610198,-0.002136222,0.051745626,-0.016825737
1.080000,0.618143513,-0.002209672,0.049881366,-0.016888352
1.081000,0.617671638,-0.002282625,0.048026250,-0.016950418
1.082000,0.617194673,-0.002355081,0.046180414,-0.017011930
1.083000,0.616712719,-0.002427036,0.044343992,-0.017072881
1.084000,0.616225875,-0.002498489,0.042517117,-0.017133266
1.085000,0.615734244,-0.002569438,0.040699924,-0.017193078
1.086000,0.615237923,-0.002639880,0.038892546,-0.017252313
1.087000,0.614737014,-0.002709815,0.037095116,-0.017310964
1.088000,0.614231617,-0.002779239,0.035307766,-0.017369026
1.089000,0.613721830,-0.002848153,0.033530628,-0.017426494
1.090000,0.613207755,-0.002916553,0.031763834,-0.017483363
1.091000,0.612689491,-0.002984439,0.030007514,-0.017539626
1.092000,0.612167137,-0.003051810,0.028261800,-0.017595280
1.093000,0.611640793,-0.003118663,0.026526820,-0.017650319
1.094000,0.611110557,-0.003184999,0.024802705,-0.017704738
1.095000,0.610576529,-0.003250815,0.023089582,-0.017758532
1.096000,0.610038808,-0.003316111,0.021387582,-0.017811697
1.097000,0.609497493,-0.003380886,0.019696831,-0.017864229
1.098000,0.608952681,-0.003445138,0.018017457,-0.017916122
1.099000,0.608404471,-0.003508868,0.016349587,-0.017967372
1.100000,0.607852961,-0.003572075,0.014693345,-0.018017975
1.101000,0.607298249,-0.003634757,0.013048859,-0.018067928
1.102000,0.606740432,-0.003696915,0.011416252,-0.018117225
1.103000,0.606179608,-0.003758548,0.009795650,-0.018165864
1.104000,0.605615873,-0.003819655,0.008187175,-0.018213840
1.105000,0.605049325,-0.003880237,0.006590950,-0.018261150
1.106000,0.604480059,-0.003940293,0.005007099,-0.018307789
1.107000,0.603908172,-0.003999823,0.003435741,-0.018353756
1.108000,0.603333759,-0.004058827,0.001876999,-0.018399046
1.109000,0.602756916,-0.004117305,0.000330992,-0.018443656
1.110000,0.602177739,-0.004175257,-0.001202159,-0.018487584
1.111000,0.601596321,-0.004232683,-0.002722337,-0.018530826
1.112000,0.601012758,-0.004289584,-0.004229423,-0.018573379
1.113000,0.600427143,-0.004345960,-0.005723300,-0.018615242
1.114000,0.599839571,-0.004401811,-0.007203851,-0.018656411
1.115000,0.599250134,-0.004457137,-0.008670960,-0.018696884
1.116000,0.598658925,-0.004511939,-0.010124513,-0.018736658
1.117000,0.598066036,-0.004566219,-0.011564395,-0.018775733
1.118000,0.597471561,-0.004619975,-0.012990493,-0.018814105
1.119000,0.596875590,-0.004673210,-0.014402694,-0.018851772
1.120000,0.596278215,-0.004725923,-0.015800886,-0.018888734
1.121000,0.595679527,-0.004778116,-0.017184958,-0.018924988
1.122000,0.595079615,-0.004829790,-0.018554801,-0.018960534
1.123000,0.594478570,-0.004880945,-0.019910304,-0.018995369
1.124000,0.593876480,-0.004931582,-0.021251359,-0.019029492
1.125000,0.593273436,-0.004981704,-0.022577859,-0.019062904
1.126000,0.592669525,-0.005031309,-0.023889696,-0.019095601
1.127000,0.592064835,-0.005080401,-0.025186766,-0.019127585
1.128000,0.591459454,-0.005128980,-0.026468963,-0.019158854
1.129000,0.590853467,-0.005177047,-0.027736183,-0.019189407
1.130000,0.590246963,-0.005224604,-0.028988323,-0.019219245
1.131000,0.589640025,-0.005271652,-0.030225281,-0.019248367
1.132000,0.589032740,-0.005318193,-0.031446955,-0.019276774
1.133000,0.588425193,-0.005364228,-0.032653246,-0.019304464
1.134000,0.587817466,-0.005409758,-0.033844053,-0.019331439
1.135000,0.587209644,-0.005454785,-0.035019279,-0.019357699
1.136000,0.586601810,-0.005499311,-0.036178826,-0.019383245
1.137000,0.585994045,-0.005543338,-0.037322598,-0.019408076
1.138000,0.585386432,-0.005586867,-0.038450499,-0.019432194
1.139000,0.584779052,-0.005629899,-0.039562436,-0.019455601
1.140000,0.584171984,-0.005672438,-0.040658313,-0.019478295
1.141000,0.583565310,-0.005714484,-0.041738040,-0.019500280
1.142000,0.582959107,-0.005756039,-0.042801524,-0.019521557
1.143000,0.582353455,-0.005797105,-0.043848676,-0.019542127
1.144000,0.581748431,-0.005837685,-0.044879406,-0.019561991
1.145000,0.581144113,-0.005877780,-0.045893627,-0.019581151
1.146000,0.580540577,-0.005917392,-0.046891250,-0.019599611
1.147000,0.579937898,-0.005956524,-0.047872189,-0.019617370
1.148000,0.579336153,-0.005995177,-0.048836361,-0.019634432
1.149000,0.578735415,-0.006033353,-0.049783680,-0.019650800
1.150000,0.578135758,-0.006071055,-0.050714065,-0.019666475
1.151000,0.577537256,-0.006108284,-0.051627433,-0.019681460
1.152000,0.576939980,-0.006145043,-0.052523704,-0.019695759
1.153000,0.576344002,-0.006181335,-0.053402798,-0.019709373
1.154000,0.575749393,-0.006217161,-0.054264638,-0.019722307
1.155000,0.575156222,-0.006252523,-0.055109146,-0.019734563
1.156000,0.574564561,-0.006287425,-0.055936245,-0.019746144
1.157000,0.573974476,-0.006321867,-0.056745862,-0.019757055
1.158000,0.573386035,-0.006355853,-0.057537921,-0.019767298
1.159000,0.572799307,-0.006389385,-0.058312352,-0.019776878
1.160000,0.572214356,-0.006422465,-0.059069082,-0.019785798
1.161000,0.571631249,-0.006455095,-0.059808042,-0.019794063
1.162000,0.571050050,-0.006487279,-0.060529161,-0.019801677
1.163000,0.570470822,-0.006519018,-0.061232374,-0.019808643
1.164000,0.569893630,-0.006550315,-0.061917612,-0.019814967
1.165000,0.569318535,-0.006581172,-0.062584810,-0.019820652
1.166000,0.568745599,-0.006611591,-0.063233905,-0.019825704
1.167000,0.568174882,-0.006641576,-0.063864834,-0.019830128
1.168000,0.567606444,-0.006671128,-0.064477534,-0.019833928
1.169000,0.567040345,-0.006700251,-0.065071945,-0.019837109
1.170000,0.566476641,-0.006728946,-0.065648008,-0.019839677
1.171000,0.565915391,-0.006757215,-0.066205666,-0.019841637
1.172000,0.565356650,-0.006785063,-0.066744861,-0.019842995
1.173000,0.564800475,-0.006812490,-0.067265537,-0.019843755
1.174000,0.564246919,-0.006839500,-0.067767641,-0.019843924
1.175000,0.563696038,-0.006866095,-0.068251120,-0.019843507
1.176000,0.563147883,-0.006892278,-0.068715923,-0.019842511
1.177000,0.562602506,-0.006918051,-0.069161997,-0.019840942
1.178000,0.562059960,-0.006943416,-0.069589296,-0.019838804
1.179000,0.561520293,-0.006968376,-0.069997770,-0.019836106
1.180000,0.560983556,-0.006992934,-0.070387374,-0.019832853
1.181000,0.560449797,-0.007017092,-0.070758062,-0.019829052
1.182000,0.559919063,-0.007040853,-0.071109790,-0.019824709
1.183000,0.559391401,-0.007064218,-0.071442517,-0.019819831
1.184000,0.558866857,-0.007087191,-0.071756199,-0.019814425
1.185000,0.558345475,-0.007109775,-0.072050798,-0.019808497
1.186000,0.557827300,-0.007131971,-0.072326276,-0.019802056
1.187000,0.557312374,-0.007153782,-0.072582594,-0.019795107
1.188000,0.556800740,-0.007175211,-0.072819717,-0.019787658
1.189000,0.556292438,-0.007196259,-0.073037610,-0.019779717
1.190000,0.555787508,-0.007216931,-0.073236240,-0.019771291
1.191000,0.555285991,-0.007237227,-0.073415576,-0.019762387
1.192000,0.554787923,-0.007257150,-0.073575586,-0.019753013
1.193000,0.554293342,-0.007276704,-0.073716241,-0.019743176
1.194000,0.553802285,-0.007295889,-0.073837514,-0.019732885
1.195000,0.553314787,-0.007314709,-0.073939378,-0.019722146
1.196000,0.552830882,-0.007333167,-0.074021807,-0.019710969
1.197000,0.552350605,-0.007351263,-0.074084779,-0.019699361
1.198000,0.551873986,-0.007369002,-0.074128271,-0.019687331
1.199000,0.551401058,-0.007386385,-0.074152262,-0.019674885
1.200000,0.550931852,-0.007403414,-0.074156731,-0.019662034
1.201000,0.550466397,-0.007420092,-0.074141662,-0.019648784
1.202000,0.550004721,-0.007436421,-0.074107036,-0.019635144
1.203000,0.549546852,-0.007452404,-0.074052839,-0.019621123
1.204000,0.549092817,-0.007468042,-0.073979057,-0.019606730
1.205000,0.548642641,-0.007483339,-0.073885676,-0.019591972
1.206000,0.548196350,-0.007498295,-0.073772685,-0.019576859
1.207000,0.547753966,-0.007512915,-0.073640075,-0.019561398
1.208000,0.547315512,-0.007527199,-0.073487837,-0.019545600
1.209000,0.546881010,-0.007541149,-0.073315963,-0.019529473
1.210000,0.546450482,-0.007554769,-0.073124448,-0.019513024
1.211000,0.546023945,-0.007568061,-0.072913287,-0.019496265
1.212000,0.545601420,-0.007581025,-0.072682478,-0.019479203
1.213000,0.545182924,-0.007593666,-0.072432019,-0.019461847
1.214000,0.544768473,-0.007605983,-0.072161909,-0.019444206
1.215000,0.544358083,-0.007617981,-0.071872151,-0.019426290
1.216000,0.543951769,-0.007629660,-0.071562745,-0.019408108
1.217000,0.543549545,-0.007641024,-0.071233698,-0.019389668
1.218000,0.543151423,-0.007652073,-0.070885013,-0.019370980
1.219000,0.542757416,-0.007662809,-0.070516698,-0.019352053
1.220000,0.542367533,-0.007673236,-0.070128761,-0.019332897
1.221000,0.541981784,-0.007683355,-0.069721211,-0.019313520
1.222000,0.541600178,-0.007693167,-0.069294059,-0.019293932
1.223000,0.541222724,-0.007702675,-0.068847319,-0.019274141
1.224000,0.540849426,-0.007711881,-0.068381003,-0.019254159
1.225000,0.540480292,-0.007720786,-0.067895128,-0.019233993
1.226000,0.540115325,-0.007729392,-0.067389708,-0.019213653
1.227000,0.539754530,-0.007737701,-0.066864763,-0.019193148
1.228000,0.539397910,-0.007745715,-0.066320312,-0.019172488
1.229000,0.539045465,-0.007753436,-0.065756376,-0.019151682
1.230000,0.538697196,-0.007760866,-0.065172976,-0.019130739
1.231000,0.538353103,-0.007768006,-0.064570137,-0.019109669
1.232000,0.538013186,-0.007774857,-0.063947883,-0.019088482
1.233000,0.537677441,-0.007781423,-0.063306241,-0.019067185
1.234000,0.537345864,-0.007787703,-0.062645238,-0.019045789
1.235000,0.537018453,-0.007793701,-0.061964904,-0.019024303
1.236000,0.536695201,-0.007799417,-0.061265268,-0.019002736
1.237000,0.536376103,-0.007804854,-0.060546364,-0.018981097
1.238000,0.536061150,-0.007810012,-0.059808224,-0.018959396
1.239000,0.535750335,-0.007814894,-0.059050882,-0.018937642
1.240000,0.535443648,-0.007819501,-0.058274376,-0.018915844
1.241000,0.535141079,-0.007823834,-0.057478741,-0.018894011
1.242000,0.534842617,-0.007827895,-0.056664018,-0.018872153
1.243000,0.534548250,-0.007831685,-0.055830245,-0.018850278
1.244000,0.534257964,-0.007835207,-0.054977465,-0.018828395
1.245000,0.533971745,-0.007838461,-0.054105721,-0.018806514
1.246000,0.533689578,-0.007841448,-0.053215055,-0.018784643
1.247000,0.533411447,-0.007844171,-0.052305516,-0.018762791
1.248000,0.533137335,-0.007846630,-0.051377148,-0.018740967
1.249000,0.532867224,-0.007848827,-0.050430000,-0.018719180
1.250000,0.532601094,-0.007850763,-0.049464122,-0.018697439
1.251000,0.532338926,-0.007852440,-0.048479565,-0.018675752
1.252000,0.532080699,-0.007853859,-0.047476381,-0.018654129
1.253000,0.531826391,-0.007855021,-0.046454623,-0.018632576
1.254000,0.531575979,-0.007855927,-0.045414347,-0.018611104
1.255000,0.531329440,-0.007856578,-0.044355609,-0.018589720
1.256000,0.531086747,-0.007856977,-0.043278466,-0.018568433
1.257000,0.530847877,-0.007857123,-0.042182977,-0.018547252
1.258000,0.530612802,-0.007857018,-0.041069202,-0.018526183
1.259000,0.530381495,-0.007856664,-0.039937203,-0.018505236
1.260000,0.530153928,-0.007856062,-0.038787043,-0.018484419
1.261000,0.529930070,-0.007855211,-0.037618785,-0.018463739
1.262000,0.529709892,-0.007854115,-0.036432495,-0.018443204
1.263000,0.529493362,-0.007852773,-0.035228240,-0.018422823
1.264000,0.529280449,-0.007851187,-0.034006087,-0.018402603
1.265000,0.529071119,-0.007849358,-0.032766106,-0.018382551
1.266000,0.528865338,-0.007847287,-0.031508367,-0.018362675
1.267000,0.528663072,-0.007844975,-0.030232941,-0.018342983
1.268000,0.528464285,-0.007842422,-0.028939903,-0.018323481
1.269000,0.528268940,-0.007839631,-0.027629325,-0.018304177
1.270000,0.528077001,-0.007836601,-0.026301283,-0.018285079
1.271000,0.527888427,-0.007833334,-0.024955855,-0.018266192
1.272000,0.527703181,-0.007829831,-0.023593118,-0.018247525
1.273000,0.527521222,-0.007826093,-0.022213150,-0.018229084
1.274000,0.527342509,-0.007822120,-0.020816033,-0.018210875
1.275000,0.527167001,-0.007817914,-0.019401848,-0.018192905
1.276000,0.526994654,-0.007813474,-0.017970677,-0.018175180
1.277000,0.526825426,-0.007808803,-0.016522605,-0.018157707
1.278000,0.526659272,-0.007803902,-0.015057717,-0.018140493
1.279000,0.526496147,-0.007798770,-0.013576099,-0.018123542
1.280000,0.526336005,-0.007793408,-0.012077838,-0.018106862
1.281000,0.526178799,-0.007787818,-0.010563024,-0.018090457
1.282000,0.526024482,-0.007782001,-0.009031745,-0.018074334
1.283000,0.525873005,-0.007775956,-0.007484094,-0.018058498
1.284000,0.525724319,-0.007769686,-0.005920161,-0.018042955
1.285000,0.525578374,-0.007763190,-0.004340041,-0.018027709
1.286000,0.525435119,-0.007756469,-0.002743827,-0.018012767
1.287000,0.525294503,-0.007749524,-0.001131615,-0.017998132
1.288000,0.525156473,-0.007742357,0.000496498,-0.017983811
1.289000,0.525020977,-0.007734966,0.002140414,-0.017969807
1.290000,0.524887960,-0.007727354,0.003800036,-0.017956125
1.291000,0.524757369,-0.007719521,0.005475262,-0.017942771
1.292000,0.524629147,-0.007711468,0.007165992,-0.017929747
1.293000,0.524503238,-0.007703195,0.008872125,-0.017917058
1.294000,0.524379586,-0.007694703,0.010593556,-0.017904709
1.295000,0.524258134,-0.007685992,0.012330182,-0.017892702
1.296000,0.524138822,-0.007677064,0.014081898,-0.017881043
1.297000,0.524021593,-0.007667918,0.015848597,-0.017869733
1.298000,0.523906386,-0.007658556,0.017630172,-0.017858778
1.299000,0.523793141,-0.007648979,0.019426515,-0.017848179
1.300000,0.523681798,-0.007639186,0.021237517,-0.017837940
1.301000,0.523572294,-0.007629178,0.023063067,-0.017828065
1.302000,0.523464568,-0.007618957,0.024903055,-0.017818555
1.303000,0.523358555,-0.007608522,0.026757367,-0.017809413
1.304000,0.523254194,-0.007597874,0.028625891,-0.017800642
1.305000,0.523151418,-0.007587014,0.030508512,-0.017792245
1.306000,0.523050165,-0.007575942,0.032405116,-0.017784223
1.307000,0.522950367,-0.007564660,0.034315587,-0.017776577
1.308000,0.522851959,-0.007553166,0.036239807,-0.017769311
1.309000,0.522754873,-0.007541463,0.038177659,-0.017762426
1.310000,0.522659044,-0.007529550,0.040129023,-0.017755923
1.311000,0.522564402,-0.007517429,0.042093781,-0.017749803
1.312000,0.522470880,-0.007505099,0.044071811,-0.017744067
1.313000,0.522378408,-0.007492561,0.046062992,-0.017738718
1.314000,0.522286916,-0.007479816,0.048067202,-0.017733754
1.315000,0.522196335,-0.007466864,0.050084318,-0.017729178
1.316000,0.522106593,-0.007453705,0.052114215,-0.017724989
1.317000,0.522017619,-0.007440341,0.054156768,-0.017721188
1.318000,0.521929342,-0.007426772,0.056211853,-0.017717775
1.319000,0.521841689,-0.007412998,0.058279342,-0.017714750
1.320000,0.521754587,-0.007399020,0.060359108,-0.017712113
1.321000,0.521667963,-0.007384838,0.062451024,-0.017709863
1.322000,0.521581743,-0.007370453,0.064554959,-0.017707999
1.323000,0.521495854,-0.007355865,0.066670785,-0.017706522
1.324000,0.521410219,-0.007341075,0.068798371,-0.017705431
1.325000,0.521324764,-0.007326082,0.070937585,-0.017704723
1.326000,0.521239413,-0.007310889,0.073088297,-0.017704398
1.327000,0.521154091,-0.007295495,0.075250373,-0.017704456
1.328000,0.521068720,-0.007279900,0.077423680,-0.017704893
1.329000,0.520983223,-0.007264105,0.079608083,-0.017705708
1.330000,0.520897524,-0.007248111,0.081803449,-0.017706901
1.331000,0.520811544,-0.007231918,0.084009642,-0.017708467
1.332000,0.520725205,-0.007215526,0.086226525,-0.017710406
1.333000,0.520638429,-0.007198936,0.088453962,-0.017712715
1.334000,0.520551136,-0.007182148,0.090691815,-0.017715391
1.335000,0.520463249,-0.007165163,0.092939946,-0.017718432
1.336000,0.520374686,-0.007147981,0.095198218,-0.017721835
1.337000,0.520285367,-0.007130603,0.097466489,-0.017725597
1.338000,0.520195214,-0.007113028,0.099744621,-0.017729715
1.339000,0.520104144,-0.007095258,0.102032474,-0.017734184
1.340000,0.520012077,-0.007077293,0.104329905,-0.017739003
1.341000,0.519918932,-0.007059133,0.106636773,-0.017744167
1.342000,0.519824628,-0.007040779,0.108952937,-0.017749672
1.343000,0.519729082,-0.007022231,0.111278253,-0.017755514
1.344000,0.519632212,-0.007003489,0.113612579,-0.017761690
1.345000,0.519533936,-0.006984554,0.115955770,-0.017768195
1.346000,0.519434172,-0.006965427,0.118307683,-0.017775025
1.347000,0.519332837,-0.006946107,0.120668172,-0.017782174
1.348000,0.519229847,-0.006926594,0.123037092,-0.017789639
1.349000,0.519125120,-0.006906891,0.125414298,-0.017797414
1.350000,0.519018572,-0.006886996,0.127799644,-0.017805494
1.351000,0.518910120,-0.006866909,0.130192982,-0.017813875
1.352000,0.518799679,-0.006846633,0.132594167,-0.017822551
1.353000,0.518687166,-0.006826166,0.135003050,-0.017831516
1.354000,0.518572496,-0.006805509,0.137419483,-0.017840765
1.355000,0.518455586,-0.006784663,0.139843319,-0.017850292
1.356000,0.518336350,-0.006763627,0.142274409,-0.017860092
1.357000,0.518214705,-0.006742403,0.144712604,-0.017870157
1.358000,0.518090565,-0.006720990,0.147157755,-0.017880483
1.359000,0.517963846,-0.006699388,0.149609711,-0.017891063
1.360000,0.517834463,-0.006677599,0.152068324,-0.017901890
1.361000,0.517702331,-0.006655622,0.154533442,-0.017912958
1.362000,0.517567365,-0.006633458,0.157004915,-0.017924261
1.363000,0.517429480,-0.006611106,0.159482592,-0.017935791
1.364000,0.517288591,-0.006588567,0.161966322,-0.017947542
1.365000,0.517144612,-0.006565842,0.164455953,-0.017959506
1.366000,0.516997459,-0.006542931,0.166951334,-0.017971677
1.367000,0.516847046,-0.006519833,0.169452313,-0.017984047
1.368000,0.516693289,-0.006496550,0.171958738,-0.017996609
1.369000,0.516536101,-0.006473081,0.174470456,-0.018009356
1.370000,0.516375397,-0.006449426,0.176987315,-0.018022279
1.371000,0.516211093,-0.006425586,0.179509161,-0.018035372
1.372000,0.516043104,-0.006401561,0.182035843,-0.018048626
1.373000,0.515871344,-0.006377352,0.184567206,-0.018062033
1.374000,0.515695728,-0.006352957,0.187103098,-0.018075586
1.375000,0.515516171,-0.006328378,0.189643365,-0.018089277
1.376000,0.515332589,-0.006303615,0.192187854,-0.018103097
1.377000,0.515144896,-0.006278667,0.194736411,-0.018117037
1.378000,0.514953009,-0.006253536,0.197288882,-0.018131091
1.379000,0.514756842,-0.006228220,0.199845114,-0.018145248
1.380000,0.514556311,-0.006202720,0.202404952,-0.018159502
1.381000,0.514351332,-0.006177037,0.204968242,-0.018173842
1.382000,0.514141821,-0.006151170,0.207534832,-0.018188261
1.383000,0.513927694,-0.006125119,0.210104566,-0.018202749
1.384000,0.513708867,-0.006098884,0.212677290,-0.018217299
1.385000,0.513485256,-0.006072466,0.215252850,-0.018231900
1.386000,0.513256779,-0.006045864,0.217831093,-0.018246544
1.387000,0.513023351,-0.006019079,0.220411865,-0.018261222
1.388000,0.512784890,-0.005992111,0.222995010,-0.018275924
1.389000,0.512541313,-0.005964958,0.225580376,-0.018290642
1.390000,0.512292538,-0.005937622,0.228167807,-0.018305367
1.391000,0.512038482,-0.005910103,0.230757152,-0.018320089
1.392000,0.511779064,-0.005882399,0.233348255,-0.018334798
1.393000,0.511514202,-0.005854512,0.235940963,-0.018349486
1.394000,0.511243813,-0.005826441,0.238535122,-0.018364143
1.395000,0.510967818,-0.005798186,0.241130579,-0.018378759
1.396000,0.510686135,-0.005769746,0.243727181,-0.018393326
1.397000,0.510398684,-0.005741123,0.246324774,-0.018407832
1.398000,0.510105385,-0.005712314,0.248923205,-0.018422270
1.399000,0.509806157,-0.005683322,0.251522322,-0.018436629
1.400000,0.509500922,-0.005654144,0.254121971,-0.018450900
1.401000,0.509189600,-0.005624781,0.256722001,-0.018465072
1.402000,0.508872112,-0.005595233,0.259322258,-0.018479137
1.403000,0.508548380,-0.005565499,0.261922592,-0.018493085
1.404000,0.508218326,-0.005535579,0.264522849,-0.018506905
1.405000,0.507881872,-0.005505473,0.267122879,-0.018520589
1.406000,0.507538942,-0.005475181,0.269722529,-0.018534125
1.407000,0.507189458,-0.005444702,0.272321650,-0.018547506
1.408000,0.506833344,-0.005414035,0.274920090,-0.018560720
1.409000,0.506470524,-0.005383181,0.277517698,-0.018573758
1.410000,0.506100924,-0.005352139,0.280114325,-0.018586611
1.411000,0.505724467,-0.005320909,0.282709820,-0.018599268
1.412000,0.505341080,-0.005289490,0.285304034,-0.018611720
1.413000,0.504950688,-0.005257882,0.287896818,-0.018623957
1.414000,0.504553218,-0.005226083,0.290488023,-0.018635969
1.415000,0.504148597,-0.005194095,0.293077500,-0.018647747
1.416000,0.503736753,-0.005161916,0.295665101,-0.018659280
1.417000,0.503317613,-0.005129546,0.298250679,-0.018670560
1.418000,0.502891106,-0.005096984,0.300834086,-0.018681576
1.419000,0.502457162,-0.005064229,0.303415176,-0.018692319
1.420000,0.502015710,-0.005031282,0.305993801,-0.018702779
1.421000,0.501566680,-0.004998140,0.308569815,-0.018712947
1.422000,0.501110003,-0.004964805,0.311143074,-0.018722813
1.423000,0.500645611,-0.004931275,0.313713432,-0.018732367
1.424000,0.500173435,-0.004897548,0.316280744,-0.018741601
1.425000,0.499693409,-0.004863626,0.318844866,-0.018750504
1.426000,0.499205466,-0.004829507,0.321405654,-0.018759067
1.427000,0.498709539,-0.004795189,0.323962966,-0.018767281
1.428000,0.498205563,-0.004760674,0.326516658,-0.018775137
1.429000,0.497693473,-0.004725958,0.329066589,-0.018782625
1.430000,0.497173205,-0.004691043,0.331612616,-0.018789737
1.431000,0.496644696,-0.004655926,0.334154599,-0.018796462
1.432000,0.496107882,-0.004620608,0.336692397,-0.018802793
1.433000,0.495562702,-0.004585087,0.339225870,-0.018808719
1.434000,0.495009095,-0.004549362,0.341754880,-0.018814233
1.435000,0.494446998,-0.004513433,0.344279286,-0.018819324
1.436000,0.493876353,-0.004477298,0.346798952,-0.018823985
1.437000,0.493297100,-0.004440956,0.349313739,-0.018828207
1.438000,0.492709180,-0.004404407,0.351823511,-0.018831980
1.439000,0.492112536,-0.004367650,0.354328132,-0.018835297
1.440000,0.491507111,-0.004330683,0.356827466,-0.018838149
1.441000,0.490892847,-0.004293505,0.359321377,-0.018840527
1.442000,0.490269690,-0.004256116,0.361809732,-0.018842423
1.443000,0.489637585,-0.004218514,0.364292398,-0.018843829
1.444000,0.488996478,-0.004180698,0.366769241,-0.018844737
1.445000,0.488346315,-0.004142667,0.369240128,-0.018845139
1.446000,0.487687044,-0.004104420,0.371704930,-0.018845026
1.447000,0.487018614,-0.004065956,0.374163515,-0.018844391
1.448000,0.486340973,-0.004027274,0.376615752,-0.018843226
1.449000,0.485654072,-0.003988371,0.379061513,-0.018841523
1.450000,0.484957862,-0.003949248,0.381500670,-0.018839275
1.451000,0.484252293,-0.003909903,0.383933094,-0.018836474
1.452000,0.483537319,-0.003870334,0.386358658,-0.018833113
1.453000,0.482812893,-0.003830540,0.388777237,-0.018829185
1.454000,0.482078970,-0.003790521,0.391188705,-0.018824682
1.455000,0.481335504,-0.003750274,0.393592937,-0.018819597
1.456000,0.480582451,-0.003709799,0.395989810,-0.018813924
1.457000,0.479819769,-0.003669093,0.398379201,-0.018807656
1.458000,0.479047414,-0.003628157,0.400760987,-0.018800785
1.459000,0.478265346,-0.003586988,0.403135047,-0.018793306
1.460000,0.477473525,-0.003545584,0.405501262,-0.018785212
1.461000,0.476671910,-0.003503945,0.407859510,-0.018776496
1.462000,0.475860463,-0.003462070,0.410209675,-0.018767152
1.463000,0.475039147,-0.003419956,0.412551637,-0.018757175
1.464000,0.474207925,-0.003377602,0.414885280,-0.018746558
1.465000,0.473366760,-0.003335007,0.417210488,-0.018735295
1.466000,0.472515619,-0.003292170,0.419527146,-0.018723381
1.467000,0.471654467,-0.003249088,0.421835140,-0.018710810
1.468000,0.470783271,-0.003205761,0.424134355,-0.018697577
1.469000,0.469902000,-0.003162186,0.426424681,-0.018683676
1.470000,0.469010622,-0.003118363,0.428706005,-0.018669102
1.471000,0.468109108,-0.003074290,0.430978218,-0.018653850
1.472000,0.467197427,-0.003029965,0.433241208,-0.018637915
1.473000,0.466275553,-0.002985387,0.435494869,-0.018621293
1.474000,0.465343459,-0.002940555,0.437739092,-0.018603978
1.475000,0.464401118,-0.002895466,0.439973771,-0.018585967
1.476000,0.463448505,-0.002850119,0.442198800,-0.018567254
1.477000,0.462485596,-0.002804513,0.444414075,-0.018547836
1.478000,0.461512368,-0.002758646,0.446619491,-0.018527709
1.479000,0.460528800,-0.002712517,0.448814947,-0.018506868
1.480000,0.459534871,-0.002666124,0.451000340,-0.018485310
1.481000,0.458530560,-0.002619465,0.453175570,-0.018463032
1.482000,0.457515848,-0.002572539,0.455340538,-0.018440029
1.483000,0.456490719,-0.002525344,0.457495145,-0.018416299
1.484000,0.455455154,-0.002477879,0.459639294,-0.018391837
1.485000,0.454409139,-0.002430143,0.461772888,-0.018366642
1.486000,0.453352659,-0.002382133,0.463895831,-0.018340710
1.487000,0.452285700,-0.002333848,0.466008030,-0.018314039
1.488000,0.451208250,-0.002285287,0.468109391,-0.018286625
1.489000,0.450120297,-0.002236447,0.470199823,-0.018258467
1.490000,0.449021832,-0.002187329,0.472279233,-0.018229562
1.491000,0.447912844,-0.002137929,0.474347533,-0.018199908
1.492000,0.446793325,-0.002088247,0.476404633,-0.018169503
1.493000,0.445663269,-0.002038280,0.478450445,-0.018138346
1.494000,0.444522669,-0.001988028,0.480484884,-0.018106433
1.495000,0.443371521,-0.001937489,0.482507862,-0.018073765
1.496000,0.442209821,-0.001886662,0.484519297,-0.018040339
1.497000,0.441037566,-0.001835544,0.486519104,-0.018006154
1.498000,0.439854754,-0.001784135,0.488507201,-0.017971210
1.499000,0.438661386,-0.001732433,0.490483508,-0.017935505
1.500000,0.437457460,-0.001680437,0.492447945,-0.017899038
1.501000,0.436242981,-0.001628145,0.494400432,-0.017861809
1.502000,0.435017949,-0.001575556,0.496340892,-0.017823818
1.503000,0.433782370,-0.001522669,0.498269249,-0.017785063
1.504000,0.432536249,-0.001469482,0.500185428,-0.017745546
1.505000,0.431279590,-0.001415993,0.502089354,-0.017705266
1.506000,0.430012403,-0.001362203,0.503980954,-0.017664222
1.507000,0.428734696,-0.001308108,0.505860158,-0.017622416
1.508000,0.427446477,-0.001253709,0.507726893,-0.017579848
1.509000,0.426147759,-0.001199003,0.509581091,-0.017536518
1.510000,0.424838552,-0.001143990,0.511422683,-0.017492427
1.511000,0.423518870,-0.001088668,0.513251604,-0.017447576
1.512000,0.422188728,-0.001033036,0.515067785,-0.017401966
1.513000,0.420848140,-0.000977093,0.516871164,-0.017355599
1.514000,0.419497122,-0.000920839,0.518661677,-0.017308475
1.515000,0.418135693,-0.000864271,0.520439261,-0.017260596
1.516000,0.416763872,-0.000807390,0.522203856,-0.017211964
1.517000,0.415381678,-0.000750193,0.523955401,-0.017162581
1.518000,0.413989132,-0.000692680,0.525693839,-0.017112448
1.519000,0.412586257,-0.000634850,0.527419111,-0.017061567
1.520000,0.411173075,-0.000576702,0.529131162,-0.017009941
1.521000,0.409749612,-0.000518236,0.530829937,-0.016957573
1.522000,0.408315894,-0.000459450,0.532515382,-0.016904464
1.523000,0.406871946,-0.000400343,0.534187445,-0.016850617
1.524000,0.405417797,-0.000340916,0.535846074,-0.016796036
1.525000,0.403953476,-0.000281166,0.537491220,-0.016740722
1.526000,0.402479013,-0.000221094,0.539122834,-0.016684680
1.527000,0.400994440,-0.000160700,0.540740868,-0.016627912
1.528000,0.399499790,-0.000099981,0.542345276,-0.016570421
1.529000,0.397995095,-0.000038939,0.543936013,-0.016512212
1.530000,0.396480392,0.000022428,0.545513035,-0.016453288
1.531000,0.394955716,0.000084120,0.547076301,-0.016393652
1.532000,0.393421103,0.000146138,0.548625767,-0.016333309
1.533000,0.391876594,0.000208481,0.550161396,-0.016272262
1.534000,0.390322226,0.000271150,0.551683147,-0.016210516
1.535000,0.388758041,0.000334145,0.553190983,-0.016148075
1.536000,0.387184081,0.000397467,0.554684869,-0.016084943
1.537000,0.385600388,0.000461115,0.556164768,-0.016021125
1.538000,0.384007006,0.000525089,0.557630648,-0.015956626
1.539000,0.382403981,0.000589390,0.559082476,-0.015891450
1.540000,0.380791359,0.000654018,0.560520220,-0.015825602
1.541000,0.379169187,0.000718972,0.561943851,-0.015759088
1.542000,0.377537515,0.000784252,0.563353339,-0.015691912
1.543000,0.375896391,0.000849858,0.564748658,-0.015624081
1.544000,0.374245868,0.000915789,0.566129781,-0.015555598
1.545000,0.372585995,0.000982046,0.567496684,-0.015486470
1.546000,0.370916828,0.001048627,0.568849342,-0.015416702
1.547000,0.369238420,0.001115533,0.570187733,-0.015346301
1.548000,0.367550827,0.001182763,0.571511835,-0.015275271
1.549000,0.365854104,0.001250315,0.572821630,-0.015203619
1.550000,0.364148310,0.001318190,0.574117098,-0.015131352
1.551000,0.362433504,0.001386387,0.575398222,-0.015058474
1.552000,0.360709745,0.001454905,0.576664986,-0.014984993
1.553000,0.358977094,0.001523743,0.577917374,-0.014910915
1.554000,0.357235614,0.001592899,0.579155374,-0.014836246
1.555000,0.355485366,0.001662374,0.580378972,-0.014760993
1.556000,0.353726417,0.001732165,0.581588157,-0.014685162
1.557000,0.351958831,0.001802273,0.582782920,-0.014608761
1.558000,0.350182674,0.001872694,0.583963252,-0.014531796
1.559000,0.348398014,0.001943429,0.585129146,-0.014454275
1.560000,0.346604920,0.002014475,0.586280594,-0.014376204
1.561000,0.344803461,0.002085832,0.587417593,-0.014297590
1.562000,0.342993708,0.002157497,0.588540138,-0.014218441
1.563000,0.341175732,0.002229469,0.589648227,-0.014138764
1.564000,0.339349608,0.002301746,0.590741859,-0.014058566
1.565000,0.337515408,0.002374327,0.591821034,-0.013977855
1.566000,0.335673208,0.002447210,0.592885752,-0.013896639
1.567000,0.333823084,0.002520392,0.593936017,-0.013814925
1.568000,0.331965113,0.002593872,0.594971831,-0.013732721
1.569000,0.330099372,0.002667648,0.595993200,-0.013650034
1.570000,0.328225942,0.002741717,0.597000130,-0.013566873
1.571000,0.326344902,0.002816077,0.597992628,-0.013483245
1.572000,0.324456333,0.002890725,0.598970702,-0.013399159
1.573000,0.322560319,0.002965661,0.599934362,-0.013314623
1.574000,0.320656941,0.003040879,0.600883620,-0.013229644
1.575000,0.318746284,0.003116380,0.601818486,-0.013144231
1.576000,0.316828435,0.003192158,0.602738975,-0.013058392
1.577000,0.314903478,0.003268213,0.603645100,-0.012972136
1.578000,0.312971501,0.003344540,0.604536878,-0.012885470
1.579000,0.311032592,0.003421137,0.605414325,-0.012798404
1.580000,0.309086841,0.003498001,0.606277458,-0.012710946
1.581000,0.307134337,0.003575129,0.607126299,-0.012623104
1.582000,0.305175172,0.003652518,0.607960865,-0.012534886
1.583000,0.303209439,0.003730164,0.608781180,-0.012446303
1.584000,0.301237229,0.003808064,0.609587266,-0.012357361
1.585000,0.299258637,0.003886215,0.610379146,-0.012268071
1.586000,0.297273758,0.003964613,0.611156845,-0.012178440
1.587000,0.295282687,0.004043254,0.611920390,-0.012088477
1.588000,0.293285522,0.004122135,0.612669807,-0.011998192
1.589000,0.291282361,0.004201252,0.613405125,-0.011907593
1.590000,0.289273301,0.004280601,0.614126374,-0.011816689
1.591000,0.287258442,0.004360178,0.614833584,-0.011725489
1.592000,0.285237885,0.004439979,0.615526786,-0.011634002
1.593000,0.283211732,0.004520000,0.616206014,-0.011542237
1.594000,0.281180083,0.004600237,0.616871302,-0.011450203
1.595000,0.279143043,0.004680685,0.617522683,-0.011357908
1.596000,0.277100714,0.004761340,0.618160195,-0.011265363
1.597000,0.275053203,0.004842198,0.618783875,-0.011172576
1.598000,0.273000614,0.004923254,0.619393761,-0.011079555
1.599000,0.270943054,0.005004504,0.619989892,-0.010986311
1.600000,0.268880630,0.005085942,0.620572308,-0.010892852
1.601000,0.266813451,0.005167564,0.621141052,-0.010799188
1.602000,0.264741625,0.005249365,0.621696165,-0.010705327
1.603000,0.262665261,0.005331340,0.622237691,-0.010611279
1.604000,0.260584471,0.005413484,0.622765674,-0.010517052
1.605000,0.258499366,0.005495792,0.623280161,-0.010422657
1.606000,0.256410058,0.005578258,0.623781198,-0.010328101
1.607000,0.254316659,0.005660878,0.624268832,-0.010233395
1.608000,0.252219284,0.005743646,0.624743112,-0.010138547
1.609000,0.250118047,0.005826557,0.625204088,-0.010043566
1.610000,0.248013062,0.005909604,0.625651811,-0.009948462
1.611000,0.245904445,0.005992783,0.626086331,-0.009853243
1.612000,0.243792315,0.006076088,0.626507702,-0.009757919
1.613000,0.241676786,0.006159512,0.626915978,-0.009662499
1.614000,0.239557978,0.006243051,0.627311212,-0.009566991
1.615000,0.237436009,0.006326698,0.627693460,-0.009471406
1.616000,0.235310999,0.006410448,0.628062779,-0.009375751
1.617000,0.233183068,0.006494293,0.628419226,-0.009280036
1.618000,0.231052335,0.006578229,0.628762859,-0.009184270
1.619000,0.228918924,0.006662248,0.629093738,-0.009088461
1.620000,0.226782955,0.006746345,0.629411923,-0.008992619
1.621000,0.224644552,0.006830514,0.629717475,-0.008896753
1.622000,0.222503837,0.006914747,0.630010455,-0.008800871
1.623000,0.220360936,0.006999039,0.630290927,-0.008704983
1.624000,0.218215971,0.007083383,0.630558954,-0.008609096
1.625000,0.216069069,0.007167772,0.630814601,-0.008513220
1.626000,0.213920355,0.007252199,0.631057933,-0.008417364
1.627000,0.211769955,0.007336659,0.631289017,-0.008321536
1.628000,0.209617996,0.007421143,0.631507920,-0.008225745
1.629000,0.207464606,0.007505646,0.631714709,-0.008129999
1.630000,0.205309913,0.007590160,0.631909454,-0.008034307
1.631000,0.203154045,0.007674679,0.632092224,-0.007938678
1.632000,0.200997131,0.007759195,0.632263090,-0.007843119
1.633000,0.198839300,0.007843701,0.632422122,-0.007747640
1.634000,0.196680684,0.007928190,0.632569393,-0.007652248
1.635000,0.194521411,0.008012655,0.632704975,-0.007556953
1.636000,0.192361614,0.008097090,0.632828943,-0.007461762
1.637000,0.190201423,0.008181485,0.632941370,-0.007366683
1.638000,0.188040972,0.008265835,0.633042331,-0.007271725
1.639000,0.185880391,0.008350131,0.633131903,-0.007176895
1.640000,0.183719814,0.008434367,0.633210161,-0.007082203
1.641000,0.181559375,0.008518535,0.633277183,-0.006987654
1.642000,0.179399206,0.008602627,0.633333047,-0.006893259
1.643000,0.177239442,0.008686636,0.633377832,-0.006799024
1.644000,0.175080218,0.008770554,0.633411617,-0.006704957
1.645000,0.172921668,0.008854374,0.633434481,-0.006611066
1.646000,0.170763927,0.008938088,0.633446506,-0.006517358
1.647000,0.168607132,0.009021688,0.633447773,-0.006423842
1.648000,0.166451417,0.009105167,0.633438364,-0.006330524
1.649000,0.164296920,0.009188516,0.633418361,-0.006237412
1.650000,0.162143776,0.009271729,0.633387848,-0.006144513
1.651000,0.159992124,0.009354797,0.633346909,-0.006051836
1.652000,0.157842099,0.009437712,0.633295628,-0.005959386
1.653000,0.155693839,0.009520467,0.633234089,-0.005867171
1.654000,0.153547483,0.009603054,0.633162380,-0.005775198
1.655000,0.151403168,0.009685464,0.633080586,-0.005683474
1.656000,0.149261032,0.009767691,0.632988793,-0.005592006
1.657000,0.147121215,0.009849725,0.632887090,-0.005500801
1.658000,0.144983854,0.009931559,0.632775563,-0.005409866
1.659000,0.142849088,0.010013186,0.632654302,-0.005319207
1.660000,0.140717058,0.010094596,0.632523395,-0.005228830
1.661000,0.138587901,0.010175783,0.632382932,-0.005138743
1.662000,0.136461759,0.010256738,0.632233002,-0.005048951
1.663000,0.134338770,0.010337454,0.632073696,-0.004959461
1.664000,0.132219074,0.010417921,0.631905105,-0.004870280
1.665000,0.130102811,0.010498133,0.631727321,-0.004781413
1.666000,0.127990122,0.010578081,0.631540434,-0.004692866
1.667000,0.125881146,0.010657757,0.631344538,-0.004604646
1.668000,0.123776025,0.010737154,0.631139724,-0.004516758
1.669000,0.121674898,0.010816264,0.630926087,-0.004429209
1.670000,0.119577906,0.010895077,0.630703718,-0.004342003
1.671000,0.117485190,0.010973587,0.630472714,-0.004255147
1.672000,0.115396890,0.011051786,0.630233166,-0.004168645
1.673000,0.113313148,0.011129666,0.629985171,-0.004082504
1.674000,0.111234103,0.011207218,0.629728824,-0.003996729
1.675000,0.109159896,0.011284436,0.629464218,-0.003911325
1.676000,0.107090669,0.011361310,0.629191451,-0.003826297
1.677000,0.105026562,0.011437834,0.628910618,-0.003741650
1.678000,0.102967717,0.011513999,0.628621816,-0.003657390
1.679000,0.100914272,0.011589798,0.628325141,-0.003573521
1.680000,0.098866370,0.011665223,0.628020690,-0.003490047
1.681000,0.096824151,0.011740266,0.627708560,-0.003406975
1.682000,0.094787756,0.011814920,0.627388849,-0.003324307
1.683000,0.092757324,0.011889177,0.627061654,-0.003242050
1.684000,0.090732997,0.011963030,0.626727073,-0.003160206
1.685000,0.088714915,0.012036470,0.626385206,-0.003078781
1.686000,0.086703218,0.012109491,0.626036149,-0.002997778
1.687000,0.084698045,0.012182085,0.625680002,-0.002917203
1.688000,0.082699538,0.012254244,0.625316863,-0.002837058
1.689000,0.080707835,0.012325961,0.624946832,-0.002757348
1.690000,0.078723077,0.012397229,0.624570007,-0.002678076
1.691000,0.076745402,0.012468041,0.624186489,-0.002599247
1.692000,0.074774950,0.012538389,0.623796375,-0.002520864
1.693000,0.072811860,0.012608266,0.623399767,-0.002442930
1.694000,0.070856271,0.012677666,0.622996764,-0.002365449
1.695000,0.068908321,0.012746580,0.622587466,-0.002288425
1.696000,0.066968149,0.012815003,0.622171973,-0.002211860
1.697000,0.065035892,0.012882927,0.621750384,-0.002135759
1.698000,0.063111690,0.012950346,0.621322800,-0.002060122
1.699000,0.061195678,0.013017252,0.620889322,-0.001984955
1.700000,0.059287995,0.013083639,0.620450049,-0.001910260
1.701000,0.057388777,0.013149501,0.620005082,-0.001836039
1.702000,0.055498161,0.013214830,0.619554521,-0.001762295
1.703000,0.053616283,0.013279621,0.619098467,-0.001689031
1.704000,0.051743280,0.013343867,0.618637020,-0.001616249
1.705000,0.049879286,0.013407562,0.618170281,-0.001543952
1.706000,0.048024438,0.013470699,0.617698349,-0.001472143
1.707000,0.046178870,0.013533273,0.617221326,-0.001400822
1.708000,0.044342716,0.013595277,0.616739311,-0.001329993
1.709000,0.042516111,0.013656705,0.616252405,-0.001259657
1.710000,0.040699188,0.013717552,0.615760708,-0.001189817
1.711000,0.038892081,0.013777811,0.615264321,-0.001120474
1.712000,0.037094922,0.013837478,0.614763343,-0.001051631
1.713000,0.035307844,0.013896546,0.614257874,-0.000983288
1.714000,0.033530979,0.013955010,0.613748014,-0.000915447
1.715000,0.031764457,0.014012865,0.613233864,-0.000848111
1.716000,0.030008411,0.014070105,0.612715522,-0.000781279
1.717000,0.028262970,0.014126725,0.612193089,-0.000714955
1.718000,0.026528265,0.014182720,0.611666663,-0.000649138
1.719000,0.024804425,0.014238086,0.611136343,-0.000583830
1.720000,0.023091578,0.014292816,0.610602230,-0.000519033
1.721000,0.021389853,0.014346907,0.610064421,-0.000454747
1.722000,0.019699378,0.014400354,0.609523016,-0.000390973
1.723000,0.018020281,0.014453152,0.608978112,-0.000327712
1.724000,0.016352687,0.014505297,0.608429808,-0.000264964
1.725000,0.014696722,0.014556785,0.607878203,-0.000202731
1.726000,0.013052513,0.014607611,0.607323393,-0.000141013
1.727000,0.011420184,0.014657771,0.606765476,-0.000079811
1.728000,0.009799859,0.014707262,0.606204550,-0.000019124
1.729000,0.008191662,0.014756079,0.605640712,0.000041046
1.730000,0.006595716,0.014804219,0.605074058,0.000100700
1.731000,0.005012143,0.014851678,0.604504685,0.000159837
1.732000,0.003441064,0.014898452,0.603932688,0.000218457
1.733000,0.001882600,0.014944540,0.603358164,0.000276560
1.734000,0.000336872,0.014989936,0.602781209,0.000334147
1.735000,-0.001196001,0.015034638,0.602201916,0.000391216
1.736000,-0.002715900,0.015078644,0.601620382,0.000447769
1.737000,-0.004222707,0.015121950,0.601036700,0.000503805
1.738000,-0.005716305,0.015164553,0.600450965,0.000559325
1.739000,-0.007196577,0.015206452,0.599863270,0.000614329
1.740000,-0.008663408,0.015247643,0.599273709,0.000668818
1.741000,-0.010116683,0.015288125,0.598682374,0.000722792
1.742000,-0.011556286,0.015327894,0.598089358,0.000776251
1.743000,-0.012982105,0.015366950,0.597494754,0.000829197
1.744000,-0.014394028,0.015405290,0.596898652,0.000881630
1.745000,-0.015791942,0.015442913,0.596301144,0.000933550
1.746000,-0.017175736,0.015479816,0.595702321,0.000984959
1.747000,-0.018545300,0.015515999,0.595102273,0.001035858
1.748000,-0.019900526,0.015551460,0.594501091,0.001086247
1.749000,-0.021241303,0.015586197,0.593898862,0.001136127
1.750000,-0.022567526,0.015620211,0.593295677,0.001185500
1.751000,-0.023879087,0.015653499,0.592691623,0.001234366
1.752000,-0.025175880,0.015686062,0.592086789,0.001282726
1.753000,-0.026457801,0.015717898,0.591481262,0.001330583
1.754000,-0.027724745,0.015749007,0.590875129,0.001377936
1.755000,-0.028976609,0.015779388,0.590268476,0.001424788
1.756000,-0.030213291,0.015809042,0.589661388,0.001471140
1.757000,-0.031434691,0.015837969,0.589053952,0.001516993
1.758000,-0.032640707,0.015866168,0.588446251,0.001562349
1.759000,-0.033831240,0.015893639,0.587838370,0.001607208
1.760000,-0.035006193,0.015920384,0.587230392,0.001651574
1.761000,-0.036165467,0.015946403,0.586622401,0.001695446
1.762000,-0.037308966,0.015971695,0.586014477,0.001738828
1.763000,-0.038436595,0.015996263,0.585406705,0.001781720
1.764000,-0.039548260,0.016020107,0.584799163,0.001824124
1.765000,-0.040643866,0.016043228,0.584191933,0.001866042
1.766000,-0.041723322,0.016065627,0.583585095,0.001907477
1.767000,-0.042786537,0.016087307,0.582978727,0.001948429
1.768000,-0.043833419,0.016108267,0.582372909,0.001988900
1.769000,-0.044863881,0.016128511,0.581767717,0.002028893
1.770000,-0.045877833,0.016148039,0.581163231,0.002068409
1.771000,-0.046875188,0.016166855,0.580559525,0.002107451
1.772000,-0.047855861,0.016184959,0.579956675,0.002146019
1.773000,-0.048819766,0.016202355,0.579354758,0.002184118
1.774000,-0.049766820,0.016219044,0.578753847,0.002221747
1.775000,-0.050696940,0.016235029,0.578154016,0.002258911
1.776000,-0.051610044,0.016250314,0.577555339,0.002295609
1.777000,-0.052506052,0.016264900,0.576957887,0.002331846
1.778000,-0.053384884,0.016278791,0.576361732,0.002367623
1.779000,-0.054246462,0.016291989,0.575766945,0.002402941
1.780000,-0.055090708,0.016304499,0.575173595,0.002437804
1.781000,-0.055917548,0.016316323,0.574581754,0.002472214
1.782000,-0.056726905,0.016327465,0.573991488,0.002506173
1.783000,-0.057518707,0.016337929,0.573402866,0.002539682
1.784000,-0.058292880,0.016347719,0.572815955,0.002572745
1.785000,-0.059049353,0.016356838,0.572230822,0.002605364
1.786000,-0.059788057,0.016365291,0.571647530,0.002637541
1.787000,-0.060508922,0.016373081,0.571066147,0.002669278
1.788000,-0.061211880,0.016380214,0.570486734,0.002700578
1.789000,-0.061896865,0.016386693,0.569909356,0.002731443
1.790000,-0.062563812,0.016392524,0.569334074,0.002761876
1.791000,-0.063212656,0.016397711,0.568760951,0.002791879
1.792000,-0.063843334,0.016402259,0.568190046,0.002821454
1.793000,-0.064455785,0.016406173,0.567621420,0.002850603
1.794000,-0.065049948,0.016409458,0.567055131,0.002879330
1.795000,-0.065625765,0.016412119,0.566491238,0.002907637
1.796000,-0.066183176,0.016414163,0.565929797,0.002935525
1.797000,-0.066722126,0.016415593,0.565370866,0.002962999
1.798000,-0.067242559,0.016416417,0.564814500,0.002990059
1.799000,-0.067744421,0.016416640,0.564260753,0.003016708
1.800000,-0.068227658,0.016416267,0.563709680,0.003042949
1.801000,-0.068692220,0.016415306,0.563161333,0.003068785
1.802000,-0.069138055,0.016413761,0.562615764,0.003094218
1.803000,-0.069565116,0.016411639,0.562073025,0.003119250
1.804000,-0.069973353,0.016408947,0.561533165,0.003143883
1.805000,-0.070362721,0.016405690,0.560996235,0.003168121
1.806000,-0.070733175,0.016401877,0.560462282,0.003191965
1.807000,-0.071084670,0.016397512,0.559931355,0.003215419
1.808000,-0.071417164,0.016392604,0.559403499,0.003238484
1.809000,-0.071730616,0.016387159,0.558878761,0.003261163
1.810000,-0.072024985,0.016381184,0.558357186,0.003283459
1.811000,-0.072300235,0.016374686,0.557838816,0.003305373
1.812000,-0.072556326,0.016367672,0.557323696,0.003326909
1.813000,-0.072793223,0.016360150,0.556811868,0.003348069
1.814000,-0.073010892,0.016352127,0.556303372,0.003368855
1.815000,-0.073209299,0.016343611,0.555798248,0.003389270
1.816000,-0.073388413,0.016334610,0.555296536,0.003409316
1.817000,-0.073548202,0.016325130,0.554798275,0.003428995
1.818000,-0.073688639,0.016315180,0.554303500,0.003448310
1.819000,-0.073809694,0.016304768,0.553812250,0.003467263
1.820000,-0.073911342,0.016293901,0.553324558,0.003485857
1.821000,-0.073993557,0.016282589,0.552840460,0.003504094
1.822000,-0.074056316,0.016270838,0.552359990,0.003521976
1.823000,-0.074099596,0.016258657,0.551883179,0.003539506
1.824000,-0.074123376,0.016246055,0.551410058,0.003556685
1.825000,-0.074127637,0.016233039,0.550940660,0.003573517
1.826000,-0.074112360,0.016219618,0.550475013,0.003590004
1.827000,-0.074077528,0.016205801,0.550013146,0.003606147
1.828000,-0.074023127,0.016191597,0.549555086,0.003621949
1.829000,-0.073949142,0.016177013,0.549100860,0.003637412
1.830000,-0.073855560,0.016162059,0.548650495,0.003652540
1.831000,-0.073742369,0.016146744,0.548204013,0.003667332
1.832000,-0.073609561,0.016131075,0.547761440,0.003681793
1.833000,-0.073457126,0.016115063,0.547322798,0.003695924
1.834000,-0.073285057,0.016098716,0.546888109,0.003709727
1.835000,-0.073093349,0.016082043,0.546457393,0.003723204
1.836000,-0.072881997,0.016065053,0.546030670,0.003736358
1.837000,-0.072650998,0.016047755,0.545607958,0.003749191
1.838000,-0.072400350,0.016030159,0.545189277,0.003761704
1.839000,-0.072130054,0.016012273,0.544774641,0.003773900
1.840000,-0.071840110,0.015994107,0.544364067,0.003785781
1.841000,-0.071530522,0.015975669,0.543957571,0.003797349
1.842000,-0.071201293,0.015956970,0.543555164,0.003808605
1.843000,-0.070852428,0.015938019,0.543156861,0.003819553
1.844000,-0.070483935,0.015918824,0.542762672,0.003830193
1.845000,-0.070095821,0.015899396,0.542372609,0.003840528
1.846000,-0.069688097,0.015879743,0.541986682,0.003850560
1.847000,-0.069260773,0.015859876,0.541604898,0.003860290
1.848000,-0.068813862,0.015839803,0.541227266,0.003869721
1.849000,-0.068347377,0.015819534,0.540853792,0.003878854
1.850000,-0.067861334,0.015799078,0.540484483,0.003887691
1.851000,-0.067355749,0.015778445,0.540119342,0.003896234
1.852000,-0.066830640,0.015757645,0.539758374,0.003904485
1.853000,-0.066286028,0.015736686,0.539401581,0.003912446
1.854000,-0.065721931,0.015715579,0.539048965,0.003920118
1.855000,-0.065138374,0.015694333,0.538700526,0.003927503
1.856000,-0.064535379,0.015672957,0.538356265,0.003934602
1.857000,-0.063912971,0.015651460,0.538016180,0.003941419
1.858000,-0.063271176,0.015629853,0.537680268,0.003947953
1.859000,-0.062610023,0.015608145,0.537348527,0.003954207
1.860000,-0.061929540,0.015586344,0.537020951,0.003960182
1.861000,-0.061229759,0.015564461,0.536697537,0.003965881
1.862000,-0.060510710,0.015542505,0.536378276,0.003971304
1.863000,-0.059772428,0.015520486,0.536063163,0.003976453
1.864000,-0.059014946,0.015498412,0.535752189,0.003981330
1.865000,-0.058238301,0.015476293,0.535445345,0.003985935
1.866000,-0.057442530,0.015454138,0.535142620,0.003990272
1.867000,-0.056627673,0.015431957,0.534844003,0.003994341
1.868000,-0.055793768,0.015409759,0.534549482,0.003998143
1.869000,-0.054940858,0.015387552,0.534259044,0.004001681
1.870000,-0.054068986,0.015365347,0.533972674,0.004004955
1.871000,-0.053178195,0.015343152,0.533690358,0.004007966
1.872000,-0.052268531,0.015320975,0.533412080,0.004010717
1.873000,-0.051340042,0.015298828,0.533137821,0.004013209
1.874000,-0.050392775,0.015276717,0.532867565,0.004015442
1.875000,-0.049426780,0.015254652,0.532601293,0.004017418
1.876000,-0.048442107,0.015232642,0.532338983,0.004019139
1.877000,-0.047438811,0.015210696,0.532080616,0.004020606
1.878000,-0.046416942,0.015188822,0.531826170,0.004021820
1.879000,-0.045376558,0.015167029,0.531575621,0.004022782
1.880000,-0.044317713,0.015145326,0.531328946,0.004023493
1.881000,-0.043240466,0.015123720,0.531086120,0.004023955
1.882000,-0.042144876,0.015102221,0.530847118,0.004024169
1.883000,-0.041031002,0.015080837,0.530611913,0.004024135
1.884000,-0.039898906,0.015059576,0.530380478,0.004023856
1.885000,-0.038748650,0.015038446,0.530152783,0.004023332
1.886000,-0.037580300,0.015017456,0.529928800,0.004022564
1.887000,-0.036393920,0.014996613,0.529708499,0.004021554
1.888000,-0.035189577,0.014975925,0.529491848,0.004020302
1.889000,-0.033967338,0.014955400,0.529278815,0.004018809
1.890000,-0.032727274,0.014935046,0.529069367,0.004017077
1.891000,-0.031469454,0.014914870,0.528863470,0.004015107
1.892000,-0.030193950,0.014894880,0.528661090,0.004012899
1.893000,-0.028900835,0.014875084,0.528462190,0.004010454
1.894000,-0.027590183,0.014855489,0.528266735,0.004007774
1.895000,-0.026262071,0.014836102,0.528074686,0.004004859
1.896000,-0.024916573,0.014816929,0.527886006,0.004001711
1.897000,-0.023553769,0.014797979,0.527700655,0.003998330
1.898000,-0.022173738,0.014779258,0.527518593,0.003994717
1.899000,-0.020776559,0.014760773,0.527339779,0.003990872
1.900000,-0.019362314,0.014742530,0.527164171,0.003986798
1.901000,-0.017931087,0.014724536,0.526991728,0.003982495
1.902000,-0.016482961,0.014706798,0.526822404,0.003977963
1.903000,-0.015018021,0.014689321,0.526656157,0.003973204
1.904000,-0.013536353,0.014672112,0.526492941,0.003968217
1.905000,-0.012038046,0.014655178,0.526332709,0.003963005
1.906000,-0.010523187,0.014638523,0.526175416,0.003957568
1.907000,-0.008991867,0.014622153,0.526021013,0.003951906
1.908000,-0.007444176,0.014606075,0.525869453,0.003946021
1.909000,-0.005880207,0.014590294,0.525720685,0.003939913
1.910000,-0.004300052,0.014574815,0.525574661,0.003933583
1.911000,-0.002703807,0.014559643,0.525431329,0.003927031
1.912000,-0.001091566,0.014544784,0.525290638,0.003920259
1.913000,0.000536574,0.014530243,0.525152535,0.003913267
1.914000,0.002180514,0.014516023,0.525016968,0.003906055
1.915000,0.003840157,0.014502131,0.524883882,0.003898625
1.916000,0.005515402,0.014488570,0.524753224,0.003890977
1.917000,0.007206149,0.014475345,0.524624937,0.003883112
1.918000,0.008912295,0.014462460,0.524498966,0.003875031
1.919000,0.010633737,0.014449919,0.524375254,0.003866733
1.920000,0.012370371,0.014437726,0.524253743,0.003858220
1.921000,0.014122093,0.014425885,0.524134375,0.003849493
1.922000,0.015888795,0.014414399,0.524017091,0.003840552
1.923000,0.017670371,0.014403272,0.523901833,0.003831397
1.924000,0.019466712,0.014392508,0.523788538,0.003822029
1.925000,0.021277709,0.014382108,0.523677147,0.003812450
1.926000,0.023103252,0.014372077,0.523567598,0.003802659
1.927000,0.024943229,0.014362417,0.523459828,0.003792657
1.928000,0.026797529,0.014353131,0.523353774,0.003782444
1.929000,0.028666037,0.014344221,0.523249374,0.003772022
1.930000,0.030548641,0.014335690,0.523146562,0.003761391
1.931000,0.032445225,0.014327539,0.523045273,0.003750550
1.932000,0.034355672,0.014319771,0.522945443,0.003739502
1.933000,0.036279866,0.014312387,0.522847004,0.003728246
1.934000,0.038217689,0.014305390,0.522749891,0.003716783
1.935000,0.040169022,0.014298780,0.522654035,0.003705114
1.936000,0.042133746,0.014292560,0.522559370,0.003693239
1.937000,0.044111740,0.014286729,0.522465826,0.003681158
1.938000,0.046102882,0.014281290,0.522373334,0.003668873
1.939000,0.048107050,0.014276242,0.522281825,0.003656383
1.940000,0.050124121,0.014271588,0.522191228,0.003643689
1.941000,0.052153971,0.014267326,0.522101474,0.003630792
1.942000,0.054196475,0.014263458,0.522012489,0.003617692
1.943000,0.056251507,0.014259983,0.521924203,0.003604389
1.944000,0.058318941,0.014256902,0.521836544,0.003590885
1.945000,0.060398649,0.014254214,0.521749438,0.003577180
1.946000,0.062490504,0.014251919,0.521662812,0.003563273
1.947000,0.064594376,0.014250017,0.521576593,0.003549166
1.948000,0.066710136,0.014248506,0.521490705,0.003534859
1.949000,0.068837654,0.014247386,0.521405075,0.003520353
1.950000,0.070976798,0.014246656,0.521319627,0.003505648
1.951000,0.073127435,0.014246314,0.521234285,0.003490744
1.952000,0.075289435,0.014246359,0.521148973,0.003475642
1.953000,0.077462663,0.014246790,0.521063615,0.003460342
1.954000,0.079646985,0.014247605,0.520978134,0.003444846
1.955000,0.081842267,0.014248801,0.520892452,0.003429152
1.956000,0.084048372,0.014250378,0.520806492,0.003413262
1.957000,0.086265166,0.014252332,0.520720175,0.003397177
1.958000,0.088492511,0.014254661,0.520633422,0.003380896
1.959000,0.090730270,0.014257362,0.520546156,0.003364420
1.960000,0.092978304,0.014260434,0.520458296,0.003347750
1.961000,0.095236476,0.014263873,0.520369763,0.003330885
1.962000,0.097504645,0.014267675,0.520280477,0.003313827
1.963000,0.099782672,0.014271838,0.520190358,0.003296575
1.964000,0.102070417,0.014276358,0.520099325,0.003279131
1.965000,0.104367738,0.014281232,0.520007297,0.003261494
1.966000,0.106674494,0.014286456,0.519914193,0.003243665
1.967000,0.108990543,0.014292026,0.519819931,0.003225645
1.968000,0.111315742,0.014297938,0.519724430,0.003207433
1.969000,0.113649948,0.014304188,0.519627607,0.003189030
1.970000,0.115993016,0.014310772,0.519529380,0.003170437
1.971000,0.118344804,0.014317684,0.519429667,0.003151653
1.972000,0.120705165,0.014324921,0.519328385,0.003132680
1.973000,0.123073956,0.014332477,0.519225450,0.003113518
1.974000,0.125451029,0.014340348,0.519120780,0.003094167
1.975000,0.127836240,0.014348529,0.519014291,0.003074626
1.976000,0.130229441,0.014357013,0.518905900,0.003054898
1.977000,0.132630486,0.014365797,0.518795522,0.003034982
1.978000,0.135039227,0.014374874,0.518683074,0.003014878
1.979000,0.137455516,0.014384238,0.518568471,0.002994587
1.980000,0.139879206,0.014393885,0.518451629,0.002974109
1.981000,0.142310147,0.014403807,0.518332465,0.002953444
1.982000,0.144748190,0.014413999,0.518210892,0.002932593
1.983000,0.147193187,0.014424454,0.518086827,0.002911556
1.984000,0.149644987,0.014435166,0.517960185,0.002890333
1.985000,0.152103441,0.014446130,0.517830880,0.002868925
1.986000,0.154568398,0.014457337,0.517698828,0.002847332
1.987000,0.157039708,0.014468781,0.517563945,0.002825554
1.988000,0.159517220,0.014480455,0.517426144,0.002803592
1.989000,0.162000783,0.014492353,0.517285340,0.002781445
1.990000,0.164490245,0.014504468,0.517141450,0.002759114
1.991000,0.166985454,0.014516791,0.516994386,0.002736599
1.992000,0.169486259,0.014529315,0.516844064,0.002713901
1.993000,0.171992508,0.014542034,0.516690400,0.002691020
1.994000,0.174504047,0.014554940,0.516533306,0.002667955
1.995000,0.177020726,0.014568024,0.516372700,0.002644708
1.996000,0.179542390,0.014581279,0.516208494,0.002621278
1.997000,0.182068887,0.014594698,0.516040604,0.002597666
1.998000,0.184600063,0.014608271,0.515868946,0.002573871
1.999000,0.187135767,0.014621991,0.515693433,0.002549894
2.000000,0.189675843,0.014635851,0.515513982,0.002525735
2.001000,0.192220139,0.014649840,0.515330506,0.002501394
2.002000,0.194768501,0.014663952,0.515142922,0.002476872
2.003000,0.197320776,0.014678177,0.514951145,0.002452168
2.004000,0.199876809,0.014692507,0.514755089,0.002427283
2.005000,0.202436446,0.014706934,0.514554672,0.002402216
2.006000,0.204999535,0.014721448,0.514349808,0.002376969
2.007000,0.207565920,0.014736041,0.514140413,0.002351540
2.008000,0.210135447,0.014750703,0.513926404,0.002325929
2.009000,0.212707964,0.014765427,0.513707696,0.002300138
2.010000,0.215283314,0.014780202,0.513484206,0.002274166
2.011000,0.217861346,0.014795020,0.513255851,0.002248013
2.012000,0.220441904,0.014809872,0.513022547,0.002221679
2.013000,0.223024834,0.014824747,0.512784211,0.002195164
2.014000,0.225609983,0.014839638,0.512540761,0.002168468
2.015000,0.228197196,0.014854534,0.512292114,0.002141591
2.016000,0.230786320,0.014869426,0.512038188,0.002114533
2.017000,0.233377202,0.014884305,0.511778900,0.002087294
2.018000,0.235969686,0.014899161,0.511514170,0.002059873
2.019000,0.238563620,0.014913985,0.511243915,0.002032271
2.020000,0.241158851,0.014928766,0.510968055,0.002004488
2.021000,0.243755224,0.014943496,0.510686508,0.001976523
2.022000,0.246352587,0.014958164,0.510399194,0.001948377
2.023000,0.248950788,0.014972761,0.510106033,0.001920048
2.024000,0.251549672,0.014987278,0.509806945,0.001891538
2.025000,0.254149087,0.015001703,0.509501851,0.001862845
2.026000,0.256748881,0.015016028,0.509190671,0.001833970
2.027000,0.259348901,0.015030243,0.508873326,0.001804913
2.028000,0.261948996,0.015044337,0.508549739,0.001775672
2.029000,0.264549014,0.015058301,0.508219830,0.001746248
2.030000,0.267148802,0.015072125,0.507883524,0.001716641
2.031000,0.269748210,0.015085800,0.507540741,0.001686850
2.032000,0.272347087,0.015099314,0.507191406,0.001656874
2.033000,0.274945282,0.015112659,0.506835442,0.001626714
2.034000,0.277542644,0.015125824,0.506472773,0.001596370
2.035000,0.280139024,0.015138799,0.506103324,0.001565840
2.036000,0.282734270,0.015151575,0.505727021,0.001535125
2.037000,0.285328235,0.015164141,0.505343787,0.001504223
2.038000,0.287920768,0.015176488,0.504953550,0.001473135
2.039000,0.290511720,0.015188606,0.504556235,0.001441860
2.040000,0.293100945,0.015200485,0.504151771,0.001410398
2.041000,0.295688292,0.015212114,0.503740084,0.001378748
2.042000,0.298273614,0.015223485,0.503321102,0.001346909
2.043000,0.300856765,0.015234587,0.502894755,0.001314881
2.044000,0.303437597,0.015245411,0.502460970,0.001282664
2.045000,0.306015964,0.015255946,0.502019678,0.001250256
2.046000,0.308591720,0.015266183,0.501570809,0.001217658
2.047000,0.311164719,0.015276113,0.501114295,0.001184868
2.048000,0.313734816,0.015285725,0.500650065,0.001151887
2.049000,0.316301866,0.015295011,0.500178053,0.001118712
2.050000,0.318865725,0.015303959,0.499698191,0.001085344
2.051000,0.321426251,0.015312562,0.499210412,0.001051782
2.052000,0.323983298,0.015320809,0.498714650,0.001018025
2.053000,0.326536725,0.015328691,0.498210840,0.000984073
2.054000,0.329086390,0.015336199,0.497698916,0.000949924
2.055000,0.331632151,0.015343323,0.497178815,0.000915578
2.056000,0.334173867,0.015350054,0.496650473,0.000881034
2.057000,0.336711397,0.015356382,0.496113827,0.000846291
2.058000,0.339244602,0.015362299,0.495568816,0.000811349
2.059000,0.341773343,0.015367796,0.495015376,0.000776205
2.060000,0.344297480,0.015372863,0.494453449,0.000740861
2.061000,0.346816875,0.015377492,0.493882973,0.000705313
2.062000,0.349331392,0.015381674,0.493303890,0.000669563
2.063000,0.351840893,0.015385399,0.492716140,0.000633608
2.064000,0.354345242,0.015388660,0.492119667,0.000597448
2.065000,0.356844303,0.015391447,0.491514412,0.000561081
2.066000,0.359337942,0.015393752,0.490900319,0.000524508
2.067000,0.361826024,0.015395567,0.490277333,0.000487725
2.068000,0.364308416,0.015396883,0.489645399,0.000450733
2.069000,0.366784985,0.015397692,0.489004464,0.000413531
2.070000,0.369255599,0.015397986,0.488354472,0.000376117
2.071000,0.371720126,0.015397756,0.487695373,0.000338490
2.072000,0.374178436,0.015396995,0.487027115,0.000300650
2.073000,0.376630399,0.015395694,0.486349646,0.000262594
2.074000,0.379075885,0.015393846,0.485662917,0.000224322
2.075000,0.381514766,0.015391444,0.484966878,0.000185832
2.076000,0.383946914,0.015388479,0.484261481,0.000147124
2.077000,0.386372202,0.015384944,0.483546679,0.000108196
2.078000,0.388790505,0.015380832,0.482822426,0.000069046
2.079000,0.391201696,0.015376136,0.482088674,0.000029675
2.080000,0.393605652,0.015370847,0.481345379,-0.000009921
2.081000,0.396002248,0.015364960,0.480592498,-0.000049742
2.082000,0.398391362,0.015358468,0.479829987,-0.000089789
2.083000,0.400772872,0.015351363,0.479057804,-0.000130063
2.084000,0.403146656,0.015343638,0.478275907,-0.000170567
2.085000,0.405512593,0.015335288,0.477484256,-0.000211301
2.086000,0.407870565,0.015326306,0.476682812,-0.000252267
2.087000,0.410220453,0.015316686,0.475871535,-0.000293466
2.088000,0.412562138,0.015306420,0.475050389,-0.000334899
2.089000,0.414895505,0.015295504,0.474219336,-0.000376568
2.090000,0.417220436,0.015283932,0.473378341,-0.000418475
2.091000,0.419536818,0.015271696,0.472527368,-0.000460621
2.092000,0.421844535,0.015258793,0.471666384,-0.000503007
2.093000,0.424143474,0.015245216,0.470795357,-0.000545634
2.094000,0.426433524,0.015230960,0.469914253,-0.000588505
2.095000,0.428714572,0.015216020,0.469023042,-0.000631621
2.096000,0.430986508,0.015200390,0.468121693,-0.000674982
2.097000,0.433249224,0.015184066,0.467210179,-0.000718592
2.098000,0.435502609,0.015167043,0.466288470,-0.000762450
2.099000,0.437746557,0.015149316,0.465356541,-0.000806559
2.100000,0.439980961,0.015130880,0.464414363,-0.000850920
2.101000,0.442205715,0.015111731,0.463461914,-0.000895535
2.102000,0.444420715,0.015091865,0.462499168,-0.000940405
2.103000,0.446625858,0.015071277,0.461526102,-0.000985532
2.104000,0.448821040,0.015049964,0.460542696,-0.001030916
2.105000,0.451006160,0.015027922,0.459548926,-0.001076561
2.106000,0.453181117,0.015005148,0.458544775,-0.001122467
2.107000,0.455345812,0.014981636,0.457530223,-0.001168636
2.108000,0.457500147,0.014957385,0.456505251,-0.001215069
2.109000,0.459644024,0.014932391,0.455469844,-0.001261768
2.110000,0.461777346,0.014906651,0.454423986,-0.001308734
2.111000,0.463900019,0.014880162,0.453367661,-0.001355970
2.112000,0.466011947,0.014852921,0.452300857,-0.001403475
2.113000,0.468113038,0.014824925,0.451223560,-0.001451253
2.114000,0.470203200,0.014796172,0.450135760,-0.001499304
2.115000,0.472282342,0.014766661,0.449037446,-0.001547630
2.116000,0.474350373,0.014736387,0.447928609,-0.001596233
2.117000,0.476407205,0.014705350,0.446809240,-0.001645114
2.118000,0.478452749,0.014673548,0.445679332,-0.001694274
2.119000,0.480486921,0.014640979,0.444538880,-0.001743715
2.120000,0.482509633,0.014607641,0.443387878,-0.001793438
2.121000,0.484520802,0.014573534,0.442226323,-0.001843445
2.122000,0.486520343,0.014538654,0.441054212,-0.001893738
2.123000,0.488508176,0.014503003,0.439871543,-0.001944317
2.124000,0.490484219,0.014466578,0.438678316,-0.001995184
2.125000,0.492448392,0.014429380,0.437474531,-0.002046341
2.126000,0.494400616,0.014391406,0.436260191,-0.002097788
2.127000,0.496340815,0.014352658,0.435035297,-0.002149528
2.128000,0.498268910,0.014313134,0.433799855,-0.002201562
2.129000,0.500184828,0.014272834,0.432553868,-0.002253890
2.130000,0.502088494,0.014231759,0.431297344,-0.002306515
2.131000,0.503979835,0.014189908,0.430030289,-0.002359437
2.132000,0.505858780,0.014147282,0.428752713,-0.002412658
2.133000,0.507725257,0.014103882,0.427464624,-0.002466179
2.134000,0.509579198,0.014059707,0.426166033,-0.002520001
2.135000,0.511420534,0.014014760,0.424856953,-0.002574125
2.136000,0.513249198,0.013969039,0.423537397,-0.002628554
2.137000,0.515065125,0.013922548,0.422207378,-0.002683286
2.138000,0.516868250,0.013875286,0.420866912,-0.002738325
2.139000,0.518658509,0.013827256,0.419516015,-0.002793670
2.140000,0.520435841,0.013778458,0.418154705,-0.002849324
2.141000,0.522200184,0.013728895,0.416783001,-0.002905286
2.142000,0.523951478,0.013678569,0.415400923,-0.002961558
2.143000,0.525689666,0.013627480,0.414008491,-0.003018142
2.144000,0.527414689,0.013575632,0.412605728,-0.003075037
2.145000,0.529126491,0.013523027,0.411192657,-0.003132244
2.146000,0.530825019,0.013469667,0.409769304,-0.003189765
2.147000,0.532510217,0.013415555,0.408335692,-0.003247601
2.148000,0.534182034,0.013360693,0.406891850,-0.003305751
2.149000,0.535840418,0.013305084,0.405437805,-0.003364217
2.150000,0.537485320,0.013248732,0.403973586,-0.003423000
2.151000,0.539116690,0.013191639,0.402499223,-0.003482100
2.152000,0.540734482,0.013133808,0.401014749,-0.003541517
2.153000,0.542338649,0.013075244,0.399520195,-0.003601253
2.154000,0.543929146,0.013015950,0.398015595,-0.003661307
2.155000,0.545505929,0.012955929,0.396500984,-0.003721681
2.156000,0.547068956,0.012895185,0.394976399,-0.003782374
2.157000,0.548618185,0.012833722,0.393441876,-0.003843388
2.158000,0.550153577,0.012771544,0.391897453,-0.003904721
2.159000,0.551675092,0.012708656,0.390343170,-0.003966375
2.160000,0.553182694,0.012645062,0.388779069,-0.004028350
2.161000,0.554676346,0.012580767,0.387205189,-0.004090646
2.162000,0.556156013,0.012515774,0.385621575,-0.004153263
2.163000,0.557621661,0.012450089,0.384028270,-0.004216201
2.164000,0.559073258,0.012383717,0.382425320,-0.004279460
2.165000,0.560510773,0.012316663,0.380812771,-0.004343041
2.166000,0.561934175,0.012248931,0.379190671,-0.004406942
2.167000,0.563343436,0.012180527,0.377559067,-0.004471163
2.168000,0.564738529,0.012111457,0.375918010,-0.004535706
2.169000,0.566119427,0.012041726,0.374267550,-0.004600568
2.170000,0.567486105,0.011971340,0.372607741,-0.004665750
2.171000,0.568838539,0.011900303,0.370938634,-0.004731252
2.172000,0.570176708,0.011828623,0.369260284,-0.004797073
2.173000,0.571500590,0.011756305,0.367572746,-0.004863211
2.174000,0.572810165,0.011683356,0.365876077,-0.004929668
2.175000,0.574105414,0.011609780,0.364170335,-0.004996442
2.176000,0.575386320,0.011535586,0.362455577,-0.005063532
2.177000,0.576652867,0.011460778,0.360731865,-0.005130938
2.178000,0.577905040,0.011385364,0.358999259,-0.005198658
2.179000,0.579142825,0.011309350,0.357257821,-0.005266692
2.180000,0.580366210,0.011232743,0.355507614,-0.005335038
2.181000,0.581575184,0.011155550,0.353748702,-0.005403697
2.182000,0.582769736,0.011077777,0.351981151,-0.005472665
2.183000,0.583949859,0.010999432,0.350205027,-0.005541943
2.184000,0.585115543,0.010920522,0.348420398,-0.005611529
2.185000,0.586266785,0.010841053,0.346627332,-0.005681421
2.186000,0.587403577,0.010761034,0.344825900,-0.005751618
2.187000,0.588525918,0.010680471,0.343016170,-0.005822118
2.188000,0.589633803,0.010599372,0.341198216,-0.005892921
2.189000,0.590727233,0.010517745,0.339372111,-0.005964023
2.190000,0.591806206,0.010435597,0.337537928,-0.006035424
2.191000,0.592870724,0.010352936,0.335695742,-0.006107122
2.192000,0.593920790,0.010269769,0.333845629,-0.006179114
2.193000,0.594956407,0.010186105,0.331987667,-0.006251399
2.194000,0.595977580,0.010101951,0.330121934,-0.006323975
2.195000,0.596984315,0.010017316,0.328248508,-0.006396839
2.196000,0.597976619,0.009932207,0.326367470,-0.006469989
2.197000,0.598954501,0.009846633,0.324478901,-0.006543423
2.198000,0.599917970,0.009760602,0.322582883,-0.006617139
2.199000,0.600867037,0.009674122,0.320679500,-0.006691133
2.200000,0.601801715,0.009587201,0.318768836,-0.006765404
2.201000,0.602722016,0.009499849,0.316850975,-0.006839949
2.202000,0.603627956,0.009412073,0.314926005,-0.006914765
2.203000,0.604519549,0.009323881,0.312994013,-0.006989850
2.204000,0.605396813,0.009235284,0.311055086,-0.007065200
2.205000,0.606259765,0.009146288,0.309109315,-0.007140812
2.206000,0.607108424,0.009056903,0.307156788,-0.007216683
2.207000,0.607942812,0.008967138,0.305197598,-0.007292811
2.208000,0.608762949,0.008877001,0.303231836,-0.007369192
2.209000,0.609568858,0.008786501,0.301259596,-0.007445823
2.210000,0.610360563,0.008695647,0.299280971,-0.007522700
2.211000,0.611138089,0.008604448,0.297296056,-0.007599820
2.212000,0.611901462,0.008512913,0.295304947,-0.007677179
2.213000,0.612650708,0.008421051,0.293307742,-0.007754774
2.214000,0.613385857,0.008328871,0.291304537,-0.007832600
2.215000,0.614106938,0.008236381,0.289295431,-0.007910655
2.216000,0.614813982,0.008143592,0.287280525,-0.007988934
2.217000,0.615507019,0.008050511,0.285259917,-0.008067434
2.218000,0.616186084,0.007957149,0.283233710,-0.008146149
2.219000,0.616851209,0.007863514,0.281202005,-0.008225077
2.220000,0.617502430,0.007769616,0.279164906,-0.008304212
2.221000,0.618139783,0.007675463,0.277122517,-0.008383551
2.222000,0.618763306,0.007581066,0.275074942,-0.008463089
2.223000,0.619373035,0.007486432,0.273022287,-0.008542822
2.224000,0.619969012,0.007391572,0.270964658,-0.008622745
2.225000,0.620551275,0.007296495,0.268902163,-0.008702853
2.226000,0.621119867,0.007201210,0.266834910,-0.008783142
2.227000,0.621674831,0.007105726,0.264763008,-0.008863607
2.228000,0.622216208,0.007010052,0.262686565,-0.008944243
2.229000,0.622744045,0.006914198,0.260605694,-0.009025045
2.230000,0.623258387,0.006818174,0.258520505,-0.009106008
2.231000,0.623759280,0.006721987,0.256431111,-0.009187127
2.232000,0.624246772,0.006625649,0.254337623,-0.009268396
2.233000,0.624720912,0.006529167,0.252240156,-0.009349811
2.234000,0.625181750,0.006432551,0.250138825,-0.009431366
2.235000,0.625629335,0.006335811,0.248033744,-0.009513056
2.236000,0.626063720,0.006238955,0.245925029,-0.009594874
2.237000,0.626484957,0.006141994,0.243812796,-0.009676817
2.238000,0.626893101,0.006044935,0.241697164,-0.009758877
2.239000,0.627288204,0.005947789,0.239578249,-0.009841049
2.240000,0.627670324,0.005850565,0.237456172,-0.009923327
2.241000,0.628039516,0.005753271,0.235331050,-0.010005706
2.242000,0.628395837,0.005655917,0.233203005,-0.010088179
2.243000,0.628739347,0.005558512,0.231072157,-0.010170741
2.244000,0.629070104,0.005461065,0.228938627,-0.010253385
2.245000,0.629388169,0.005363585,0.226802537,-0.010336105
2.246000,0.629693602,0.005266081,0.224664010,-0.010418895
2.247000,0.629986466,0.005168563,0.222523170,-0.010501749
2.248000,0.630266823,0.005071038,0.220380140,-0.010584660
2.249000,0.630534737,0.004973517,0.218235045,-0.010667622
2.250000,0.630790272,0.004876008,0.216088009,-0.010750628
2.251000,0.631033495,0.004778520,0.213939160,-0.010833672
2.252000,0.631264471,0.004681061,0.211788622,-0.010916747
2.253000,0.631483268,0.004583641,0.209636524,-0.010999847
2.254000,0.631689953,0.004486267,0.207482991,-0.011082964
2.255000,0.631884596,0.004388950,0.205328153,-0.011166092
2.256000,0.632067265,0.004291698,0.203172138,-0.011249225
2.257000,0.632238032,0.004194518,0.201015074,-0.011332354
2.258000,0.632396967,0.004097420,0.198857092,-0.011415474
2.259000,0.632544143,0.004000413,0.196698322,-0.011498577
2.260000,0.632679633,0.003903504,0.194538893,-0.011581656
2.261000,0.632803509,0.003806702,0.192378938,-0.011664705
2.262000,0.632915847,0.003710015,0.190218586,-0.011747715
2.263000,0.633016721,0.003613452,0.188057972,-0.011830680
2.264000,0.633106207,0.003517021,0.185897226,-0.011913592
2.265000,0.633184382,0.003420730,0.183736482,-0.011996444
2.266000,0.633251322,0.003324587,0.181575873,-0.012079229
2.267000,0.633307107,0.003228600,0.179415533,-0.012161940
2.268000,0.633351814,0.003132778,0.177255596,-0.012244568
2.269000,0.633385523,0.003037127,0.175096196,-0.012327107
2.270000,0.633408313,0.002941656,0.172937468,-0.012409549
2.271000,0.633420267,0.002846372,0.170779547,-0.012491887
2.272000,0.633421464,0.002751284,0.168622570,-0.012574112
2.273000,0.633411987,0.002656399,0.166466671,-0.012656218
2.274000,0.633391918,0.002561725,0.164311988,-0.012738197
2.275000,0.633361342,0.002467268,0.162158656,-0.012820040
2.276000,0.633320340,0.002373037,0.160006814,-0.012901741
2.277000,0.633268999,0.002279038,0.157856597,-0.012983292
2.278000,0.633207404,0.002185279,0.155708143,-0.013064685
2.279000,0.633135639,0.002091767,0.153561591,-0.013145911
2.280000,0.633053791,0.001998510,0.151417078,-0.013226965
2.281000,0.632961946,0.001905514,0.149274743,-0.013307837
2.282000,0.632860193,0.001812786,0.147134723,-0.013388519
2.283000,0.632748619,0.001720333,0.144997159,-0.013469005
2.284000,0.632627313,0.001628161,0.142862188,-0.013549287
2.285000,0.632496363,0.001536279,0.140729950,-0.013629355
2.286000,0.632355858,0.001444691,0.138600585,-0.013709203
2.287000,0.632205889,0.001353404,0.136474232,-0.013788823
2.288000,0.632046547,0.001262426,0.134351030,-0.013868207
2.289000,0.631877921,0.001171762,0.132231120,-0.013947347
2.290000,0.631700104,0.001081419,0.130114642,-0.014026235
2.291000,0.631513186,0.000991402,0.128001735,-0.014104863
2.292000,0.631317261,0.000901719,0.125892540,-0.014183224
2.293000,0.631112422,0.000812374,0.123787198,-0.014261310
2.294000,0.630898760,0.000723374,0.121685848,-0.014339113
2.295000,0.630676370,0.000634724,0.119588632,-0.014416624
2.296000,0.630445345,0.000546431,0.117495690,-0.014493837
2.297000,0.630205780,0.000458499,0.115407163,-0.014570743
2.298000,0.629957769,0.000370935,0.113323192,-0.014647335
2.299000,0.629701408,0.000283743,0.111243916,-0.014723605
2.300000,0.629436791,0.000196930,0.109169478,-0.014799545
2.301000,0.629164015,0.000110500,0.107100018,-0.014875147
2.302000,0.628883175,0.000024459,0.105035676,-0.014950404
2.303000,0.628594368,-0.000061189,0.102976594,-0.015025308
2.304000,0.628297690,-0.000146438,0.100922912,-0.015099852
2.305000,0.627993238,-0.000231284,0.098874771,-0.015174028
2.306000,0.627681110,-0.000315721,0.096832312,-0.015247828
2.307000,0.627361403,-0.000399746,0.094795674,-0.015321244
2.308000,0.627034214,-0.000483353,0.092765000,-0.015394270
2.309000,0.626699642,-0.000566539,0.090740429,-0.015466898
2.310000,0.626357785,-0.000649298,0.088722101,-0.015539120
2.311000,0.626008741,-0.000731626,0.086710157,-0.015610928
2.312000,0.625652608,-0.000813520,0.084704736,-0.015682317
2.313000,0.625289487,-0.000894975,0.082705980,-0.015753278
2.314000,0.624919475,-0.000975987,0.080714027,-0.015823804
2.315000,0.624542671,-0.001056552,0.078729017,-0.015893888
2.316000,0.624159176,-0.001136667,0.076751089,-0.015963522
2.317000,0.623769089,-0.001216327,0.074780384,-0.016032701
2.318000,0.623372509,-0.001295530,0.072817039,-0.016101416
2.319000,0.622969536,-0.001374271,0.070861194,-0.016169660
2.320000,0.622560270,-0.001452547,0.068912987,-0.016237428
2.321000,0.622144811,-0.001530355,0.066972557,-0.016304711
2.322000,0.621723259,-0.001607693,0.065040042,-0.016371504
2.323000,0.621295714,-0.001684555,0.063115579,-0.016437799
2.324000,0.620862277,-0.001760940,0.061199307,-0.016503589
2.325000,0.620423047,-0.001836845,0.059291362,-0.016568869
2.326000,0.619978126,-0.001912267,0.057391881,-0.016633632
2.327000,0.619527612,-0.001987202,0.055501002,-0.016697871
2.328000,0.619071608,-0.002061650,0.053618860,-0.016761580
2.329000,0.618610213,-0.002135605,0.051745592,-0.016824752
2.330000,0.618143527,-0.002209068,0.049881333,-0.016887382
2.331000,0.617671652,-0.002282034,0.048026218,-0.016949463
2.332000,0.617194687,-0.002354503,0.046180382,-0.017010990
2.333000,0.616712732,-0.002426470,0.044343961,-0.017071956
2.334000,0.616225889,-0.002497936,0.042517087,-0.017132356
2.335000,0.615734257,-0.002568897,0.040699895,-0.017192183
2.336000,0.615237936,-0.002639352,0.038892518,-0.017251432
2.337000,0.614737027,-0.002709298,0.037095089,-0.017310098
2.338000,0.614231629,-0.002778735,0.035307739,-0.017368175
2.339000,0.613721843,-0.002847660,0.033530602,-0.017425657
2.340000,0.613207767,-0.002916072,0.031763809,-0.017482540
2.341000,0.612689503,-0.002983970,0.030007490,-0.017538817
2.342000,0.612167149,-0.003051352,0.028261776,-0.017594485
2.343000,0.611640804,-0.003118217,0.026526797,-0.017649538
2.344000,0.611110568,-0.003184563,0.024802682,-0.017703971
2.345000,0.610576540,-0.003250391,0.023089561,-0.017757779
2.346000,0.610038819,-0.003315698,0.021387561,-0.017810958
2.347000,0.609497503,-0.003380483,0.019696811,-0.017863503
2.348000,0.608952691,-0.003444747,0.018017438,-0.017915409
2.349000,0.608404481,-0.003508487,0.016349568,-0.017966673
2.350000,0.607852971,-0.003571704,0.014693327,-0.018017290
2.351000,0.607298258,-0.003634397,0.013048841,-0.018067255
2.352000,0.606740441,-0.003696565,0.011416235,-0.018116566
2.353000,0.606179617,-0.003758208,0.009795634,-0.018165218
2.354000,0.605615882,-0.003819326,0.008187159,-0.018213206
2.355000,0.605049333,-0.003879918,0.006590935,-0.018260529
2.356000,0.604480067,-0.003939983,0.005007084,-0.018307181
2.357000,0.603908180,-0.003999523,0.003435727,-0.018353160
2.358000,0.603333767,-0.004058537,0.001876986,-0.018398463
2.359000,0.602756924,-0.004117024,0.000330980,-0.018443086
2.360000,0.602177746,-0.004174985,-0.001202171,-0.018487025
2.361000,0.601596328,-0.004232421,-0.002722348,-0.018530280
2.362000,0.601012765,-0.004289331,-0.004229434,-0.018572845
2.363000,0.600427150,-0.004345715,-0.005723310,-0.018614720
2.364000,0.599839577,-0.004401575,-0.007203861,-0.018655900
2.365000,0.599250140,-0.004456910,-0.008670970,-0.018696385
2.366000,0.598658930,-0.004511721,-0.010124522,-0.018736171
2.367000,0.598066042,-0.004566009,-0.011564404,-0.018775257
2.368000,0.597471566,-0.004619774,-0.012990501,-0.018813641
2.369000,0.596875595,-0.004673017,-0.014402701,-0.018851320
2.370000,0.596278220,-0.004725739,-0.015800893,-0.018888293
2.371000,0.595679531,-0.004777940,-0.017184965,-0.018924558
2.372000,0.595079619,-0.004829621,-0.018554806,-0.018960114
2.373000,0.594478574,-0.004880784,-0.019910309,-0.018994960
2.374000,0.593876485,-0.004931430,-0.021251364,-0.019029095
2.375000,0.593273440,-0.004981558,-0.022577863,-0.019062516
2.376000,0.592669529,-0.005031172,-0.023889700,-0.019095225
2.377000,0.592064839,-0.005080271,-0.025186769,-0.019127219
2.378000,0.591459457,-0.005128857,-0.026468966,-0.019158498
2.379000,0.590853470,-0.005176932,-0.027736186,-0.019189061
2.380000,0.590246965,-0.005224496,-0.028988325,-0.019218910
2.381000,0.589640028,-0.005271551,-0.030225282,-0.019248042
2.382000,0.589032743,-0.005318099,-0.031446956,-0.019276458
2.383000,0.588425195,-0.005364140,-0.032653247,-0.019304158
2.384000,0.587817468,-0.005409677,-0.033844054,-0.019331143
2.385000,0.587209646,-0.005454711,-0.035019279,-0.019357413
2.386000,0.586601811,-0.005499244,-0.036178826,-0.019382967
2.387000,0.585994047,-0.005543277,-0.037322598,-0.019407808
2.388000,0.585386433,-0.005586812,-0.038450499,-0.019431936
2.389000,0.584779053,-0.005629851,-0.039562434,-0.019455351
2.390000,0.584171985,-0.005672395,-0.040658312,-0.019478055
2.391000,0.583565310,-0.005714447,-0.041738038,-0.019500049
2.392000,0.582959108,-0.005756008,-0.042801522,-0.019521334
2.393000,0.582353455,-0.005797081,-0.043848674,-0.019541912
2.394000,0.581748431,-0.005837666,-0.044879404,-0.019561785
2.395000,0.581144113,-0.005877767,-0.045893623,-0.019580954
2.396000,0.580540577,-0.005917385,-0.046891246,-0.019599421
2.397000,0.579937898,-0.005956521,-0.047872186,-0.019617189
2.398000,0.579336152,-0.005995180,-0.048836357,-0.019634260
2.399000,0.578735414,-0.006033361,-0.049783676,-0.019650635
2.400000,0.578135758,-0.006071068,-0.050714060,-0.019666318
2.401000,0.577537255,-0.006108303,-0.051627428,-0.019681311
2.402000,0.576939979,-0.006145067,-0.052523699,-0.019695617
2.403000,0.576344001,-0.006181363,-0.053402793,-0.019709239
2.404000,0.575749391,-0.006217194,-0.054264633,-0.019722180
2.405000,0.575156221,-0.006252561,-0.055109140,-0.019734444
2.406000,0.574564559,-0.006287467,-0.055936239,-0.019746032
2.407000,0.573974474,-0.006321914,-0.056745855,-0.019756950
2.408000,0.573386033,-0.006355905,-0.057537915,-0.019767201
2.409000,0.572799305,-0.006389441,-0.058312346,-0.019776787
2.410000,0.572214354,-0.006422525,-0.059069076,-0.019785715
2.411000,0.571631246,-0.006455160,-0.059808035,-0.019793986
2.412000,0.571050047,-0.006487348,-0.060529154,-0.019801606
2.413000,0.570470820,-0.006519091,-0.061232366,-0.019808579
2.414000,0.569893628,-0.006550391,-0.061917604,-0.019814909
2.415000,0.569318533,-0.006581252,-0.062584803,-0.019820601
2.416000,0.568745596,-0.006611675,-0.063233897,-0.019825659
2.417000,0.568174879,-0.006641664,-0.063864826,-0.019830089
2.418000,0.567606441,-0.006671220,-0.064477526,-0.019833895
2.419000,0.567040341,-0.006700346,-0.065071937,-0.019837083
2.420000,0.566476638,-0.006729044,-0.065648000,-0.019839656
2.421000,0.565915387,-0.006757318,-0.066205657,-0.019841622
2.422000,0.565356646,-0.006785168,-0.066744852,-0.019842985
2.423000,0.564800471,-0.006812599,-0.067265528,-0.019843751
2.424000,0.564246916,-0.006839612,-0.067767633,-0.019843926
2.425000,0.563696034,-0.006866210,-0.068251111,-0.019843514
2.426000,0.563147879,-0.006892396,-0.068715913,-0.019842524
2.427000,0.562602502,-0.006918172,-0.069161988,-0.019840959
2.428000,0.562059956,-0.006943540,-0.069589287,-0.019838827
2.429000,0.561520289,-0.006968503,-0.069997761,-0.019836134
2.430000,0.560983552,-0.006993063,-0.070387365,-0.019832886
2.431000,0.560449793,-0.007017224,-0.070758052,-0.019829089
2.432000,0.559919059,-0.007040987,-0.071109781,-0.019824751
2.433000,0.559391397,-0.007064356,-0.071442507,-0.019819878
2.434000,0.558866853,-0.007087331,-0.071756189,-0.019814476
2.435000,0.558345471,-0.007109917,-0.072050789,-0.019808553
2.436000,0.557827296,-0.007132116,-0.072326266,-0.019802116
2.437000,0.557312370,-0.007153929,-0.072582584,-0.019795172
2.438000,0.556800735,-0.007175360,-0.072819707,-0.019787727
2.439000,0.556292433,-0.007196411,-0.073037600,-0.019779790
2.440000,0.555787503,-0.007217084,-0.073236230,-0.019771368
2.441000,0.555285986,-0.007237382,-0.073415566,-0.019762468
2.442000,0.554787918,-0.007257308,-0.073575575,-0.019753097
2.443000,0.554293337,-0.007276863,-0.073716231,-0.019743264
2.444000,0.553802280,-0.007296050,-0.073837503,-0.019732977
2.445000,0.553314782,-0.007314872,-0.073939367,-0.019722242
2.446000,0.552830877,-0.007333331,-0.074021797,-0.019711069
2.447000,0.552350599,-0.007351430,-0.074084769,-0.019699464
2.448000,0.551873981,-0.007369170,-0.074128261,-0.019687437
2.449000,0.551401053,-0.007386554,-0.074152251,-0.019674995
2.450000,0.550931847,-0.007403585,-0.074156721,-0.019662146
2.451000,0.550466391,-0.007420264,-0.074141651,-0.019648900
2.452000,0.550004715,-0.007436595,-0.074107026,-0.019635263
2.453000,0.549546847,-0.007452579,-0.074052829,-0.019621245
2.454000,0.549092811,-0.007468219,-0.073979046,-0.019606855
2.455000,0.548642636,-0.007483517,-0.073885665,-0.019592100
2.456000,0.548196344,-0.007498474,-0.073772675,-0.019576989
2.457000,0.547753960,-0.007513095,-0.073640065,-0.019561532
2.458000,0.547315506,-0.007527380,-0.073487826,-0.019545736
2.459000,0.546881005,-0.007541332,-0.073315952,-0.019529611
2.460000,0.546450476,-0.007554953,-0.073124437,-0.019513166
2.461000,0.546023940,-0.007568245,-0.072913277,-0.019496408
2.462000,0.545601414,-0.007581211,-0.072682468,-0.019479349
2.463000,0.545182918,-0.007593852,-0.072432008,-0.019461995
2.464000,0.544768467,-0.007606170,-0.072161899,-0.019444357
2.465000,0.544358077,-0.007618169,-0.071872140,-0.019426443
2.466000,0.543951764,-0.007629849,-0.071562735,-0.019408262
2.467000,0.543549539,-0.007641213,-0.071233688,-0.019389825
2.468000,0.543151418,-0.007652262,-0.070885003,-0.019371139
2.469000,0.542757410,-0.007663000,-0.070516688,-0.019352214
2.470000,0.542367527,-0.007673427,-0.070128750,-0.019333059
2.471000,0.541981778,-0.007683546,-0.069721201,-0.019313684
2.472000,0.541600173,-0.007693359,-0.069294049,-0.019294098
2.473000,0.541222718,-0.007702867,-0.068847309,-0.019274309
2.474000,0.540849420,-0.007712073,-0.068380993,-0.019254328
2.475000,0.540480286,-0.007720978,-0.067895118,-0.019234164
2.476000,0.540115320,-0.007729585,-0.067389698,-0.019213825
2.477000,0.539754525,-0.007737895,-0.066864754,-0.019193322
2.478000,0.539397904,-0.007745909,-0.066320303,-0.019172663
2.479000,0.539045459,-0.007753630,-0.065756366,-0.019151859
2.480000,0.538697190,-0.007761060,-0.065172967,-0.019130917
2.481000,0.538353098,-0.007768200,-0.064570128,-0.019109848
2.482000,0.538013180,-0.007775052,-0.063947874,-0.019088662
2.483000,0.537677435,-0.007781617,-0.063306231,-0.019067366
2.484000,0.537345859,-0.007787898,-0.062645229,-0.019045971
2.485000,0.537018447,-0.007793896,-0.061964894,-0.019024486
2.486000,0.536695196,-0.007799612,-0.061265259,-0.019002920
2.487000,0.536376097,-0.007805048,-0.060546355,-0.018981282
2.488000,0.536061144,-0.007810206,-0.059808215,-0.018959582
2.489000,0.535750329,-0.007815088,-0.059050873,-0.018937829
2.490000,0.535443642,-0.007819695,-0.058274367,-0.018916032
2.491000,0.535141074,-0.007824028,-0.057478732,-0.018894200
2.492000,0.534842612,-0.007828088,-0.056664009,-0.018872342
2.493000,0.534548244,-0.007831879,-0.055830236,-0.018850467
2.494000,0.534257958,-0.007835400,-0.054977456,-0.018828585
2.495000,0.533971739,-0.007838653,-0.054105712,-0.018806704
2.496000,0.533689573,-0.007841640,-0.053215047,-0.018784834
2.497000,0.533411442,-0.007844363,-0.052305507,-0.018762982
2.498000,0.533137330,-0.007846822,-0.051377139,-0.018741159
2.499000,0.532867218,-0.007849018,-0.050429991,-0.018719372
2.500000,0.532601089,-0.007850954,-0.049464114,-0.018697632
2.501000,0.532338921,-0.007852630,-0.048479557,-0.018675945
2.502000,0.532080694,-0.007854049,-0.047476373,-0.018654322
2.503000,0.531826386,-0.007855210,-0.046454615,-0.018632769
2.504000,0.531575974,-0.007856115,-0.045414339,-0.018611297
2.505000,0.531329434,-0.007856766,-0.044355601,-0.018589914
2.506000,0.531086742,-0.007857164,-0.043278458,-0.018568627
2.507000,0.530847872,-0.007857310,-0.042182969,-0.018547445
2.508000,0.530612797,-0.007857205,-0.041069194,-0.018526377
2.509000,0.530381490,-0.007856850,-0.039937196,-0.018505430
2.510000,0.530153922,-0.007856247,-0.038787035,-0.018484612
2.511000,0.529930065,-0.007855396,-0.037618778,-0.018463932
2.512000,0.529709887,-0.007854299,-0.036432488,-0.018443398
2.513000,0.529493357,-0.007852956,-0.035228233,-0.018423016
2.514000,0.529280444,-0.007851369,-0.034006080,-0.018402795
2.515000,0.529071114,-0.007849540,-0.032766099,-0.018382743
2.516000,0.528865333,-0.007847468,-0.031508360,-0.018362867
2.517000,0.528663067,-0.007845154,-0.030232934,-0.018343174
2.518000,0.528464280,-0.007842601,-0.028939896,-0.018323672
2.519000,0.528268936,-0.007839809,-0.027629318,-0.018304368
2.520000,0.528076996,-0.007836779,-0.026301277,-0.018285270
2.521000,0.527888422,-0.007833511,-0.024955848,-0.018266383
2.522000,0.527703176,-0.007830007,-0.023593111,-0.018247715
2.523000,0.527521217,-0.007826268,-0.022213143,-0.018229273
2.524000,0.527342504,-0.007822294,-0.020816026,-0.018211063
2.525000,0.527166996,-0.007818086,-0.019401841,-0.018193093
2.526000,0.526994650,-0.007813646,-0.017970671,-0.018175368
2.527000,0.526825422,-0.007808974,-0.016522599,-0.018157895
2.528000,0.526659268,-0.007804072,-0.015057711,-0.018140679
2.529000,0.526496143,-0.007798939,-0.013576093,-0.018123728
2.530000,0.526336001,-0.007793576,-0.012077832,-0.018107047
2.531000,0.526178795,-0.007787985,-0.010563018,-0.018090642
2.532000,0.526024478,-0.007782167,-0.009031739,-0.018074518
2.533000,0.525873001,-0.007776121,-0.007484088,-0.018058681
2.534000,0.525724314,-0.007769850,-0.005920155,-0.018043137
2.535000,0.525578369,-0.007763353,-0.004340035,-0.018027891
2.536000,0.525435115,-0.007756631,-0.002743821,-0.018012948
2.537000,0.525294499,-0.007749685,-0.001131609,-0.017998312
2.538000,0.525156469,-0.007742516,0.000496503,-0.017983990
2.539000,0.525020973,-0.007735125,0.002140420,-0.017969985
2.540000,0.524887956,-0.007727512,0.003800041,-0.017956303
2.541000,0.524757365,-0.007719678,0.005475268,-0.017942947
2.542000,0.524629142,-0.007711623,0.007165998,-0.017929922
2.543000,0.524503234,-0.007703349,0.008872130,-0.017917233
2.544000,0.524379582,-0.007694856,0.010593562,-0.017904882
2.545000,0.524258130,-0.007686144,0.012330188,-0.017892875
2.546000,0.524138818,-0.007677215,0.014081903,-0.017881214
2.547000,0.524021589,-0.007668068,0.015848602,-0.017869904
2.548000,0.523906382,-0.007658705,0.017630177,-0.017858947
2.549000,0.523793138,-0.007649126,0.019426520,-0.017848348
2.550000,0.523681794,-0.007639332,0.021237522,-0.017838108
2.551000,0.523572290,-0.007629324,0.023063072,-0.017828231
2.552000,0.523464564,-0.007619101,0.024903059,-0.017818720
2.553000,0.523358552,-0.007608665,0.026757372,-0.017809578
2.554000,0.523254190,-0.007598016,0.028625896,-0.017800806
2.555000,0.523151415,-0.007587155,0.030508517,-0.017792407
2.556000,0.523050161,-0.007576082,0.032405121,-0.017784384
2.557000,0.522950363,-0.007564798,0.034315592,-0.017776738
2.558000,0.522851955,-0.007553304,0.036239812,-0.017769471
2.559000,0.522754870,-0.007541599,0.038177663,-0.017762584
2.560000,0.522659041,-0.007529685,0.040129028,-0.017756079
2.561000,0.522564399,-0.007517562,0.042093785,-0.017749958
2.562000,0.522470877,-0.007505231,0.044071815,-0.017744222
2.563000,0.522378404,-0.007492692,0.046062997,-0.017738871
2.564000,0.522286913,-0.007479946,0.048067206,-0.017733907
2.565000,0.522196331,-0.007466992,0.050084322,-0.017729329
2.566000,0.522106589,-0.007453833,0.052114219,-0.017725139
2.567000,0.522017616,-0.007440468,0.054156773,-0.017721337
2.568000,0.521929339,-0.007426897,0.056211857,-0.017717923
2.569000,0.521841686,-0.007413122,0.058279346,-0.017714896
2.570000,0.521754584,-0.007399143,0.060359112,-0.017712258
2.571000,0.521667960,-0.007384960,0.062451028,-0.017710006
2.572000,0.521581740,-0.007370573,0.064554963,-0.017708142
2.573000,0.521495851,-0.007355984,0.066670789,-0.017706664
2.574000,0.521410216,-0.007341193,0.068798375,-0.017705571
2.575000,0.521324761,-0.007326199,0.070937589,-0.017704862
2.576000,0.521239411,-0.007311005,0.073088301,-0.017704536
2.577000,0.521154088,-0.007295609,0.075250377,-0.017704592
2.578000,0.521068717,-0.007280013,0.077423683,-0.017705028
2.579000,0.520983220,-0.007264217,0.079608087,-0.017705842
2.580000,0.520897521,-0.007248222,0.081803453,-0.017707033
2.581000,0.520811541,-0.007232027,0.084009645,-0.017708598
2.582000,0.520725202,-0.007215634,0.086226528,-0.017710536
2.583000,0.520638426,-0.007199043,0.088453965,-0.017712844
2.584000,0.520551134,-0.007182254,0.090691818,-0.017715519
2.585000,0.520463246,-0.007165268,0.092939950,-0.017718558
2.586000,0.520374683,-0.007148085,0.095198221,-0.017721960
2.587000,0.520285365,-0.007130705,0.097466493,-0.017725721
2.588000,0.520195211,-0.007113130,0.099744625,-0.017729837
2.589000,0.520104142,-0.007095359,0.102032477,-0.017734305
2.590000,0.520012075,-0.007077392,0.104329908,-0.017739122
2.591000,0.519918930,-0.007059231,0.106636777,-0.017744285
2.592000,0.519824625,-0.007040876,0.108952940,-0.017749789
2.593000,0.519729079,-0.007022327,0.111278257,-0.017755630
2.594000,0.519632210,-0.007003584,0.113612582,-0.017761805
2.595000,0.519533934,-0.006984648,0.115955773,-0.017768308
2.596000,0.519434170,-0.006965519,0.118307686,-0.017775136
2.597000,0.519332835,-0.006946197,0.120668175,-0.017782284
2.598000,0.519229845,-0.006926684,0.123037095,-0.017789748
2.599000,0.519125118,-0.006906979,0.125414301,-0.017797522
2.600000,0.519018570,-0.006887083,0.127799647,-0.017805601
2.601000,0.518910118,-0.006866996,0.130192985,-0.017813980
2.602000,0.518799677,-0.006846718,0.132594170,-0.017822655
2.603000,0.518687164,-0.006826250,0.135003053,-0.017831619
2.604000,0.518572494,-0.006805592,0.137419486,-0.017840866
2.605000,0.518455584,-0.006784745,0.139843322,-0.017850392
2.606000,0.518336348,-0.006763708,0.142274412,-0.017860190
2.607000,0.518214703,-0.006742483,0.144712607,-0.017870255
2.608000,0.518090563,-0.006721068,0.147157758,-0.017880580
2.609000,0.517963844,-0.006699466,0.149609714,-0.017891158
2.610000,0.517834461,-0.006677676,0.152068326,-0.017901984
2.611000,0.517702329,-0.006655697,0.154533444,-0.017913051
2.612000,0.517567363,-0.006633532,0.157004917,-0.017924352
2.613000,0.517429478,-0.006611179,0.159482594,-0.017935881
2.614000,0.517288589,-0.006588640,0.161966324,-0.017947631
2.615000,0.517144611,-0.006565913,0.164455956,-0.017959594
2.616000,0.516997458,-0.006543001,0.166951337,-0.017971763
2.617000,0.516847045,-0.006519902,0.169452316,-0.017984132
2.618000,0.516693287,-0.006496618,0.171958741,-0.017996693
2.619000,0.516536099,-0.006473148,0.174470459,-0.018009438
2.620000,0.516375396,-0.006449492,0.176987317,-0.018022361
2.621000,0.516211092,-0.006425651,0.179509164,-0.018035452
2.622000,0.516043102,-0.006401625,0.182035845,-0.018048705
2.623000,0.515871342,-0.006377415,0.184567209,-0.018062111
2.624000,0.515695726,-0.006353019,0.187103101,-0.018075663
2.625000,0.515516169,-0.006328439,0.189643368,-0.018089352
2.626000,0.515332587,-0.006303675,0.192187857,-0.018103171
2.627000,0.515144895,-0.006278726,0.194736413,-0.018117111
2.628000,0.514953007,-0.006253594,0.197288885,-0.018131163
2.629000,0.514756841,-0.006228277,0.199845116,-0.018145319
2.630000,0.514556310,-0.006202776,0.202404954,-0.018159572
2.631000,0.514351331,-0.006177092,0.204968245,-0.018173911
2.632000,0.514141820,-0.006151224,0.207534834,-0.018188329
2.633000,0.513927693,-0.006125172,0.210104568,-0.018202816
2.634000,0.513708866,-0.006098937,0.212677292,-0.018217364
2.635000,0.513485255,-0.006072518,0.215252853,-0.018231964
2.636000,0.513256777,-0.006045915,0.217831096,-0.018246607
2.637000,0.513023350,-0.006019129,0.220411867,-0.018261284
2.638000,0.512784889,-0.005992159,0.222995012,-0.018275985
2.639000,0.512541312,-0.005965006,0.225580378,-0.018290702
2.640000,0.512292537,-0.005937669,0.228167810,-0.018305426
2.641000,0.512038481,-0.005910149,0.230757154,-0.018320146
2.642000,0.511779063,-0.005882444,0.233348257,-0.018334855
2.643000,0.511514201,-0.005854556,0.235940965,-0.018349542
2.644000,0.511243812,-0.005826484,0.238535124,-0.018364197
2.645000,0.510967817,-0.005798228,0.241130581,-0.018378813
2.646000,0.510686134,-0.005769788,0.243727183,-0.018393378
2.647000,0.510398683,-0.005741163,0.246324776,-0.018407884
2.648000,0.510105384,-0.005712354,0.248923207,-0.018422321
2.649000,0.509806156,-0.005683361,0.251522324,-0.018436678
2.650000,0.509500921,-0.005654182,0.254121973,-0.018450948
2.651000,0.509189599,-0.005624818,0.256722003,-0.018465120
2.652000,0.508872111,-0.005595269,0.259322260,-0.018479184
2.653000,0.508548379,-0.005565535,0.261922594,-0.018493130
2.654000,0.508218325,-0.005535614,0.264522851,-0.018506949
2.655000,0.507881871,-0.005505508,0.267122881,-0.018520632
2.656000,0.507538941,-0.005475214,0.269722531,-0.018534168
2.657000,0.507189457,-0.005444734,0.272321652,-0.018547547
2.658000,0.506833343,-0.005414067,0.274920092,-0.018560761
2.659000,0.506470524,-0.005383213,0.277517700,-0.018573798
2.660000,0.506100923,-0.005352170,0.280114327,-0.018586650
2.661000,0.505724466,-0.005320939,0.282709822,-0.018599306
2.662000,0.505341079,-0.005289519,0.285304036,-0.018611757
2.663000,0.504950687,-0.005257910,0.287896820,-0.018623993
2.664000,0.504553217,-0.005226111,0.290488025,-0.018636004
2.665000,0.504148596,-0.005194122,0.293077502,-0.018647781
2.666000,0.503736752,-0.005161943,0.295665103,-0.018659314
2.667000,0.503317612,-0.005129572,0.298250681,-0.018670592
2.668000,0.502891106,-0.005097009,0.300834088,-0.018681608
2.669000,0.502457161,-0.005064254,0.303415177,-0.018692350
2.670000,0.502015709,-0.005031305,0.305993803,-0.018702809
2.671000,0.501566679,-0.004998163,0.308569817,-0.018712976
2.672000,0.501110002,-0.004964827,0.311143076,-0.018722841
2.673000,0.500645610,-0.004931296,0.313713434,-0.018732395
2.674000,0.500173435,-0.004897570,0.316280746,-0.018741627
2.675000,0.499693409,-0.004863647,0.318844868,-0.018750530
2.676000,0.499205465,-0.004829527,0.321405656,-0.018759092
2.677000,0.498709538,-0.004795209,0.323962968,-0.018767306
2.678000,0.498205562,-0.004760692,0.326516660,-0.018775161
2.679000,0.497693472,-0.004725976,0.329066590,-0.018782648
2.680000,0.497173205,-0.004691060,0.331612618,-0.018789759
2.681000,0.496644695,-0.004655943,0.334154600,-0.018796484
2.682000,0.496107882,-0.004620624,0.336692399,-0.018802814
2.683000,0.495562702,-0.004585103,0.339225872,-0.018808739
2.684000,0.495009094,-0.004549377,0.341754881,-0.018814252
2.685000,0.494446998,-0.004513447,0.344279288,-0.018819343
2.686000,0.493876353,-0.004477312,0.346798954,-0.018824003
2.687000,0.493297100,-0.004440970,0.349313741,-0.018828224
2.688000,0.492709180,-0.004404420,0.351823513,-0.018831997
2.689000,0.492112536,-0.004367662,0.354328134,-0.018835313
2.690000,0.491507110,-0.004330695,0.356827467,-0.018838164
2.691000,0.490892847,-0.004293517,0.359321379,-0.018840542
2.692000,0.490269690,-0.004256127,0.361809734,-0.018842437
2.693000,0.489637585,-0.004218524,0.364292399,-0.018843843
2.694000,0.488996478,-0.004180708,0.366769242,-0.018844750
2.695000,0.488346315,-0.004142677,0.369240130,-0.018845151
2.696000,0.487687044,-0.004104429,0.371704932,-0.018845037
2.697000,0.487018614,-0.004065965,0.374163516,-0.018844402
2.698000,0.486340973,-0.004027281,0.376615754,-0.018843236
2.699000,0.485654072,-0.003988379,0.379061515,-0.018841533
2.700000,0.484957861,-0.003949255,0.381500671,-0.018839284
2.701000,0.484252293,-0.003909909,0.383933095,-0.018836483
2.702000,0.483537319,-0.003870340,0.386358660,-0.018833121
2.703000,0.482812893,-0.003830546,0.388777239,-0.018829192
2.704000,0.482078970,-0.003790526,0.391188706,-0.018824689
2.705000,0.481335504,-0.003750279,0.393592939,-0.018819604
2.706000,0.480582451,-0.003709803,0.395989812,-0.018813930
2.707000,0.479819769,-0.003669097,0.398379202,-0.018807661
2.708000,0.479047414,-0.003628160,0.400760988,-0.018800790
2.709000,0.478265346,-0.003586991,0.403135049,-0.018793310
2.710000,0.477473525,-0.003545587,0.405501263,-0.018785216
2.711000,0.476671910,-0.003503948,0.407859512,-0.018776499
2.712000,0.475860463,-0.003462072,0.410209676,-0.018767155
2.713000,0.475039147,-0.003419958,0.412551638,-0.018757177
2.714000,0.474207925,-0.003377604,0.414885282,-0.018746560
2.715000,0.473366761,-0.003335008,0.417210490,-0.018735297
2.716000,0.472515619,-0.003292170,0.419527148,-0.018723382
2.717000,0.471654467,-0.003249088,0.421835141,-0.018710811
2.718000,0.470783272,-0.003205761,0.424134357,-0.018697577
2.719000,0.469902000,-0.003162186,0.426424683,-0.018683675
2.720000,0.469010622,-0.003118363,0.428706007,-0.018669101
2.721000,0.468109108,-0.003074289,0.430978219,-0.018653849
2.722000,0.467197427,-0.003029964,0.433241210,-0.018637914
2.723000,0.466275554,-0.002985386,0.435494870,-0.018621291
2.724000,0.465343459,-0.002940553,0.437739093,-0.018603976
2.725000,0.464401118,-0.002895464,0.439973772,-0.018585964
2.726000,0.463448505,-0.002850117,0.442198801,-0.018567251
2.727000,0.462485596,-0.002804510,0.444414076,-0.018547833
2.728000,0.461512369,-0.002758643,0.446619492,-0.018527705
2.729000,0.460528801,-0.002712514,0.448814948,-0.018506864
2.730000,0.459534871,-0.002666120,0.451000341,-0.018485306
2.731000,0.458530560,-0.002619461,0.453175572,-0.018463027
2.732000,0.457515848,-0.002572535,0.455340539,-0.018440024
2.733000,0.456490719,-0.002525340,0.457495146,-0.018416293
2.734000,0.455455154,-0.002477875,0.459639295,-0.018391831
2.735000,0.454409140,-0.002430138,0.461772889,-0.018366636
2.736000,0.453352659,-0.002382128,0.463895832,-0.018340704
2.737000,0.452285701,-0.002333843,0.466008031,-0.018314032
2.738000,0.451208250,-0.002285281,0.468109392,-0.018286618
2.739000,0.450120298,-0.002236442,0.470199824,-0.018258460
2.740000,0.449021832,-0.002187323,0.472279234,-0.018229555
2.741000,0.447912844,-0.002137923,0.474347534,-0.018199901
2.742000,0.446793325,-0.002088240,0.476404634,-0.018169495
2.743000,0.445663269,-0.002038273,0.478450446,-0.018138337
2.744000,0.444522670,-0.001988021,0.480484885,-0.018106425
2.745000,0.443371522,-0.001937482,0.482507863,-0.018073756
2.746000,0.442209821,-0.001886654,0.484519298,-0.018040330
2.747000,0.441037566,-0.001835537,0.486519105,-0.018006145
2.748000,0.439854755,-0.001784127,0.488507202,-0.017971200
2.749000,0.438661386,-0.001732425,0.490483509,-0.017935495
2.750000,0.437457461,-0.001680429,0.492447946,-0.017899028
2.751000,0.436242981,-0.001628137,0.494400433,-0.017861799
2.752000,0.435017950,-0.001575548,0.496340893,-0.017823807
2.753000,0.433782371,-0.001522660,0.498269250,-0.017785053
2.754000,0.432536249,-0.001469473,0.500185429,-0.017745535
2.755000,0.431279591,-0.001415985,0.502089355,-0.017705255
2.756000,0.430012404,-0.001362194,0.503980955,-0.017664211
2.757000,0.428734696,-0.001308099,0.505860158,-0.017622405
2.758000,0.427446478,-0.001253699,0.507726894,-0.017579836
2.759000,0.426147759,-0.001198993,0.509581092,-0.017536506
2.760000,0.424838553,-0.001143980,0.511422684,-0.017492415
2.761000,0.423518871,-0.001088658,0.513251604,-0.017447564
2.762000,0.422188728,-0.001033026,0.515067786,-0.017401954
2.763000,0.420848140,-0.000977083,0.516871165,-0.017355587
2.764000,0.419497123,-0.000920829,0.518661678,-0.017308462
2.765000,0.418135694,-0.000864261,0.520439262,-0.017260584
2.766000,0.416763872,-0.000807379,0.522203857,-0.017211951
2.767000,0.415381678,-0.000750182,0.523955402,-0.017162568
2.768000,0.413989132,-0.000692669,0.525693840,-0.017112435
2.769000,0.412586257,-0.000634839,0.527419112,-0.017061554
2.770000,0.411173076,-0.000576691,0.529131163,-0.017009928
2.771000,0.409749613,-0.000518225,0.530829938,-0.016957559
2.772000,0.408315894,-0.000459439,0.532515383,-0.016904450
2.773000,0.406871946,-0.000400332,0.534187446,-0.016850603
2.774000,0.405417797,-0.000340904,0.535846075,-0.016796022
2.775000,0.403953476,-0.000281155,0.537491221,-0.016740708
2.776000,0.402479014,-0.000221083,0.539122834,-0.016684666
2.777000,0.400994441,-0.000160688,0.540740868,-0.016627898
2.778000,0.399499790,-0.000099970,0.542345276,-0.016570407
2.779000,0.397995096,-0.000038927,0.543936013,-0.016512198
2.780000,0.396480392,0.000022440,0.545513036,-0.016453273
2.781000,0.394955716,0.000084132,0.547076301,-0.016393638
2.782000,0.393421104,0.000146149,0.548625768,-0.016333294
2.783000,0.391876594,0.000208492,0.550161396,-0.016272247
2.784000,0.390322227,0.000271162,0.551683148,-0.016210501
2.785000,0.388758042,0.000334157,0.553190984,-0.016148060
2.786000,0.387184081,0.000397479,0.554684869,-0.016084928
2.787000,0.385600388,0.000461127,0.556164769,-0.016021110
2.788000,0.384007006,0.000525101,0.557630649,-0.015956611
2.789000,0.382403981,0.000589402,0.559082476,-0.015891435
2.790000,0.380791359,0.000654030,0.560520220,-0.015825587
2.791000,0.379169188,0.000718984,0.561943851,-0.015759073
2.792000,0.377537515,0.000784264,0.563353340,-0.015691897
2.793000,0.375896392,0.000849870,0.564748659,-0.015624065
2.794000,0.374245868,0.000915801,0.566129782,-0.015555583
2.795000,0.372585996,0.000982058,0.567496684,-0.015486455
2.796000,0.370916829,0.001048639,0.568849342,-0.015416687
2.797000,0.369238421,0.001115545,0.570187733,-0.015346285
2.798000,0.367550827,0.001182775,0.571511836,-0.015275256
2.799000,0.365854105,0.001250327,0.572821631,-0.015203604
