t,hip_L.q,abduct_L.q,hip_R.q,abduct_R.q
0.000000,0.392818833,0.000000000,-0.153395545,0.000000000
0.001000,0.392650296,0.000000103,-0.152149307,-0.000002540
0.002000,0.392481952,0.000000405,-0.150901588,-0.000010073
0.003000,0.392313953,0.000000894,-0.149651497,-0.000022450
0.004000,0.392146443,0.000001558,-0.148398176,-0.000039525
0.005000,0.391979560,0.000002389,-0.147140808,-0.000061158
0.006000,0.391813432,0.000003375,-0.145878608,-0.000087213
0.007000,0.391648181,0.000004508,-0.144610825,-0.000117556
0.008000,0.391483923,0.000005778,-0.143336741,-0.000152059
0.009000,0.391320765,0.000007178,-0.142055669,-0.000190598
0.010000,0.391158810,0.000008699,-0.140766954,-0.000233050
0.011000,0.390998152,0.000010336,-0.139469969,-0.000279300
0.012000,0.390838880,0.000012080,-0.138164118,-0.000329232
0.013000,0.390681077,0.000013927,-0.136848830,-0.000382737
0.014000,0.390524819,0.000015869,-0.135523563,-0.000439706
0.015000,0.390370178,0.000017902,-0.134187799,-0.000500036
0.016000,0.390217219,0.000020021,-0.132841048,-0.000563625
0.017000,0.390066002,0.000022221,-0.131482842,-0.000630376
0.018000,0.389916581,0.000024498,-0.130112737,-0.000700192
0.019000,0.389769006,0.000026848,-0.128730312,-0.000772982
0.020000,0.389623320,0.000029268,-0.127335170,-0.000848655
0.021000,0.389479564,0.000031754,-0.125926932,-0.000927125
0.022000,0.389337772,0.000034305,-0.124505242,-0.001008306
0.023000,0.389197973,0.000036917,-0.123069763,-0.001092117
0.024000,0.389060193,0.000039588,-0.121620179,-0.001178477
0.025000,0.388924453,0.000042317,-0.120156190,-0.001267309
0.026000,0.388790770,0.000045101,-0.118677518,-0.001358538
0.027000,0.388659155,0.000047940,-0.117183899,-0.001452090
0.028000,0.388529618,0.000050833,-0.115675087,-0.001547894
0.029000,0.388402162,0.000053778,-0.114150854,-0.001645881
0.030000,0.388276787,0.000056775,-0.112610988,-0.001745984
0.031000,0.388153491,0.000059823,-0.111055289,-0.001848137
0.032000,0.388032266,0.000062923,-0.109483576,-0.001952278
0.033000,0.387913102,0.000066074,-0.107895680,-0.002058345
0.034000,0.387795985,0.000069277,-0.106291447,-0.002166277
0.035000,0.387680896,0.000072532,-0.104670737,-0.002276016
0.036000,0.387567815,0.000075840,-0.103033422,-0.002387506
0.037000,0.387456718,0.000079201,-0.101379388,-0.002500692
0.038000,0.387347577,0.000082617,-0.099708532,-0.002615520
0.039000,0.387240362,0.000086089,-0.098020763,-0.002731937
0.040000,0.387135040,0.000089617,-0.096316003,-0.002849894
0.041000,0.387031575,0.000093203,-0.094594184,-0.002969340
0.042000,0.386929926,0.000096849,-0.092855248,-0.003090228
0.043000,0.386830053,0.000100556,-0.091099149,-0.003212511
0.044000,0.386731910,0.000104327,-0.089325851,-0.003336143
0.045000,0.386635450,0.000108162,-0.087535327,-0.003461080
0.046000,0.386540624,0.000112064,-0.085727560,-0.003587278
0.047000,0.386447379,0.000116035,-0.083902542,-0.003714696
0.048000,0.386355660,0.000120078,-0.082060273,-0.003843292
0.049000,0.386265411,0.000124194,-0.080200764,-0.003973026
0.050000,0.386176570,0.000128386,-0.078324032,-0.004103860
0.051000,0.386089078,0.000132656,-0.076430103,-0.004235754
0.052000,0.386002870,0.000137007,-0.074519010,-0.004368673
0.053000,0.385917879,0.000141441,-0.072590795,-0.004502579
0.054000,0.385834039,0.000145961,-0.070645506,-0.004637437
0.055000,0.385751277,0.000150570,-0.068683199,-0.004773213
0.056000,0.385669524,0.000155271,-0.066703936,-0.004909872
0.057000,0.385588703,0.000160065,-0.064707787,-0.005047383
0.058000,0.385508740,0.000164957,-0.062694826,-0.005185711
0.059000,0.385429557,0.000169949,-0.060665135,-0.005324826
0.060000,0.385351074,0.000175044,-0.058618803,-0.005464697
0.061000,0.385273209,0.000180245,-0.056555921,-0.005605293
0.062000,0.385195881,0.000185555,-0.054476590,-0.005746585
0.063000,0.385119004,0.000190977,-0.052380913,-0.005888543
0.064000,0.385042493,0.000196515,-0.050269000,-0.006031140
0.065000,0.384966259,0.000202170,-0.048140967,-0.006174348
0.066000,0.384890214,0.000207947,-0.045996932,-0.006318138
0.067000,0.384814267,0.000213848,-0.043837020,-0.006462484
0.068000,0.384738325,0.000219877,-0.041661360,-0.006607361
0.069000,0.384662297,0.000226037,-0.039470085,-0.006752741
0.070000,0.384586086,0.000232330,-0.037263333,-0.006898599
0.071000,0.384509598,0.000238761,-0.035041246,-0.007044911
0.072000,0.384432734,0.000245332,-0.032803969,-0.007191652
0.073000,0.384355396,0.000252046,-0.030551653,-0.007338797
0.074000,0.384277486,0.000258908,-0.028284451,-0.007486323
0.075000,0.384198901,0.000265919,-0.026002519,-0.007634207
0.076000,0.384119541,0.000273083,-0.023706018,-0.007782424
0.077000,0.384039303,0.000280403,-0.021395112,-0.007930953
0.078000,0.383958082,0.000287882,-0.019069968,-0.008079771
0.079000,0.383875774,0.000295524,-0.016730757,-0.008228856
0.080000,0.383792273,0.000303332,-0.014377651,-0.008378186
0.081000,0.383707473,0.000311309,-0.012010827,-0.008527739
0.082000,0.383621265,0.000319457,-0.009630463,-0.008677495
0.083000,0.383533542,0.000327780,-0.007236741,-0.008827431
0.084000,0.383444194,0.000336282,-0.004829846,-0.008977528
0.085000,0.383353111,0.000344964,-0.002409965,-0.009127764
0.086000,0.383260183,0.000353831,0.000022715,-0.009278119
0.087000,0.383165298,0.000362885,0.002468000,-0.009428573
0.088000,0.383068343,0.000372130,0.004925697,-0.009579106
0.089000,0.382969207,0.000381567,0.007395611,-0.009729698
0.090000,0.382867776,0.000391201,0.009877544,-0.009880330
0.091000,0.382763935,0.000401033,0.012371294,-0.010030982
0.092000,0.382657571,0.000411068,0.014876662,-0.010181634
0.093000,0.382548568,0.000421308,0.017393442,-0.010332269
0.094000,0.382436810,0.000431755,0.019921430,-0.010482865
0.095000,0.382322182,0.000442413,0.022460418,-0.010633406
0.096000,0.382204568,0.000453285,0.025010197,-0.010783872
0.097000,0.382083849,0.000464372,0.027570558,-0.010934244
0.098000,0.381959909,0.000475679,0.030141289,-0.011084504
0.099000,0.381832631,0.000487207,0.032722176,-0.011234634
0.100000,0.381701896,0.000498960,0.035313005,-0.011384615
0.101000,0.381567586,0.000510940,0.037913561,-0.011534429
0.102000,0.381429583,0.000523150,0.040523625,-0.011684058
0.103000,0.381287768,0.000535592,0.043142981,-0.011833484
0.104000,0.381142022,0.000548268,0.045771409,-0.011982690
0.105000,0.380992225,0.000561183,0.048408688,-0.012131657
0.106000,0.380838259,0.000574337,0.051054598,-0.012280367
0.107000,0.380680004,0.000587734,0.053708917,-0.012428804
0.108000,0.380517340,0.000601376,0.056371420,-0.012576949
0.109000,0.380350148,0.000615265,0.059041886,-0.012724786
0.110000,0.380178307,0.000629404,0.061720088,-0.012872295
0.111000,0.380001699,0.000643796,0.064405801,-0.013019462
0.112000,0.379820204,0.000658442,0.067098800,-0.013166267
0.113000,0.379633701,0.000673345,0.069798858,-0.013312693
0.114000,0.379442071,0.000688507,0.072505748,-0.013458725
0.115000,0.379245194,0.000703931,0.075219242,-0.013604344
0.116000,0.379042952,0.000719619,0.077939112,-0.013749533
0.117000,0.378835223,0.000735572,0.080665130,-0.013894275
0.118000,0.378621889,0.000751794,0.083397065,-0.014038555
0.119000,0.378402832,0.000768287,0.086134690,-0.014182353
0.120000,0.378177931,0.000785051,0.088877774,-0.014325655
0.121000,0.377947068,0.000802091,0.091626087,-0.014468443
0.122000,0.377710125,0.000819407,0.094379400,-0.014610700
0.123000,0.377466983,0.000837003,0.097137481,-0.014752410
0.124000,0.377217524,0.000854879,0.099900101,-0.014893556
0.125000,0.376961631,0.000873038,0.102667029,-0.015034121
0.126000,0.376699186,0.000891482,0.105438034,-0.015174090
0.127000,0.376430072,0.000910213,0.108212886,-0.015313446
0.128000,0.376154173,0.000929233,0.110991354,-0.015452172
0.129000,0.375871373,0.000948544,0.113773206,-0.015590252
0.130000,0.375581554,0.000968148,0.116558214,-0.015727670
0.131000,0.375284603,0.000988047,0.119346146,-0.015864410
0.132000,0.374980403,0.001008242,0.122136772,-0.016000455
0.133000,0.374668842,0.001028735,0.124929861,-0.016135790
0.134000,0.374349803,0.001049530,0.127725184,-0.016270399
0.135000,0.374023175,0.001070626,0.130522512,-0.016404265
0.136000,0.373688844,0.001092026,0.133321614,-0.016537373
0.137000,0.373346698,0.001113732,0.136122262,-0.016669708
0.138000,0.372996625,0.001135746,0.138924227,-0.016801253
0.139000,0.372638514,0.001158069,0.141727280,-0.016931993
0.140000,0.372272255,0.001180704,0.144531194,-0.017061913
0.141000,0.371897736,0.001203651,0.147335741,-0.017190997
0.142000,0.371514850,0.001226913,0.150140693,-0.017319229
0.143000,0.371123488,0.001250492,0.152945824,-0.017446595
0.144000,0.370723542,0.001274389,0.155750909,-0.017573079
0.145000,0.370314904,0.001298605,0.158555721,-0.017698666
0.146000,0.369897469,0.001323144,0.161360035,-0.017823342
0.147000,0.369471130,0.001348005,0.164163627,-0.017947091
0.148000,0.369035784,0.001373192,0.166966273,-0.018069898
0.149000,0.368591325,0.001398705,0.169767750,-0.018191750
0.150000,0.368137652,0.001424546,0.172567835,-0.018312631
0.151000,0.367674660,0.001450718,0.175366307,-0.018432527
0.152000,0.367202250,0.001477221,0.178162944,-0.018551423
0.153000,0.366720321,0.001504057,0.180957527,-0.018669306
0.154000,0.366228772,0.001531228,0.183749835,-0.018786162
0.155000,0.365727505,0.001558736,0.186539650,-0.018901975
0.156000,0.365216422,0.001586582,0.189326754,-0.019016733
0.157000,0.364695427,0.001614768,0.192110930,-0.019130422
0.158000,0.364164422,0.001643296,0.194891961,-0.019243028
0.159000,0.363623315,0.001672167,0.197669633,-0.019354537
0.160000,0.363072009,0.001701382,0.200443730,-0.019464937
0.161000,0.362510414,0.001730944,0.203214040,-0.019574214
0.162000,0.361938436,0.001760854,0.205980350,-0.019682356
0.163000,0.361355986,0.001791114,0.208742448,-0.019789348
0.164000,0.360762972,0.001821725,0.211500124,-0.019895179
0.165000,0.360159307,0.001852689,0.214253168,-0.019999836
0.166000,0.359544904,0.001884007,0.217001372,-0.020103306
0.167000,0.358919675,0.001915682,0.219744529,-0.020205578
0.168000,0.358283536,0.001947714,0.222482431,-0.020306638
0.169000,0.357636403,0.001980106,0.225214875,-0.020406476
0.170000,0.356978192,0.002012859,0.227941656,-0.020505078
0.171000,0.356308822,0.002045974,0.230662570,-0.020602435
0.172000,0.355628213,0.002079454,0.233377417,-0.020698534
0.173000,0.354936285,0.002113300,0.236085995,-0.020793363
0.174000,0.354232960,0.002147514,0.238788106,-0.020886913
0.175000,0.353518161,0.002182097,0.241483551,-0.020979172
0.176000,0.352791814,0.002217051,0.244172133,-0.021070128
0.177000,0.352053843,0.002252377,0.246853657,-0.021159773
0.178000,0.351304175,0.002288078,0.249527929,-0.021248095
0.179000,0.350542740,0.002324154,0.252194755,-0.021335084
0.180000,0.349769467,0.002360608,0.254853943,-0.021420730
0.181000,0.348984286,0.002397441,0.257505304,-0.021505024
0.182000,0.348187131,0.002434655,0.260148648,-0.021587956
0.183000,0.347377935,0.002472252,0.262783788,-0.021669517
0.184000,0.346556634,0.002510232,0.265410537,-0.021749696
0.185000,0.345723163,0.002548598,0.268028711,-0.021828487
0.186000,0.344877460,0.002587352,0.270638126,-0.021905879
0.187000,0.344019466,0.002626495,0.273238600,-0.021981864
0.188000,0.343149122,0.002666029,0.275829952,-0.022056435
0.189000,0.342266368,0.002705955,0.278412005,-0.022129582
0.190000,0.341371149,0.002746275,0.280984579,-0.022201298
0.191000,0.340463411,0.002786991,0.283547499,-0.022271575
0.192000,0.339543099,0.002828105,0.286100590,-0.022340407
0.193000,0.338610163,0.002869618,0.288643680,-0.022407785
0.194000,0.337664552,0.002911531,0.291176596,-0.022473703
0.195000,0.336706216,0.002953847,0.293699169,-0.022538154
0.196000,0.335735109,0.002996566,0.296211231,-0.022601132
0.197000,0.334751186,0.003039692,0.298712615,-0.022662629
0.198000,0.333754401,0.003083225,0.301203156,-0.022722641
0.199000,0.332744713,0.003127167,0.303682689,-0.022781162
0.200000,0.331722080,0.003171519,0.306151054,-0.022838185
0.201000,0.330686463,0.003216284,0.308608090,-0.022893706
0.202000,0.329637825,0.003261463,0.311053638,-0.022947719
0.203000,0.328576128,0.003307057,0.313487542,-0.023000220
0.204000,0.327501338,0.003353068,0.315909646,-0.023051204
0.205000,0.326413423,0.003399498,0.318319796,-0.023100666
0.206000,0.325312350,0.003446348,0.320717842,-0.023148604
0.207000,0.324198091,0.003493620,0.323103632,-0.023195011
0.208000,0.323070617,0.003541315,0.325477019,-0.023239886
0.209000,0.321929902,0.003589435,0.327837855,-0.023283224
0.210000,0.320775921,0.003637982,0.330185996,-0.023325024
0.211000,0.319608651,0.003686957,0.332521299,-0.023365280
0.212000,0.318428070,0.003736361,0.334843623,-0.023403992
0.213000,0.317234160,0.003786196,0.337152827,-0.023441157
0.214000,0.316026901,0.003836463,0.339448774,-0.023476772
0.215000,0.314806279,0.003887165,0.341731329,-0.023510836
0.216000,0.313572277,0.003938301,0.344000357,-0.023543347
0.217000,0.312324884,0.003989874,0.346255725,-0.023574304
0.218000,0.311064088,0.004041886,0.348497304,-0.023603706
0.219000,0.309789880,0.004094337,0.350724964,-0.023631551
0.220000,0.308502253,0.004147228,0.352938580,-0.023657840
0.221000,0.307201199,0.004200561,0.355138026,-0.023682572
0.222000,0.305886717,0.004254338,0.357323179,-0.023705746
0.223000,0.304558802,0.004308559,0.359493918,-0.023727364
0.224000,0.303217454,0.004363226,0.361650123,-0.023747425
0.225000,0.301862675,0.004418340,0.363791679,-0.023765930
0.226000,0.300494468,0.004473902,0.365918468,-0.023782880
0.227000,0.299112837,0.004529913,0.368030378,-0.023798276
0.228000,0.297717788,0.004586375,0.370127297,-0.023812121
0.229000,0.296309331,0.004643287,0.372209115,-0.023824414
0.230000,0.294887475,0.004700652,0.374275725,-0.023835159
0.231000,0.293452231,0.004758470,0.376327021,-0.023844357
0.232000,0.292003615,0.004816742,0.378362899,-0.023852011
0.233000,0.290541641,0.004875468,0.380383258,-0.023858123
0.234000,0.289066326,0.004934651,0.382387996,-0.023862698
0.235000,0.287577690,0.004994290,0.384377018,-0.023865736
0.236000,0.286075753,0.005054386,0.386350226,-0.023867243
0.237000,0.284560539,0.005114941,0.388307526,-0.023867222
0.238000,0.283032071,0.005175953,0.390248828,-0.023865677
0.239000,0.281490376,0.005237425,0.392174040,-0.023862611
0.240000,0.279935483,0.005299356,0.394083074,-0.023858030
0.241000,0.278367421,0.005361747,0.395975846,-0.023851938
0.242000,0.276786223,0.005424599,0.397852270,-0.023844339
0.243000,0.275191921,0.005487911,0.399712265,-0.023835240
0.244000,0.273584551,0.005551684,0.401555751,-0.023824644
0.245000,0.271964151,0.005615919,0.403382650,-0.023812559
0.246000,0.270330760,0.005680614,0.405192886,-0.023798989
0.247000,0.268684418,0.005745771,0.406986385,-0.023783941
0.248000,0.267025169,0.005811389,0.408763075,-0.023767421
0.249000,0.265353056,0.005877469,0.410522887,-0.023749435
0.250000,0.263668127,0.005944009,0.412265753,-0.023729991
0.251000,0.261970430,0.006011010,0.413991606,-0.023709095
0.252000,0.260260014,0.006078472,0.415700383,-0.023686754
0.253000,0.258536932,0.006146394,0.417392023,-0.023662977
0.254000,0.256801237,0.006214776,0.419066466,-0.023637769
0.255000,0.255052985,0.006283617,0.420723653,-0.023611140
0.256000,0.253292233,0.006352916,0.422363531,-0.023583097
0.257000,0.251519040,0.006422673,0.423986044,-0.023553648
0.258000,0.249733467,0.006492888,0.425591142,-0.023522802
0.259000,0.247935577,0.006563558,0.427178775,-0.023490568
0.260000,0.246125435,0.006634684,0.428748895,-0.023456955
0.261000,0.244303106,0.006706263,0.430301458,-0.023421971
0.262000,0.242468659,0.006778296,0.431836420,-0.023385625
0.263000,0.240622165,0.006850780,0.433353739,-0.023347928
0.264000,0.238763694,0.006923715,0.434853377,-0.023308889
0.265000,0.236893320,0.006997099,0.436335296,-0.023268518
0.266000,0.235011118,0.007070930,0.437799461,-0.023226825
0.267000,0.233117166,0.007145207,0.439245838,-0.023183819
0.268000,0.231211542,0.007219927,0.440674398,-0.023139512
0.269000,0.229294327,0.007295090,0.442085110,-0.023093914
0.270000,0.227365604,0.007370693,0.443477948,-0.023047036
0.271000,0.225425456,0.007446735,0.444852886,-0.022998888
0.272000,0.223473969,0.007523212,0.446209902,-0.022949482
0.273000,0.221511232,0.007600123,0.447548975,-0.022898829
0.274000,0.219537332,0.007677465,0.448870085,-0.022846941
0.275000,0.217552362,0.007755236,0.450173216,-0.022793829
0.276000,0.215556414,0.007833434,0.451458353,-0.022739504
0.277000,0.213549583,0.007912055,0.452725482,-0.022683979
0.278000,0.211531965,0.007991097,0.453974594,-0.022627266
0.279000,0.209503658,0.008070556,0.455205679,-0.022569377
0.280000,0.207464761,0.008150430,0.456418730,-0.022510324
0.281000,0.205415376,0.008230716,0.457613741,-0.022450120
0.282000,0.203355606,0.008311409,0.458790712,-0.022388778
0.283000,0.201285555,0.008392508,0.459949639,-0.022326309
0.284000,0.199205330,0.008474008,0.461090525,-0.022262728
0.285000,0.197115039,0.008555905,0.462213372,-0.022198047
0.286000,0.195014791,0.008638196,0.463318185,-0.022132279
0.287000,0.192904698,0.008720877,0.464404971,-0.022065437
0.288000,0.190784872,0.008803943,0.465473739,-0.021997536
0.289000,0.188655429,0.008887392,0.466524499,-0.021928588
0.290000,0.186516483,0.008971218,0.467557265,-0.021858607
0.291000,0.184368154,0.009055416,0.468572051,-0.021787607
0.292000,0.182210559,0.009139983,0.469568873,-0.021715602
0.293000,0.180043821,0.009224914,0.470547750,-0.021642605
0.294000,0.177868061,0.009310203,0.471508703,-0.021568631
0.295000,0.175683404,0.009395847,0.472451753,-0.021493693
0.296000,0.173489974,0.009481839,0.473376925,-0.021417807
0.297000,0.171287900,0.009568176,0.474284245,-0.021340985
0.298000,0.169077309,0.009654850,0.475173740,-0.021263244
0.299000,0.166858331,0.009741858,0.476045441,-0.021184596
0.300000,0.164631099,0.009829192,0.476899379,-0.021105058
0.301000,0.162395746,0.009916849,0.477735588,-0.021024642
0.302000,0.160152405,0.010004821,0.478554103,-0.020943364
0.303000,0.157901213,0.010093103,0.479354961,-0.020861240
0.304000,0.155642308,0.010181689,0.480138201,-0.020778282
0.305000,0.153375828,0.010270572,0.480903864,-0.020694507
0.306000,0.151101913,0.010359746,0.481651992,-0.020609930
0.307000,0.148820706,0.010449205,0.482382629,-0.020524564
0.308000,0.146532349,0.010538942,0.483095823,-0.020438427
0.309000,0.144236987,0.010628949,0.483791620,-0.020351531
0.310000,0.141934765,0.010719221,0.484470071,-0.020263893
0.311000,0.139625832,0.010809751,0.485131226,-0.020175528
0.312000,0.137310335,0.010900530,0.485775139,-0.020086450
0.313000,0.134988425,0.010991552,0.486401865,-0.019996675
0.314000,0.132660252,0.011082809,0.487011459,-0.019906219
0.315000,0.130325970,0.011174295,0.487603981,-0.019815097
0.316000,0.127985731,0.011266000,0.488179491,-0.019723323
0.317000,0.125639691,0.011357917,0.488738049,-0.019630913
0.318000,0.123288007,0.011450039,0.489279719,-0.019537882
0.319000,0.120930835,0.011542358,0.489804566,-0.019444247
0.320000,0.118568335,0.011634864,0.490312656,-0.019350021
0.321000,0.116200667,0.011727551,0.490804058,-0.019255221
0.322000,0.113827991,0.011820409,0.491278841,-0.019159861
0.323000,0.111450470,0.011913429,0.491737077,-0.019063957
0.324000,0.109068268,0.012006604,0.492178838,-0.018967525
0.325000,0.106681548,0.012099925,0.492604199,-0.018870579
0.326000,0.104290478,0.012193382,0.493013236,-0.018773134
0.327000,0.101895223,0.012286966,0.493406026,-0.018675207
0.328000,0.099495952,0.012380669,0.493782648,-0.018576812
0.329000,0.097092834,0.012474481,0.494143184,-0.018477965
0.330000,0.094686038,0.012568393,0.494487714,-0.018378680
0.331000,0.092275736,0.012662395,0.494816323,-0.018278973
0.332000,0.089862100,0.012756478,0.495129096,-0.018178859
0.333000,0.087445304,0.012850632,0.495426118,-0.018078353
0.334000,0.085025520,0.012944847,0.495707478,-0.017977469
0.335000,0.082602926,0.013039114,0.495973265,-0.017876224
0.336000,0.080177695,0.013133422,0.496223570,-0.017774631
0.337000,0.077750006,0.013227762,0.496458484,-0.017672706
0.338000,0.075320037,0.013322122,0.496678101,-0.017570464
0.339000,0.072887965,0.013416494,0.496882516,-0.017467919
0.340000,0.070453972,0.013510866,0.497071825,-0.017365086
0.341000,0.068018237,0.013605227,0.497246126,-0.017261979
0.342000,0.065580941,0.013699569,0.497405516,-0.017158614
0.343000,0.063142268,0.013793879,0.497550096,-0.017055004
0.344000,0.060702400,0.013888147,0.497679968,-0.016951165
0.345000,0.058261520,0.013982363,0.497795233,-0.016847110
0.346000,0.055819814,0.014076514,0.497895995,-0.016742853
0.347000,0.053377467,0.014170592,0.497982360,-0.016638410
0.348000,0.050934664,0.014264583,0.498054433,-0.016533793
0.349000,0.048491593,0.014358478,0.498112322,-0.016429018
0.350000,0.046048441,0.014452265,0.498156136,-0.016324097
0.351000,0.043605396,0.014545933,0.498185983,-0.016219045
0.352000,0.041162647,0.014639470,0.498201975,-0.016113876
0.353000,0.038720382,0.014732865,0.498204223,-0.016008603
0.354000,0.036278794,0.014826107,0.498192840,-0.015903239
0.355000,0.033838070,0.014919185,0.498167941,-0.015797799
0.356000,0.031398404,0.015012085,0.498129640,-0.015692295
0.357000,0.028959986,0.015104798,0.498078054,-0.015586741
0.358000,0.026523010,0.015197312,0.498013299,-0.015481150
0.359000,0.024087666,0.015289614,0.497935495,-0.015375534
0.360000,0.021654150,0.015381693,0.497844758,-0.015269907
0.361000,0.019222654,0.015473538,0.497741211,-0.015164282
0.362000,0.016793373,0.015565136,0.497624973,-0.015058671
0.363000,0.014366501,0.015656476,0.497496167,-0.014953087
0.364000,0.011942233,0.015747545,0.497354916,-0.014847542
0.365000,0.009520764,0.015838333,0.497201342,-0.014742048
0.366000,0.007102291,0.015928826,0.497035571,-0.014636618
0.367000,0.004687009,0.016019014,0.496857728,-0.014531264
0.368000,0.002275115,0.016108884,0.496667940,-0.014425998
0.369000,-0.000133195,0.016198424,0.496466332,-0.014320830
0.370000,-0.002537724,0.016287623,0.496253034,-0.014215774
0.371000,-0.004938274,0.016376468,0.496028173,-0.014110841
0.372000,-0.007334649,0.016464947,0.495791879,-0.014006042
0.373000,-0.009726649,0.016553049,0.495544281,-0.013901388
0.374000,-0.012114079,0.016640762,0.495285511,-0.013796890
0.375000,-0.014496738,0.016728073,0.495015700,-0.013692560
0.376000,-0.016874430,0.016814971,0.494734980,-0.013588408
0.377000,-0.019246957,0.016901444,0.494443484,-0.013484445
0.378000,-0.021614118,0.016987479,0.494141345,-0.013380681
0.379000,-0.023975717,0.017073066,0.493828697,-0.013277128
0.380000,-0.026331555,0.017158193,0.493505674,-0.013173794
0.381000,-0.028681432,0.017242847,0.493172411,-0.013070691
0.382000,-0.031025151,0.017327016,0.492829045,-0.012967828
0.383000,-0.033362512,0.017410690,0.492475711,-0.012865216
0.384000,-0.035693318,0.017493856,0.492112546,-0.012762863
0.385000,-0.038017369,0.017576503,0.491739687,-0.012660779
0.386000,-0.040334467,0.017658619,0.491357271,-0.012558974
0.387000,-0.042644414,0.017740193,0.490965437,-0.012457457
0.388000,-0.044947012,0.017821213,0.490564323,-0.012356238
0.389000,-0.047242061,0.017901668,0.490154068,-0.012255324
0.390000,-0.049529365,0.017981547,0.489734811,-0.012154724
0.391000,-0.051808725,0.018060837,0.489306692,-0.012054448
0.392000,-0.054079944,0.018139529,0.488869850,-0.011954504
0.393000,-0.056342824,0.018217611,0.488424426,-0.011854900
0.394000,-0.058597168,0.018295072,0.487970560,-0.011755644
0.395000,-0.060842780,0.018371901,0.487508393,-0.011656745
0.396000,-0.063079463,0.018448087,0.487038066,-0.011558209
0.397000,-0.065307019,0.018523620,0.486559720,-0.011460046
0.398000,-0.067525254,0.018598488,0.486073497,-0.011362262
0.399000,-0.069733972,0.018672682,0.485579538,-0.011264864
0.400000,-0.071932977,0.018746190,0.485077986,-0.011167861
0.401000,-0.074122075,0.018819003,0.484568982,-0.011071258
0.402000,-0.076301071,0.018891109,0.484052669,-0.010975063
0.403000,-0.078469771,0.018962500,0.483529188,-0.010879283
0.404000,-0.080627981,0.019033165,0.482998681,-0.010783925
0.405000,-0.082775509,0.019103094,0.482461292,-0.010688994
0.406000,-0.084912162,0.019172277,0.481917163,-0.010594497
0.407000,-0.087037748,0.019240705,0.481366436,-0.010500441
0.408000,-0.089152075,0.019308368,0.480809253,-0.010406831
0.409000,-0.091254952,0.019375257,0.480245758,-0.010313672
0.410000,-0.093346190,0.019441362,0.479676091,-0.010220972
0.411000,-0.095425598,0.019506675,0.479100397,-0.010128735
0.412000,-0.097492986,0.019571187,0.478518816,-0.010036966
0.413000,-0.099548168,0.019634888,0.477931491,-0.009945671
0.414000,-0.101590955,0.019697770,0.477338565,-0.009854856
0.415000,-0.103621159,0.019759826,0.476740179,-0.009764524
0.416000,-0.105638595,0.019821045,0.476136474,-0.009674681
0.417000,-0.107643077,0.019881420,0.475527593,-0.009585332
0.418000,-0.109634420,0.019940944,0.474913677,-0.009496480
0.419000,-0.111612439,0.019999608,0.474294867,-0.009408131
0.420000,-0.113576953,0.020057405,0.473671303,-0.009320288
0.421000,-0.115527777,0.020114326,0.473043127,-0.009232955
0.422000,-0.117464731,0.020170366,0.472410479,-0.009146137
0.423000,-0.119387633,0.020225516,0.471773499,-0.009059837
0.424000,-0.121296305,0.020279770,0.471132326,-0.008974059
0.425000,-0.123190566,0.020333122,0.470487101,-0.008888807
0.426000,-0.125070239,0.020385563,0.469837961,-0.008804083
0.427000,-0.126935147,0.020437089,0.469185047,-0.008719891
0.428000,-0.128785113,0.020487692,0.468528495,-0.008636235
0.429000,-0.130619963,0.020537368,0.467868445,-0.008553116
0.430000,-0.132439521,0.020586109,0.467205033,-0.008470538
0.431000,-0.134243616,0.020633911,0.466538397,-0.008388504
0.432000,-0.136032075,0.020680769,0.465868672,-0.008307016
0.433000,-0.137804727,0.020726676,0.465195996,-0.008226076
0.434000,-0.139561402,0.020771628,0.464520503,-0.008145688
0.435000,-0.141301931,0.020815621,0.463842328,-0.008065853
0.436000,-0.143026147,0.020858649,0.463161607,-0.007986572
0.437000,-0.144733883,0.020900708,0.462478472,-0.007907849
0.438000,-0.146424973,0.020941795,0.461793057,-0.007829685
0.439000,-0.148099254,0.020981906,0.461105495,-0.007752082
0.440000,-0.149756562,0.021021036,0.460415917,-0.007675041
0.441000,-0.151396735,0.021059182,0.459724456,-0.007598564
0.442000,-0.153019614,0.021096342,0.459031242,-0.007522652
0.443000,-0.154625038,0.021132512,0.458336405,-0.007447306
0.444000,-0.156212850,0.021167689,0.457640074,-0.007372528
0.445000,-0.157782893,0.021201871,0.456942378,-0.007298318
0.446000,-0.159335012,0.021235056,0.456243445,-0.007224678
0.447000,-0.160869052,0.021267241,0.455543402,-0.007151609
0.448000,-0.162384861,0.021298425,0.454842376,-0.007079110
0.449000,-0.163882287,0.021328607,0.454140492,-0.007007183
0.450000,-0.165361181,0.021357784,0.453437875,-0.006935828
0.451000,-0.166821394,0.021385955,0.452734650,-0.006865046
0.452000,-0.168262778,0.021413121,0.452030938,-0.006794837
0.453000,-0.169685189,0.021439280,0.451326864,-0.006725202
0.454000,-0.171088481,0.021464432,0.450622547,-0.006656139
0.455000,-0.172472512,0.021488577,0.449918110,-0.006587650
0.456000,-0.173837141,0.021511714,0.449213671,-0.006519735
0.457000,-0.175182228,0.021533845,0.448509349,-0.006452393
0.458000,-0.176507635,0.021554970,0.447805263,-0.006385624
0.459000,-0.177813224,0.021575089,0.447101528,-0.006319427
0.460000,-0.179098861,0.021594205,0.446398262,-0.006253804
0.461000,-0.180364413,0.021612317,0.445695579,-0.006188752
0.462000,-0.181609747,0.021629428,0.444993592,-0.006124272
0.463000,-0.182834732,0.021645540,0.444292416,-0.006060362
0.464000,-0.184039241,0.021660655,0.443592162,-0.005997023
0.465000,-0.185223145,0.021674775,0.442892941,-0.005934254
0.466000,-0.186386320,0.021687903,0.442194862,-0.005872053
0.467000,-0.187528642,0.021700041,0.441498035,-0.005810421
0.468000,-0.188649987,0.021711193,0.440802568,-0.005749355
0.469000,-0.189750237,0.021721362,0.440108566,-0.005688855
0.470000,-0.190829272,0.021730551,0.439416136,-0.005628920
0.471000,-0.191886976,0.021738765,0.438725382,-0.005569549
0.472000,-0.192923232,0.021746008,0.438036407,-0.005510741
0.473000,-0.193937927,0.021752284,0.437349314,-0.005452494
0.474000,-0.194930951,0.021757597,0.436664202,-0.005394807
0.475000,-0.195902192,0.021761952,0.435981173,-0.005337679
0.476000,-0.196851542,0.021765355,0.435300324,-0.005281108
0.477000,-0.197778896,0.021767810,0.434621754,-0.005225094
0.478000,-0.198684148,0.021769324,0.433945558,-0.005169634
0.479000,-0.199567196,0.021769902,0.433271831,-0.005114728
0.480000,-0.200427939,0.021769550,0.432600667,-0.005060372
0.481000,-0.201266278,0.021768275,0.431932158,-0.005006567
0.482000,-0.202082116,0.021766083,0.431266396,-0.004953310
0.483000,-0.202875358,0.021762980,0.430603470,-0.004900600
0.484000,-0.203645909,0.021758975,0.429943469,-0.004848435
0.485000,-0.204393680,0.021754073,0.429286481,-0.004796812
0.486000,-0.205118579,0.021748283,0.428632592,-0.004745732
0.487000,-0.205820521,0.021741612,0.427981886,-0.004695191
0.488000,-0.206499418,0.021734068,0.427334446,-0.004645188
0.489000,-0.207155187,0.021725660,0.426690355,-0.004595721
0.490000,-0.207787747,0.021716395,0.426049694,-0.004546788
0.491000,-0.208397018,0.021706283,0.425412541,-0.004498387
0.492000,-0.208982921,0.021695332,0.424778975,-0.004450516
0.493000,-0.209545382,0.021683551,0.424149073,-0.004403174
0.494000,-0.210084325,0.021670950,0.423522909,-0.004356359
0.495000,-0.210599681,0.021657538,0.422900557,-0.004310068
0.496000,-0.211091378,0.021643324,0.422282090,-0.004264299
0.497000,-0.211559349,0.021628319,0.421667579,-0.004219051
0.498000,-0.212003528,0.021612533,0.421057094,-0.004174321
0.499000,-0.212423852,0.021595976,0.420450701,-0.004130108
0.500000,-0.212820259,0.021578659,0.419848469,-0.004086410
0.501000,-0.213192689,0.021560592,0.419250462,-0.004043223
0.502000,-0.213541086,0.021541786,0.418656744,-0.004000547
0.503000,-0.213865393,0.021522253,0.418067378,-0.003958380
0.504000,-0.214165558,0.021502003,0.417482424,-0.003916718
0.505000,-0.214441528,0.021481049,0.416901941,-0.003875561
0.506000,-0.214693256,0.021459401,0.416325989,-0.003834906
0.507000,-0.214920694,0.021437073,0.415754622,-0.003794752
0.508000,-0.215123798,0.021414075,0.415187896,-0.003755095
0.509000,-0.215302524,0.021390420,0.414625864,-0.003715934
0.510000,-0.215456832,0.021366121,0.414068578,-0.003677267
0.511000,-0.215586683,0.021341190,0.413516088,-0.003639092
0.512000,-0.215692042,0.021315639,0.412968444,-0.003601407
0.513000,-0.215772873,0.021289483,0.412425692,-0.003564210
0.514000,-0.215829145,0.021262732,0.411887879,-0.003527498
0.515000,-0.215860829,0.021235402,0.411355048,-0.003491271
0.516000,-0.215867895,0.021207505,0.410827242,-0.003455525
0.517000,-0.215850320,0.021179055,0.410304503,-0.003420259
0.518000,-0.215808078,0.021150065,0.409786870,-0.003385471
0.519000,-0.215741150,0.021120549,0.409274380,-0.003351158
0.520000,-0.215649516,0.021090521,0.408767071,-0.003317320
0.521000,-0.215533159,0.021059995,0.408264978,-0.003283953
0.522000,-0.215392065,0.021028986,0.407768133,-0.003251056
0.523000,-0.215226220,0.020997507,0.407276568,-0.003218628
0.524000,-0.215035616,0.020965573,0.406790314,-0.003186665
0.525000,-0.214820243,0.020933198,0.406309399,-0.003155167
0.526000,-0.214580095,0.020900397,0.405833851,-0.003124131
0.527000,-0.214315170,0.020867186,0.405363694,-0.003093556
0.528000,-0.214025465,0.020833577,0.404898953,-0.003063439
0.529000,-0.213710981,0.020799587,0.404439650,-0.003033780
0.530000,-0.213371721,0.020765231,0.403985805,-0.003004575
0.531000,-0.213007690,0.020730523,0.403537438,-0.002975824
0.532000,-0.212618895,0.020695479,0.403094566,-0.002947525
0.533000,-0.212205346,0.020660114,0.402657206,-0.002919675
0.534000,-0.211767055,0.020624443,0.402225370,-0.002892273
0.535000,-0.211304034,0.020588482,0.401799073,-0.002865318
0.536000,-0.210816301,0.020552246,0.401378326,-0.002838808
0.537000,-0.210303874,0.020515751,0.400963137,-0.002812740
0.538000,-0.209766773,0.020479012,0.400553516,-0.002787114
0.539000,-0.209205020,0.020442044,0.400149468,-0.002761928
0.540000,-0.208618641,0.020404864,0.399750997,-0.002737180
0.541000,-0.208007663,0.020367487,0.399358109,-0.002712869
0.542000,-0.207372114,0.020329929,0.398970803,-0.002688993
0.543000,-0.206712027,0.020292205,0.398589080,-0.002665551
0.544000,-0.206027435,0.020254332,0.398212938,-0.002642541
0.545000,-0.205318373,0.020216324,0.397842375,-0.002619962
0.546000,-0.204584881,0.020178198,0.397477386,-0.002597812
0.547000,-0.203826997,0.020139970,0.397117963,-0.002576089
0.548000,-0.203044764,0.020101655,0.396764101,-0.002554793
0.549000,-0.202238228,0.020063269,0.396415788,-0.002533922
0.550000,-0.201407433,0.020024828,0.396073014,-0.002513475
0.551000,-0.200552430,0.019986348,0.395735766,-0.002493450
0.552000,-0.199673270,0.019947844,0.395404031,-0.002473847
0.553000,-0.198770005,0.019909332,0.395077792,-0.002454663
0.554000,-0.197842691,0.019870828,0.394757032,-0.002435897
0.555000,-0.196891385,0.019832347,0.394441733,-0.002417549
0.556000,-0.195916147,0.019793904,0.394131873,-0.002399616
0.557000,-0.194917039,0.019755517,0.393827432,-0.002382099
0.558000,-0.193894124,0.019717199,0.393528386,-0.002364995
0.559000,-0.192847469,0.019678967,0.393234709,-0.002348303
0.560000,-0.191777142,0.019640835,0.392946375,-0.002332023
0.561000,-0.190683212,0.019602819,0.392663356,-0.002316154
0.562000,-0.189565753,0.019564935,0.392385623,-0.002300693
0.563000,-0.188424838,0.019527197,0.392113144,-0.002285640
0.564000,-0.187260544,0.019489620,0.391845887,-0.002270995
0.565000,-0.186072950,0.019452220,0.391583818,-0.002256755
0.566000,-0.184862137,0.019415011,0.391326901,-0.002242921
0.567000,-0.183628186,0.019378008,0.391075099,-0.002229490
0.568000,-0.182371183,0.019341226,0.390828373,-0.002216462
0.569000,-0.181091215,0.019304679,0.390586684,-0.002203837
0.570000,-0.179788371,0.019268382,0.390349990,-0.002191612
0.571000,-0.178462741,0.019232349,0.390118248,-0.002179788
0.572000,-0.177114418,0.019196594,0.389891414,-0.002168363
0.573000,-0.175743497,0.019161131,0.389669441,-0.002157336
0.574000,-0.174350076,0.019125974,0.389452283,-0.002146707
0.575000,-0.172934252,0.019091138,0.389239891,-0.002136475
0.576000,-0.171496128,0.019056635,0.389032215,-0.002126638
0.577000,-0.170035805,0.019022479,0.388829202,-0.002117196
0.578000,-0.168553390,0.018988683,0.388630801,-0.002108148
0.579000,-0.167048987,0.018955261,0.388436957,-0.002099494
0.580000,-0.165522707,0.018922226,0.388247614,-0.002091232
0.581000,-0.163974659,0.018889590,0.388062714,-0.002083362
0.582000,-0.162404957,0.018857366,0.387882201,-0.002075883
0.583000,-0.160813715,0.018825567,0.387706013,-0.002068795
0.584000,-0.159201049,0.018794205,0.387534089,-0.002062096
0.585000,-0.157567077,0.018763291,0.387366368,-0.002055785
0.586000,-0.155911919,0.018732839,0.387202785,-0.002049863
0.587000,-0.154235698,0.018702859,0.387043275,-0.002044328
0.588000,-0.152538538,0.018673363,0.386887772,-0.002039180
0.589000,-0.150820563,0.018644363,0.386736208,-0.002034417
0.590000,-0.149081901,0.018615869,0.386588513,-0.002030040
0.591000,-0.147322682,0.018587892,0.386444619,-0.002026047
0.592000,-0.145543036,0.018560443,0.386304453,-0.002022439
0.593000,-0.143743097,0.018533533,0.386167942,-0.002019213
0.594000,-0.141922998,0.018507172,0.386035012,-0.002016370
0.595000,-0.140082877,0.018481369,0.385905589,-0.002013909
0.596000,-0.138222870,0.018456135,0.385779595,-0.002011829
0.597000,-0.136343119,0.018431479,0.385656954,-0.002010130
0.598000,-0.134443764,0.018407410,0.385537586,-0.002008811
0.599000,-0.132524949,0.018383937,0.385421411,-0.002007871
0.600000,-0.130586818,0.018361069,0.385308348,-0.002007310
0.601000,-0.128629517,0.018338814,0.385198316,-0.002007126
0.602000,-0.126653196,0.018317182,0.385091229,-0.002007320
0.603000,-0.124658003,0.018296179,0.384987005,-0.002007891
0.604000,-0.122644090,0.018275813,0.384885557,-0.002008838
0.605000,-0.120611610,0.018256093,0.384786798,-0.002010161
0.606000,-0.118560717,0.018237025,0.384690641,-0.002011858
0.607000,-0.116491568,0.018218616,0.384596997,-0.002013929
0.608000,-0.114404320,0.018200873,0.384505776,-0.002016374
0.609000,-0.112299132,0.018183802,0.384416887,-0.002019192
0.610000,-0.110176165,0.018167410,0.384330238,-0.002022383
0.611000,-0.108035581,0.018151702,0.384245736,-0.002025944
0.612000,-0.105877543,0.018136683,0.384163287,-0.002029877
0.613000,-0.103702217,0.018122360,0.384082796,-0.002034180
0.614000,-0.101509770,0.018108736,0.384004168,-0.002038853
0.615000,-0.099300368,0.018095817,0.383927304,-0.002043895
0.616000,-0.097074182,0.018083608,0.383852109,-0.002049306
0.617000,-0.094831382,0.018072111,0.383778482,-0.002055084
0.618000,-0.092572140,0.018061331,0.383706324,-0.002061229
0.619000,-0.090296630,0.018051272,0.383635536,-0.002067740
0.620000,-0.088005026,0.018041937,0.383566014,-0.002074618
0.621000,-0.085697505,0.018033328,0.383497659,-0.002081860
0.622000,-0.083374244,0.018025449,0.383430365,-0.002089466
0.623000,-0.081035422,0.018018301,0.383364030,-0.002097437
0.624000,-0.078681218,0.018011887,0.383298549,-0.002105770
0.625000,-0.076311813,0.018006208,0.383233816,-0.002114465
0.626000,-0.073927391,0.018001266,0.383169725,-0.002123522
0.627000,-0.071528134,0.017997061,0.383106170,-0.002132940
0.628000,-0.069114227,0.017993595,0.383043042,-0.002142718
0.629000,-0.066685857,0.017990868,0.382980233,-0.002152855
0.630000,-0.064243210,0.017988881,0.382917635,-0.002163351
0.631000,-0.061786474,0.017987632,0.382855137,-0.002174205
0.632000,-0.059315839,0.017987122,0.382792628,-0.002185416
0.633000,-0.056831495,0.017987351,0.382729999,-0.002196983
0.634000,-0.054333633,0.017988316,0.382667137,-0.002208906
0.635000,-0.051822446,0.017990016,0.382603929,-0.002221184
0.636000,-0.049298127,0.017992451,0.382540264,-0.002233816
0.637000,-0.046760871,0.017995617,0.382476026,-0.002246801
0.638000,-0.044210873,0.017999513,0.382411104,-0.002260138
0.639000,-0.041648329,0.018004136,0.382345380,-0.002273828
0.640000,-0.039073437,0.018009483,0.382278742,-0.002287868
0.641000,-0.036486396,0.018015551,0.382211072,-0.002302258
0.642000,-0.033887403,0.018022337,0.382142256,-0.002316998
0.643000,-0.031276659,0.018029836,0.382072175,-0.002332086
0.644000,-0.028654366,0.018038045,0.382000714,-0.002347522
0.645000,-0.026020724,0.018046959,0.381927755,-0.002363305
0.646000,-0.023375936,0.018056574,0.381853180,-0.002379433
0.647000,-0.020720205,0.018066884,0.381776871,-0.002395907
0.648000,-0.018053736,0.018077885,0.381698708,-0.002412725
0.649000,-0.015376733,0.018089571,0.381618574,-0.002429887
0.650000,-0.012689402,0.018101935,0.381536349,-0.002447391
0.651000,-0.009991948,0.018114972,0.381451913,-0.002465237
0.652000,-0.007284579,0.018128675,0.381365146,-0.002483423
0.653000,-0.004567503,0.018143038,0.381275927,-0.002501950
0.654000,-0.001840927,0.018158054,0.381184138,-0.002520816
0.655000,0.000894940,0.018173715,0.381089656,-0.002540020
0.656000,0.003639889,0.018190014,0.380992361,-0.002559561
0.657000,0.006393709,0.018206943,0.380892132,-0.002579439
0.658000,0.009156190,0.018224494,0.380788847,-0.002599653
0.659000,0.011927121,0.018242658,0.380682385,-0.002620201
0.660000,0.014706290,0.018261428,0.380572625,-0.002641083
0.661000,0.017493486,0.018280794,0.380459444,-0.002662298
0.662000,0.020288497,0.018300746,0.380342720,-0.002683846
0.663000,0.023091108,0.018321277,0.380222332,-0.002705724
0.664000,0.025901107,0.018342375,0.380098158,-0.002727933
0.665000,0.028718280,0.018364031,0.379970075,-0.002750471
0.666000,0.031542414,0.018386236,0.379837962,-0.002773338
0.667000,0.034373293,0.018408977,0.379701696,-0.002796533
0.668000,0.037210703,0.018432246,0.379561155,-0.002820054
0.669000,0.040054430,0.018456031,0.379416218,-0.002843902
0.670000,0.042904256,0.018480322,0.379266761,-0.002868074
0.671000,0.045759968,0.018505106,0.379112664,-0.002892571
0.672000,0.048621350,0.018530372,0.378953804,-0.002917391
0.673000,0.051488184,0.018556109,0.378790060,-0.002942534
0.674000,0.054360256,0.018582305,0.378621310,-0.002967999
0.675000,0.057237348,0.018608947,0.378447432,-0.002993784
0.676000,0.060119244,0.018636023,0.378268306,-0.003019890
0.677000,0.063005728,0.018663521,0.378083810,-0.003046314
0.678000,0.065896582,0.018691428,0.377893823,-0.003073058
0.679000,0.068791591,0.018719731,0.377698224,-0.003100118
0.680000,0.071690536,0.018748417,0.377496893,-0.003127496
0.681000,0.074593202,0.018777472,0.377289711,-0.003155190
0.682000,0.077499371,0.018806883,0.377076556,-0.003183199
0.683000,0.080408826,0.018836637,0.376857310,-0.003211523
0.684000,0.083321351,0.018866719,0.376631853,-0.003240160
0.685000,0.086236728,0.018897117,0.376400066,-0.003269110
0.686000,0.089154741,0.018927814,0.376161831,-0.003298373
0.687000,0.092075174,0.018958798,0.375917029,-0.003327948
0.688000,0.094997809,0.018990054,0.375665543,-0.003357833
0.689000,0.097922430,0.019021568,0.375407256,-0.003388029
0.690000,0.100848822,0.019053324,0.375142050,-0.003418534
0.691000,0.103776767,0.019085307,0.374869809,-0.003449349
0.692000,0.106706051,0.019117504,0.374590417,-0.003480471
0.693000,0.109636458,0.019149899,0.374303759,-0.003511902
0.694000,0.112567772,0.019182476,0.374009720,-0.003543640
0.695000,0.115499779,0.019215220,0.373708185,-0.003575684
0.696000,0.118432263,0.019248117,0.373399040,-0.003608034
0.697000,0.121365010,0.019281150,0.373082173,-0.003640690
0.698000,0.124297807,0.019314304,0.372757469,-0.003673651
0.699000,0.127230439,0.019347564,0.372424819,-0.003706917
0.700000,0.130162693,0.019380912,0.372084109,-0.003740486
0.701000,0.133094356,0.019414335,0.371735229,-0.003774360
0.702000,0.136025217,0.019447816,0.371378069,-0.003808536
0.703000,0.138955061,0.019481338,0.371012520,-0.003843015
0.704000,0.141883679,0.019514886,0.370638473,-0.003877797
0.705000,0.144810859,0.019548445,0.370255819,-0.003912881
0.706000,0.147736390,0.019581997,0.369864452,-0.003948267
0.707000,0.150660063,0.019615526,0.369464265,-0.003983954
0.708000,0.153581668,0.019649017,0.369055152,-0.004019942
0.709000,0.156500996,0.019682454,0.368637009,-0.004056232
0.710000,0.159417838,0.019715819,0.368209730,-0.004092822
0.711000,0.162331988,0.019749097,0.367773214,-0.004129712
0.712000,0.165243238,0.019782271,0.367327357,-0.004166904
0.713000,0.168151382,0.019815326,0.366872058,-0.004204395
0.714000,0.171056214,0.019848244,0.366407216,-0.004242187
0.715000,0.173957529,0.019881010,0.365932732,-0.004280278
0.716000,0.176855123,0.019913608,0.365448506,-0.004318670
0.717000,0.179748793,0.019946021,0.364954441,-0.004357362
0.718000,0.182638335,0.019978232,0.364450439,-0.004396354
0.719000,0.185523547,0.020010226,0.363936405,-0.004435646
0.720000,0.188404229,0.020041987,0.363412244,-0.004475238
0.721000,0.191280181,0.020073498,0.362877861,-0.004515130
0.722000,0.194151202,0.020104744,0.362333164,-0.004555323
0.723000,0.197017093,0.020135708,0.361778061,-0.004595816
0.724000,0.199877659,0.020166374,0.361212460,-0.004636610
0.725000,0.202732700,0.020196726,0.360636273,-0.004677705
0.726000,0.205582023,0.020226749,0.360049410,-0.004719102
0.727000,0.208425430,0.020256426,0.359451783,-0.004760799
0.728000,0.211262730,0.020285742,0.358843307,-0.004802799
0.729000,0.214093728,0.020314682,0.358223895,-0.004845101
0.730000,0.216918232,0.020343229,0.357593464,-0.004887705
0.731000,0.219736051,0.020371368,0.356951930,-0.004930612
0.732000,0.222546996,0.020399084,0.356299212,-0.004973823
0.733000,0.225350878,0.020426362,0.355635229,-0.005017337
0.734000,0.228147508,0.020453186,0.354959901,-0.005061156
0.735000,0.230936700,0.020479541,0.354273151,-0.005105280
0.736000,0.233718268,0.020505413,0.353574901,-0.005149709
0.737000,0.236492028,0.020530786,0.352865075,-0.005194444
0.738000,0.239257796,0.020555646,0.352143600,-0.005239486
0.739000,0.242015390,0.020579978,0.351410401,-0.005284835
0.740000,0.244764629,0.020603767,0.350665408,-0.005330493
0.741000,0.247505333,0.020627000,0.349908549,-0.005376459
0.742000,0.250237324,0.020649662,0.349139755,-0.005422734
0.743000,0.252960423,0.020671740,0.348358959,-0.005469320
0.744000,0.255674455,0.020693218,0.347566093,-0.005516217
0.745000,0.258379246,0.020714084,0.346761094,-0.005563425
0.746000,0.261074620,0.020734324,0.345943896,-0.005610946
0.747000,0.263760407,0.020753924,0.345114438,-0.005658781
0.748000,0.266436434,0.020772872,0.344272658,-0.005706931
0.749000,0.269102533,0.020791154,0.343418498,-0.005755395
0.750000,0.271758535,0.020808756,0.342551898,-0.005804177
0.751000,0.274404273,0.020825668,0.341672803,-0.005853275
0.752000,0.277039581,0.020841875,0.340781157,-0.005902692
0.753000,0.279664296,0.020857366,0.339876906,-0.005952428
0.754000,0.282278254,0.020872129,0.338959999,-0.006002485
0.755000,0.284881293,0.020886151,0.338030384,-0.006052863
0.756000,0.287473255,0.020899420,0.337088011,-0.006103564
0.757000,0.290053981,0.020911926,0.336132835,-0.006154588
0.758000,0.292623313,0.020923656,0.335164807,-0.006205937
0.759000,0.295181097,0.020934599,0.334183884,-0.006257612
0.760000,0.297727177,0.020944745,0.333190023,-0.006309615
0.761000,0.300261402,0.020954083,0.332183181,-0.006361945
0.762000,0.302783620,0.020962602,0.331163320,-0.006414605
0.763000,0.305293683,0.020970292,0.330130400,-0.006467596
0.764000,0.307791442,0.020977142,0.329084384,-0.006520919
0.765000,0.310276750,0.020983143,0.328025238,-0.006574575
0.766000,0.312749464,0.020988286,0.326952928,-0.006628565
0.767000,0.315209439,0.020992560,0.325867422,-0.006682891
0.768000,0.317656535,0.020995956,0.324768690,-0.006737554
0.769000,0.320090611,0.020998466,0.323656702,-0.006792555
0.770000,0.322511529,0.021000081,0.322531433,-0.006847895
0.771000,0.324919153,0.021000792,0.321392856,-0.006903576
0.772000,0.327313347,0.021000590,0.320240948,-0.006959599
0.773000,0.329693977,0.020999469,0.319075686,-0.007015966
0.774000,0.332060913,0.020997419,0.317897051,-0.007072677
0.775000,0.334414025,0.020994435,0.316705023,-0.007129734
0.776000,0.336753183,0.020990507,0.315499586,-0.007187138
0.777000,0.339078262,0.020985630,0.314280725,-0.007244891
0.778000,0.341389136,0.020979795,0.313048425,-0.007302993
0.779000,0.343685682,0.020972998,0.311802675,-0.007361447
0.780000,0.345967779,0.020965231,0.310543465,-0.007420253
0.781000,0.348235308,0.020956488,0.309270786,-0.007479412
0.782000,0.350488150,0.020946764,0.307984632,-0.007538926
0.783000,0.352726189,0.020936053,0.306684998,-0.007598796
0.784000,0.354949312,0.020924350,0.305371880,-0.007659023
0.785000,0.357157404,0.020911649,0.304045277,-0.007719609
0.786000,0.359350357,0.020897946,0.302705190,-0.007780554
0.787000,0.361528060,0.020883237,0.301351621,-0.007841860
0.788000,0.363690406,0.020867516,0.299984573,-0.007903528
0.789000,0.365837291,0.020850781,0.298604052,-0.007965559
0.790000,0.367968611,0.020833027,0.297210066,-0.008027955
0.791000,0.370084263,0.020814250,0.295802623,-0.008090715
0.792000,0.372184150,0.020794449,0.294381736,-0.008153842
0.793000,0.374268171,0.020773618,0.292947415,-0.008217337
0.794000,0.376336232,0.020751757,0.291499677,-0.008281199
0.795000,0.378388238,0.020728862,0.290038537,-0.008345431
0.796000,0.380424098,0.020704930,0.288564014,-0.008410033
0.797000,0.382443719,0.020679962,0.287076127,-0.008475006
0.798000,0.384447015,0.020653953,0.285574899,-0.008540352
0.799000,0.386433898,0.020626904,0.284060353,-0.008606070
0.800000,0.388404283,0.020598813,0.282532513,-0.008672161
0.801000,0.390358088,0.020569679,0.280991409,-0.008738627
0.802000,0.392295232,0.020539501,0.279437068,-0.008805468
0.803000,0.394215636,0.020508279,0.277869522,-0.008872684
0.804000,0.396119223,0.020476013,0.276288802,-0.008940277
0.805000,0.398005917,0.020442702,0.274694944,-0.009008247
0.806000,0.399875645,0.020408349,0.273087984,-0.009076593
0.807000,0.401728337,0.020372951,0.271467960,-0.009145318
0.808000,0.403563922,0.020336512,0.269834912,-0.009214420
0.809000,0.405382334,0.020299032,0.268188881,-0.009283901
0.810000,0.407183507,0.020260512,0.266529912,-0.009353760
0.811000,0.408967377,0.020220953,0.264858049,-0.009423999
0.812000,0.410733883,0.020180359,0.263173340,-0.009494616
0.813000,0.412482965,0.020138730,0.261475833,-0.009565613
0.814000,0.414214566,0.020096070,0.259765581,-0.009636988
0.815000,0.415928630,0.020052380,0.258042634,-0.009708742
0.816000,0.417625104,0.020007664,0.256307048,-0.009780876
0.817000,0.419303935,0.019961925,0.254558880,-0.009853388
0.818000,0.420965074,0.019915165,0.252798186,-0.009926278
0.819000,0.422608473,0.019867390,0.251025027,-0.009999547
0.820000,0.424234087,0.019818601,0.249239465,-0.010073193
0.821000,0.425841871,0.019768804,0.247441563,-0.010147216
0.822000,0.427431783,0.019718002,0.245631387,-0.010221615
0.823000,0.429003785,0.019666201,0.243809003,-0.010296391
0.824000,0.430557837,0.019613404,0.241974480,-0.010371541
0.825000,0.432093904,0.019559617,0.240127890,-0.010447066
0.826000,0.433611952,0.019504844,0.238269304,-0.010522964
0.827000,0.435111949,0.019449092,0.236398796,-0.010599234
0.828000,0.436593865,0.019392365,0.234516444,-0.010675875
0.829000,0.438057672,0.019334670,0.232622324,-0.010752886
0.830000,0.439503344,0.019276012,0.230716516,-0.010830266
0.831000,0.440930856,0.019216398,0.228799102,-0.010908013
0.832000,0.442340187,0.019155834,0.226870164,-0.010986126
0.833000,0.443731316,0.019094327,0.224929787,-0.011064603
0.834000,0.445104226,0.019031883,0.222978058,-0.011143442
0.835000,0.446458899,0.018968510,0.221015065,-0.011222641
0.836000,0.447795322,0.018904214,0.219040898,-0.011302200
0.837000,0.449113483,0.018839003,0.217055649,-0.011382115
0.838000,0.450413370,0.018772885,0.215059411,-0.011462384
0.839000,0.451694976,0.018705867,0.213052280,-0.011543006
0.840000,0.452958294,0.018637958,0.211034352,-0.011623978
0.841000,0.454203320,0.018569165,0.209005726,-0.011705297
0.842000,0.455430050,0.018499497,0.206966502,-0.011786962
0.843000,0.456638485,0.018428962,0.204916783,-0.011868968
0.844000,0.457828625,0.018357569,0.202856671,-0.011951314
0.845000,0.459000474,0.018285326,0.200786272,-0.012033997
0.846000,0.460154036,0.018212244,0.198705694,-0.012117013
0.847000,0.461289320,0.018138330,0.196615044,-0.012200360
0.848000,0.462406333,0.018063594,0.194514432,-0.012284034
0.849000,0.463505087,0.017988045,0.192403972,-0.012368032
0.850000,0.464585594,0.017911694,0.190283776,-0.012452350
0.851000,0.465647869,0.017834550,0.188153959,-0.012536984
0.852000,0.466691928,0.017756622,0.186014638,-0.012621932
0.853000,0.467717790,0.017677921,0.183865931,-0.012707189
0.854000,0.468725476,0.017598457,0.181707959,-0.012792750
0.855000,0.469715007,0.017518241,0.179540842,-0.012878613
0.856000,0.470686406,0.017437282,0.177364703,-0.012964773
0.857000,0.471639701,0.017355591,0.175179668,-0.013051225
0.858000,0.472574919,0.017273179,0.172985862,-0.013137964
0.859000,0.473492089,0.017190057,0.170783413,-0.013224987
0.860000,0.474391242,0.017106235,0.168572450,-0.013312289
0.861000,0.475272412,0.017021725,0.166353104,-0.013399864
0.862000,0.476135634,0.016936538,0.164125507,-0.013487708
0.863000,0.476980945,0.016850685,0.161889791,-0.013575816
0.864000,0.477808382,0.016764177,0.159646094,-0.013664181
0.865000,0.478617987,0.016677026,0.157394550,-0.013752800
0.866000,0.479409801,0.016589244,0.155135298,-0.013841666
0.867000,0.480183868,0.016500841,0.152868478,-0.013930773
0.868000,0.480940235,0.016411830,0.150594230,-0.014020117
0.869000,0.481678948,0.016322222,0.148312697,-0.014109691
0.870000,0.482400056,0.016232030,0.146024021,-0.014199488
0.871000,0.483103611,0.016141264,0.143728349,-0.014289504
0.872000,0.483789664,0.016049938,0.141425826,-0.014379731
0.873000,0.484458271,0.015958064,0.139116600,-0.014470163
0.874000,0.485109486,0.015865652,0.136800821,-0.014560794
0.875000,0.485743369,0.015772717,0.134478638,-0.014651617
0.876000,0.486359977,0.015679269,0.132150204,-0.014742625
0.877000,0.486959372,0.015585322,0.129815670,-0.014833811
0.878000,0.487541616,0.015490887,0.127475192,-0.014925169
0.879000,0.488106774,0.015395978,0.125128926,-0.015016690
0.880000,0.488654912,0.015300605,0.122777027,-0.015108369
0.881000,0.489186096,0.015204783,0.120419653,-0.015200196
0.882000,0.489700397,0.015108523,0.118056965,-0.015292165
0.883000,0.490197884,0.015011839,0.115689122,-0.015384268
0.884000,0.490678630,0.014914742,0.113316286,-0.015476498
0.885000,0.491142708,0.014817245,0.110938620,-0.015568846
0.886000,0.491590194,0.014719361,0.108556287,-0.015661304
0.887000,0.492021165,0.014621102,0.106169453,-0.015753865
0.888000,0.492435698,0.014522482,0.103778284,-0.015846519
0.889000,0.492833874,0.014423513,0.101382948,-0.015939259
0.890000,0.493215774,0.014324207,0.098983611,-0.016032076
0.891000,0.493581481,0.014224578,0.096580445,-0.016124961
0.892000,0.493931080,0.014124637,0.094173619,-0.016217907
0.893000,0.494264654,0.014024398,0.091763305,-0.016310903
0.894000,0.494582293,0.013923873,0.089349675,-0.016403941
0.895000,0.494884084,0.013823075,0.086932904,-0.016497012
0.896000,0.495170117,0.013722017,0.084513165,-0.016590107
0.897000,0.495440484,0.013620710,0.082090633,-0.016683217
0.898000,0.495695277,0.013519169,0.079665487,-0.016776331
0.899000,0.495934590,0.013417405,0.077237902,-0.016869442
0.900000,0.496158519,0.013315430,0.074808057,-0.016962538
0.901000,0.496367160,0.013213258,0.072376132,-0.017055612
0.902000,0.496560612,0.013110901,0.069942306,-0.017148652
0.903000,0.496738973,0.013008372,0.067506760,-0.017241649
0.904000,0.496902344,0.012905682,0.065069676,-0.017334593
0.905000,0.497050827,0.012802844,0.062631236,-0.017427474
0.906000,0.497184525,0.012699870,0.060191624,-0.017520283
0.907000,0.497303542,0.012596773,0.057751024,-0.017613008
0.908000,0.497407984,0.012493566,0.055309621,-0.017705639
0.909000,0.497497956,0.012390259,0.052867601,-0.017798167
0.910000,0.497573568,0.012286865,0.050425149,-0.017890581
0.911000,0.497634928,0.012183397,0.047982453,-0.017982870
0.912000,0.497682146,0.012079866,0.045539701,-0.018075024
0.913000,0.497715334,0.011976283,0.043097081,-0.018167033
0.914000,0.497734603,0.011872662,0.040654782,-0.018258884
0.915000,0.497740067,0.011769014,0.038212994,-0.018350569
0.916000,0.497731840,0.011665349,0.035771907,-0.018442075
0.917000,0.497710039,0.011561681,0.033331711,-0.018533393
0.918000,0.497674779,0.011458021,0.030892599,-0.018624511
0.919000,0.497626178,0.011354379,0.028454762,-0.018715418
0.920000,0.497564355,0.011250768,0.026018393,-0.018806103
0.921000,0.497489429,0.011147198,0.023583685,-0.018896556
0.922000,0.497401521,0.011043682,0.021150831,-0.018986764
0.923000,0.497300752,0.010940229,0.018720026,-0.019076718
0.924000,0.497187244,0.010836851,0.016291463,-0.019166405
0.925000,0.497061120,0.010733559,0.013865337,-0.019255815
0.926000,0.496922505,0.010630364,0.011441844,-0.019344937
0.927000,0.496771524,0.010527276,0.009021179,-0.019433758
0.928000,0.496608302,0.010424305,0.006603538,-0.019522268
0.929000,0.496432966,0.010321464,0.004189117,-0.019610456
0.930000,0.496245643,0.010218761,0.001778113,-0.019698310
0.931000,0.496046462,0.010116208,-0.000629276,-0.019785818
0.932000,0.495835552,0.010013814,-0.003032855,-0.019872970
0.933000,0.495613041,0.009911589,-0.005432426,-0.019959755
0.934000,0.495379061,0.009809543,-0.007827790,-0.020046160
0.935000,0.495133744,0.009707687,-0.010218751,-0.020132174
0.936000,0.494877219,0.009606030,-0.012605109,-0.020217787
0.937000,0.494609621,0.009504581,-0.014986668,-0.020302986
0.938000,0.494331082,0.009403350,-0.017363228,-0.020387761
0.939000,0.494041735,0.009302347,-0.019734591,-0.020472100
0.940000,0.493741716,0.009201580,-0.022100558,-0.020555992
0.941000,0.493431159,0.009101059,-0.024460932,-0.020639425
0.942000,0.493110200,0.009000792,-0.026815512,-0.020722389
0.943000,0.492778974,0.008900789,-0.029164101,-0.020804872
0.944000,0.492437619,0.008801058,-0.031506500,-0.020886862
0.945000,0.492086271,0.008701608,-0.033842509,-0.020968350
0.946000,0.491725068,0.008602448,-0.036171931,-0.021049323
0.947000,0.491354147,0.008503585,-0.038494566,-0.021129770
0.948000,0.490973648,0.008405028,-0.040810216,-0.021209681
0.949000,0.490583710,0.008306785,-0.043118683,-0.021289045
0.950000,0.490184470,0.008208864,-0.045419767,-0.021367851
0.951000,0.489776070,0.008111272,-0.047713271,-0.021446087
0.952000,0.489358649,0.008014018,-0.049998996,-0.021523743
0.953000,0.488932347,0.007917109,-0.052276746,-0.021600809
0.954000,0.488497305,0.007820552,-0.054546321,-0.021677273
0.955000,0.488053665,0.007724355,-0.056807525,-0.021753125
0.956000,0.487601567,0.007628524,-0.059060160,-0.021828355
0.957000,0.487141153,0.007533067,-0.061304029,-0.021902952
0.958000,0.486672564,0.007437991,-0.063538936,-0.021976906
0.959000,0.486195943,0.007343301,-0.065764684,-0.022050206
0.960000,0.485711431,0.007249006,-0.067981077,-0.022122842
0.961000,0.485219172,0.007155111,-0.070187920,-0.022194805
0.962000,0.484719307,0.007061622,-0.072385017,-0.022266084
0.963000,0.484211980,0.006968546,-0.074572173,-0.022336670
0.964000,0.483697332,0.006875889,-0.076749194,-0.022406552
0.965000,0.483175507,0.006783656,-0.078915885,-0.022475722
0.966000,0.482646648,0.006691854,-0.081072054,-0.022544169
0.967000,0.482110897,0.006600487,-0.083217507,-0.022611884
0.968000,0.481568398,0.006509562,-0.085352051,-0.022678857
0.969000,0.481019293,0.006419084,-0.087475495,-0.022745081
0.970000,0.480463726,0.006329057,-0.089587647,-0.022810544
0.971000,0.479901840,0.006239488,-0.091688316,-0.022875240
0.972000,0.479333776,0.006150380,-0.093777311,-0.022939158
0.973000,0.478759680,0.006061739,-0.095854443,-0.023002290
0.974000,0.478179692,0.005973569,-0.097919524,-0.023064628
0.975000,0.477593955,0.005885874,-0.099972363,-0.023126163
0.976000,0.477002613,0.005798660,-0.102012775,-0.023186888
0.977000,0.476405808,0.005711930,-0.104040571,-0.023246793
0.978000,0.475803681,0.005625689,-0.106055565,-0.023305871
0.979000,0.475196375,0.005539940,-0.108057572,-0.023364115
0.980000,0.474584031,0.005454687,-0.110046407,-0.023421516
0.981000,0.473966791,0.005369933,-0.112021885,-0.023478067
0.982000,0.473344797,0.005285684,-0.113983825,-0.023533762
0.983000,0.472718189,0.005201941,-0.115932042,-0.023588592
0.984000,0.472087108,0.005118708,-0.117866357,-0.023642551
0.985000,0.471451695,0.005035989,-0.119786587,-0.023695633
0.986000,0.470812089,0.004953786,-0.121692553,-0.023747830
0.987000,0.470168431,0.004872103,-0.123584077,-0.023799136
0.988000,0.469520859,0.004790941,-0.125460980,-0.023849545
0.989000,0.468869514,0.004710304,-0.127323085,-0.023899051
0.990000,0.468214533,0.004630195,-0.129170217,-0.023947648
0.991000,0.467556054,0.004550615,-0.131002200,-0.023995331
0.992000,0.466894215,0.004471568,-0.132818860,-0.024042093
0.993000,0.466229154,0.004393054,-0.134620025,-0.024087931
0.994000,0.465561008,0.004315077,-0.136405521,-0.024132837
0.995000,0.464889912,0.004237639,-0.138175179,-0.024176809
0.996000,0.464216002,0.004160740,-0.139928829,-0.024219841
0.997000,0.463539414,0.004084383,-0.141666302,-0.024261928
0.998000,0.462860282,0.004008570,-0.143387429,-0.024303067
0.999000,0.462178740,0.003933302,-0.145092046,-0.024343253
1.000000,0.461494922,0.003858580,-0.146779987,-0.024382483
1.001000,0.460808961,0.003784405,-0.148451087,-0.024420753
1.002000,0.460120988,0.003710780,-0.150105184,-0.024458059
1.003000,0.459431136,0.003637704,-0.151742116,-0.024494399
1.004000,0.458739535,0.003565179,-0.153361723,-0.024529769
1.005000,0.458046316,0.003493206,-0.154963845,-0.024564166
1.006000,0.457351608,0.003421785,-0.156548326,-0.024597589
1.007000,0.456655540,0.003350918,-0.158115008,-0.024630035
1.008000,0.455958239,0.003280604,-0.159663736,-0.024661502
1.009000,0.455259834,0.003210845,-0.161194356,-0.024691987
1.010000,0.454560451,0.003141640,-0.162706716,-0.024721490
1.011000,0.453860216,0.003072990,-0.164200664,-0.024750009
1.012000,0.453159253,0.003004895,-0.165676052,-0.024777543
1.013000,0.452457687,0.002937356,-0.167132729,-0.024804091
1.014000,0.451755641,0.002870371,-0.168570551,-0.024829652
1.015000,0.451053237,0.002803942,-0.169989370,-0.024854226
1.016000,0.450350597,0.002738068,-0.171389044,-0.024877813
1.017000,0.449647842,0.002672749,-0.172769429,-0.024900413
1.018000,0.448945091,0.002607985,-0.174130384,-0.024922025
1.019000,0.448242463,0.002543774,-0.175471771,-0.024942652
1.020000,0.447540076,0.002480118,-0.176793450,-0.024962292
1.021000,0.446838048,0.002417015,-0.178095286,-0.024980948
1.022000,0.446136494,0.002354464,-0.179377143,-0.024998620
1.023000,0.445435528,0.002292465,-0.180638889,-0.025015310
1.024000,0.444735266,0.002231018,-0.181880391,-0.025031020
1.025000,0.444035820,0.002170121,-0.183101519,-0.025045752
1.026000,0.443337302,0.002109774,-0.184302145,-0.025059507
1.027000,0.442639823,0.002049975,-0.185482143,-0.025072289
1.028000,0.441943492,0.001990724,-0.186641386,-0.025084100
1.029000,0.441248420,0.001932020,-0.187779751,-0.025094943
1.030000,0.440554712,0.001873861,-0.188897116,-0.025104822
1.031000,0.439862477,0.001816247,-0.189993362,-0.025113739
1.032000,0.439171818,0.001759176,-0.191068370,-0.025121698
1.033000,0.438482842,0.001702647,-0.192122022,-0.025128703
1.034000,0.437795650,0.001646658,-0.193154205,-0.025134759
1.035000,0.437110346,0.001591209,-0.194164804,-0.025139869
1.036000,0.436427029,0.001536298,-0.195153709,-0.025144039
1.037000,0.435745800,0.001481923,-0.196120810,-0.025147273
1.038000,0.435066757,0.001428083,-0.197065998,-0.025149576
1.039000,0.434389998,0.001374777,-0.197989169,-0.025150954
1.040000,0.433715618,0.001322002,-0.198890217,-0.025151413
1.041000,0.433043713,0.001269758,-0.199769040,-0.025150957
1.042000,0.432374375,0.001218043,-0.200625538,-0.025149594
1.043000,0.431707699,0.001166854,-0.201459611,-0.025147329
1.044000,0.431043773,0.001116191,-0.202271164,-0.025144169
1.045000,0.430382689,0.001066051,-0.203060102,-0.025140121
1.046000,0.429724534,0.001016433,-0.203826330,-0.025135191
1.047000,0.429069397,0.000967335,-0.204569758,-0.025129388
1.048000,0.428417363,0.000918755,-0.205290298,-0.025122718
1.049000,0.427768516,0.000870691,-0.205987861,-0.025115189
1.050000,0.427122940,0.000823142,-0.206662363,-0.025106809
1.051000,0.426480717,0.000776106,-0.207313719,-0.025097586
1.052000,0.425841927,0.000729580,-0.207941849,-0.025087528
1.053000,0.425206649,0.000683563,-0.208546673,-0.025076645
1.054000,0.424574962,0.000638053,-0.209128114,-0.025064944
1.055000,0.423946942,0.000593048,-0.209686096,-0.025052435
1.056000,0.423322663,0.000548546,-0.210220546,-0.025039127
1.057000,0.422702200,0.000504544,-0.210731393,-0.025025029
1.058000,0.422085624,0.000461042,-0.211218567,-0.025010151
1.059000,0.421473007,0.000418037,-0.211682000,-0.024994503
1.060000,0.420864418,0.000375527,-0.212121627,-0.024978095
1.061000,0.420259925,0.000333510,-0.212537386,-0.024960937
1.062000,0.419659593,0.000291983,-0.212929215,-0.024943039
1.063000,0.419063490,0.000250946,-0.213297054,-0.024924412
1.064000,0.418471677,0.000210396,-0.213640847,-0.024905067
1.065000,0.417884217,0.000170331,-0.213960539,-0.024885015
1.066000,0.417301171,0.000130749,-0.214256076,-0.024864267
1.067000,0.416722597,0.000091647,-0.214527409,-0.024842835
1.068000,0.416148554,0.000053025,-0.214774487,-0.024820729
1.069000,0.415579098,0.000014880,-0.214997266,-0.024797963
1.070000,0.415014284,-0.000022790,-0.215195699,-0.024774546
1.071000,0.414454164,-0.000059988,-0.215369746,-0.024750493
1.072000,0.413898790,-0.000096714,-0.215519365,-0.024725814
1.073000,0.413348212,-0.000132971,-0.215644519,-0.024700522
1.074000,0.412802479,-0.000168762,-0.215745171,-0.024674631
1.075000,0.412261639,-0.000204087,-0.215821289,-0.024648152
1.076000,0.411725736,-0.000238949,-0.215872840,-0.024621098
1.077000,0.411194814,-0.000273350,-0.215899794,-0.024593482
1.078000,0.410668917,-0.000307291,-0.215902125,-0.024565319
1.079000,0.410148084,-0.000340775,-0.215879807,-0.024536620
1.080000,0.409632356,-0.000373804,-0.215832818,-0.024507399
1.081000,0.409121769,-0.000406379,-0.215761136,-0.024477671
1.082000,0.408616361,-0.000438502,-0.215664743,-0.024447447
1.083000,0.408116166,-0.000470175,-0.215543622,-0.024416744
1.084000,0.407621217,-0.000501400,-0.215397760,-0.024385573
1.085000,0.407131545,-0.000532179,-0.215227143,-0.024353950
1.086000,0.406647181,-0.000562513,-0.215031763,-0.024321889
1.087000,0.406168153,-0.000592405,-0.214811611,-0.024289404
1.088000,0.405694487,-0.000621855,-0.214566682,-0.024256508
1.089000,0.405226209,-0.000650867,-0.214296973,-0.024223218
1.090000,0.404763343,-0.000679440,-0.214002482,-0.024189547
1.091000,0.404305910,-0.000707578,-0.213683211,-0.024155510
1.092000,0.403853931,-0.000735282,-0.213339163,-0.024121121
1.093000,0.403407425,-0.000762553,-0.212970343,-0.024086397
1.094000,0.402966409,-0.000789393,-0.212576760,-0.024051351
1.095000,0.402530898,-0.000815804,-0.212158422,-0.024015998
1.096000,0.402100907,-0.000841787,-0.211715342,-0.023980354
1.097000,0.401676449,-0.000867344,-0.211247535,-0.023944434
1.098000,0.401257534,-0.000892476,-0.210755016,-0.023908252
1.099000,0.400844171,-0.000917185,-0.210237805,-0.023871825
1.100000,0.400436369,-0.000941472,-0.209695922,-0.023835167
1.101000,0.400034132,-0.000965339,-0.209129390,-0.023798294
1.102000,0.399637467,-0.000988788,-0.208538236,-0.023761221
1.103000,0.399246375,-0.001011818,-0.207922485,-0.023723963
1.104000,0.398860859,-0.001034433,-0.207282168,-0.023686537
1.105000,0.398480917,-0.001056633,-0.206617317,-0.023648957
1.106000,0.398106549,-0.001078420,-0.205927966,-0.023611238
1.107000,0.397737750,-0.001099795,-0.205214151,-0.023573397
1.108000,0.397374516,-0.001120759,-0.204475910,-0.023535449
1.109000,0.397016840,-0.001141313,-0.203713284,-0.023497410
1.110000,0.396664714,-0.001161460,-0.202926315,-0.023459294
1.111000,0.396318128,-0.001181199,-0.202115050,-0.023421117
1.112000,0.395977071,-0.001200533,-0.201279534,-0.023382895
1.113000,0.395641530,-0.001219461,-0.200419817,-0.023344644
1.114000,0.395311491,-0.001237987,-0.199535950,-0.023306378
1.115000,0.394986938,-0.001256109,-0.198627988,-0.023268113
1.116000,0.394667852,-0.001273831,-0.197695985,-0.023229865
1.117000,0.394354216,-0.001291152,-0.196740000,-0.023191648
1.118000,0.394046009,-0.001308074,-0.195760093,-0.023153479
1.119000,0.393743207,-0.001324598,-0.194756325,-0.023115372
1.120000,0.393445788,-0.001340724,-0.193728762,-0.023077343
1.121000,0.393153726,-0.001356455,-0.192677469,-0.023039406
1.122000,0.392866995,-0.001371790,-0.191602515,-0.023001577
1.123000,0.392585566,-0.001386731,-0.190503970,-0.022963871
1.124000,0.392309409,-0.001401278,-0.189381908,-0.022926302
1.125000,0.392038493,-0.001415433,-0.188236403,-0.022888886
1.126000,0.391772785,-0.001429196,-0.187067532,-0.022851638
1.127000,0.391512251,-0.001442568,-0.185875374,-0.022814571
1.128000,0.391256855,-0.001455551,-0.184660010,-0.022777701
1.129000,0.391006559,-0.001468144,-0.183421523,-0.022741042
1.130000,0.390761325,-0.001480349,-0.182159999,-0.022704608
1.131000,0.390521113,-0.001492166,-0.180875524,-0.022668414
1.132000,0.390285880,-0.001503596,-0.179568188,-0.022632474
1.133000,0.390055584,-0.001514640,-0.178238082,-0.022596802
1.134000,0.389830179,-0.001525299,-0.176885299,-0.022561411
1.135000,0.389609620,-0.001535573,-0.175509935,-0.022526316
1.136000,0.389393860,-0.001545463,-0.174112087,-0.022491530
1.137000,0.389182849,-0.001554970,-0.172691855,-0.022457067
1.138000,0.388976536,-0.001564094,-0.171249339,-0.022422940
1.139000,0.388774871,-0.001572837,-0.169784642,-0.022389162
1.140000,0.388577799,-0.001581197,-0.168297871,-0.022355746
1.141000,0.388385267,-0.001589177,-0.166789131,-0.022322706
1.142000,0.388197218,-0.001596777,-0.165258533,-0.022290053
1.143000,0.388013595,-0.001603997,-0.163706187,-0.022257801
1.144000,0.387834339,-0.001610839,-0.162132206,-0.022225961
1.145000,0.387659390,-0.001617302,-0.160536705,-0.022194547
1.146000,0.387488687,-0.001623386,-0.158919801,-0.022163570
1.147000,0.387322168,-0.001629094,-0.157281612,-0.022133041
1.148000,0.387159767,-0.001634425,-0.155622259,-0.022102973
1.149000,0.387001420,-0.001639380,-0.153941863,-0.022073378
1.150000,0.386847060,-0.001643959,-0.152240550,-0.022044265
1.151000,0.386696618,-0.001648162,-0.150518445,-0.022015646
1.152000,0.386550027,-0.001651991,-0.148775675,-0.021987533
1.153000,0.386407215,-0.001655446,-0.147012371,-0.021959936
1.154000,0.386268111,-0.001658527,-0.145228664,-0.021932864
1.155000,0.386132641,-0.001661235,-0.143424687,-0.021906329
1.156000,0.386000732,-0.001663570,-0.141600575,-0.021880341
1.157000,0.385872307,-0.001665533,-0.139756464,-0.021854908
1.158000,0.385747291,-0.001667124,-0.137892492,-0.021830041
1.159000,0.385625605,-0.001668344,-0.136008801,-0.021805749
1.160000,0.385507171,-0.001669193,-0.134105531,-0.021782041
1.161000,0.385391907,-0.001669671,-0.132182827,-0.021758925
1.162000,0.385279734,-0.001669780,-0.130240833,-0.021736411
1.163000,0.385170568,-0.001669519,-0.128279695,-0.021714506
1.164000,0.385064326,-0.001668889,-0.126299563,-0.021693218
1.165000,0.384960923,-0.001667891,-0.124300587,-0.021672556
1.166000,0.384860273,-0.001666525,-0.122282918,-0.021652527
1.167000,0.384762289,-0.001664791,-0.120246709,-0.021633139
1.168000,0.384666883,-0.001662690,-0.118192115,-0.021614397
1.169000,0.384573967,-0.001660222,-0.116119293,-0.021596309
1.170000,0.384483450,-0.001657388,-0.114028400,-0.021578882
1.171000,0.384395241,-0.001654188,-0.111919597,-0.021562121
1.172000,0.384309247,-0.001650623,-0.109793043,-0.021546033
1.173000,0.384225377,-0.001646694,-0.107648901,-0.021530623
1.174000,0.384143534,-0.001642400,-0.105487335,-0.021515897
1.175000,0.384063626,-0.001637742,-0.103308511,-0.021501859
1.176000,0.383985554,-0.001632721,-0.101112595,-0.021488515
1.177000,0.383909223,-0.001627337,-0.098899756,-0.021475868
1.178000,0.383834535,-0.001621591,-0.096670162,-0.021463924
1.179000,0.383761389,-0.001615482,-0.094423986,-0.021452687
1.180000,0.383689688,-0.001609013,-0.092161399,-0.021442159
1.181000,0.383619330,-0.001602183,-0.089882576,-0.021432344
1.182000,0.383550214,-0.001594992,-0.087587690,-0.021423245
1.183000,0.383482237,-0.001587442,-0.085276920,-0.021414866
1.184000,0.383415296,-0.001579532,-0.082950441,-0.021407208
1.185000,0.383349288,-0.001571264,-0.080608433,-0.021400274
1.186000,0.383284107,-0.001562637,-0.078251077,-0.021394065
1.187000,0.383219648,-0.001553653,-0.075878553,-0.021388584
1.188000,0.383155805,-0.001544312,-0.073491044,-0.021383831
1.189000,0.383092471,-0.001534614,-0.071088735,-0.021379808
1.190000,0.383029537,-0.001524561,-0.068671809,-0.021376515
1.191000,0.382966895,-0.001514152,-0.066240454,-0.021373952
1.192000,0.382904437,-0.001503388,-0.063794856,-0.021372120
1.193000,0.382842052,-0.001492271,-0.061335203,-0.021371018
1.194000,0.382779629,-0.001480799,-0.058861686,-0.021370647
1.195000,0.382717058,-0.001468975,-0.056374495,-0.021371004
1.196000,0.382654227,-0.001456799,-0.053873821,-0.021372089
1.197000,0.382591023,-0.001444271,-0.051359857,-0.021373901
1.198000,0.382527334,-0.001431392,-0.048832797,-0.021376438
1.199000,0.382463045,-0.001418162,-0.046292835,-0.021379698
1.200000,0.382398042,-0.001404583,-0.043740167,-0.021383678
1.201000,0.382332212,-0.001390655,-0.041174990,-0.021388375
1.202000,0.382265438,-0.001376378,-0.038597500,-0.021393788
1.203000,0.382197606,-0.001361753,-0.036007897,-0.021399912
1.204000,0.382128598,-0.001346782,-0.033406380,-0.021406745
1.205000,0.382058298,-0.001331464,-0.030793149,-0.021414282
1.206000,0.381986590,-0.001315801,-0.028168404,-0.021422519
1.207000,0.381913355,-0.001299792,-0.025532349,-0.021431452
1.208000,0.381838476,-0.001283440,-0.022885185,-0.021441076
1.209000,0.381761834,-0.001266743,-0.020227115,-0.021451386
1.210000,0.381683312,-0.001249704,-0.017558345,-0.021462377
1.211000,0.381602788,-0.001232323,-0.014879079,-0.021474044
1.212000,0.381520146,-0.001214601,-0.012189522,-0.021486380
1.213000,0.381435264,-0.001196538,-0.009489881,-0.021499379
1.214000,0.381348023,-0.001178135,-0.006780364,-0.021513036
1.215000,0.381258302,-0.001159393,-0.004061177,-0.021527342
1.216000,0.381165981,-0.001140313,-0.001332529,-0.021542292
1.217000,0.381070940,-0.001120895,0.001405372,-0.021557879
1.218000,0.380973057,-0.001101140,0.004152314,-0.021574093
1.219000,0.380872211,-0.001081049,0.006908090,-0.021590929
1.220000,0.380768281,-0.001060623,0.009672487,-0.021608377
1.221000,0.380661145,-0.001039862,0.012445295,-0.021626430
1.222000,0.380550682,-0.001018768,0.015226302,-0.021645079
1.223000,0.380436770,-0.000997340,0.018015296,-0.021664315
1.224000,0.380319288,-0.000975581,0.020812065,-0.021684130
1.225000,0.380198112,-0.000953489,0.023616395,-0.021704513
1.226000,0.380073122,-0.000931068,0.026428073,-0.021725455
1.227000,0.379944194,-0.000908316,0.029246886,-0.021746947
1.228000,0.379811208,-0.000885235,0.032072619,-0.021768978
1.229000,0.379674041,-0.000861826,0.034905057,-0.021791538
1.230000,0.379532571,-0.000838089,0.037743986,-0.021814617
1.231000,0.379386675,-0.000814025,0.040589191,-0.021838204
1.232000,0.379236233,-0.000789635,0.043440456,-0.021862288
1.233000,0.379081122,-0.000764920,0.046297566,-0.021886857
1.234000,0.378921220,-0.000739881,0.049160305,-0.021911901
1.235000,0.378756405,-0.000714517,0.052028456,-0.021937408
1.236000,0.378586557,-0.000688831,0.054901804,-0.021963366
1.237000,0.378411553,-0.000662822,0.057780131,-0.021989763
1.238000,0.378231273,-0.000636491,0.060663223,-0.022016586
1.239000,0.378045594,-0.000609840,0.063550860,-0.022043824
1.240000,0.377854398,-0.000582869,0.066442828,-0.022071464
1.241000,0.377657562,-0.000555578,0.069338909,-0.022099493
1.242000,0.377454967,-0.000527968,0.072238886,-0.022127898
1.243000,0.377246493,-0.000500041,0.075142542,-0.022156665
1.244000,0.377032019,-0.000471796,0.078049660,-0.022185783
1.245000,0.376811426,-0.000443234,0.080960024,-0.022215236
1.246000,0.376584596,-0.000414356,0.083873416,-0.022245012
1.247000,0.376351408,-0.000385163,0.086789619,-0.022275096
1.248000,0.376111746,-0.000355655,0.089708417,-0.022305475
1.249000,0.375865490,-0.000325833,0.092629594,-0.022336135
1.250000,0.375612524,-0.000295697,0.095552932,-0.022367062
1.251000,0.375352729,-0.000265248,0.098478215,-0.022398240
1.252000,0.375085990,-0.000234487,0.101405227,-0.022429656
1.253000,0.374812189,-0.000203414,0.104333752,-0.022461295
1.254000,0.374531212,-0.000172030,0.107263575,-0.022493142
1.255000,0.374242942,-0.000140335,0.110194479,-0.022525182
1.256000,0.373947265,-0.000108330,0.113126249,-0.022557401
1.257000,0.373644067,-0.000076015,0.116058671,-0.022589783
1.258000,0.373333234,-0.000043391,0.118991529,-0.022622313
1.259000,0.373014652,-0.000010458,0.121924609,-0.022654976
1.260000,0.372688210,0.000022784,0.124857698,-0.022687756
1.261000,0.372353795,0.000056334,0.127790581,-0.022720638
1.262000,0.372011296,0.000090191,0.130723045,-0.022753607
1.263000,0.371660603,0.000124355,0.133654878,-0.022786647
1.264000,0.371301605,0.000158827,0.136585867,-0.022819742
1.265000,0.370934193,0.000193605,0.139515799,-0.022852876
1.266000,0.370558260,0.000228689,0.142444464,-0.022886035
1.267000,0.370173696,0.000264080,0.145371650,-0.022919201
1.268000,0.369780394,0.000299776,0.148297147,-0.022952359
1.269000,0.369378250,0.000335778,0.151220745,-0.022985493
1.270000,0.368967156,0.000372085,0.154142235,-0.023018587
1.271000,0.368547009,0.000408697,0.157061407,-0.023051626
1.272000,0.368117703,0.000445614,0.159978054,-0.023084593
1.273000,0.367679137,0.000482837,0.162891968,-0.023117472
1.274000,0.367231209,0.000520364,0.165802942,-0.023150247
1.275000,0.366773815,0.000558196,0.168710770,-0.023182902
1.276000,0.366306857,0.000596332,0.171615246,-0.023215421
1.277000,0.365830235,0.000634774,0.174516165,-0.023247788
1.278000,0.365343849,0.000673520,0.177413323,-0.023279988
1.279000,0.364847603,0.000712571,0.180306517,-0.023312003
1.280000,0.364341400,0.000751927,0.183195545,-0.023343818
1.281000,0.363825143,0.000791588,0.186080203,-0.023375418
1.282000,0.363298738,0.000831554,0.188960292,-0.023406785
1.283000,0.362762092,0.000871825,0.191835611,-0.023437905
1.284000,0.362215111,0.000912402,0.194705960,-0.023468762
1.285000,0.361657704,0.000953284,0.197571142,-0.023499339
1.286000,0.361089780,0.000994473,0.200430958,-0.023529620
1.287000,0.360511250,0.001035967,0.203285212,-0.023559591
1.288000,0.359922025,0.001077769,0.206133708,-0.023589236
1.289000,0.359322018,0.001119877,0.208976252,-0.023618538
1.290000,0.358711142,0.001162292,0.211812648,-0.023647483
1.291000,0.358089314,0.001205016,0.214642706,-0.023676055
1.292000,0.357456447,0.001248047,0.217466232,-0.023704239
1.293000,0.356812461,0.001291387,0.220283035,-0.023732020
1.294000,0.356157273,0.001335036,0.223092927,-0.023759382
1.295000,0.355490802,0.001378995,0.225895718,-0.023786310
1.296000,0.354812971,0.001423264,0.228691220,-0.023812790
1.297000,0.354123700,0.001467844,0.231479247,-0.023838806
1.298000,0.353422913,0.001512736,0.234259614,-0.023864344
1.299000,0.352710535,0.001557939,0.237032135,-0.023889389
1.300000,0.351986491,0.001603455,0.239796629,-0.023913928
1.301000,0.351250709,0.001649285,0.242552912,-0.023937944
1.302000,0.350503117,0.001695429,0.245300804,-0.023961425
1.303000,0.349743645,0.001741888,0.248040126,-0.023984356
1.304000,0.348972224,0.001788663,0.250770698,-0.024006724
1.305000,0.348188787,0.001835755,0.253492344,-0.024028513
1.306000,0.347393266,0.001883164,0.256204888,-0.024049712
1.307000,0.346585598,0.001930891,0.258908155,-0.024070305
1.308000,0.345765718,0.001978938,0.261601971,-0.024090281
1.309000,0.344933566,0.002027304,0.264286165,-0.024109625
1.310000,0.344089080,0.002075992,0.266960565,-0.024128325
1.311000,0.343232200,0.002125002,0.269625003,-0.024146367
1.312000,0.342362870,0.002174336,0.272279310,-0.024163740
1.313000,0.341481033,0.002223993,0.274923320,-0.024180430
1.314000,0.340586634,0.002273976,0.277556866,-0.024196426
1.315000,0.339679620,0.002324285,0.280179786,-0.024211714
1.316000,0.338759938,0.002374922,0.282791916,-0.024226284
1.317000,0.337827539,0.002425887,0.285393096,-0.024240124
1.318000,0.336882373,0.002477182,0.287983166,-0.024253221
1.319000,0.335924394,0.002528807,0.290561967,-0.024265564
1.320000,0.334953555,0.002580765,0.293129343,-0.024277143
1.321000,0.333969811,0.002633056,0.295685138,-0.024287946
1.322000,0.332973121,0.002685681,0.298229200,-0.024297962
1.323000,0.331963443,0.002738642,0.300761375,-0.024307181
1.324000,0.330940737,0.002791940,0.303281513,-0.024315593
1.325000,0.329904966,0.002845576,0.305789464,-0.024323187
1.326000,0.328856092,0.002899551,0.308285082,-0.024329954
1.327000,0.327794082,0.002953867,0.310768219,-0.024335883
1.328000,0.326718902,0.003008526,0.313238733,-0.024340966
1.329000,0.325630520,0.003063527,0.315696478,-0.024345193
1.330000,0.324528906,0.003118873,0.318141315,-0.024348554
1.331000,0.323414033,0.003174565,0.320573104,-0.024351042
1.332000,0.322285872,0.003230604,0.322991706,-0.024352647
1.333000,0.321144401,0.003286992,0.325396986,-0.024353361
1.334000,0.319989594,0.003343730,0.327788808,-0.024353177
1.335000,0.318821430,0.003400818,0.330167040,-0.024352086
1.336000,0.317639890,0.003458260,0.332531550,-0.024350080
1.337000,0.316444955,0.003516055,0.334882209,-0.024347152
1.338000,0.315236608,0.003574205,0.337218887,-0.024343296
1.339000,0.314014835,0.003632712,0.339541460,-0.024338503
1.340000,0.312779622,0.003691577,0.341849803,-0.024332768
1.341000,0.311530958,0.003750801,0.344143792,-0.024326084
1.342000,0.310268833,0.003810385,0.346423308,-0.024318445
1.343000,0.308993239,0.003870331,0.348688229,-0.024309844
1.344000,0.307704170,0.003930640,0.350938439,-0.024300277
1.345000,0.306401622,0.003991313,0.353173823,-0.024289737
1.346000,0.305085591,0.004052352,0.355394265,-0.024278220
1.347000,0.303756076,0.004113758,0.357599655,-0.024265721
1.348000,0.302413079,0.004175531,0.359789881,-0.024252234
1.349000,0.301056601,0.004237674,0.361964834,-0.024237756
1.350000,0.299686647,0.004300187,0.364124409,-0.024222282
1.351000,0.298303224,0.004363071,0.366268500,-0.024205809
1.352000,0.296906338,0.004426328,0.368397004,-0.024188333
1.353000,0.295495999,0.004489959,0.370509819,-0.024169850
1.354000,0.294072220,0.004553964,0.372606847,-0.024150357
1.355000,0.292635012,0.004618346,0.374687990,-0.024129851
1.356000,0.291184392,0.004683104,0.376753152,-0.024108330
1.357000,0.289720375,0.004748240,0.378802238,-0.024085791
1.358000,0.288242980,0.004813755,0.380835158,-0.024062233
1.359000,0.286752229,0.004879649,0.382851822,-0.024037653
1.360000,0.285248142,0.004945924,0.384852140,-0.024012049
1.361000,0.283730744,0.005012580,0.386836027,-0.023985421
1.362000,0.282200061,0.005079619,0.388803398,-0.023957766
1.363000,0.280656120,0.005147040,0.390754171,-0.023929085
1.364000,0.279098950,0.005214845,0.392688266,-0.023899377
1.365000,0.277528584,0.005283034,0.394605603,-0.023868641
1.366000,0.275945054,0.005351608,0.396506106,-0.023836878
1.367000,0.274348395,0.005420568,0.398389701,-0.023804086
1.368000,0.272738643,0.005489913,0.400256314,-0.023770268
1.369000,0.271115837,0.005559644,0.402105874,-0.023735422
1.370000,0.269480018,0.005629762,0.403938313,-0.023699552
1.371000,0.267831228,0.005700267,0.405753563,-0.023662656
1.372000,0.266169509,0.005771159,0.407551560,-0.023624737
1.373000,0.264494910,0.005842439,0.409332241,-0.023585797
1.374000,0.262807476,0.005914106,0.411095543,-0.023545837
1.375000,0.261107258,0.005986161,0.412841409,-0.023504860
1.376000,0.259394306,0.006058603,0.414569780,-0.023462867
1.377000,0.257668674,0.006131433,0.416280602,-0.023419862
1.378000,0.255930416,0.006204651,0.417973821,-0.023375846
1.379000,0.254179590,0.006278255,0.419649385,-0.023330825
1.380000,0.252416253,0.006352246,0.421307247,-0.023284799
1.381000,0.250640466,0.006426624,0.422947357,-0.023237774
1.382000,0.248852292,0.006501388,0.424569671,-0.023189752
1.383000,0.247051793,0.006576537,0.426174146,-0.023140738
1.384000,0.245239036,0.006652071,0.427760739,-0.023090736
1.385000,0.243414087,0.006727989,0.429329412,-0.023039751
1.386000,0.241577018,0.006804290,0.430880126,-0.022987786
1.387000,0.239727897,0.006880974,0.432412846,-0.022934847
1.388000,0.237866799,0.006958039,0.433927539,-0.022880940
1.389000,0.235993798,0.007035485,0.435424174,-0.022826068
1.390000,0.234108970,0.007113310,0.436902719,-0.022770239
1.391000,0.232212393,0.007191513,0.438363148,-0.022713457
1.392000,0.230304148,0.007270092,0.439805436,-0.022655728
1.393000,0.228384316,0.007349047,0.441229557,-0.022597059
1.394000,0.226452980,0.007428375,0.442635492,-0.022537456
1.395000,0.224510226,0.007508075,0.444023219,-0.022476925
1.396000,0.222556140,0.007588146,0.445392721,-0.022415473
1.397000,0.220590812,0.007668584,0.446743982,-0.022353107
1.398000,0.218614331,0.007749389,0.448076988,-0.022289835
1.399000,0.216626790,0.007830559,0.449391728,-0.022225663
1.400000,0.214628283,0.007912090,0.450688191,-0.022160598
1.401000,0.212618905,0.007993981,0.451966369,-0.022094650
1.402000,0.210598753,0.008076230,0.453226256,-0.022027824
1.403000,0.208567926,0.008158834,0.454467849,-0.021960131
1.404000,0.206526526,0.008241789,0.455691144,-0.021891576
1.405000,0.204474653,0.008325095,0.456896141,-0.021822170
1.406000,0.202412413,0.008408747,0.458082843,-0.021751920
1.407000,0.200339911,0.008492742,0.459251252,-0.021680836
1.408000,0.198257254,0.008577078,0.460401375,-0.021608925
1.409000,0.196164551,0.008661752,0.461533218,-0.021536198
1.410000,0.194061913,0.008746759,0.462646791,-0.021462663
1.411000,0.191949452,0.008832097,0.463742105,-0.021388329
1.412000,0.189827281,0.008917761,0.464819173,-0.021313207
1.413000,0.187695517,0.009003749,0.465878011,-0.021237305
1.414000,0.185554276,0.009090057,0.466918634,-0.021160633
1.415000,0.183403676,0.009176679,0.467941063,-0.021083202
1.416000,0.181243839,0.009263613,0.468945316,-0.021005020
1.417000,0.179074886,0.009350854,0.469931418,-0.020926100
1.418000,0.176896940,0.009438398,0.470899392,-0.020846450
1.419000,0.174710125,0.009526240,0.471849265,-0.020766081
1.420000,0.172514570,0.009614376,0.472781064,-0.020685003
1.421000,0.170310400,0.009702800,0.473694820,-0.020603228
1.422000,0.168097747,0.009791509,0.474590563,-0.020520766
1.423000,0.165876740,0.009880497,0.475468329,-0.020437627
1.424000,0.163647512,0.009969759,0.476328151,-0.020353824
1.425000,0.161410198,0.010059289,0.477170067,-0.020269366
1.426000,0.159164932,0.010149083,0.477994117,-0.020184265
1.427000,0.156911852,0.010239135,0.478800340,-0.020098533
1.428000,0.154651095,0.010329439,0.479588779,-0.020012180
1.429000,0.152382802,0.010419989,0.480359478,-0.019925219
1.430000,0.150107113,0.010510779,0.481112484,-0.019837660
1.431000,0.147824171,0.010601805,0.481847844,-0.019749515
1.432000,0.145534120,0.010693058,0.482565607,-0.019660796
1.433000,0.143237105,0.010784534,0.483265825,-0.019571515
1.434000,0.140933273,0.010876225,0.483948551,-0.019481683
1.435000,0.138622771,0.010968125,0.484613838,-0.019391313
1.436000,0.136305750,0.011060227,0.485261744,-0.019300416
1.437000,0.133982360,0.011152525,0.485892327,-0.019209004
1.438000,0.131652752,0.011245011,0.486505645,-0.019117090
1.439000,0.129317081,0.011337679,0.487101760,-0.019024685
1.440000,0.126975500,0.011430521,0.487680736,-0.018931802
1.441000,0.124628165,0.011523530,0.488242636,-0.018838453
1.442000,0.122275233,0.011616698,0.488787527,-0.018744650
1.443000,0.119916863,0.011710019,0.489315477,-0.018650406
1.444000,0.117553213,0.011803483,0.489826554,-0.018555732
1.445000,0.115184446,0.011897084,0.490320830,-0.018460642
1.446000,0.112810721,0.011990813,0.490798377,-0.018365147
1.447000,0.110432203,0.012084663,0.491259270,-0.018269260
1.448000,0.108049055,0.012178625,0.491703584,-0.018172993
1.449000,0.105661444,0.012272690,0.492131395,-0.018076359
1.450000,0.103269534,0.012366851,0.492542783,-0.017979371
1.451000,0.100873494,0.012461099,0.492937828,-0.017882040
1.452000,0.098473492,0.012555424,0.493316612,-0.017784379
1.453000,0.096069699,0.012649820,0.493679216,-0.017686401
1.454000,0.093662283,0.012744275,0.494025727,-0.017588118
1.455000,0.091251418,0.012838782,0.494356229,-0.017489543
1.456000,0.088837276,0.012933332,0.494670811,-0.017390688
1.457000,0.086420031,0.013027914,0.494969560,-0.017291565
1.458000,0.083999857,0.013122521,0.495252568,-0.017192187
1.459000,0.081576930,0.013217141,0.495519926,-0.017092566
1.460000,0.079151427,0.013311767,0.495771726,-0.016992716
1.461000,0.076723525,0.013406388,0.496008063,-0.016892647
1.462000,0.074293403,0.013500994,0.496229033,-0.016792373
1.463000,0.071861239,0.013595576,0.496434733,-0.016691905
1.464000,0.069427215,0.013690123,0.496625260,-0.016591256
1.465000,0.066991512,0.013784626,0.496800715,-0.016490439
1.466000,0.064554310,0.013879075,0.496961197,-0.016389465
1.467000,0.062115793,0.013973459,0.497106810,-0.016288347
1.468000,0.059676144,0.014067768,0.497237656,-0.016187096
1.469000,0.057235548,0.014161991,0.497353840,-0.016085725
1.470000,0.054794190,0.014256119,0.497455468,-0.015984246
1.471000,0.052352255,0.014350141,0.497542645,-0.015882671
1.472000,0.049909930,0.014444046,0.497615482,-0.015781011
1.473000,0.047467402,0.014537823,0.497674086,-0.015679278
1.474000,0.045024859,0.014631462,0.497718568,-0.015577485
1.475000,0.042582489,0.014724952,0.497749039,-0.015475643
1.476000,0.040140482,0.014818282,0.497765612,-0.015373763
1.477000,0.037699027,0.014911440,0.497768401,-0.015271857
1.478000,0.035258314,0.015004417,0.497757520,-0.015169937
1.479000,0.032818536,0.015097201,0.497733084,-0.015068014
1.480000,0.030379882,0.015189781,0.497695212,-0.014966099
1.481000,0.027942546,0.015282145,0.497644019,-0.014864204
1.482000,0.025506720,0.015374283,0.497579626,-0.014762340
1.483000,0.023072596,0.015466183,0.497502151,-0.014660517
1.484000,0.020640369,0.015557834,0.497411716,-0.014558747
1.485000,0.018210232,0.015649224,0.497308442,-0.014457041
1.486000,0.015782380,0.015740343,0.497192451,-0.014355409
1.487000,0.013357008,0.015831179,0.497063867,-0.014253863
1.488000,0.010934311,0.015921720,0.496922814,-0.014152413
1.489000,0.008514484,0.016011954,0.496769418,-0.014051069
1.490000,0.006097724,0.016101872,0.496603803,-0.013949841
1.491000,0.003684227,0.016191460,0.496426097,-0.013848741
1.492000,0.001274189,0.016280707,0.496236428,-0.013747778
1.493000,-0.001132192,0.016369602,0.496034924,-0.013646963
1.494000,-0.003534720,0.016458134,0.495821713,-0.013546305
1.495000,-0.005933197,0.016546290,0.495596927,-0.013445814
1.496000,-0.008327425,0.016634060,0.495360694,-0.013345500
1.497000,-0.010717207,0.016721431,0.495113147,-0.013245373
1.498000,-0.013102344,0.016808392,0.494854418,-0.013145443
1.499000,-0.015482638,0.016894932,0.494584639,-0.013045718
1.500000,-0.017857892,0.016981039,0.494303943,-0.012946208
1.501000,-0.020227905,0.017066701,0.494012464,-0.012846922
1.502000,-0.022592481,0.017151908,0.493710337,-0.012747869
1.503000,-0.024951420,0.017236647,0.493397696,-0.012649059
1.504000,-0.027304524,0.017320907,0.493074678,-0.012550499
1.505000,-0.029651593,0.017404677,0.492741418,-0.012452200
1.506000,-0.031992430,0.017487945,0.492398053,-0.012354168
1.507000,-0.034326835,0.017570701,0.492044720,-0.012256413
1.508000,-0.036654609,0.017652932,0.491681558,-0.012158943
1.509000,-0.038975555,0.017734627,0.491308703,-0.012061767
1.510000,-0.041289474,0.017815776,0.490926295,-0.011964891
1.511000,-0.043596166,0.017896367,0.490534472,-0.011868325
1.512000,-0.045895435,0.017976389,0.490133373,-0.011772076
1.513000,-0.048187081,0.018055831,0.489723140,-0.011676151
1.514000,-0.050470906,0.018134681,0.489303911,-0.011580558
1.515000,-0.052746713,0.018212931,0.488875826,-0.011485305
1.516000,-0.055014304,0.018290567,0.488439028,-0.011390399
1.517000,-0.057273482,0.018367580,0.487993656,-0.011295847
1.518000,-0.059524050,0.018443959,0.487539853,-0.011201655
1.519000,-0.061765810,0.018519693,0.487077759,-0.011107831
1.520000,-0.063998566,0.018594771,0.486607516,-0.011014382
1.521000,-0.066222122,0.018669185,0.486129267,-0.010921314
1.522000,-0.068436282,0.018742922,0.485643153,-0.010828633
1.523000,-0.070640850,0.018815973,0.485149317,-0.010736346
1.524000,-0.072835631,0.018888328,0.484647902,-0.010644459
1.525000,-0.075020430,0.018959976,0.484139049,-0.010552978
1.526000,-0.077195054,0.019030908,0.483622903,-0.010461908
1.527000,-0.079359307,0.019101114,0.483099605,-0.010371257
1.528000,-0.081512997,0.019170584,0.482569299,-0.010281028
1.529000,-0.083655930,0.019239309,0.482032128,-0.010191229
1.530000,-0.085787915,0.019307279,0.481488234,-0.010101863
1.531000,-0.087908759,0.019374486,0.480937761,-0.010012937
1.532000,-0.090018271,0.019440918,0.480380851,-0.009924455
1.533000,-0.092116260,0.019506569,0.479817648,-0.009836423
1.534000,-0.094202536,0.019571428,0.479248294,-0.009748845
1.535000,-0.096276910,0.019635488,0.478672933,-0.009661725
1.536000,-0.098339192,0.019698738,0.478091706,-0.009575069
1.537000,-0.100389194,0.019761172,0.477504757,-0.009488880
1.538000,-0.102426729,0.019822780,0.476912229,-0.009403164
1.539000,-0.104451609,0.019883554,0.476314262,-0.009317924
1.540000,-0.106463650,0.019943487,0.475711001,-0.009233163
1.541000,-0.108462664,0.020002570,0.475102585,-0.009148887
1.542000,-0.110448468,0.020060796,0.474489158,-0.009065099
1.543000,-0.112420878,0.020118157,0.473870861,-0.008981802
1.544000,-0.114379711,0.020174646,0.473247835,-0.008899000
1.545000,-0.116324785,0.020230256,0.472620221,-0.008816696
1.546000,-0.118255917,0.020284979,0.471988160,-0.008734894
1.547000,-0.120172928,0.020338809,0.471351792,-0.008653596
1.548000,-0.122075639,0.020391739,0.470711257,-0.008572805
1.549000,-0.123963870,0.020443763,0.470066695,-0.008492526
1.550000,-0.125837444,0.020494874,0.469418245,-0.008412759
1.551000,-0.127696184,0.020545066,0.468766047,-0.008333508
1.552000,-0.129539914,0.020594334,0.468110238,-0.008254775
1.553000,-0.131368459,0.020642671,0.467450956,-0.008176563
1.554000,-0.133181646,0.020690073,0.466788341,-0.008098874
1.555000,-0.134979302,0.020736533,0.466122527,-0.008021710
1.556000,-0.136761255,0.020782046,0.465453653,-0.007945072
1.557000,-0.138527334,0.020826609,0.464781855,-0.007868964
1.558000,-0.140277371,0.020870215,0.464107267,-0.007793387
1.559000,-0.142011196,0.020912862,0.463430026,-0.007718341
1.560000,-0.143728642,0.020954543,0.462750265,-0.007643830
1.561000,-0.145429543,0.020995256,0.462068119,-0.007569855
1.562000,-0.147113735,0.021034995,0.461383722,-0.007496416
1.563000,-0.148781053,0.021073759,0.460697205,-0.007423515
1.564000,-0.150431334,0.021111543,0.460008701,-0.007351153
1.565000,-0.152064419,0.021148344,0.459318342,-0.007279332
1.566000,-0.153680145,0.021184159,0.458626258,-0.007208052
1.567000,-0.155278355,0.021218986,0.457932579,-0.007137314
1.568000,-0.156858892,0.021252822,0.457237435,-0.007067118
1.569000,-0.158421597,0.021285664,0.456540955,-0.006997467
1.570000,-0.159966318,0.021317510,0.455843266,-0.006928359
1.571000,-0.161492901,0.021348360,0.455144496,-0.006859795
1.572000,-0.163001192,0.021378210,0.454444771,-0.006791777
1.573000,-0.164491042,0.021407061,0.453744216,-0.006724303
1.574000,-0.165962300,0.021434910,0.453042957,-0.006657375
1.575000,-0.167414819,0.021461757,0.452341117,-0.006590992
1.576000,-0.168848453,0.021487601,0.451638820,-0.006525155
1.577000,-0.170263055,0.021512442,0.450936188,-0.006459863
1.578000,-0.171658483,0.021536279,0.450233342,-0.006395116
1.579000,-0.173034594,0.021559113,0.449530403,-0.006330915
1.580000,-0.174391248,0.021580945,0.448827490,-0.006267258
1.581000,-0.175728304,0.021601773,0.448124722,-0.006204145
1.582000,-0.177045626,0.021621601,0.447422217,-0.006141577
1.583000,-0.178343078,0.021640427,0.446720092,-0.006079551
1.584000,-0.179620525,0.021658255,0.446018462,-0.006018069
1.585000,-0.180877833,0.021675085,0.445317442,-0.005957129
1.586000,-0.182114872,0.021690918,0.444617147,-0.005896730
1.587000,-0.183331512,0.021705759,0.443917688,-0.005836872
1.588000,-0.184527624,0.021719607,0.443219178,-0.005777553
1.589000,-0.185703083,0.021732467,0.442521728,-0.005718774
1.590000,-0.186857762,0.021744340,0.441825446,-0.005660532
1.591000,-0.187991540,0.021755230,0.441130442,-0.005602827
1.592000,-0.189104294,0.021765140,0.440436824,-0.005545658
1.593000,-0.190195906,0.021774074,0.439744697,-0.005489024
1.594000,-0.191266255,0.021782036,0.439054167,-0.005432924
1.595000,-0.192315228,0.021789028,0.438365338,-0.005377355
1.596000,-0.193342708,0.021795057,0.437678313,-0.005322318
1.597000,-0.194348583,0.021800125,0.436993194,-0.005267810
1.598000,-0.195332742,0.021804239,0.436310082,-0.005213830
1.599000,-0.196295075,0.021807402,0.435629076,-0.005160378
1.600000,-0.197235476,0.021809621,0.434950274,-0.005107450
1.601000,-0.198153838,0.021810900,0.434273774,-0.005055047
1.602000,-0.199050058,0.021811245,0.433599671,-0.005003166
1.603000,-0.199924034,0.021810663,0.432928061,-0.004951805
1.604000,-0.200775665,0.021809160,0.432259036,-0.004900964
1.605000,-0.201604853,0.021806741,0.431592688,-0.004850641
1.606000,-0.202411503,0.021803414,0.430929110,-0.004800833
1.607000,-0.203195518,0.021799186,0.430268389,-0.004751539
1.608000,-0.203956808,0.021794063,0.429610615,-0.004702758
1.609000,-0.204695280,0.021788054,0.428955874,-0.004654487
1.610000,-0.205410847,0.021781165,0.428304252,-0.004606725
1.611000,-0.206103421,0.021773405,0.427655834,-0.004559471
1.612000,-0.206772917,0.021764781,0.427010702,-0.004512721
1.613000,-0.207419253,0.021755302,0.426368938,-0.004466475
1.614000,-0.208042348,0.021744977,0.425730623,-0.004420731
1.615000,-0.208642122,0.021733814,0.425095835,-0.004375486
1.616000,-0.209218499,0.021721822,0.424464653,-0.004330739
1.617000,-0.209771404,0.021709010,0.423837151,-0.004286488
1.618000,-0.210300763,0.021695388,0.423213406,-0.004242731
1.619000,-0.210806506,0.021680965,0.422593490,-0.004199466
1.620000,-0.211288563,0.021665751,0.421977475,-0.004156691
1.621000,-0.211746868,0.021649756,0.421365433,-0.004114404
1.622000,-0.212181356,0.021632991,0.420757431,-0.004072603
1.623000,-0.212591964,0.021615465,0.420153539,-0.004031287
1.624000,-0.212978632,0.021597190,0.419553821,-0.003990452
1.625000,-0.213341299,0.021578176,0.418958343,-0.003950098
1.626000,-0.213679911,0.021558434,0.418367169,-0.003910222
1.627000,-0.213994412,0.021537976,0.417780359,-0.003870823
1.628000,-0.214284750,0.021516812,0.417197975,-0.003831898
1.629000,-0.214550874,0.021494955,0.416620075,-0.003793446
1.630000,-0.214792737,0.021472416,0.416046717,-0.003755463
1.631000,-0.215010292,0.021449207,0.415477957,-0.003717950
1.632000,-0.215203496,0.021425341,0.414913849,-0.003680903
1.633000,-0.215372305,0.021400829,0.414354445,-0.003644320
1.634000,-0.215516681,0.021375684,0.413799799,-0.003608200
1.635000,-0.215636586,0.021349919,0.413249958,-0.003572541
1.636000,-0.215731984,0.021323546,0.412704972,-0.003537341
1.637000,-0.215802843,0.021296578,0.412164887,-0.003502597
1.638000,-0.215849131,0.021269029,0.411629749,-0.003468308
1.639000,-0.215870818,0.021240912,0.411099602,-0.003434473
1.640000,-0.215867878,0.021212240,0.410574487,-0.003401089
1.641000,-0.215840287,0.021183026,0.410054445,-0.003368154
1.642000,-0.215788022,0.021153285,0.409539515,-0.003335666
1.643000,-0.215711062,0.021123030,0.409029736,-0.003303625
1.644000,-0.215609390,0.021092276,0.408525141,-0.003272027
1.645000,-0.215482988,0.021061035,0.408025768,-0.003240871
1.646000,-0.215331845,0.021029323,0.407531647,-0.003210155
1.647000,-0.215155947,0.020997153,0.407042810,-0.003179878
1.648000,-0.214955286,0.020964541,0.406559287,-0.003150038
1.649000,-0.214729854,0.020931500,0.406081106,-0.003120632
1.650000,-0.214479647,0.020898046,0.405608293,-0.003091660
1.651000,-0.214204660,0.020864193,0.405140874,-0.003063120
1.652000,-0.213904895,0.020829955,0.404678871,-0.003035009
1.653000,-0.213580351,0.020795349,0.404222307,-0.003007327
1.654000,-0.213231034,0.020760388,0.403771202,-0.002980072
1.655000,-0.212856949,0.020725088,0.403325574,-0.002953241
1.656000,-0.212458104,0.020689464,0.402885440,-0.002926834
1.657000,-0.212034509,0.020653532,0.402450815,-0.002900849
1.658000,-0.211586177,0.020617306,0.402021714,-0.002875285
1.659000,-0.211113124,0.020580803,0.401598148,-0.002850139
1.660000,-0.210615364,0.020544037,0.401180129,-0.002825411
1.661000,-0.210092919,0.020507024,0.400767665,-0.002801098
1.662000,-0.209545809,0.020469779,0.400360763,-0.002777200
1.663000,-0.208974058,0.020432319,0.399959430,-0.002753715
1.664000,-0.208377691,0.020394658,0.399563670,-0.002730642
1.665000,-0.207756737,0.020356813,0.399173485,-0.002707979
1.666000,-0.207111225,0.020318799,0.398788876,-0.002685725
1.667000,-0.206441189,0.020280631,0.398409844,-0.002663879
1.668000,-0.205746661,0.020242326,0.398036385,-0.002642439
1.669000,-0.205027680,0.020203899,0.397668496,-0.002621403
1.670000,-0.204284284,0.020165367,0.397306173,-0.002600772
1.671000,-0.203516514,0.020126744,0.396949407,-0.002580544
1.672000,-0.202724413,0.020088046,0.396598191,-0.002560716
1.673000,-0.201908027,0.020049290,0.396252514,-0.002541289
1.674000,-0.201067403,0.020010491,0.395912366,-0.002522261
1.675000,-0.200202591,0.019971664,0.395577732,-0.002503631
1.676000,-0.199313642,0.019932825,0.395248599,-0.002485397
1.677000,-0.198400612,0.019893991,0.394924949,-0.002467559
1.678000,-0.197463556,0.019855176,0.394606766,-0.002450116
1.679000,-0.196502532,0.019816396,0.394294029,-0.002433067
1.680000,-0.195517601,0.019777667,0.393986718,-0.002416410
1.681000,-0.194508826,0.019739004,0.393684810,-0.002400145
1.682000,-0.193476271,0.019700423,0.393388282,-0.002384270
1.683000,-0.192420003,0.019661939,0.393097108,-0.002368785
1.684000,-0.191340091,0.019623567,0.392811260,-0.002353689
1.685000,-0.190236606,0.019585322,0.392530710,-0.002338980
1.686000,-0.189109621,0.019547220,0.392255429,-0.002324659
1.687000,-0.187959212,0.019509276,0.391985384,-0.002310724
1.688000,-0.186785456,0.019471504,0.391720542,-0.002297173
1.689000,-0.185588432,0.019433920,0.391460869,-0.002284008
1.690000,-0.184368221,0.019396539,0.391206328,-0.002271226
1.691000,-0.183124909,0.019359374,0.390956883,-0.002258826
1.692000,-0.181858579,0.019322441,0.390712493,-0.002246809
1.693000,-0.180569319,0.019285755,0.390473118,-0.002235173
1.694000,-0.179257220,0.019249328,0.390238717,-0.002223918
1.695000,-0.177922373,0.019213177,0.390009246,-0.002213043
1.696000,-0.176564872,0.019177314,0.389784659,-0.002202546
1.697000,-0.175184812,0.019141753,0.389564911,-0.002192429
1.698000,-0.173782291,0.019106510,0.389349954,-0.002182689
1.699000,-0.172357409,0.019071597,0.389139738,-0.002173326
1.700000,-0.170910267,0.019037027,0.388934213,-0.002164339
1.701000,-0.169440970,0.019002815,0.388733327,-0.002155729
1.702000,-0.167949623,0.018968973,0.388537026,-0.002147494
1.703000,-0.166436333,0.018935514,0.388345256,-0.002139633
1.704000,-0.164901210,0.018902452,0.388157959,-0.002132147
1.705000,-0.163344365,0.018869799,0.387975080,-0.002125034
1.706000,-0.161765912,0.018837567,0.387796558,-0.002118294
1.707000,-0.160165966,0.018805770,0.387622334,-0.002111927
1.708000,-0.158544643,0.018774418,0.387452346,-0.002105931
1.709000,-0.156902064,0.018743525,0.387286530,-0.002100307
1.710000,-0.155238348,0.018713102,0.387124823,-0.002095054
1.711000,-0.153553619,0.018683160,0.386967159,-0.002090171
1.712000,-0.151848001,0.018653711,0.386813470,-0.002085657
1.713000,-0.150121620,0.018624766,0.386663690,-0.002081513
1.714000,-0.148374605,0.018596336,0.386517748,-0.002077738
1.715000,-0.146607085,0.018568432,0.386375573,-0.002074331
1.716000,-0.144819193,0.018541064,0.386237095,-0.002071292
1.717000,-0.143011061,0.018514243,0.386102238,-0.002068621
1.718000,-0.141182825,0.018487978,0.385970930,-0.002066316
1.719000,-0.139334622,0.018462280,0.385843094,-0.002064378
1.720000,-0.137466591,0.018437159,0.385718653,-0.002062805
1.721000,-0.135578872,0.018412622,0.385597530,-0.002061599
1.722000,-0.133671608,0.018388681,0.385479644,-0.002060757
1.723000,-0.131744941,0.018365343,0.385364917,-0.002060280
1.724000,-0.129799018,0.018342617,0.385253265,-0.002060167
1.725000,-0.127833986,0.018320511,0.385144607,-0.002060418
1.726000,-0.125849993,0.018299034,0.385038859,-0.002061032
1.727000,-0.123847190,0.018278194,0.384935935,-0.002062009
1.728000,-0.121825729,0.018257998,0.384835750,-0.002063348
1.729000,-0.119785763,0.018238453,0.384738217,-0.002065049
1.730000,-0.117727447,0.018219567,0.384643246,-0.002067111
1.731000,-0.115650939,0.018201346,0.384550750,-0.002069535
1.732000,-0.113556397,0.018183797,0.384460638,-0.002072319
1.733000,-0.111443979,0.018166926,0.384372817,-0.002075463
1.734000,-0.109313848,0.018150739,0.384287197,-0.002078967
1.735000,-0.107166167,0.018135241,0.384203684,-0.002082830
1.736000,-0.105001098,0.018120439,0.384122183,-0.002087052
1.737000,-0.102818809,0.018106337,0.384042599,-0.002091632
1.738000,-0.100619466,0.018092940,0.383964836,-0.002096570
1.739000,-0.098403237,0.018080252,0.383888796,-0.002101865
1.740000,-0.096170293,0.018068279,0.383814382,-0.002107517
1.741000,-0.093920805,0.018057023,0.383741495,-0.002113525
1.742000,-0.091654945,0.018046488,0.383670034,-0.002119889
1.743000,-0.089372888,0.018036678,0.383599899,-0.002126608
1.744000,-0.087074808,0.018027596,0.383530988,-0.002133682
1.745000,-0.084760883,0.018019244,0.383463199,-0.002141111
1.746000,-0.082431290,0.018011626,0.383396428,-0.002148893
1.747000,-0.080086208,0.018004742,0.383330571,-0.002157028
1.748000,-0.077725818,0.017998596,0.383265524,-0.002165516
1.749000,-0.075350302,0.017993188,0.383201180,-0.002174357
1.750000,-0.072959841,0.017988519,0.383137434,-0.002183549
1.751000,-0.070554622,0.017984592,0.383074177,-0.002193091
1.752000,-0.068134827,0.017981406,0.383011302,-0.002202985
1.753000,-0.065700645,0.017978961,0.382948701,-0.002213228
1.754000,-0.063252262,0.017977259,0.382886264,-0.002223821
1.755000,-0.060789867,0.017976297,0.382823880,-0.002234762
1.756000,-0.058313650,0.017976076,0.382761440,-0.002246052
1.757000,-0.055823801,0.017976596,0.382698832,-0.002257689
1.758000,-0.053320512,0.017977854,0.382635944,-0.002269673
1.759000,-0.050803977,0.017979849,0.382572664,-0.002282004
1.760000,-0.048274388,0.017982579,0.382508878,-0.002294680
1.761000,-0.045731942,0.017986043,0.382444472,-0.002307701
1.762000,-0.043176832,0.017990237,0.382379333,-0.002321067
1.763000,-0.040609257,0.017995159,0.382313346,-0.002334776
1.764000,-0.038029415,0.018000806,0.382246395,-0.002348829
1.765000,-0.035437502,0.018007175,0.382178365,-0.002363224
1.766000,-0.032833720,0.018014262,0.382109139,-0.002377961
1.767000,-0.030218269,0.018022063,0.382038601,-0.002393039
1.768000,-0.027591348,0.018030574,0.381966633,-0.002408458
1.769000,-0.024953162,0.018039790,0.381893118,-0.002424216
1.770000,-0.022303912,0.018049706,0.381817938,-0.002440313
1.771000,-0.019643802,0.018060318,0.381740974,-0.002456749
1.772000,-0.016973036,0.018071620,0.381662108,-0.002473522
1.773000,-0.014291819,0.018083606,0.381581220,-0.002490632
1.774000,-0.011600358,0.018096269,0.381498192,-0.002508079
1.775000,-0.008898858,0.018109605,0.381412903,-0.002525860
1.776000,-0.006187527,0.018123606,0.381325233,-0.002543977
1.777000,-0.003466572,0.018138266,0.381235062,-0.002562428
1.778000,-0.000736202,0.018153577,0.381142270,-0.002581212
1.779000,0.002003373,0.018169531,0.381046736,-0.002600328
1.780000,0.004751945,0.018186122,0.380948338,-0.002619776
1.781000,0.007509304,0.018203342,0.380846955,-0.002639555
1.782000,0.010275238,0.018221181,0.380742467,-0.002659665
1.783000,0.013049536,0.018239632,0.380634752,-0.002680104
1.784000,0.015831987,0.018258685,0.380523687,-0.002700872
1.785000,0.018622379,0.018278333,0.380409151,-0.002721967
1.786000,0.021420498,0.018298565,0.380291023,-0.002743390
1.787000,0.024226133,0.018319372,0.380169180,-0.002765140
1.788000,0.027039068,0.018340744,0.380043500,-0.002787215
1.789000,0.029859091,0.018362672,0.379913861,-0.002809615
1.790000,0.032685988,0.018385144,0.379780141,-0.002832340
1.791000,0.035519543,0.018408151,0.379642218,-0.002855387
1.792000,0.038359542,0.018431682,0.379499970,-0.002878758
1.793000,0.041205770,0.018455726,0.379353275,-0.002902450
1.794000,0.044058011,0.018480271,0.379202011,-0.002926464
1.795000,0.046916050,0.018505306,0.379046056,-0.002950798
1.796000,0.049779671,0.018530820,0.378885288,-0.002975452
1.797000,0.052648657,0.018556801,0.378719585,-0.003000425
1.798000,0.055522793,0.018583237,0.378548827,-0.003025716
1.799000,0.058401862,0.018610115,0.378372890,-0.003051324
1.800000,0.061285647,0.018637423,0.378191656,-0.003077249
1.801000,0.064173932,0.018665149,0.378005001,-0.003103491
1.802000,0.067066500,0.018693279,0.377812806,-0.003130047
1.803000,0.069963134,0.018721800,0.377614950,-0.003156919
1.804000,0.072863617,0.018750700,0.377411313,-0.003184104
1.805000,0.075767732,0.018779965,0.377201774,-0.003211603
1.806000,0.078675263,0.018809581,0.376986214,-0.003239414
1.807000,0.081585993,0.018839534,0.376764514,-0.003267537
1.808000,0.084499703,0.018869812,0.376536553,-0.003295972
1.809000,0.087416179,0.018900399,0.376302215,-0.003324717
1.810000,0.090335203,0.018931281,0.376061379,-0.003353773
1.811000,0.093256559,0.018962445,0.375813928,-0.003383137
1.812000,0.096180029,0.018993875,0.375559745,-0.003412811
1.813000,0.099105398,0.019025557,0.375298712,-0.003442793
1.814000,0.102032450,0.019057476,0.375030713,-0.003473083
1.815000,0.104960969,0.019089618,0.374755632,-0.003503680
1.816000,0.107890738,0.019121967,0.374473352,-0.003534584
1.817000,0.110821543,0.019154509,0.374183758,-0.003565794
1.818000,0.113753169,0.019187227,0.373886736,-0.003597309
1.819000,0.116685400,0.019220106,0.373582172,-0.003629130
1.820000,0.119618021,0.019253132,0.373269952,-0.003661255
1.821000,0.122550819,0.019286289,0.372949962,-0.003693685
1.822000,0.125483580,0.019319561,0.372622091,-0.003726419
1.823000,0.128416090,0.019352931,0.372286226,-0.003759456
1.824000,0.131348135,0.019386386,0.371942257,-0.003792796
1.825000,0.134279504,0.019419908,0.371590073,-0.003826439
1.826000,0.137209983,0.019453481,0.371229564,-0.003860384
1.827000,0.140139362,0.019487091,0.370860620,-0.003894631
1.828000,0.143067428,0.019520720,0.370483134,-0.003929180
1.829000,0.145993971,0.019554352,0.370096998,-0.003964031
1.830000,0.148918780,0.019587972,0.369702105,-0.003999182
1.831000,0.151841646,0.019621564,0.369298348,-0.004034635
1.832000,0.154762359,0.019655110,0.368885623,-0.004070389
1.833000,0.157680711,0.019688595,0.368463824,-0.004106443
1.834000,0.160596493,0.019722003,0.368032848,-0.004142798
1.835000,0.163509499,0.019755317,0.367592591,-0.004179454
1.836000,0.166419522,0.019788521,0.367142953,-0.004216410
1.837000,0.169326354,0.019821598,0.366683831,-0.004253666
1.838000,0.172229792,0.019854533,0.366215125,-0.004291222
1.839000,0.175129631,0.019887309,0.365736737,-0.004329079
1.840000,0.178025665,0.019919910,0.365248566,-0.004367236
1.841000,0.180917693,0.019952320,0.364750517,-0.004405693
1.842000,0.183805512,0.019984522,0.364242491,-0.004444450
1.843000,0.186688919,0.020016500,0.363724394,-0.004483509
1.844000,0.189567715,0.020048238,0.363196132,-0.004522867
1.845000,0.192441700,0.020079719,0.362657610,-0.004562527
1.846000,0.195310673,0.020110929,0.362108735,-0.004602487
1.847000,0.198174438,0.020141850,0.361549417,-0.004642749
1.848000,0.201032796,0.020172467,0.360979565,-0.004683312
1.849000,0.203885551,0.020202764,0.360399090,-0.004724178
1.850000,0.206732507,0.020232724,0.359807903,-0.004765345
1.851000,0.209573471,0.020262333,0.359205917,-0.004806814
1.852000,0.212408247,0.020291574,0.358593046,-0.004848587
1.853000,0.215236645,0.020320432,0.357969205,-0.004890662
1.854000,0.218058471,0.020348891,0.357334310,-0.004933041
1.855000,0.220873536,0.020376936,0.356688280,-0.004975725
1.856000,0.223681649,0.020404551,0.356031032,-0.005018713
1.857000,0.226482623,0.020431722,0.355362486,-0.005062006
1.858000,0.229276270,0.020458433,0.354682564,-0.005105605
1.859000,0.232062403,0.020484668,0.353991187,-0.005149510
1.860000,0.234840838,0.020510414,0.353288279,-0.005193722
1.861000,0.237611390,0.020535654,0.352573765,-0.005238241
1.862000,0.240373876,0.020560376,0.351847572,-0.005283069
1.863000,0.243128115,0.020584563,0.351109625,-0.005328205
1.864000,0.245873926,0.020608202,0.350359855,-0.005373652
1.865000,0.248611130,0.020631278,0.349598191,-0.005419408
1.866000,0.251339548,0.020653778,0.348824564,-0.005465476
1.867000,0.254059003,0.020675686,0.348038907,-0.005511856
1.868000,0.256769321,0.020696990,0.347241154,-0.005558549
1.869000,0.259470326,0.020717676,0.346431241,-0.005605555
1.870000,0.262161845,0.020737729,0.345609104,-0.005652876
1.871000,0.264843707,0.020757138,0.344774681,-0.005700512
1.872000,0.267515742,0.020775888,0.343927913,-0.005748465
1.873000,0.270177779,0.020793967,0.343068739,-0.005796736
1.874000,0.272829652,0.020811361,0.342197103,-0.005845325
1.875000,0.275471193,0.020828058,0.341312949,-0.005894233
1.876000,0.278102238,0.020844046,0.340416221,-0.005943461
1.877000,0.280722624,0.020859312,0.339506868,-0.005993012
1.878000,0.283332187,0.020873844,0.338584836,-0.006042885
1.879000,0.285930767,0.020887631,0.337650077,-0.006093081
1.880000,0.288518206,0.020900660,0.336702541,-0.006143602
1.881000,0.291094344,0.020912920,0.335742181,-0.006194450
1.882000,0.293659025,0.020924400,0.334768952,-0.006245624
1.883000,0.296212096,0.020935088,0.333782810,-0.006297127
1.884000,0.298753401,0.020944974,0.332783712,-0.006348959
1.885000,0.301282790,0.020954047,0.331771617,-0.006401122
1.886000,0.303800111,0.020962296,0.330746486,-0.006453617
1.887000,0.306305217,0.020969711,0.329708281,-0.006506445
1.888000,0.308797959,0.020976283,0.328656967,-0.006559608
1.889000,0.311278193,0.020982002,0.327592508,-0.006613106
1.890000,0.313745773,0.020986857,0.326514871,-0.006666941
1.891000,0.316200558,0.020990839,0.325424026,-0.006721114
1.892000,0.318642406,0.020993940,0.324319943,-0.006775627
1.893000,0.321071179,0.020996150,0.323202593,-0.006830480
1.894000,0.323486738,0.020997461,0.322071950,-0.006885676
1.895000,0.325888947,0.020997864,0.320927990,-0.006941215
1.896000,0.328277673,0.020997352,0.319770689,-0.006997098
1.897000,0.330652782,0.020995915,0.318600027,-0.007053328
1.898000,0.333014144,0.020993547,0.317415982,-0.007109904
1.899000,0.335361629,0.020990241,0.316218538,-0.007166830
1.900000,0.337695109,0.020985988,0.315007679,-0.007224105
1.901000,0.340014459,0.020980781,0.313783388,-0.007281731
1.902000,0.342319554,0.020974615,0.312545655,-0.007339710
1.903000,0.344610273,0.020967483,0.311294466,-0.007398042
1.904000,0.346886493,0.020959378,0.310029814,-0.007456730
1.905000,0.349148097,0.020950295,0.308751690,-0.007515773
1.906000,0.351394968,0.020940227,0.307460089,-0.007575174
1.907000,0.353626989,0.020929170,0.306155005,-0.007634934
1.908000,0.355844047,0.020917118,0.304836438,-0.007695054
1.909000,0.358046031,0.020904066,0.303504385,-0.007755535
1.910000,0.360232830,0.020890009,0.302158848,-0.007816378
1.911000,0.362404336,0.020874943,0.300799830,-0.007877585
1.912000,0.364560443,0.020858865,0.299427335,-0.007939156
1.913000,0.366701046,0.020841769,0.298041370,-0.008001094
1.914000,0.368826042,0.020823653,0.296641944,-0.008063398
1.915000,0.370935332,0.020804512,0.295229064,-0.008126070
1.916000,0.373028814,0.020784344,0.293802745,-0.008189111
1.917000,0.375106393,0.020763147,0.292362998,-0.008252522
1.918000,0.377167973,0.020740916,0.290909840,-0.008316304
1.919000,0.379213461,0.020717650,0.289443288,-0.008380458
1.920000,0.381242765,0.020693348,0.287963359,-0.008444985
1.921000,0.383255795,0.020668006,0.286470076,-0.008509886
1.922000,0.385252464,0.020641623,0.284963460,-0.008575161
1.923000,0.387232686,0.020614199,0.283443537,-0.008640812
1.924000,0.389196377,0.020585731,0.281910331,-0.008706838
1.925000,0.391143454,0.020556220,0.280363871,-0.008773242
1.926000,0.393073838,0.020525665,0.278804187,-0.008840023
1.927000,0.394987450,0.020494064,0.277231310,-0.008907183
1.928000,0.396884215,0.020461419,0.275645274,-0.008974721
1.929000,0.398764057,0.020427730,0.274046114,-0.009042638
1.930000,0.400626904,0.020392997,0.272433867,-0.009110935
1.931000,0.402472687,0.020357220,0.270808572,-0.009179612
1.932000,0.404301335,0.020320401,0.269170269,-0.009248670
1.933000,0.406112784,0.020282541,0.267519001,-0.009318108
1.934000,0.407906967,0.020243641,0.265854812,-0.009387927
1.935000,0.409683822,0.020203703,0.264177749,-0.009458128
1.936000,0.411443289,0.020162730,0.262487859,-0.009528710
1.937000,0.413185309,0.020120722,0.260785192,-0.009599673
1.938000,0.414909825,0.020077683,0.259069799,-0.009671017
1.939000,0.416616782,0.020033616,0.257341735,-0.009742743
1.940000,0.418306127,0.019988523,0.255601054,-0.009814849
1.941000,0.419977810,0.019942408,0.253847813,-0.009887337
1.942000,0.421631781,0.019895273,0.252082071,-0.009960205
1.943000,0.423267993,0.019847123,0.250303889,-0.010033453
1.944000,0.424886401,0.019797962,0.248513328,-0.010107080
1.945000,0.426486963,0.019747793,0.246710454,-0.010181087
1.946000,0.428069638,0.019696620,0.244895333,-0.010255472
1.947000,0.429634385,0.019644450,0.243068031,-0.010330235
1.948000,0.431181168,0.019591285,0.241228620,-0.010405374
1.949000,0.432709953,0.019537132,0.239377169,-0.010480890
1.950000,0.434220705,0.019481995,0.237513753,-0.010556781
1.951000,0.435713393,0.019425880,0.235638445,-0.010633046
1.952000,0.437187989,0.019368792,0.233751324,-0.010709683
1.953000,0.438644465,0.019310738,0.231852468,-0.010786692
1.954000,0.440082796,0.019251723,0.229941956,-0.010864071
1.955000,0.441502958,0.019191754,0.228019870,-0.010941819
1.956000,0.442904931,0.019130837,0.226086296,-0.011019934
1.957000,0.444288694,0.019068980,0.224141317,-0.011098414
1.958000,0.445654231,0.019006188,0.222185022,-0.011177259
1.959000,0.447001526,0.018942468,0.220217498,-0.011256465
1.960000,0.448330565,0.018877829,0.218238838,-0.011336031
1.961000,0.449641337,0.018812278,0.216249133,-0.011415955
1.962000,0.450933832,0.018745822,0.214248478,-0.011496235
1.963000,0.452208043,0.018678469,0.212236968,-0.011576868
1.964000,0.453463964,0.018610227,0.210214702,-0.011657852
1.965000,0.454701591,0.018541105,0.208181777,-0.011739185
1.966000,0.455920922,0.018471110,0.206138296,-0.011820863
1.967000,0.457121958,0.018400252,0.204084360,-0.011902885
1.968000,0.458304701,0.018328538,0.202020075,-0.011985247
1.969000,0.459469154,0.018255979,0.199945546,-0.012067947
1.970000,0.460615323,0.018182582,0.197860881,-0.012150980
1.971000,0.461743217,0.018108357,0.195766189,-0.012234345
1.972000,0.462852845,0.018033314,0.193661580,-0.012318038
1.973000,0.463944218,0.017957462,0.191547168,-0.012402055
1.974000,0.465017350,0.017880810,0.189423067,-0.012486392
1.975000,0.466072256,0.017803369,0.187289392,-0.012571047
1.976000,0.467108954,0.017725149,0.185146260,-0.012656015
1.977000,0.468127463,0.017646158,0.182993791,-0.012741293
1.978000,0.469127804,0.017566409,0.180832106,-0.012826875
1.979000,0.470109999,0.017485910,0.178661325,-0.012912759
1.980000,0.471074074,0.017404673,0.176481573,-0.012998940
1.981000,0.472020055,0.017322708,0.174292976,-0.013085413
1.982000,0.472947970,0.017240026,0.172095658,-0.013172174
1.983000,0.473857850,0.017156638,0.169889750,-0.013259218
1.984000,0.474749727,0.017072555,0.167675381,-0.013346540
1.985000,0.475623634,0.016987787,0.165452681,-0.013434136
1.986000,0.476479608,0.016902346,0.163221784,-0.013522001
1.987000,0.477317686,0.016816243,0.160982825,-0.013610128
1.988000,0.478137906,0.016729490,0.158735937,-0.013698513
1.989000,0.478940311,0.016642098,0.156481259,-0.013787151
1.990000,0.479724943,0.016554079,0.154218930,-0.013876035
1.991000,0.480491846,0.016465444,0.151949088,-0.013965161
1.992000,0.481241068,0.016376205,0.149671877,-0.014054522
1.993000,0.481972655,0.016286373,0.147387437,-0.014144112
1.994000,0.482686658,0.016195962,0.145095915,-0.014233925
1.995000,0.483383129,0.016104982,0.142797454,-0.014323955
1.996000,0.484062120,0.016013446,0.140492203,-0.014414196
1.997000,0.484723687,0.015921366,0.138180309,-0.014504641
1.998000,0.485367885,0.015828754,0.135861921,-0.014595284
1.999000,0.485994774,0.015735622,0.133537192,-0.014686117
2.000000,0.486604414,0.015641983,0.131206273,-0.014777134
2.001000,0.487196865,0.015547849,0.128869317,-0.014868328
2.002000,0.487772192,0.015453232,0.126526479,-0.014959692
2.003000,0.488330459,0.015358145,0.124177916,-0.015051219
2.004000,0.488871732,0.015262600,0.121823784,-0.015142901
2.005000,0.489396080,0.015166610,0.119464242,-0.015234730
2.006000,0.489903572,0.015070187,0.117099451,-0.015326700
2.007000,0.490394280,0.014973344,0.114729569,-0.015418802
2.008000,0.490868276,0.014876093,0.112354761,-0.015511029
2.009000,0.491325635,0.014778448,0.109975188,-0.015603372
2.010000,0.491766432,0.014680420,0.107591015,-0.015695824
2.011000,0.492190746,0.014582022,0.105202409,-0.015788376
2.012000,0.492598655,0.014483268,0.102809535,-0.015881020
2.013000,0.492990239,0.014384169,0.100412560,-0.015973747
2.014000,0.493365580,0.014284739,0.098011655,-0.016066549
2.015000,0.493724762,0.014184989,0.095606989,-0.016159418
2.016000,0.494067870,0.014084934,0.093198732,-0.016252344
2.017000,0.494394989,0.013984585,0.090787057,-0.016345319
2.018000,0.494706208,0.013883955,0.088372137,-0.016438333
2.019000,0.495001615,0.013783056,0.085954145,-0.016531378
2.020000,0.495281301,0.013681903,0.083533256,-0.016624445
2.021000,0.495545358,0.013580506,0.081109647,-0.016717523
2.022000,0.495793880,0.013478878,0.078683494,-0.016810604
2.023000,0.496026960,0.013377033,0.076254975,-0.016903678
2.024000,0.496244694,0.013274983,0.073824268,-0.016996736
2.025000,0.496447180,0.013172740,0.071391553,-0.017089768
2.026000,0.496634517,0.013070316,0.068957011,-0.017182763
2.027000,0.496806804,0.012967725,0.066520822,-0.017275713
2.028000,0.496964141,0.012864978,0.064083169,-0.017368607
2.029000,0.497106632,0.012762088,0.061644234,-0.017461435
2.030000,0.497234380,0.012659067,0.059204202,-0.017554187
2.031000,0.497347490,0.012555927,0.056763256,-0.017646853
2.032000,0.497446067,0.012452682,0.054321583,-0.017739422
2.033000,0.497530219,0.012349341,0.051879367,-0.017831885
2.034000,0.497600054,0.012245919,0.049436795,-0.017924230
2.035000,0.497655681,0.012142427,0.046994055,-0.018016448
2.036000,0.497697211,0.012038876,0.044551335,-0.018108527
2.037000,0.497724756,0.011935279,0.042108824,-0.018200456
2.038000,0.497738428,0.011831648,0.039666710,-0.018292226
2.039000,0.497738342,0.011727994,0.037225184,-0.018383826
2.040000,0.497724611,0.011624328,0.034784436,-0.018475244
2.041000,0.497697353,0.011520664,0.032344657,-0.018566470
2.042000,0.497656683,0.011417011,0.029906039,-0.018657492
2.043000,0.497602721,0.011313381,0.027468775,-0.018748300
2.044000,0.497535584,0.011209787,0.025033056,-0.018838883
2.045000,0.497455393,0.011106238,0.022599076,-0.018929230
2.046000,0.497362268,0.011002747,0.020167029,-0.019019329
2.047000,0.497256332,0.010899323,0.017737109,-0.019109169
2.048000,0.497137707,0.010795979,0.015309510,-0.019198740
2.049000,0.497006517,0.010692725,0.012884427,-0.019288029
2.050000,0.496862886,0.010589572,0.010462056,-0.019377026
2.051000,0.496706939,0.010486531,0.008042593,-0.019465719
2.052000,0.496538802,0.010383611,0.005626233,-0.019554097
2.053000,0.496358603,0.010280824,0.003213172,-0.019642149
2.054000,0.496166469,0.010178180,0.000803609,-0.019729864
2.055000,0.495962528,0.010075689,-0.001602261,-0.019817229
2.056000,0.495746911,0.009973361,-0.004004241,-0.019904234
2.057000,0.495519746,0.009871207,-0.006402132,-0.019990868
2.058000,0.495281165,0.009769236,-0.008795737,-0.020077118
2.059000,0.495031299,0.009667458,-0.011184858,-0.020162974
2.060000,0.494770280,0.009565882,-0.013569297,-0.020248424
2.061000,0.494498240,0.009464519,-0.015948855,-0.020333457
2.062000,0.494215314,0.009363377,-0.018323335,-0.020418061
2.063000,0.493921635,0.009262466,-0.020692537,-0.020502226
2.064000,0.493617338,0.009161796,-0.023056264,-0.020585940
2.065000,0.493302558,0.009061375,-0.025414316,-0.020669191
2.066000,0.492977430,0.008961211,-0.027766495,-0.020751969
2.067000,0.492642091,0.008861315,-0.030112602,-0.020834261
2.068000,0.492296678,0.008761695,-0.032452438,-0.020916058
2.069000,0.491941327,0.008662358,-0.034785804,-0.020997348
2.070000,0.491576178,0.008563314,-0.037112503,-0.021078119
2.071000,0.491201367,0.008464572,-0.039432334,-0.021158361
2.072000,0.490817033,0.008366138,-0.041745100,-0.021238063
2.073000,0.490423316,0.008268021,-0.044050602,-0.021317214
2.074000,0.490020355,0.008170229,-0.046348642,-0.021395802
2.075000,0.489608289,0.008072770,-0.048639021,-0.021473817
2.076000,0.489187259,0.007975651,-0.050921542,-0.021551249
2.077000,0.488757406,0.007878880,-0.053196007,-0.021628085
2.078000,0.488318870,0.007782465,-0.055462217,-0.021704317
2.079000,0.487871792,0.007686411,-0.057719977,-0.021779933
2.080000,0.487416313,0.007590727,-0.059969087,-0.021854923
2.081000,0.486952576,0.007495420,-0.062209353,-0.021929276
2.082000,0.486480721,0.007400495,-0.064440576,-0.022002983
2.083000,0.486000892,0.007305961,-0.066662562,-0.022076032
2.084000,0.485513230,0.007211823,-0.068875113,-0.022148414
2.085000,0.485017877,0.007118087,-0.071078035,-0.022220118
2.086000,0.484514977,0.007024761,-0.073271132,-0.022291135
2.087000,0.484004672,0.006931849,-0.075454209,-0.022361455
2.088000,0.483487104,0.006839359,-0.077627073,-0.022431068
2.089000,0.482962417,0.006747295,-0.079789530,-0.022499965
2.090000,0.482430753,0.006655664,-0.081941385,-0.022568136
2.091000,0.481892256,0.006564471,-0.084082446,-0.022635571
2.092000,0.481347068,0.006473721,-0.086212521,-0.022702262
2.093000,0.480795332,0.006383420,-0.088331418,-0.022768199
2.094000,0.480237192,0.006293574,-0.090438946,-0.022833373
2.095000,0.479672790,0.006204185,-0.092534913,-0.022897776
2.096000,0.479102270,0.006115261,-0.094619131,-0.022961398
2.097000,0.478525773,0.006026805,-0.096691409,-0.023024231
2.098000,0.477943443,0.005938822,-0.098751558,-0.023086267
2.099000,0.477355422,0.005851317,-0.100799391,-0.023147496
2.100000,0.476761854,0.005764293,-0.102834719,-0.023207912
2.101000,0.476162879,0.005677755,-0.104857357,-0.023267506
2.102000,0.475558640,0.005591707,-0.106867118,-0.023326270
2.103000,0.474949279,0.005506153,-0.108863817,-0.023384196
2.104000,0.474334938,0.005421097,-0.110847269,-0.023441278
2.105000,0.473715759,0.005336542,-0.112817291,-0.023497507
2.106000,0.473091882,0.005252491,-0.114773700,-0.023552876
2.107000,0.472463448,0.005168949,-0.116716313,-0.023607378
2.108000,0.471830598,0.005085918,-0.118644950,-0.023661007
2.109000,0.471193472,0.005003402,-0.120559430,-0.023713755
2.110000,0.470552210,0.004921404,-0.122459574,-0.023765616
2.111000,0.469906953,0.004839926,-0.124345203,-0.023816585
2.112000,0.469257838,0.004758971,-0.126216139,-0.023866654
2.113000,0.468605005,0.004678541,-0.128072207,-0.023915817
2.114000,0.467948593,0.004598641,-0.129913230,-0.023964070
2.115000,0.467288739,0.004519270,-0.131739033,-0.024011406
2.116000,0.466625581,0.004440433,-0.133549444,-0.024057820
2.117000,0.465959255,0.004362131,-0.135344290,-0.024103307
2.118000,0.465289899,0.004284366,-0.137123398,-0.024147861
2.119000,0.464617649,0.004207140,-0.138886599,-0.024191478
2.120000,0.463942640,0.004130454,-0.140633723,-0.024234154
2.121000,0.463265007,0.004054312,-0.142364602,-0.024275884
2.122000,0.462584884,0.003978713,-0.144079069,-0.024316664
2.123000,0.461902405,0.003903660,-0.145776958,-0.024356489
2.124000,0.461217705,0.003829153,-0.147458104,-0.024395357
2.125000,0.460530914,0.003755195,-0.149122344,-0.024433263
2.126000,0.459842165,0.003681786,-0.150769515,-0.024470205
2.127000,0.459151590,0.003608927,-0.152399457,-0.024506179
2.128000,0.458459319,0.003536620,-0.154012008,-0.024541182
2.129000,0.457765482,0.003464864,-0.155607012,-0.024575212
2.130000,0.457070209,0.003393662,-0.157184310,-0.024608266
2.131000,0.456373627,0.003323013,-0.158743746,-0.024640342
2.132000,0.455675865,0.003252917,-0.160285166,-0.024671438
2.133000,0.454977049,0.003183376,-0.161808416,-0.024701553
2.134000,0.454277306,0.003114390,-0.163313345,-0.024730684
2.135000,0.453576761,0.003045959,-0.164799801,-0.024758831
2.136000,0.452875540,0.002978083,-0.166267637,-0.024785993
2.137000,0.452173764,0.002910762,-0.167716703,-0.024812168
2.138000,0.451471559,0.002843997,-0.169146854,-0.024837357
2.139000,0.450769045,0.002777786,-0.170557944,-0.024861558
2.140000,0.450066344,0.002712131,-0.171949831,-0.024884772
2.141000,0.449363576,0.002647031,-0.173322372,-0.024906998
2.142000,0.448660861,0.002582485,-0.174675426,-0.024928238
2.143000,0.447958317,0.002518493,-0.176008856,-0.024948491
2.144000,0.447256061,0.002455054,-0.177322523,-0.024967760
2.145000,0.446554211,0.002392169,-0.178616292,-0.024986044
2.146000,0.445852881,0.002329836,-0.179890029,-0.025003345
2.147000,0.445152186,0.002268054,-0.181143600,-0.025019664
2.148000,0.444452240,0.002206824,-0.182376875,-0.025035004
2.149000,0.443753156,0.002146144,-0.183589724,-0.025049367
2.150000,0.443055045,0.002086013,-0.184782019,-0.025062754
2.151000,0.442358017,0.002026430,-0.185953635,-0.025075169
2.152000,0.441662183,0.001967395,-0.187104446,-0.025086614
2.153000,0.440967649,0.001908906,-0.188234330,-0.025097092
2.154000,0.440274524,0.001850962,-0.189343165,-0.025106607
2.155000,0.439582914,0.001793562,-0.190430833,-0.025115162
2.156000,0.438892924,0.001736704,-0.191497215,-0.025122760
2.157000,0.438204657,0.001680389,-0.192542195,-0.025129406
2.158000,0.437518216,0.001624613,-0.193565659,-0.025135104
2.159000,0.436833704,0.001569376,-0.194567495,-0.025139859
2.160000,0.436151220,0.001514676,-0.195547592,-0.025143675
2.161000,0.435470863,0.001460513,-0.196505840,-0.025146557
2.162000,0.434792733,0.001406883,-0.197442134,-0.025148510
2.163000,0.434116924,0.001353787,-0.198356367,-0.025149541
2.164000,0.433443534,0.001301222,-0.199248436,-0.025149654
2.165000,0.432772656,0.001249186,-0.200118239,-0.025148855
2.166000,0.432104384,0.001197678,-0.200965677,-0.025147150
2.167000,0.431438809,0.001146697,-0.201790651,-0.025144547
2.168000,0.430776022,0.001096240,-0.202593066,-0.025141052
2.169000,0.430116112,0.001046307,-0.203372827,-0.025136670
2.170000,0.429459168,0.000996894,-0.204129843,-0.025131411
2.171000,0.428805275,0.000948000,-0.204864022,-0.025125280
2.172000,0.428154520,0.000899624,-0.205575277,-0.025118285
2.173000,0.427506986,0.000851764,-0.206263521,-0.025110435
2.174000,0.426862757,0.000804417,-0.206928669,-0.025101736
2.175000,0.426221912,0.000757582,-0.207570639,-0.025092198
2.176000,0.425584534,0.000711257,-0.208189350,-0.025081829
2.177000,0.424950699,0.000665441,-0.208784724,-0.025070637
2.178000,0.424320486,0.000620130,-0.209356683,-0.025058631
2.179000,0.423693970,0.000575323,-0.209905155,-0.025045821
2.180000,0.423071226,0.000531019,-0.210430064,-0.025032215
2.181000,0.422452327,0.000487215,-0.210931343,-0.025017823
2.182000,0.421837344,0.000443909,-0.211408920,-0.025002655
2.183000,0.421226348,0.000401099,-0.211862731,-0.024986720
2.184000,0.420619407,0.000358784,-0.212292710,-0.024970030
2.185000,0.420016589,0.000316960,-0.212698795,-0.024952593
2.186000,0.419417960,0.000275627,-0.213080926,-0.024934421
2.187000,0.418823584,0.000234783,-0.213439045,-0.024915524
2.188000,0.418233525,0.000194424,-0.213773094,-0.024895913
2.189000,0.417647843,0.000154550,-0.214083021,-0.024875600
2.190000,0.417066599,0.000115158,-0.214368773,-0.024854595
2.191000,0.416489851,0.000076246,-0.214630299,-0.024832910
2.192000,0.415917657,0.000037812,-0.214867553,-0.024810556
2.193000,0.415350072,-0.000000146,-0.215080489,-0.024787546
2.194000,0.414787150,-0.000037629,-0.215269062,-0.024763891
2.195000,0.414228943,-0.000074640,-0.215433232,-0.024739604
2.196000,0.413675503,-0.000111181,-0.215572958,-0.024714696
2.197000,0.413126880,-0.000147254,-0.215688205,-0.024689180
2.198000,0.412583120,-0.000182860,-0.215778936,-0.024663069
2.199000,0.412044271,-0.000218002,-0.215845119,-0.024636376
2.200000,0.411510378,-0.000252682,-0.215886724,-0.024609113
2.201000,0.410981483,-0.000286901,-0.215903720,-0.024581294
2.202000,0.410457630,-0.000320661,-0.215896083,-0.024552931
2.203000,0.409938857,-0.000353965,-0.215863788,-0.024524039
2.204000,0.409425204,-0.000386814,-0.215806812,-0.024494630
2.205000,0.408916708,-0.000419211,-0.215725136,-0.024464718
2.206000,0.408413404,-0.000451156,-0.215618742,-0.024434318
2.207000,0.407915327,-0.000482652,-0.215487614,-0.024403442
2.208000,0.407422509,-0.000513700,-0.215331739,-0.024372105
2.209000,0.406934981,-0.000544303,-0.215151106,-0.024340321
2.210000,0.406452772,-0.000574462,-0.214945706,-0.024308104
2.211000,0.405975909,-0.000604179,-0.214715532,-0.024275469
2.212000,0.405504420,-0.000633455,-0.214460580,-0.024242430
2.213000,0.405038328,-0.000662293,-0.214180846,-0.024209001
2.214000,0.404577657,-0.000690695,-0.213876331,-0.024175197
2.215000,0.404122428,-0.000718660,-0.213547036,-0.024141033
2.216000,0.403672660,-0.000746193,-0.213192967,-0.024106524
2.217000,0.403228373,-0.000773293,-0.212814129,-0.024071684
2.218000,0.402789582,-0.000799963,-0.212410530,-0.024036528
2.219000,0.402356302,-0.000826205,-0.211982182,-0.024001072
2.220000,0.401928548,-0.000852019,-0.211529098,-0.023965331
2.221000,0.401506330,-0.000877407,-0.211051292,-0.023929319
2.222000,0.401089660,-0.000902372,-0.210548783,-0.023893052
2.223000,0.400678546,-0.000926913,-0.210021589,-0.023856545
2.224000,0.400272994,-0.000951034,-0.209469733,-0.023819814
2.225000,0.399873010,-0.000974735,-0.208893237,-0.023782873
2.226000,0.399478599,-0.000998018,-0.208292130,-0.023745738
2.227000,0.399089763,-0.001020883,-0.207666438,-0.023708426
2.228000,0.398706501,-0.001043334,-0.207016193,-0.023670950
2.229000,0.398328814,-0.001065370,-0.206341427,-0.023633326
2.230000,0.397956699,-0.001086993,-0.205642176,-0.023595571
2.231000,0.397590152,-0.001108205,-0.204918475,-0.023557699
2.232000,0.397229167,-0.001129007,-0.204170365,-0.023519726
2.233000,0.396873737,-0.001149399,-0.203397887,-0.023481667
2.234000,0.396523853,-0.001169384,-0.202601085,-0.023443538
2.235000,0.396179505,-0.001188962,-0.201780004,-0.023405355
2.236000,0.395840681,-0.001208135,-0.200934692,-0.023367133
2.237000,0.395507367,-0.001226903,-0.200065201,-0.023328887
2.238000,0.395179549,-0.001245269,-0.199171580,-0.023290632
2.239000,0.394857210,-0.001263232,-0.198253887,-0.023252385
2.240000,0.394540331,-0.001280794,-0.197312176,-0.023214160
2.241000,0.394228893,-0.001297957,-0.196346507,-0.023175974
2.242000,0.393922875,-0.001314720,-0.195356940,-0.023137840
2.243000,0.393622253,-0.001331086,-0.194343539,-0.023099775
2.244000,0.393327004,-0.001347055,-0.193306369,-0.023061793
2.245000,0.393037102,-0.001362629,-0.192245497,-0.023023910
2.246000,0.392752519,-0.001377807,-0.191160992,-0.022986140
2.247000,0.392473226,-0.001392591,-0.190052925,-0.022948499
2.248000,0.392199193,-0.001406982,-0.188921371,-0.022911002
2.249000,0.391930387,-0.001420981,-0.187766405,-0.022873663
2.250000,0.391666777,-0.001434589,-0.186588105,-0.022836497
2.251000,0.391408325,-0.001447806,-0.185386550,-0.022799519
2.252000,0.391154997,-0.001460633,-0.184161823,-0.022762743
2.253000,0.390906753,-0.001473072,-0.182914007,-0.022726184
2.254000,0.390663555,-0.001485122,-0.181643189,-0.022689856
2.255000,0.390425362,-0.001496785,-0.180349456,-0.022653773
2.256000,0.390192131,-0.001508061,-0.179032898,-0.022617949
2.257000,0.389963819,-0.001518952,-0.177693608,-0.022582399
2.258000,0.389740381,-0.001529458,-0.176331680,-0.022547136
2.259000,0.389521769,-0.001539579,-0.174947209,-0.022512174
2.260000,0.389307935,-0.001549316,-0.173540294,-0.022477526
2.261000,0.389098831,-0.001558670,-0.172111036,-0.022443206
2.262000,0.388894404,-0.001567642,-0.170659535,-0.022409228
2.263000,0.388694603,-0.001576232,-0.169185896,-0.022375604
2.264000,0.388499374,-0.001584441,-0.167690226,-0.022342347
2.265000,0.388308662,-0.001592269,-0.166172632,-0.022309470
2.266000,0.388122411,-0.001599717,-0.164633223,-0.022276987
2.267000,0.387940561,-0.001606786,-0.163072112,-0.022244908
2.268000,0.387763055,-0.001613476,-0.161489412,-0.022213247
2.269000,0.387589831,-0.001619788,-0.159885240,-0.022182016
2.270000,0.387420828,-0.001625723,-0.158259712,-0.022151227
2.271000,0.387255982,-0.001631280,-0.156612947,-0.022120891
2.272000,0.387095229,-0.001636460,-0.154945067,-0.022091020
2.273000,0.386938502,-0.001641265,-0.153256196,-0.022061626
2.274000,0.386785736,-0.001645694,-0.151546457,-0.022032719
2.275000,0.386636860,-0.001649748,-0.149815978,-0.022004311
2.276000,0.386491806,-0.001653427,-0.148064886,-0.021976412
2.277000,0.386350503,-0.001656732,-0.146293313,-0.021949033
2.278000,0.386212877,-0.001659664,-0.144501391,-0.021922184
2.279000,0.386078857,-0.001662223,-0.142689253,-0.021895875
2.280000,0.385948366,-0.001664409,-0.140857035,-0.021870116
2.281000,0.385821330,-0.001666223,-0.139004873,-0.021844918
2.282000,0.385697670,-0.001667665,-0.137132909,-0.021820288
2.283000,0.385577309,-0.001668737,-0.135241281,-0.021796237
2.284000,0.385460167,-0.001669437,-0.133330132,-0.021772773
2.285000,0.385346163,-0.001669768,-0.131399608,-0.021749906
2.286000,0.385235216,-0.001669728,-0.129449852,-0.021727642
2.287000,0.385127243,-0.001669320,-0.127481014,-0.021705992
2.288000,0.385022160,-0.001668542,-0.125493242,-0.021684962
2.289000,0.384919880,-0.001667397,-0.123486686,-0.021664560
2.290000,0.384820319,-0.001665883,-0.121461499,-0.021644795
2.291000,0.384723389,-0.001664002,-0.119417835,-0.021625672
2.292000,0.384629001,-0.001661754,-0.117355849,-0.021607199
2.293000,0.384537066,-0.001659139,-0.115275698,-0.021589382
2.294000,0.384447494,-0.001656158,-0.113177541,-0.021572228
2.295000,0.384360192,-0.001652812,-0.111061538,-0.021555743
2.296000,0.384275069,-0.001649101,-0.108927850,-0.021539933
2.297000,0.384192030,-0.001645025,-0.106776641,-0.021524803
2.298000,0.384110981,-0.001640585,-0.104608074,-0.021510359
2.299000,0.384031827,-0.001635781,-0.102422316,-0.021496605
2.300000,0.383954471,-0.001630614,-0.100219535,-0.021483547
2.301000,0.383878817,-0.001625085,-0.097999898,-0.021471188
2.302000,0.383804764,-0.001619193,-0.095763576,-0.021459533
2.303000,0.383732215,-0.001612940,-0.093510741,-0.021448585
2.304000,0.383661070,-0.001606325,-0.091241566,-0.021438349
2.305000,0.383591226,-0.001599350,-0.088956224,-0.021428827
2.306000,0.383522583,-0.001592015,-0.086654892,-0.021420022
2.307000,0.383455038,-0.001584320,-0.084337746,-0.021411937
2.308000,0.383388487,-0.001576267,-0.082004964,-0.021404575
2.309000,0.383322826,-0.001567854,-0.079656727,-0.021397937
2.310000,0.383257950,-0.001559084,-0.077293213,-0.021392025
2.311000,0.383193753,-0.001549956,-0.074914606,-0.021386841
2.312000,0.383130128,-0.001540472,-0.072521088,-0.021382386
2.313000,0.383066969,-0.001530631,-0.070112844,-0.021378661
2.314000,0.383004166,-0.001520434,-0.067690060,-0.021375665
2.315000,0.382941612,-0.001509883,-0.065252921,-0.021373401
2.316000,0.382879197,-0.001498977,-0.062801615,-0.021371866
2.317000,0.382816810,-0.001487717,-0.060336331,-0.021371062
2.318000,0.382754341,-0.001476103,-0.057857260,-0.021370988
2.319000,0.382691678,-0.001464137,-0.055364592,-0.021371642
2.320000,0.382628710,-0.001451819,-0.052858519,-0.021373023
2.321000,0.382565323,-0.001439150,-0.050339235,-0.021375130
2.322000,0.382501405,-0.001426129,-0.047806932,-0.021377961
2.323000,0.382436841,-0.001412759,-0.045261808,-0.021381514
2.324000,0.382371517,-0.001399039,-0.042704056,-0.021385786
2.325000,0.382305319,-0.001384970,-0.040133875,-0.021390775
2.326000,0.382238131,-0.001370554,-0.037551461,-0.021396478
2.327000,0.382169837,-0.001355789,-0.034957015,-0.021402890
2.328000,0.382100321,-0.001340678,-0.032350736,-0.021410009
2.329000,0.382029466,-0.001325221,-0.029732823,-0.021417831
2.330000,0.381957154,-0.001309418,-0.027103479,-0.021426351
2.331000,0.381883269,-0.001293271,-0.024462906,-0.021435565
2.332000,0.381807691,-0.001276780,-0.021811306,-0.021445469
2.333000,0.381730303,-0.001259945,-0.019148884,-0.021456056
2.334000,0.381650985,-0.001242768,-0.016475843,-0.021467322
2.335000,0.381569619,-0.001225249,-0.013792390,-0.021479260
2.336000,0.381486085,-0.001207390,-0.011098729,-0.021491866
2.337000,0.381400263,-0.001189189,-0.008395068,-0.021505133
2.338000,0.381312034,-0.001170650,-0.005681615,-0.021519053
2.339000,0.381221276,-0.001151771,-0.002958575,-0.021533621
2.340000,0.381127869,-0.001132554,-0.000226160,-0.021548830
2.341000,0.381031693,-0.001113000,0.002515423,-0.021564672
2.342000,0.380932626,-0.001093110,0.005265964,-0.021581139
2.343000,0.380830547,-0.001072884,0.008025252,-0.021598223
2.344000,0.380725335,-0.001052322,0.010793077,-0.021615917
2.345000,0.380616868,-0.001031427,0.013569227,-0.021634212
2.346000,0.380505025,-0.001010198,0.016353490,-0.021653100
2.347000,0.380389683,-0.000988636,0.019145655,-0.021672571
2.348000,0.380270722,-0.000966742,0.021945508,-0.021692616
2.349000,0.380148018,-0.000944517,0.024752836,-0.021713226
2.350000,0.380021449,-0.000921962,0.027567426,-0.021734392
2.351000,0.379890895,-0.000899077,0.030389063,-0.021756103
2.352000,0.379756232,-0.000875864,0.033217534,-0.021778349
2.353000,0.379617339,-0.000852322,0.036052624,-0.021801120
2.354000,0.379474094,-0.000828453,0.038894117,-0.021824405
2.355000,0.379326374,-0.000804258,0.041741799,-0.021848194
2.356000,0.379174058,-0.000779736,0.044595455,-0.021872475
2.357000,0.379017023,-0.000754890,0.047454867,-0.021897237
2.358000,0.378855149,-0.000729719,0.050319821,-0.021922469
2.359000,0.378688313,-0.000704225,0.053190101,-0.021948159
2.360000,0.378516394,-0.000678408,0.056065489,-0.021974295
2.361000,0.378339270,-0.000652269,0.058945769,-0.022000865
2.362000,0.378156821,-0.000625809,0.061830726,-0.022027857
2.363000,0.377968925,-0.000599028,0.064720141,-0.022055258
2.364000,0.377775462,-0.000571928,0.067613798,-0.022083056
2.365000,0.377576312,-0.000544508,0.070511481,-0.022111237
2.366000,0.377371353,-0.000516769,0.073412973,-0.022139789
2.367000,0.377160466,-0.000488713,0.076318055,-0.022168699
2.368000,0.376943531,-0.000460340,0.079226512,-0.022197953
2.369000,0.376720430,-0.000431650,0.082138127,-0.022227537
2.370000,0.376491042,-0.000402645,0.085052682,-0.022257438
2.371000,0.376255250,-0.000373324,0.087969961,-0.022287642
2.372000,0.376012935,-0.000343689,0.090889748,-0.022318136
2.373000,0.375763979,-0.000313740,0.093811824,-0.022348904
2.374000,0.375508265,-0.000283477,0.096735975,-0.022379932
2.375000,0.375245675,-0.000252902,0.099661984,-0.022411207
2.376000,0.374976094,-0.000222015,0.102589634,-0.022442714
2.377000,0.374699404,-0.000190816,0.105518710,-0.022474437
2.378000,0.374415491,-0.000159306,0.108448996,-0.022506363
2.379000,0.374124239,-0.000127485,0.111380276,-0.022538475
2.380000,0.373825533,-0.000095354,0.114312336,-0.022570761
2.381000,0.373519260,-0.000062914,0.117244960,-0.022603203
2.382000,0.373205306,-0.000030165,0.120177934,-0.022635787
2.383000,0.372883559,0.000002894,0.123111043,-0.022668497
2.384000,0.372553905,0.000036260,0.126044074,-0.022701319
2.385000,0.372216234,0.000069934,0.128976814,-0.022734237
2.386000,0.371870433,0.000103916,0.131909048,-0.022767234
2.387000,0.371516394,0.000138205,0.134840565,-0.022800297
2.388000,0.371154006,0.000172801,0.137771152,-0.022833408
2.389000,0.370783161,0.000207703,0.140700597,-0.022866552
2.390000,0.370403749,0.000242911,0.143628689,-0.022899713
2.391000,0.370015664,0.000278425,0.146555217,-0.022932876
2.392000,0.369618798,0.000314245,0.149479972,-0.022966025
2.393000,0.369213046,0.000350371,0.152402742,-0.022999143
2.394000,0.368798303,0.000386802,0.155323319,-0.023032215
2.395000,0.368374464,0.000423538,0.158241495,-0.023065225
2.396000,0.367941425,0.000460579,0.161157062,-0.023098156
2.397000,0.367499084,0.000497925,0.164069811,-0.023130993
2.398000,0.367047339,0.000535575,0.166979537,-0.023163719
2.399000,0.366586089,0.000573531,0.169886034,-0.023196320
2.400000,0.366115233,0.000611791,0.172789096,-0.023228777
2.401000,0.365634674,0.000650356,0.175688518,-0.023261077
2.402000,0.365144311,0.000689226,0.178584098,-0.023293202
2.403000,0.364644049,0.000728400,0.181475631,-0.023325136
2.404000,0.364133791,0.000767880,0.184362915,-0.023356864
2.405000,0.363613440,0.000807664,0.187245749,-0.023388370
2.406000,0.363082904,0.000847754,0.190123933,-0.023419637
2.407000,0.362542089,0.000888149,0.192997265,-0.023450650
2.408000,0.361990901,0.000928850,0.195865548,-0.023481393
2.409000,0.361429251,0.000969856,0.198728583,-0.023511851
2.410000,0.360857048,0.001011169,0.201586173,-0.023542007
2.411000,0.360274203,0.001052788,0.204438122,-0.023571845
2.412000,0.359680627,0.001094714,0.207284234,-0.023601351
2.413000,0.359076234,0.001136946,0.210124314,-0.023630509
2.414000,0.358460938,0.001179487,0.212958170,-0.023659303
2.415000,0.357834655,0.001222335,0.215785608,-0.023687718
2.416000,0.357197300,0.001265491,0.218606438,-0.023715738
2.417000,0.356548793,0.001308957,0.221420469,-0.023743349
2.418000,0.355889051,0.001352732,0.224227511,-0.023770535
2.419000,0.355217994,0.001396816,0.227027376,-0.023797282
2.420000,0.354535545,0.001441211,0.229819877,-0.023823574
2.421000,0.353841625,0.001485918,0.232604828,-0.023849396
2.422000,0.353136159,0.001530935,0.235382043,-0.023874735
2.423000,0.352419071,0.001576266,0.238151339,-0.023899575
2.424000,0.351690288,0.001621909,0.240912534,-0.023923902
2.425000,0.350949737,0.001667866,0.243665445,-0.023947701
2.426000,0.350197348,0.001714138,0.246409892,-0.023970959
2.427000,0.349433051,0.001760725,0.249145696,-0.023993662
2.428000,0.348656777,0.001807628,0.251872679,-0.024015795
2.429000,0.347868460,0.001854848,0.254590664,-0.024037345
2.430000,0.347068034,0.001902386,0.257299476,-0.024058298
2.431000,0.346255434,0.001950243,0.259998941,-0.024078641
2.432000,0.345430597,0.001998419,0.262688886,-0.024098361
2.433000,0.344593463,0.002046916,0.265369139,-0.024117444
2.434000,0.343743971,0.002095735,0.268039530,-0.024135877
2.435000,0.342882062,0.002144876,0.270699890,-0.024153648
2.436000,0.342007680,0.002194341,0.273350052,-0.024170744
2.437000,0.341120768,0.002244130,0.275989849,-0.024187153
2.438000,0.340221273,0.002294245,0.278619116,-0.024202862
2.439000,0.339309141,0.002344687,0.281237691,-0.024217859
2.440000,0.338384321,0.002395457,0.283845412,-0.024232133
2.441000,0.337446764,0.002446555,0.286442116,-0.024245671
2.442000,0.336496420,0.002497984,0.289027647,-0.024258463
2.443000,0.335533245,0.002549744,0.291601846,-0.024270496
2.444000,0.334557191,0.002601837,0.294164556,-0.024281760
2.445000,0.333568216,0.002654263,0.296715624,-0.024292244
2.446000,0.332566277,0.002707025,0.299254895,-0.024301937
2.447000,0.331551334,0.002760122,0.301782220,-0.024310829
2.448000,0.330523348,0.002813557,0.304297446,-0.024318909
2.449000,0.329482281,0.002867330,0.306800426,-0.024326168
2.450000,0.328428098,0.002921444,0.309291013,-0.024332595
2.451000,0.327360764,0.002975899,0.311769061,-0.024338181
2.452000,0.326280248,0.003030696,0.314234427,-0.024342917
2.453000,0.325186517,0.003085837,0.316686968,-0.024346793
2.454000,0.324079543,0.003141323,0.319126544,-0.024349800
2.455000,0.322959299,0.003197156,0.321553016,-0.024351929
2.456000,0.321825757,0.003253336,0.323966246,-0.024353173
2.457000,0.320678894,0.003309866,0.326366098,-0.024353523
2.458000,0.319518687,0.003366746,0.328752439,-0.024352971
2.459000,0.318345115,0.003423977,0.331125136,-0.024351509
2.460000,0.317158158,0.003481562,0.333484059,-0.024349129
2.461000,0.315957800,0.003539501,0.335829078,-0.024345825
2.462000,0.314744024,0.003597796,0.338160066,-0.024341588
2.463000,0.313516816,0.003656448,0.340476898,-0.024336413
2.464000,0.312276164,0.003715458,0.342779449,-0.024330293
2.465000,0.311022056,0.003774828,0.345067598,-0.024323222
2.466000,0.309754484,0.003834559,0.347341225,-0.024315192
2.467000,0.308473440,0.003894652,0.349600210,-0.024306200
2.468000,0.307178919,0.003955108,0.351844436,-0.024296238
2.469000,0.305870917,0.004015930,0.354073790,-0.024285302
2.470000,0.304549432,0.004077117,0.356288157,-0.024273386
2.471000,0.303214464,0.004138672,0.358487426,-0.024260486
2.472000,0.301866013,0.004200595,0.360671487,-0.024246597
2.473000,0.300504084,0.004262887,0.362840233,-0.024231715
2.474000,0.299128681,0.004325551,0.364993557,-0.024215836
2.475000,0.297739811,0.004388586,0.367131356,-0.024198955
2.476000,0.296337482,0.004451994,0.369253526,-0.024181070
2.477000,0.294921706,0.004515777,0.371359967,-0.024162178
2.478000,0.293492493,0.004579935,0.373450581,-0.024142274
2.479000,0.292049858,0.004644469,0.375525271,-0.024121356
2.480000,0.290593816,0.004709380,0.377583941,-0.024099422
2.481000,0.289124386,0.004774670,0.379626500,-0.024076469
2.482000,0.287641586,0.004840338,0.381652855,-0.024052496
2.483000,0.286145438,0.004906387,0.383662917,-0.024027500
2.484000,0.284635964,0.004972816,0.385656599,-0.024001481
2.485000,0.283113189,0.005039627,0.387633816,-0.023974436
2.486000,0.281577139,0.005106821,0.389594483,-0.023946365
2.487000,0.280027844,0.005174398,0.391538519,-0.023917267
2.488000,0.278465333,0.005242358,0.393465845,-0.023887141
2.489000,0.276889638,0.005310703,0.395376382,-0.023855988
2.490000,0.275300793,0.005379433,0.397270055,-0.023823807
2.491000,0.273698833,0.005448549,0.399146789,-0.023790599
2.492000,0.272083796,0.005518051,0.401006512,-0.023756363
2.493000,0.270455722,0.005587939,0.402849156,-0.023721102
2.494000,0.268814651,0.005658214,0.404674650,-0.023684815
2.495000,0.267160626,0.005728876,0.406482929,-0.023647504
2.496000,0.265493691,0.005799925,0.408273929,-0.023609170
2.497000,0.263813895,0.005871362,0.410047587,-0.023569816
2.498000,0.262121283,0.005943186,0.411803843,-0.023529442
2.499000,0.260415908,0.006015398,0.413542639,-0.023488053
