t,hip_L.q,abduct_L.q,hip_R.q,abduct_R.q
0.000000,0.836140082,0.000000000,0.150967844,0.000000000
0.001000,0.835564400,-0.000001530,0.151839568,-0.000001406
0.002000,0.834988928,-0.000006087,0.152712300,-0.000005575
0.003000,0.834413801,-0.000013625,0.153586629,-0.000012415
0.004000,0.833839149,-0.000024093,0.154463122,-0.000021837
0.005000,0.833265097,-0.000037445,0.155342322,-0.000033757
0.006000,0.832691766,-0.000053632,0.156224754,-0.000048092
0.007000,0.832119273,-0.000072606,0.157110918,-0.000064762
0.008000,0.831547730,-0.000094319,0.158001298,-0.000083687
0.009000,0.830977243,-0.000118724,0.158896357,-0.000104794
0.010000,0.830407918,-0.000145774,0.159796540,-0.000128007
0.011000,0.829839854,-0.000175420,0.160702274,-0.000153256
0.012000,0.829273147,-0.000207616,0.161613969,-0.000180472
0.013000,0.828707889,-0.000242315,0.162532017,-0.000209588
0.014000,0.828144170,-0.000279471,0.163456794,-0.000240538
0.015000,0.827582074,-0.000319036,0.164388662,-0.000273259
0.016000,0.827021684,-0.000360965,0.165327967,-0.000307690
0.017000,0.826463077,-0.000405212,0.166275039,-0.000343772
0.018000,0.825906330,-0.000451731,0.167230196,-0.000381446
0.019000,0.825351514,-0.000500477,0.168193739,-0.000420657
0.020000,0.824798699,-0.000551404,0.169165960,-0.000461350
0.021000,0.824247951,-0.000604468,0.170147135,-0.000503471
0.022000,0.823699334,-0.000659624,0.171137529,-0.000546970
0.023000,0.823152908,-0.000716828,0.172137395,-0.000591798
0.024000,0.822608731,-0.000776036,0.173146973,-0.000637904
0.025000,0.822066859,-0.000837203,0.174166494,-0.000685243
0.026000,0.821527343,-0.000900287,0.175196175,-0.000733768
0.027000,0.820990236,-0.000965245,0.176236227,-0.000783436
0.028000,0.820455584,-0.001032033,0.177286847,-0.000834203
0.029000,0.819923434,-0.001100610,0.178348223,-0.000886028
0.030000,0.819393827,-0.001170932,0.179420535,-0.000938869
0.031000,0.818866807,-0.001242960,0.180503953,-0.000992688
0.032000,0.818342410,-0.001316650,0.181598638,-0.001047446
0.033000,0.817820675,-0.001391962,0.182704742,-0.001103105
0.034000,0.817301636,-0.001468855,0.183822409,-0.001159630
0.035000,0.816785325,-0.001547288,0.184951776,-0.001216985
0.036000,0.816271774,-0.001627223,0.186092971,-0.001275137
0.037000,0.815761011,-0.001708618,0.187246114,-0.001334052
0.038000,0.815253064,-0.001791434,0.188411321,-0.001393697
0.039000,0.814747958,-0.001875633,0.189588696,-0.001454042
0.040000,0.814245716,-0.001961176,0.190778341,-0.001515056
0.041000,0.813746360,-0.002048024,0.191980348,-0.001576709
0.042000,0.813249911,-0.002136140,0.193194805,-0.001638973
0.043000,0.812756386,-0.002225487,0.194421792,-0.001701819
0.044000,0.812265804,-0.002316026,0.195661384,-0.001765221
0.045000,0.811778179,-0.002407721,0.196913651,-0.001829152
0.046000,0.811293525,-0.002500536,0.198178656,-0.001893586
0.047000,0.810811855,-0.002594435,0.199456458,-0.001958498
0.048000,0.810333180,-0.002689381,0.200747109,-0.002023864
0.049000,0.809857510,-0.002785340,0.202050658,-0.002089661
0.050000,0.809384853,-0.002882278,0.203367149,-0.002155865
0.051000,0.808915216,-0.002980158,0.204696619,-0.002222454
0.052000,0.808448604,-0.003078947,0.206039102,-0.002289406
0.053000,0.807985023,-0.003178612,0.207394629,-0.002356700
0.054000,0.807524475,-0.003279118,0.208763225,-0.002424316
0.055000,0.807066962,-0.003380433,0.210144911,-0.002492233
0.056000,0.806612486,-0.003482524,0.211539705,-0.002560432
0.057000,0.806161046,-0.003585360,0.212947619,-0.002628894
0.058000,0.805712640,-0.003688907,0.214368664,-0.002697600
0.059000,0.805267266,-0.003793134,0.215802846,-0.002766533
0.060000,0.804824921,-0.003898011,0.217250168,-0.002835675
0.061000,0.804385600,-0.004003507,0.218710628,-0.002905009
0.062000,0.803949296,-0.004109590,0.220184223,-0.002974518
0.063000,0.803516005,-0.004216232,0.221670947,-0.003044186
0.064000,0.803085717,-0.004323403,0.223170788,-0.003113997
0.065000,0.802658425,-0.004431073,0.224683734,-0.003183937
0.066000,0.802234118,-0.004539213,0.226209769,-0.003253990
0.067000,0.801812787,-0.004647795,0.227748874,-0.003324141
0.068000,0.801394420,-0.004756791,0.229301028,-0.003394376
0.069000,0.800979004,-0.004866173,0.230866206,-0.003464682
0.070000,0.800566528,-0.004975914,0.232444384,-0.003535044
0.071000,0.800156976,-0.005085987,0.234035530,-0.003605451
0.072000,0.799750335,-0.005196365,0.235639615,-0.003675888
0.073000,0.799346589,-0.005307021,0.237256605,-0.003746343
0.074000,0.798945721,-0.005417931,0.238886464,-0.003816805
0.075000,0.798547714,-0.005529067,0.240529154,-0.003887261
0.076000,0.798152551,-0.005640406,0.242184636,-0.003957699
0.077000,0.797760213,-0.005751923,0.243852867,-0.004028108
0.078000,0.797370681,-0.005863592,0.245533804,-0.004098478
0.079000,0.796983934,-0.005975391,0.247227402,-0.004168796
0.080000,0.796599953,-0.006087294,0.248933612,-0.004239054
0.081000,0.796218715,-0.006199279,0.250652385,-0.004309239
0.082000,0.795840199,-0.006311323,0.252383671,-0.004379342
0.083000,0.795464382,-0.006423403,0.254127417,-0.004449354
0.084000,0.795091241,-0.006535497,0.255883569,-0.004519264
0.085000,0.794720751,-0.006647582,0.257652071,-0.004589062
0.086000,0.794352888,-0.006759638,0.259432866,-0.004658741
0.087000,0.793987628,-0.006871643,0.261225895,-0.004728290
0.088000,0.793624943,-0.006983576,0.263031098,-0.004797701
0.089000,0.793264809,-0.007095416,0.264848414,-0.004866966
0.090000,0.792907197,-0.007207143,0.266677780,-0.004936074
0.091000,0.792552081,-0.007318737,0.268519132,-0.005005019
0.092000,0.792199433,-0.007430179,0.270372405,-0.005073792
0.093000,0.791849223,-0.007541450,0.272237533,-0.005142385
0.094000,0.791501423,-0.007652530,0.274114447,-0.005210791
0.095000,0.791156003,-0.007763401,0.276003079,-0.005279001
0.096000,0.790812934,-0.007874044,0.277903360,-0.005347007
0.097000,0.790472184,-0.007984442,0.279815218,-0.005414803
0.098000,0.790133722,-0.008094577,0.281738582,-0.005482382
0.099000,0.789797517,-0.008204432,0.283673378,-0.005549736
0.100000,0.789463537,-0.008313990,0.285619534,-0.005616857
0.101000,0.789131749,-0.008423233,0.287576973,-0.005683740
0.102000,0.788802120,-0.008532147,0.289545621,-0.005750377
0.103000,0.788474617,-0.008640714,0.291525401,-0.005816762
0.104000,0.788149207,-0.008748919,0.293516235,-0.005882889
0.105000,0.787825854,-0.008856747,0.295518046,-0.005948749
0.106000,0.787504524,-0.008964182,0.297530753,-0.006014339
0.107000,0.787185182,-0.009071209,0.299554279,-0.006079650
0.108000,0.786867792,-0.009177814,0.301588541,-0.006144678
0.109000,0.786552320,-0.009283984,0.303633458,-0.006209415
0.110000,0.786238727,-0.009389703,0.305688950,-0.006273857
0.111000,0.785926978,-0.009494958,0.307754932,-0.006337997
0.112000,0.785617035,-0.009599736,0.309831321,-0.006401829
0.113000,0.785308861,-0.009704023,0.311918035,-0.006465347
0.114000,0.785002419,-0.009807807,0.314014987,-0.006528547
0.115000,0.784697670,-0.009911076,0.316122093,-0.006591422
0.116000,0.784394575,-0.010013817,0.318239267,-0.006653967
0.117000,0.784093096,-0.010116017,0.320366423,-0.006716177
0.118000,0.783793194,-0.010217666,0.322503474,-0.006778046
0.119000,0.783494829,-0.010318752,0.324650331,-0.006839569
0.120000,0.783197961,-0.010419264,0.326806908,-0.006900740
0.121000,0.782902551,-0.010519190,0.328973115,-0.006961556
0.122000,0.782608557,-0.010618521,0.331148865,-0.007022009
0.123000,0.782315940,-0.010717245,0.333334066,-0.007082096
0.124000,0.782024657,-0.010815353,0.335528630,-0.007141812
0.125000,0.781734668,-0.010912835,0.337732466,-0.007201150
0.126000,0.781445931,-0.011009681,0.339945483,-0.007260108
0.127000,0.781158404,-0.011105882,0.342167589,-0.007318679
0.128000,0.780872045,-0.011201428,0.344398695,-0.007376860
0.129000,0.780586811,-0.011296311,0.346638706,-0.007434644
0.130000,0.780302661,-0.011390522,0.348887531,-0.007492028
0.131000,0.780019550,-0.011484052,0.351145078,-0.007549008
0.132000,0.779737435,-0.011576894,0.353411252,-0.007605577
0.133000,0.779456274,-0.011669039,0.355685961,-0.007661732
0.134000,0.779176023,-0.011760481,0.357969110,-0.007717469
0.135000,0.778896637,-0.011851210,0.360260606,-0.007772782
0.136000,0.778618072,-0.011941220,0.362560354,-0.007827667
0.137000,0.778340285,-0.012030504,0.364868259,-0.007882120
0.138000,0.778063230,-0.012119056,0.367184227,-0.007936137
0.139000,0.777786862,-0.012206867,0.369508161,-0.007989713
0.140000,0.777511137,-0.012293933,0.371839966,-0.008042844
0.141000,0.777236009,-0.012380247,0.374179546,-0.008095525
0.142000,0.776961434,-0.012465802,0.376526806,-0.008147752
0.143000,0.776687364,-0.012550594,0.378881648,-0.008199522
0.144000,0.776413755,-0.012634616,0.381243976,-0.008250829
0.145000,0.776140560,-0.012717863,0.383613693,-0.008301670
0.146000,0.775867734,-0.012800331,0.385990702,-0.008352041
0.147000,0.775595230,-0.012882013,0.388374906,-0.008401937
0.148000,0.775323001,-0.012962905,0.390766207,-0.008451354
0.149000,0.775051001,-0.013043003,0.393164507,-0.008500288
0.150000,0.774779182,-0.013122302,0.395569708,-0.008548736
0.151000,0.774507499,-0.013200799,0.397981713,-0.008596693
0.152000,0.774235903,-0.013278488,0.400400423,-0.008644155
0.153000,0.773964348,-0.013355366,0.402825738,-0.008691119
0.154000,0.773692786,-0.013431429,0.405257562,-0.008737579
0.155000,0.773421169,-0.013506674,0.407695794,-0.008783534
0.156000,0.773149450,-0.013581098,0.410140337,-0.008828977
0.157000,0.772877581,-0.013654697,0.412591090,-0.008873907
0.158000,0.772605514,-0.013727469,0.415047955,-0.008918318
0.159000,0.772333201,-0.013799410,0.417510832,-0.008962207
0.160000,0.772060594,-0.013870518,0.419979621,-0.009005570
0.161000,0.771787644,-0.013940790,0.422454224,-0.009048403
0.162000,0.771514303,-0.014010225,0.424934539,-0.009090703
0.163000,0.771240523,-0.014078819,0.427420468,-0.009132466
0.164000,0.770966255,-0.014146571,0.429911910,-0.009173688
0.165000,0.770691450,-0.014213478,0.432408766,-0.009214366
0.166000,0.770416059,-0.014279540,0.434910935,-0.009254495
0.167000,0.770140035,-0.014344755,0.437418316,-0.009294072
0.168000,0.769863327,-0.014409120,0.439930810,-0.009333094
0.169000,0.769585887,-0.014472635,0.442448316,-0.009371556
0.170000,0.769307665,-0.014535299,0.444970733,-0.009409456
0.171000,0.769028614,-0.014597110,0.447497962,-0.009446789
0.172000,0.768748682,-0.014658068,0.450029901,-0.009483552
0.173000,0.768467822,-0.014718172,0.452566450,-0.009519742
0.174000,0.768185984,-0.014777421,0.455107508,-0.009555354
0.175000,0.767903118,-0.014835815,0.457652974,-0.009590387
0.176000,0.767619175,-0.014893353,0.460202747,-0.009624835
0.177000,0.767334107,-0.014950035,0.462756728,-0.009658696
0.178000,0.767047862,-0.015005861,0.465314814,-0.009691965
0.179000,0.766760392,-0.015060832,0.467876904,-0.009724641
0.180000,0.766471648,-0.015114946,0.470442899,-0.009756719
0.181000,0.766181579,-0.015168204,0.473012697,-0.009788195
0.182000,0.765890137,-0.015220607,0.475586197,-0.009819068
0.183000,0.765597271,-0.015272154,0.478163298,-0.009849332
0.184000,0.765302933,-0.015322848,0.480743899,-0.009878986
0.185000,0.765007071,-0.015372687,0.483327900,-0.009908025
0.186000,0.764709638,-0.015421673,0.485915199,-0.009936447
0.187000,0.764410584,-0.015469807,0.488505695,-0.009964247
0.188000,0.764109858,-0.015517090,0.491099288,-0.009991424
0.189000,0.763807411,-0.015563522,0.493695876,-0.010017973
0.190000,0.763503195,-0.015609105,0.496295359,-0.010043892
0.191000,0.763197158,-0.015653840,0.498897636,-0.010069178
0.192000,0.762889253,-0.015697729,0.501502606,-0.010093827
0.193000,0.762579429,-0.015740772,0.504110169,-0.010117836
0.194000,0.762267636,-0.015782972,0.506720223,-0.010141202
0.195000,0.761953827,-0.015824330,0.509332668,-0.010163922
0.196000,0.761637950,-0.015864847,0.511947403,-0.010185993
0.197000,0.761319958,-0.015904525,0.514564329,-0.010207413
0.198000,0.760999800,-0.015943367,0.517183343,-0.010228178
0.199000,0.760677427,-0.015981374,0.519804347,-0.010248285
0.200000,0.760352791,-0.016018548,0.522427239,-0.010267731
0.201000,0.760025843,-0.016054891,0.525051920,-0.010286514
0.202000,0.759696533,-0.016090405,0.527678288,-0.010304630
0.203000,0.759364812,-0.016125092,0.530306245,-0.010322077
0.204000,0.759030631,-0.016158955,0.532935689,-0.010338852
0.205000,0.758693943,-0.016191997,0.535566521,-0.010354952
0.206000,0.758354697,-0.016224218,0.538198642,-0.010370375
0.207000,0.758012846,-0.016255623,0.540831951,-0.010385118
0.208000,0.757668341,-0.016286213,0.543466348,-0.010399177
0.209000,0.757321133,-0.016315991,0.546101735,-0.010412551
0.210000,0.756971174,-0.016344959,0.548738011,-0.010425237
0.211000,0.756618417,-0.016373121,0.551375078,-0.010437233
0.212000,0.756262812,-0.016400479,0.554012836,-0.010448535
0.213000,0.755904312,-0.016427036,0.556651186,-0.010459141
0.214000,0.755542869,-0.016452795,0.559290029,-0.010469049
0.215000,0.755178436,-0.016477758,0.561929267,-0.010478256
0.216000,0.754810963,-0.016501929,0.564568800,-0.010486760
0.217000,0.754440405,-0.016525310,0.567208531,-0.010494559
0.218000,0.754066714,-0.016547906,0.569848360,-0.010501650
0.219000,0.753689841,-0.016569717,0.572488190,-0.010508031
0.220000,0.753309741,-0.016590749,0.575127922,-0.010513699
0.221000,0.752926367,-0.016611004,0.577767459,-0.010518653
0.222000,0.752539670,-0.016630485,0.580406702,-0.010522890
0.223000,0.752149606,-0.016649196,0.583045554,-0.010526409
0.224000,0.751756126,-0.016667139,0.585683919,-0.010529206
0.225000,0.751359185,-0.016684319,0.588321697,-0.010531279
0.226000,0.750958737,-0.016700737,0.590958793,-0.010532628
0.227000,0.750554736,-0.016716399,0.593595109,-0.010533250
0.228000,0.750147135,-0.016731307,0.596230548,-0.010533142
0.229000,0.749735889,-0.016745465,0.598865015,-0.010532303
0.230000,0.749320952,-0.016758876,0.601498412,-0.010530732
0.231000,0.748902280,-0.016771543,0.604130644,-0.010528425
0.232000,0.748479826,-0.016783471,0.606761614,-0.010525382
0.233000,0.748053547,-0.016794663,0.609391227,-0.010521601
0.234000,0.747623396,-0.016805121,0.612019387,-0.010517079
0.235000,0.747189330,-0.016814851,0.614645999,-0.010511816
0.236000,0.746751304,-0.016823855,0.617270968,-0.010505810
0.237000,0.746309274,-0.016832137,0.619894199,-0.010499058
0.238000,0.745863196,-0.016839701,0.622515597,-0.010491561
0.239000,0.745413026,-0.016846551,0.625135067,-0.010483315
0.240000,0.744958721,-0.016852689,0.627752516,-0.010474320
0.241000,0.744500237,-0.016858120,0.630367849,-0.010464574
0.242000,0.744037531,-0.016862848,0.632980973,-0.010454075
0.243000,0.743570560,-0.016866876,0.635591794,-0.010442824
0.244000,0.743099282,-0.016870208,0.638200219,-0.010430817
0.245000,0.742623654,-0.016872847,0.640806155,-0.010418055
0.246000,0.742143633,-0.016874798,0.643409508,-0.010404535
0.247000,0.741659179,-0.016876064,0.646010188,-0.010390258
0.248000,0.741170249,-0.016876649,0.648608100,-0.010375221
0.249000,0.740676801,-0.016876556,0.651203154,-0.010359423
0.250000,0.740178795,-0.016875790,0.653795257,-0.010342865
0.251000,0.739676189,-0.016874355,0.656384319,-0.010325544
0.252000,0.739168943,-0.016872253,0.658970247,-0.010307460
0.253000,0.738657017,-0.016869489,0.661552952,-0.010288612
0.254000,0.738140369,-0.016866066,0.664132342,-0.010268999
0.255000,0.737618960,-0.016861989,0.666708326,-0.010248621
0.256000,0.737092751,-0.016857260,0.669280816,-0.010227477
0.257000,0.736561702,-0.016851885,0.671849721,-0.010205566
0.258000,0.736025774,-0.016845866,0.674414952,-0.010182888
0.259000,0.735484928,-0.016839207,0.676976420,-0.010159441
0.260000,0.734939126,-0.016831913,0.679534035,-0.010135227
0.261000,0.734388329,-0.016823986,0.682087710,-0.010110244
0.262000,0.733832499,-0.016815431,0.684637356,-0.010084492
0.263000,0.733271599,-0.016806252,0.687182885,-0.010057970
0.264000,0.732705591,-0.016796451,0.689724209,-0.010030679
0.265000,0.732134438,-0.016786033,0.692261242,-0.010002618
0.266000,0.731558103,-0.016775002,0.694793896,-0.009973787
0.267000,0.730976551,-0.016763361,0.697322085,-0.009944186
0.268000,0.730389744,-0.016751114,0.699845722,-0.009913815
0.269000,0.729797647,-0.016738264,0.702364722,-0.009882674
0.270000,0.729200224,-0.016724816,0.704878999,-0.009850763
0.271000,0.728597440,-0.016710773,0.707388467,-0.009818082
0.272000,0.727989261,-0.016696138,0.709893042,-0.009784632
0.273000,0.727375651,-0.016680916,0.712392640,-0.009750412
0.274000,0.726756577,-0.016665109,0.714887175,-0.009715423
0.275000,0.726132004,-0.016648722,0.717376564,-0.009679665
0.276000,0.725501899,-0.016631758,0.719860724,-0.009643139
0.277000,0.724866229,-0.016614220,0.722339572,-0.009605845
0.278000,0.724224960,-0.016596113,0.724813024,-0.009567783
0.279000,0.723578061,-0.016577439,0.727280999,-0.009528955
0.280000,0.722925499,-0.016558202,0.729743414,-0.009489361
0.281000,0.722267242,-0.016538406,0.732200188,-0.009449002
0.282000,0.721603258,-0.016518055,0.734651240,-0.009407877
0.283000,0.720933517,-0.016497151,0.737096488,-0.009365989
0.284000,0.720257988,-0.016475698,0.739535852,-0.009323338
0.285000,0.719576640,-0.016453700,0.741969252,-0.009279925
0.286000,0.718889444,-0.016431160,0.744396609,-0.009235751
0.287000,0.718196369,-0.016408081,0.746817843,-0.009190817
0.288000,0.717497386,-0.016384467,0.749232875,-0.009145124
0.289000,0.716792466,-0.016360321,0.751641627,-0.009098673
0.290000,0.716081581,-0.016335646,0.754044020,-0.009051466
0.291000,0.715364703,-0.016310446,0.756439978,-0.009003504
0.292000,0.714641803,-0.016284724,0.758829422,-0.008954788
0.293000,0.713912855,-0.016258484,0.761212276,-0.008905319
0.294000,0.713177831,-0.016231727,0.763588463,-0.008855100
0.295000,0.712436704,-0.016204459,0.765957909,-0.008804131
0.296000,0.711689449,-0.016176682,0.768320535,-0.008752414
0.297000,0.710936039,-0.016148398,0.770676269,-0.008699951
0.298000,0.710176449,-0.016119612,0.773025035,-0.008646744
0.299000,0.709410654,-0.016090326,0.775366759,-0.008592794
0.300000,0.708638629,-0.016060544,0.777701367,-0.008538103
0.301000,0.707860350,-0.016030268,0.780028785,-0.008482673
0.302000,0.707075793,-0.015999502,0.782348941,-0.008426505
0.303000,0.706284935,-0.015968249,0.784661762,-0.008369603
0.304000,0.705487752,-0.015936511,0.786967176,-0.008311968
0.305000,0.704684223,-0.015904292,0.789265112,-0.008253602
0.306000,0.703874324,-0.015871594,0.791555498,-0.008194507
0.307000,0.703058034,-0.015838421,0.793838264,-0.008134686
0.308000,0.702235332,-0.015804775,0.796113339,-0.008074140
0.309000,0.701406196,-0.015770660,0.798380654,-0.008012873
0.310000,0.700570607,-0.015736078,0.800640140,-0.007950886
0.311000,0.699728544,-0.015701032,0.802891727,-0.007888183
0.312000,0.698879987,-0.015665524,0.805135347,-0.007824765
0.313000,0.698024917,-0.015629559,0.807370933,-0.007760635
0.314000,0.697163316,-0.015593137,0.809598417,-0.007695797
0.315000,0.696295165,-0.015556263,0.811817733,-0.007630251
0.316000,0.695420446,-0.015518939,0.814028813,-0.007564003
0.317000,0.694539142,-0.015481167,0.816231591,-0.007497053
0.318000,0.693651236,-0.015442950,0.818426003,-0.007429406
0.319000,0.692756710,-0.015404291,0.820611984,-0.007361064
0.320000,0.691855550,-0.015365193,0.822789468,-0.007292029
0.321000,0.690947739,-0.015325658,0.824958393,-0.007222306
0.322000,0.690033262,-0.015285688,0.827118694,-0.007151898
0.323000,0.689112105,-0.015245286,0.829270308,-0.007080806
0.324000,0.688184252,-0.015204456,0.831413174,-0.007009036
0.325000,0.687249690,-0.015163198,0.833547229,-0.006936589
0.326000,0.686308407,-0.015121516,0.835672411,-0.006863470
0.327000,0.685360388,-0.015079412,0.837788660,-0.006789682
0.328000,0.684405621,-0.015036888,0.839895916,-0.006715228
0.329000,0.683444095,-0.014993948,0.841994118,-0.006640112
0.330000,0.682475797,-0.014950592,0.844083207,-0.006564337
0.331000,0.681500717,-0.014906825,0.846163125,-0.006487908
0.332000,0.680518844,-0.014862647,0.848233812,-0.006410827
0.333000,0.679530168,-0.014818062,0.850295211,-0.006333098
0.334000,0.678534680,-0.014773071,0.852347266,-0.006254726
0.335000,0.677532369,-0.014727677,0.854389918,-0.006175715
0.336000,0.676523228,-0.014681882,0.856423112,-0.006096067
0.337000,0.675507248,-0.014635689,0.858446792,-0.006015787
0.338000,0.674484422,-0.014589099,0.860460903,-0.005934880
0.339000,0.673454741,-0.014542115,0.862465391,-0.005853349
0.340000,0.672418200,-0.014494739,0.864460200,-0.005771198
0.341000,0.671374792,-0.014446973,0.866445279,-0.005688432
0.342000,0.670324511,-0.014398819,0.868420573,-0.005605055
0.343000,0.669267352,-0.014350279,0.870386031,-0.005521071
0.344000,0.668203311,-0.014301356,0.872341600,-0.005436484
0.345000,0.667132381,-0.014252051,0.874287229,-0.005351299
0.346000,0.666054561,-0.014202366,0.876222868,-0.005265521
0.347000,0.664969846,-0.014152304,0.878148465,-0.005179153
0.348000,0.663878234,-0.014101867,0.880063972,-0.005092201
0.349000,0.662779721,-0.014051056,0.881969339,-0.005004670
0.350000,0.661674307,-0.013999873,0.883864518,-0.004916563
0.351000,0.660561990,-0.013948321,0.885749460,-0.004827885
0.352000,0.659442769,-0.013896402,0.887624119,-0.004738642
0.353000,0.658316644,-0.013844117,0.889488447,-0.004648837
0.354000,0.657183614,-0.013791468,0.891342398,-0.004558477
0.355000,0.656043681,-0.013738457,0.893185926,-0.004467566
0.356000,0.654896845,-0.013685086,0.895018987,-0.004376108
0.357000,0.653743108,-0.013631357,0.896841535,-0.004284109
0.358000,0.652582472,-0.013577272,0.898653526,-0.004191574
0.359000,0.651414940,-0.013522832,0.900454917,-0.004098509
0.360000,0.650240514,-0.013468040,0.902245666,-0.004004917
0.361000,0.649059200,-0.013412897,0.904025729,-0.003910805
0.362000,0.647870999,-0.013357405,0.905795065,-0.003816177
0.363000,0.646675918,-0.013301565,0.907553633,-0.003721040
0.364000,0.645473962,-0.013245381,0.909301393,-0.003625397
0.365000,0.644265135,-0.013188853,0.911038304,-0.003529256
0.366000,0.643049445,-0.013131982,0.912764326,-0.003432620
0.367000,0.641826898,-0.013074772,0.914479422,-0.003335496
0.368000,0.640597501,-0.013017223,0.916183553,-0.003237890
0.369000,0.639361261,-0.012959338,0.917876681,-0.003139806
0.370000,0.638118188,-0.012901117,0.919558768,-0.003041250
0.371000,0.636868289,-0.012842564,0.921229780,-0.002942228
0.372000,0.635611574,-0.012783679,0.922889679,-0.002842745
0.373000,0.634348053,-0.012724463,0.924538431,-0.002742808
0.374000,0.633077736,-0.012664920,0.926176000,-0.002642422
0.375000,0.631800634,-0.012605050,0.927802353,-0.002541593
0.376000,0.630516758,-0.012544856,0.929417456,-0.002440327
0.377000,0.629226120,-0.012484338,0.931021277,-0.002338629
0.378000,0.627928731,-0.012423499,0.932613782,-0.002236506
0.379000,0.626624606,-0.012362340,0.934194940,-0.002133964
0.380000,0.625313757,-0.012300862,0.935764720,-0.002031008
0.381000,0.623996199,-0.012239069,0.937323092,-0.001927644
0.382000,0.622671945,-0.012176960,0.938870025,-0.001823879
0.383000,0.621341010,-0.012114538,0.940405490,-0.001719719
0.384000,0.620003410,-0.012051804,0.941929458,-0.001615170
0.385000,0.618659162,-0.011988761,0.943441902,-0.001510237
0.386000,0.617308280,-0.011925409,0.944942793,-0.001404928
0.387000,0.615950783,-0.011861750,0.946432105,-0.001299249
0.388000,0.614586687,-0.011797787,0.947909812,-0.001193205
0.389000,0.613216011,-0.011733520,0.949375887,-0.001086803
0.390000,0.611838774,-0.011668951,0.950830306,-0.000980050
0.391000,0.610454993,-0.011604082,0.952273044,-0.000872951
0.392000,0.609064690,-0.011538914,0.953704076,-0.000765514
0.393000,0.607667883,-0.011473450,0.955123381,-0.000657744
0.394000,0.606264593,-0.011407691,0.956530935,-0.000549648
0.395000,0.604854843,-0.011341637,0.957926715,-0.000441232
0.396000,0.603438652,-0.011275292,0.959310701,-0.000332504
0.397000,0.602016043,-0.011208657,0.960682872,-0.000223469
0.398000,0.600587039,-0.011141733,0.962043206,-0.000114134
0.399000,0.599151663,-0.011074523,0.963391686,-0.000004506
0.400000,0.597709938,-0.011007027,0.964728290,0.000105409
0.401000,0.596261890,-0.010939247,0.966053002,0.000215604
0.402000,0.594807541,-0.010871186,0.967365803,0.000326072
0.403000,0.593346918,-0.010802844,0.968666676,0.000436807
0.404000,0.591880047,-0.010734224,0.969955604,0.000547802
0.405000,0.590406953,-0.010665327,0.971232571,0.000659051
0.406000,0.588927663,-0.010596155,0.972497561,0.000770546
0.407000,0.587442204,-0.010526709,0.973750561,0.000882281
0.408000,0.585950604,-0.010456992,0.974991555,0.000994249
0.409000,0.584452892,-0.010387005,0.976220530,0.001106443
0.410000,0.582949096,-0.010316750,0.977437473,0.001218856
0.411000,0.581439245,-0.010246229,0.978642372,0.001331482
0.412000,0.579923369,-0.010175442,0.979835214,0.001444314
0.413000,0.578401498,-0.010104394,0.981015989,0.001557345
0.414000,0.576873664,-0.010033084,0.982184686,0.001670567
0.415000,0.575339897,-0.009961515,0.983341295,0.001783975
0.416000,0.573800228,-0.009889688,0.984485806,0.001897561
0.417000,0.572254691,-0.009817606,0.985618211,0.002011318
0.418000,0.570703318,-0.009745270,0.986738502,0.002125240
0.419000,0.569146142,-0.009672683,0.987846671,0.002239318
0.420000,0.567583197,-0.009599845,0.988942710,0.002353548
0.421000,0.566014518,-0.009526759,0.990026615,0.002467920
0.422000,0.564440138,-0.009453427,0.991098378,0.002582430
0.423000,0.562860094,-0.009379851,0.992157994,0.002697068
0.424000,0.561274420,-0.009306033,0.993205460,0.002811829
0.425000,0.559683154,-0.009231974,0.994240771,0.002926706
0.426000,0.558086331,-0.009157677,0.995263923,0.003041691
0.427000,0.556483989,-0.009083144,0.996274915,0.003156777
0.428000,0.554876166,-0.009008376,0.997273743,0.003271958
0.429000,0.553262900,-0.008933375,0.998260406,0.003387227
0.430000,0.551644229,-0.008858145,0.999234903,0.003502576
0.431000,0.550020192,-0.008782686,1.000197234,0.003617998
0.432000,0.548390830,-0.008707001,1.001147399,0.003733486
0.433000,0.546756182,-0.008631092,1.002085398,0.003849034
0.434000,0.545116288,-0.008554961,1.003011234,0.003964634
0.435000,0.543471191,-0.008478610,1.003924907,0.004080280
0.436000,0.541820930,-0.008402042,1.004826421,0.004195963
0.437000,0.540165549,-0.008325258,1.005715778,0.004311678
0.438000,0.538505089,-0.008248260,1.006592983,0.004427417
0.439000,0.536839594,-0.008171052,1.007458039,0.004543173
0.440000,0.535169107,-0.008093635,1.008310952,0.004658940
0.441000,0.533493672,-0.008016011,1.009151727,0.004774709
0.442000,0.531813333,-0.007938183,1.009980370,0.004890475
0.443000,0.530128134,-0.007860153,1.010796887,0.005006229
0.444000,0.528438122,-0.007781923,1.011601286,0.005121966
0.445000,0.526743342,-0.007703496,1.012393575,0.005237678
0.446000,0.525043839,-0.007624875,1.013173762,0.005353359
0.447000,0.523339661,-0.007546060,1.013941856,0.005469000
0.448000,0.521630854,-0.007467056,1.014697866,0.005584596
0.449000,0.519917467,-0.007387864,1.015441803,0.005700139
0.450000,0.518199546,-0.007308487,1.016173677,0.005815622
0.451000,0.516477141,-0.007228927,1.016893499,0.005931039
0.452000,0.514750300,-0.007149187,1.017601281,0.006046382
0.453000,0.513019073,-0.007069269,1.018297036,0.006161645
0.454000,0.511283508,-0.006989176,1.018980776,0.006276821
0.455000,0.509543657,-0.006908911,1.019652515,0.006391903
0.456000,0.507799571,-0.006828476,1.020312267,0.006506884
0.457000,0.506051299,-0.006747874,1.020960046,0.006621757
0.458000,0.504298893,-0.006667107,1.021595868,0.006736515
0.459000,0.502542406,-0.006586179,1.022219749,0.006851152
0.460000,0.500781889,-0.006505091,1.022831703,0.006965661
0.461000,0.499017396,-0.006423847,1.023431750,0.007080035
0.462000,0.497248979,-0.006342449,1.024019905,0.007194268
0.463000,0.495476692,-0.006260901,1.024596186,0.007308352
0.464000,0.493700589,-0.006179204,1.025160613,0.007422281
0.465000,0.491920724,-0.006097362,1.025713203,0.007536048
0.466000,0.490137153,-0.006015378,1.026253978,0.007649647
0.467000,0.488349931,-0.005933255,1.026782955,0.007763071
0.468000,0.486559112,-0.005850995,1.027300157,0.007876314
0.469000,0.484764753,-0.005768602,1.027805605,0.007989368
0.470000,0.482966911,-0.005686078,1.028299319,0.008102228
0.471000,0.481165643,-0.005603426,1.028781323,0.008214886
0.472000,0.479361005,-0.005520650,1.029251639,0.008327337
0.473000,0.477553055,-0.005437753,1.029710290,0.008439574
0.474000,0.475741851,-0.005354737,1.030157300,0.008551590
0.475000,0.473927452,-0.005271605,1.030592693,0.008663379
0.476000,0.472109916,-0.005188362,1.031016494,0.008774934
0.477000,0.470289303,-0.005105010,1.031428729,0.008886250
0.478000,0.468465672,-0.005021551,1.031829423,0.008997321
0.479000,0.466639083,-0.004937991,1.032218603,0.009108138
0.480000,0.464809596,-0.004854330,1.032596295,0.009218697
0.481000,0.462977273,-0.004770574,1.032962527,0.009328992
0.482000,0.461142173,-0.004686725,1.033317327,0.009439016
0.483000,0.459304358,-0.004602786,1.033660723,0.009548762
0.484000,0.457463891,-0.004518761,1.033992744,0.009658226
0.485000,0.455620833,-0.004434653,1.034313419,0.009767400
0.486000,0.453775247,-0.004350466,1.034622779,0.009876279
0.487000,0.451927195,-0.004266203,1.034920853,0.009984857
0.488000,0.450076741,-0.004181867,1.035207673,0.010093127
0.489000,0.448223948,-0.004097462,1.035483270,0.010201085
0.490000,0.446368880,-0.004012991,1.035747675,0.010308723
0.491000,0.444511602,-0.003928458,1.036000921,0.010416037
0.492000,0.442652178,-0.003843866,1.036243041,0.010523020
0.493000,0.440790672,-0.003759220,1.036474068,0.010629667
0.494000,0.438927150,-0.003674522,1.036694036,0.010735972
0.495000,0.437061677,-0.003589776,1.036902979,0.010841929
0.496000,0.435194320,-0.003504985,1.037100931,0.010947533
0.497000,0.433325145,-0.003420154,1.037287928,0.011052778
0.498000,0.431454217,-0.003335286,1.037464005,0.011157659
0.499000,0.429581604,-0.003250385,1.037629198,0.011262169
0.500000,0.427707373,-0.003165455,1.037783544,0.011366304
0.501000,0.425831592,-0.003080498,1.037927080,0.011470059
0.502000,0.423954327,-0.002995519,1.038059843,0.011573427
0.503000,0.422075648,-0.002910523,1.038181871,0.011676404
0.504000,0.420195622,-0.002825511,1.038293202,0.011778985
0.505000,0.418314318,-0.002740489,1.038393876,0.011881163
0.506000,0.416431805,-0.002655460,1.038483930,0.011982934
0.507000,0.414548153,-0.002570429,1.038563405,0.012084294
0.508000,0.412663430,-0.002485398,1.038632341,0.012185236
0.509000,0.410777706,-0.002400372,1.038690778,0.012285756
0.510000,0.408891052,-0.002315355,1.038738758,0.012385848
0.511000,0.407003538,-0.002230350,1.038776320,0.012485509
0.512000,0.405115234,-0.002145362,1.038803508,0.012584733
0.513000,0.403226212,-0.002060395,1.038820363,0.012683515
0.514000,0.401336542,-0.001975452,1.038826928,0.012781851
0.515000,0.399446296,-0.001890538,1.038823245,0.012879735
0.516000,0.397555545,-0.001805657,1.038809359,0.012977164
0.517000,0.395664361,-0.001720812,1.038785312,0.013074133
0.518000,0.393772817,-0.001636008,1.038751149,0.013170636
0.519000,0.391880984,-0.001551249,1.038706915,0.013266670
0.520000,0.389988936,-0.001466539,1.038652654,0.013362231
0.521000,0.388096745,-0.001381882,1.038588412,0.013457313
0.522000,0.386204485,-0.001297282,1.038514234,0.013551913
0.523000,0.384312228,-0.001212743,1.038430166,0.013646026
0.524000,0.382420048,-0.001128270,1.038336256,0.013739648
0.525000,0.380528019,-0.001043866,1.038232549,0.013832775
0.526000,0.378636215,-0.000959536,1.038119094,0.013925403
0.527000,0.376744710,-0.000875284,1.037995937,0.014017528
0.528000,0.374853578,-0.000791113,1.037863126,0.014109146
0.529000,0.372962895,-0.000707030,1.037720710,0.014200253
0.530000,0.371072734,-0.000623036,1.037568737,0.014290845
0.531000,0.369183172,-0.000539138,1.037407257,0.014380918
0.532000,0.367294282,-0.000455338,1.037236318,0.014470469
0.533000,0.365406141,-0.000371642,1.037055971,0.014559494
0.534000,0.363518824,-0.000288053,1.036866265,0.014647990
0.535000,0.361632406,-0.000204575,1.036667251,0.014735952
0.536000,0.359746965,-0.000121214,1.036458979,0.014823378
0.537000,0.357862575,-0.000037973,1.036241501,0.014910263
0.538000,0.355979313,0.000045144,1.036014868,0.014996605
0.539000,0.354097256,0.000128132,1.035779131,0.015082401
0.540000,0.352216480,0.000210986,1.035534342,0.015167646
0.541000,0.350337061,0.000293704,1.035280555,0.015252339
0.542000,0.348459078,0.000376280,1.035017820,0.015336475
0.543000,0.346582607,0.000458710,1.034746192,0.015420052
0.544000,0.344707724,0.000540989,1.034465723,0.015503067
0.545000,0.342834508,0.000623114,1.034176468,0.015585516
0.546000,0.340963036,0.000705081,1.033878479,0.015667398
0.547000,0.339093386,0.000786884,1.033571811,0.015748709
0.548000,0.337225635,0.000868520,1.033256518,0.015829446
0.549000,0.335359861,0.000949984,1.032932655,0.015909607
0.550000,0.333496142,0.001031272,1.032600277,0.015989189
0.551000,0.331634557,0.001112380,1.032259440,0.016068189
0.552000,0.329775183,0.001193303,1.031910198,0.016146606
0.553000,0.327918099,0.001274038,1.031552607,0.016224437
0.554000,0.326063383,0.001354579,1.031186724,0.016301679
0.555000,0.324211114,0.001434923,1.030812604,0.016378330
0.556000,0.322361371,0.001515065,1.030430305,0.016454388
0.557000,0.320514232,0.001595001,1.030039883,0.016529851
0.558000,0.318669776,0.001674727,1.029641395,0.016604716
0.559000,0.316828082,0.001754238,1.029234898,0.016678982
0.560000,0.314989229,0.001833531,1.028820450,0.016752647
0.561000,0.313153296,0.001912601,1.028398109,0.016825709
0.562000,0.311320362,0.001991443,1.027967933,0.016898165
0.563000,0.309490506,0.002070054,1.027529979,0.016970015
0.564000,0.307663808,0.002148430,1.027084307,0.017041256
0.565000,0.305840346,0.002226565,1.026630975,0.017111887
0.566000,0.304020201,0.002304457,1.026170042,0.017181906
0.567000,0.302203452,0.002382100,1.025701566,0.017251312
0.568000,0.300390177,0.002459491,1.025225608,0.017320104
0.569000,0.298580457,0.002536626,1.024742227,0.017388279
0.570000,0.296774372,0.002613500,1.024251482,0.017455837
0.571000,0.294971999,0.002690109,1.023753433,0.017522776
0.572000,0.293173420,0.002766449,1.023248141,0.017589096
0.573000,0.291378714,0.002842517,1.022735665,0.017654795
0.574000,0.289587961,0.002918307,1.022216067,0.017719871
0.575000,0.287801239,0.002993816,1.021689406,0.017784325
0.576000,0.286018630,0.003069041,1.021155744,0.017848155
0.577000,0.284240211,0.003143976,1.020615141,0.017911360
0.578000,0.282466064,0.003218618,1.020067659,0.017973939
0.579000,0.280696268,0.003292963,1.019513359,0.018035893
0.580000,0.278930902,0.003367007,1.018952302,0.018097219
0.581000,0.277170046,0.003440746,1.018384551,0.018157917
0.582000,0.275413779,0.003514177,1.017810166,0.018217988
0.583000,0.273662182,0.003587294,1.017229210,0.018277430
0.584000,0.271915334,0.003660095,1.016641744,0.018336243
0.585000,0.270173314,0.003732576,1.016047831,0.018394426
0.586000,0.268436201,0.003804732,1.015447534,0.018451980
0.587000,0.266704076,0.003876561,1.014840914,0.018508904
0.588000,0.264977018,0.003948057,1.014228034,0.018565197
0.589000,0.263255106,0.004019218,1.013608957,0.018620861
0.590000,0.261538420,0.004090040,1.012983746,0.018675894
0.591000,0.259827038,0.004160519,1.012352463,0.018730297
0.592000,0.258121040,0.004230652,1.011715172,0.018784070
0.593000,0.256420505,0.004300435,1.011071936,0.018837212
0.594000,0.254725512,0.004369863,1.010422817,0.018889725
0.595000,0.253036140,0.004438935,1.009767880,0.018941608
0.596000,0.251352468,0.004507646,1.009107187,0.018992862
0.597000,0.249674575,0.004575992,1.008440802,0.019043487
0.598000,0.248002540,0.004643971,1.007768789,0.019093483
0.599000,0.246336441,0.004711578,1.007091211,0.019142852
0.600000,0.244676357,0.004778812,1.006408132,0.019191592
0.601000,0.243022366,0.004845667,1.005719615,0.019239706
0.602000,0.241374547,0.004912141,1.005025725,0.019287194
0.603000,0.239732978,0.004978230,1.004326526,0.019334056
0.604000,0.238097737,0.005043932,1.003622081,0.019380293
0.605000,0.236468901,0.005109243,1.002912455,0.019425907
0.606000,0.234846550,0.005174160,1.002197711,0.019470897
0.607000,0.233230760,0.005238679,1.001477913,0.019515266
0.608000,0.231621610,0.005302798,1.000753127,0.019559013
0.609000,0.230019177,0.005366514,1.000023415,0.019602140
0.610000,0.228423537,0.005429823,0.999288842,0.019644648
0.611000,0.226834769,0.005492723,0.998549473,0.019686538
0.612000,0.225252950,0.005555211,0.997805371,0.019727812
0.613000,0.223678156,0.005617284,0.997056601,0.019768471
0.614000,0.222110464,0.005678938,0.996303227,0.019808515
0.615000,0.220549950,0.005740172,0.995545314,0.019847947
0.616000,0.218996692,0.005800982,0.994782925,0.019886767
0.617000,0.217450765,0.005861365,0.994016125,0.019924978
0.618000,0.215912246,0.005921320,0.993244979,0.019962581
0.619000,0.214381209,0.005980843,0.992469550,0.019999576
0.620000,0.212857732,0.006039932,0.991689904,0.020035967
0.621000,0.211341890,0.006098584,0.990906103,0.020071755
0.622000,0.209833757,0.006156797,0.990118213,0.020106940
0.623000,0.208333410,0.006214568,0.989326297,0.020141526
0.624000,0.206840922,0.006271895,0.988530420,0.020175514
0.625000,0.205356369,0.006328775,0.987730646,0.020208906
0.626000,0.203879826,0.006385207,0.986927039,0.020241703
0.627000,0.202411366,0.006441188,0.986119663,0.020273908
0.628000,0.200951063,0.006496716,0.985308583,0.020305522
0.629000,0.199498992,0.006551789,0.984493861,0.020336548
0.630000,0.198055226,0.006606404,0.983675563,0.020366988
0.631000,0.196619839,0.006660559,0.982853752,0.020396844
0.632000,0.195192903,0.006714253,0.982028492,0.020426118
0.633000,0.193774492,0.006767484,0.981199846,0.020454812
0.634000,0.192364679,0.006820249,0.980367878,0.020482928
0.635000,0.190963535,0.006872547,0.979532653,0.020510470
0.636000,0.189571132,0.006924376,0.978694232,0.020537439
0.637000,0.188187544,0.006975735,0.977852681,0.020563837
0.638000,0.186812842,0.007026621,0.977008062,0.020589667
0.639000,0.185447096,0.007077032,0.976160438,0.020614932
0.640000,0.184090378,0.007126969,0.975309873,0.020639633
0.641000,0.182742760,0.007176428,0.974456430,0.020663774
0.642000,0.181404311,0.007225409,0.973600171,0.020687357
0.643000,0.180075101,0.007273909,0.972741161,0.020710385
0.644000,0.178755202,0.007321928,0.971879460,0.020732860
0.645000,0.177444682,0.007369465,0.971015133,0.020754785
0.646000,0.176143611,0.007416517,0.970148241,0.020776162
0.647000,0.174852058,0.007463085,0.969278848,0.020796996
0.648000,0.173570093,0.007509166,0.968407014,0.020817287
0.649000,0.172297783,0.007554760,0.967532804,0.020837039
0.650000,0.171035196,0.007599865,0.966656278,0.020856255
0.651000,0.169782401,0.007644481,0.965777498,0.020874938
0.652000,0.168539466,0.007688607,0.964896527,0.020893091
0.653000,0.167306457,0.007732242,0.964013425,0.020910717
0.654000,0.166083441,0.007775385,0.963128255,0.020927817
0.655000,0.164870486,0.007818035,0.962241077,0.020944397
0.656000,0.163667657,0.007860191,0.961351953,0.020960458
0.657000,0.162475020,0.007901854,0.960460944,0.020976004
0.658000,0.161292641,0.007943023,0.959568111,0.020991038
0.659000,0.160120585,0.007983696,0.958673513,0.021005562
0.660000,0.158958917,0.008023874,0.957777213,0.021019581
0.661000,0.157807702,0.008063556,0.956879270,0.021033096
0.662000,0.156667003,0.008102742,0.955979744,0.021046112
0.663000,0.155536886,0.008141431,0.955078695,0.021058632
0.664000,0.154417412,0.008179624,0.954176184,0.021070659
0.665000,0.153308645,0.008217320,0.953272269,0.021082195
0.666000,0.152210649,0.008254519,0.952367009,0.021093245
0.667000,0.151123484,0.008291221,0.951460466,0.021103812
0.668000,0.150047214,0.008327426,0.950552696,0.021113898
0.669000,0.148981900,0.008363135,0.949643760,0.021123508
0.670000,0.147927603,0.008398346,0.948733715,0.021132645
0.671000,0.146884383,0.008433061,0.947822620,0.021141311
0.672000,0.145852302,0.008467280,0.946910533,0.021149511
0.673000,0.144831419,0.008501004,0.945997512,0.021157248
0.674000,0.143821794,0.008534231,0.945083615,0.021164526
0.675000,0.142823486,0.008566964,0.944168900,0.021171347
0.676000,0.141836554,0.008599202,0.943253423,0.021177715
0.677000,0.140861056,0.008630946,0.942337242,0.021183634
0.678000,0.139897050,0.008662196,0.941420413,0.021189107
0.679000,0.138944595,0.008692954,0.940502993,0.021194138
0.680000,0.138003746,0.008723220,0.939585039,0.021198730
0.681000,0.137074561,0.008752995,0.938666606,0.021202886
0.682000,0.136157095,0.008782279,0.937747750,0.021206612
0.683000,0.135251406,0.008811074,0.936828527,0.021209909
0.684000,0.134357548,0.008839381,0.935908992,0.021212781
0.685000,0.133475575,0.008867200,0.934989201,0.021215232
0.686000,0.132605544,0.008894533,0.934069207,0.021217266
0.687000,0.131747507,0.008921380,0.933149066,0.021218886
0.688000,0.130901518,0.008947744,0.932228832,0.021220096
0.689000,0.130067631,0.008973625,0.931308559,0.021220900
0.690000,0.129245898,0.008999025,0.930388300,0.021221300
0.691000,0.128436371,0.009023944,0.929468110,0.021221301
0.692000,0.127639103,0.009048385,0.928548040,0.021220906
0.693000,0.126854144,0.009072349,0.927628145,0.021220119
0.694000,0.126081546,0.009095838,0.926708476,0.021218944
0.695000,0.125321358,0.009118852,0.925789086,0.021217383
0.696000,0.124573631,0.009141394,0.924870026,0.021215442
0.697000,0.123838415,0.009163466,0.923951350,0.021213123
0.698000,0.123115757,0.009185069,0.923033107,0.021210430
0.699000,0.122405706,0.009206204,0.922115350,0.021207367
0.700000,0.121708311,0.009226875,0.921198128,0.021203937
0.701000,0.121023619,0.009247083,0.920281493,0.021200144
0.702000,0.120351677,0.009266829,0.919365495,0.021195992
0.703000,0.119692531,0.009286116,0.918450183,0.021191484
0.704000,0.119046228,0.009304946,0.917535607,0.021186625
0.705000,0.118412812,0.009323322,0.916621816,0.021181417
0.706000,0.117792329,0.009341244,0.915708859,0.021175864
0.707000,0.117184824,0.009358717,0.914796785,0.021169970
0.708000,0.116590339,0.009375741,0.913885641,0.021163739
0.709000,0.116008919,0.009392319,0.912975477,0.021157174
0.710000,0.115440607,0.009408454,0.912066339,0.021150278
0.711000,0.114885445,0.009424148,0.911158274,0.021143056
0.712000,0.114343474,0.009439404,0.910251330,0.021135512
0.713000,0.113814737,0.009454224,0.909345553,0.021127647
0.714000,0.113299273,0.009468611,0.908440990,0.021119468
0.715000,0.112797124,0.009482567,0.907537685,0.021110976
0.716000,0.112308329,0.009496095,0.906635685,0.021102175
0.717000,0.111832927,0.009509198,0.905735035,0.021093069
0.718000,0.111370956,0.009521879,0.904835780,0.021083662
0.719000,0.110922456,0.009534140,0.903937963,0.021073957
0.720000,0.110487464,0.009545985,0.903041630,0.021063958
0.721000,0.110066016,0.009557416,0.902146823,0.021053668
0.722000,0.109658149,0.009568437,0.901253587,0.021043091
0.723000,0.109263900,0.009579049,0.900361964,0.021032230
0.724000,0.108883303,0.009589258,0.899471996,0.021021089
0.725000,0.108516393,0.009599065,0.898583727,0.021009671
0.726000,0.108163205,0.009608473,0.897697197,0.020997980
0.727000,0.107823772,0.009617487,0.896812449,0.020986020
0.728000,0.107498128,0.009626109,0.895929523,0.020973792
0.729000,0.107186305,0.009634342,0.895048460,0.020961302
0.730000,0.106888334,0.009642190,0.894169301,0.020948553
0.731000,0.106604249,0.009649656,0.893292086,0.020935547
0.732000,0.106334079,0.009656743,0.892416853,0.020922289
0.733000,0.106077854,0.009663456,0.891543642,0.020908782
0.734000,0.105835605,0.009669797,0.890672493,0.020895029
0.735000,0.105607361,0.009675770,0.889803443,0.020881033
0.736000,0.105393150,0.009681379,0.888936530,0.020866798
0.737000,0.105193000,0.009686627,0.888071792,0.020852327
0.738000,0.105006939,0.009691517,0.887209266,0.020837623
0.739000,0.104834993,0.009696054,0.886348989,0.020822690
0.740000,0.104677188,0.009700241,0.885490997,0.020807531
0.741000,0.104533551,0.009704082,0.884635326,0.020792149
0.742000,0.104404107,0.009707580,0.883782012,0.020776548
0.743000,0.104288879,0.009710740,0.882931090,0.020760730
0.744000,0.104187892,0.009713565,0.882082594,0.020744699
0.745000,0.104101169,0.009716059,0.881236560,0.020728458
0.746000,0.104028732,0.009718226,0.880393020,0.020712010
0.747000,0.103970604,0.009720070,0.879552009,0.020695358
0.748000,0.103926806,0.009721594,0.878713558,0.020678506
0.749000,0.103897360,0.009722803,0.877877702,0.020661455
0.750000,0.103882284,0.009723701,0.877044472,0.020644211
0.751000,0.103881600,0.009724292,0.876213900,0.020626775
0.752000,0.103895325,0.009724579,0.875386017,0.020609150
0.753000,0.103923480,0.009724568,0.874560855,0.020591340
0.754000,0.103966080,0.009724261,0.873738443,0.020573347
0.755000,0.104023144,0.009723663,0.872918812,0.020555175
0.756000,0.104094687,0.009722778,0.872101991,0.020536826
0.757000,0.104180727,0.009721611,0.871288011,0.020518303
0.758000,0.104281279,0.009720165,0.870476898,0.020499610
0.759000,0.104396356,0.009718445,0.869668682,0.020480748
0.760000,0.104525974,0.009716454,0.868863391,0.020461721
0.761000,0.104670146,0.009714198,0.868061052,0.020442532
0.762000,0.104828885,0.009711680,0.867261692,0.020423183
0.763000,0.105002203,0.009708905,0.866465337,0.020403678
0.764000,0.105190111,0.009705876,0.865672015,0.020384018
0.765000,0.105392621,0.009702599,0.864881749,0.020364207
0.766000,0.105609743,0.009699077,0.864094567,0.020344247
0.767000,0.105841487,0.009695314,0.863310491,0.020324141
0.768000,0.106087862,0.009691316,0.862529548,0.020303892
0.769000,0.106348877,0.009687086,0.861751760,0.020283502
0.770000,0.106624539,0.009682629,0.860977151,0.020262973
0.771000,0.106914856,0.009677949,0.860205744,0.020242309
0.772000,0.107219834,0.009673050,0.859437561,0.020221512
0.773000,0.107539480,0.009667938,0.858672625,0.020200584
0.774000,0.107873798,0.009662615,0.857910957,0.020179528
0.775000,0.108222794,0.009657087,0.857152579,0.020158347
0.776000,0.108586471,0.009651358,0.856397510,0.020137042
0.777000,0.108964834,0.009645432,0.855645772,0.020115616
0.778000,0.109357884,0.009639314,0.854897383,0.020094071
0.779000,0.109765625,0.009633007,0.854152364,0.020072411
0.780000,0.110188057,0.009626518,0.853410734,0.020050636
0.781000,0.110625181,0.009619849,0.852672509,0.020028750
0.782000,0.111076999,0.009613005,0.851937710,0.020006755
0.783000,0.111543509,0.009605991,0.851206352,0.019984653
0.784000,0.112024710,0.009598811,0.850478453,0.019962446
0.785000,0.112520602,0.009591469,0.849754030,0.019940136
0.786000,0.113031181,0.009583970,0.849033098,0.019917725
0.787000,0.113556444,0.009576318,0.848315674,0.019895217
0.788000,0.114096389,0.009568517,0.847601772,0.019872612
0.789000,0.114651012,0.009560572,0.846891407,0.019849913
0.790000,0.115220306,0.009552487,0.846184593,0.019827121
0.791000,0.115804267,0.009544267,0.845481345,0.019804240
0.792000,0.116402889,0.009535915,0.844781674,0.019781270
0.793000,0.117016164,0.009527437,0.844085595,0.019758214
0.794000,0.117644087,0.009518836,0.843393119,0.019735074
0.795000,0.118286647,0.009510116,0.842704259,0.019711852
0.796000,0.118943838,0.009501282,0.842019025,0.019688549
0.797000,0.119615650,0.009492339,0.841337429,0.019665168
0.798000,0.120302072,0.009483289,0.840659481,0.019641710
0.799000,0.121003094,0.009474139,0.839985191,0.019618177
0.800000,0.121718705,0.009464891,0.839314568,0.019594571
0.801000,0.122448893,0.009455550,0.838647623,0.019570893
0.802000,0.123193646,0.009446120,0.837984363,0.019547146
0.803000,0.123952950,0.009436606,0.837324796,0.019523331
0.804000,0.124726792,0.009427011,0.836668930,0.019499449
0.805000,0.125515158,0.009417339,0.836016773,0.019475503
0.806000,0.126318031,0.009407595,0.835368331,0.019451494
0.807000,0.127135397,0.009397783,0.834723610,0.019427423
0.808000,0.127967240,0.009387906,0.834082615,0.019403292
0.809000,0.128813542,0.009377968,0.833445354,0.019379103
0.810000,0.129674285,0.009367975,0.832811829,0.019354858
0.811000,0.130549453,0.009357929,0.832182046,0.019330556
0.812000,0.131439024,0.009347834,0.831556008,0.019306201
0.813000,0.132342982,0.009337694,0.830933719,0.019281793
0.814000,0.133261304,0.009327514,0.830315182,0.019257335
0.815000,0.134193971,0.009317297,0.829700399,0.019232826
0.816000,0.135140960,0.009307046,0.829089373,0.019208270
0.817000,0.136102251,0.009296767,0.828482104,0.019183666
0.818000,0.137077820,0.009286461,0.827878595,0.019159016
0.819000,0.138067644,0.009276133,0.827278845,0.019134322
0.820000,0.139071700,0.009265787,0.826682854,0.019109585
0.821000,0.140089962,0.009255426,0.826090624,0.019084806
0.822000,0.141122406,0.009245054,0.825502152,0.019059987
0.823000,0.142169005,0.009234674,0.824917437,0.019035127
0.824000,0.143229734,0.009224290,0.824336478,0.019010230
0.825000,0.144304565,0.009213906,0.823759273,0.018985295
0.826000,0.145393471,0.009203524,0.823185819,0.018960324
0.827000,0.146496424,0.009193148,0.822616113,0.018935317
0.828000,0.147613394,0.009182781,0.822050151,0.018910277
0.829000,0.148744352,0.009172428,0.821487930,0.018885204
0.830000,0.149889269,0.009162090,0.820929444,0.018860099
0.831000,0.151048112,0.009151771,0.820374690,0.018834963
0.832000,0.152220852,0.009141475,0.819823661,0.018809796
0.833000,0.153407455,0.009131205,0.819276352,0.018784601
0.834000,0.154607890,0.009120962,0.818732757,0.018759378
0.835000,0.155822124,0.009110752,0.818192868,0.018734127
0.836000,0.157050121,0.009100576,0.817656679,0.018708850
0.837000,0.158291849,0.009090437,0.817124182,0.018683547
0.838000,0.159547272,0.009080339,0.816595369,0.018658220
0.839000,0.160816354,0.009070284,0.816070231,0.018632869
0.840000,0.162099060,0.009060275,0.815548760,0.018607495
0.841000,0.163395352,0.009050314,0.815030945,0.018582098
0.842000,0.164705193,0.009040405,0.814516777,0.018556680
0.843000,0.166028545,0.009030550,0.814006246,0.018531241
0.844000,0.167365369,0.009020752,0.813499341,0.018505781
0.845000,0.168715627,0.009011012,0.812996051,0.018480303
0.846000,0.170079278,0.009001334,0.812496363,0.018454805
0.847000,0.171456283,0.008991720,0.812000267,0.018429289
0.848000,0.172846599,0.008982172,0.811507749,0.018403756
0.849000,0.174250186,0.008972693,0.811018796,0.018378205
0.850000,0.175667002,0.008963285,0.810533395,0.018352639
0.851000,0.177097003,0.008953949,0.810051532,0.018327056
0.852000,0.178540147,0.008944689,0.809573194,0.018301459
0.853000,0.179996389,0.008935505,0.809098364,0.018275846
0.854000,0.181465685,0.008926401,0.808627028,0.018250219
0.855000,0.182947991,0.008917378,0.808159171,0.018224579
0.856000,0.184443259,0.008908438,0.807694776,0.018198925
0.857000,0.185951445,0.008899583,0.807233827,0.018173258
0.858000,0.187472502,0.008890814,0.806776308,0.018147579
0.859000,0.189006382,0.008882134,0.806322200,0.018121888
0.860000,0.190553037,0.008873543,0.805871486,0.018096186
0.861000,0.192112418,0.008865044,0.805424148,0.018070472
0.862000,0.193684478,0.008856638,0.804980168,0.018044747
0.863000,0.195269166,0.008848327,0.804539527,0.018019012
0.864000,0.196866433,0.008840111,0.804102205,0.017993267
0.865000,0.198476227,0.008831992,0.803668182,0.017967512
0.866000,0.200098497,0.008823972,0.803237438,0.017941747
0.867000,0.201733192,0.008816051,0.802809954,0.017915973
0.868000,0.203380259,0.008808232,0.802385707,0.017890190
0.869000,0.205039645,0.008800513,0.801964676,0.017864399
0.870000,0.206711298,0.008792898,0.801546840,0.017838599
0.871000,0.208395163,0.008785386,0.801132177,0.017812790
0.872000,0.210091185,0.008777979,0.800720663,0.017786974
0.873000,0.211799310,0.008770678,0.800312276,0.017761150
0.874000,0.213519482,0.008763482,0.799906993,0.017735318
0.875000,0.215251645,0.008756393,0.799504789,0.017709478
0.876000,0.216995743,0.008749412,0.799105640,0.017683631
0.877000,0.218751717,0.008742538,0.798709523,0.017657777
0.878000,0.220519512,0.008735773,0.798316412,0.017631916
0.879000,0.222299069,0.008729116,0.797926281,0.017606048
0.880000,0.224090328,0.008722569,0.797539105,0.017580173
0.881000,0.225893231,0.008716131,0.797154859,0.017554291
0.882000,0.227707718,0.008709802,0.796773515,0.017528403
0.883000,0.229533730,0.008703583,0.796395046,0.017502508
0.884000,0.231371204,0.008697474,0.796019427,0.017476606
0.885000,0.233220081,0.008691474,0.795646628,0.017450698
0.886000,0.235080298,0.008685584,0.795276622,0.017424783
0.887000,0.236951793,0.008679803,0.794909381,0.017398861
0.888000,0.238834504,0.008674132,0.794544876,0.017372933
0.889000,0.240728368,0.008668569,0.794183079,0.017346999
0.890000,0.242633320,0.008663115,0.793823959,0.017321058
0.891000,0.244549297,0.008657769,0.793467487,0.017295111
0.892000,0.246476235,0.008652531,0.793113633,0.017269157
0.893000,0.248414067,0.008647399,0.792762367,0.017243196
0.894000,0.250362729,0.008642374,0.792413658,0.017217228
0.895000,0.252322155,0.008637455,0.792067474,0.017191254
0.896000,0.254292278,0.008632640,0.791723785,0.017165273
0.897000,0.256273030,0.008627930,0.791382558,0.017139285
0.898000,0.258264346,0.008623323,0.791043762,0.017113290
0.899000,0.260266157,0.008618818,0.790707363,0.017087288
0.900000,0.262278394,0.008614414,0.790373330,0.017061279
0.901000,0.264300990,0.008610109,0.790041629,0.017035262
0.902000,0.266333874,0.008605904,0.789712227,0.017009238
0.903000,0.268376977,0.008601796,0.789385089,0.016983206
0.904000,0.270430230,0.008597785,0.789060183,0.016957166
0.905000,0.272493561,0.008593868,0.788737473,0.016931119
0.906000,0.274566899,0.008590044,0.788416925,0.016905063
0.907000,0.276650174,0.008586313,0.788098503,0.016878999
0.908000,0.278743314,0.008582671,0.787782173,0.016852927
0.909000,0.280846246,0.008579118,0.787467899,0.016826846
0.910000,0.282958897,0.008575652,0.787155646,0.016800756
0.911000,0.285081195,0.008572271,0.786845375,0.016774657
0.912000,0.287213066,0.008568973,0.786537053,0.016748549
0.913000,0.289354437,0.008565756,0.786230640,0.016722432
0.914000,0.291505233,0.008562619,0.785926102,0.016696305
0.915000,0.293665379,0.008559558,0.785623399,0.016670168
0.916000,0.295834801,0.008556573,0.785322494,0.016644021
0.917000,0.298013422,0.008553661,0.785023351,0.016617864
0.918000,0.300201168,0.008550819,0.784725929,0.016591696
0.919000,0.302397962,0.008548045,0.784430192,0.016565517
0.920000,0.304603727,0.008545338,0.784136099,0.016539327
0.921000,0.306818386,0.008542694,0.783843612,0.016513125
0.922000,0.309041862,0.008540110,0.783552693,0.016486913
0.923000,0.311274078,0.008537586,0.783263300,0.016460688
0.924000,0.313514955,0.008535117,0.782975396,0.016434451
0.925000,0.315764415,0.008532701,0.782688938,0.016408201
0.926000,0.318022379,0.008530335,0.782403888,0.016381939
0.927000,0.320288767,0.008528018,0.782120204,0.016355664
0.928000,0.322563501,0.008525744,0.781837847,0.016329375
0.929000,0.324846501,0.008523513,0.781556774,0.016303073
0.930000,0.327137686,0.008521320,0.781276944,0.016276757
0.931000,0.329436975,0.008519163,0.780998317,0.016250427
0.932000,0.331744289,0.008517039,0.780720850,0.016224082
0.933000,0.334059545,0.008514944,0.780444502,0.016197722
0.934000,0.336382663,0.008512876,0.780169229,0.016171347
0.935000,0.338713560,0.008510830,0.779894991,0.016144957
0.936000,0.341052154,0.008508804,0.779621744,0.016118550
0.937000,0.343398363,0.008506795,0.779349445,0.016092127
0.938000,0.345752104,0.008504799,0.779078052,0.016065688
0.939000,0.348113294,0.008502811,0.778807521,0.016039232
0.940000,0.350481849,0.008500830,0.778537809,0.016012759
0.941000,0.352857687,0.008498851,0.778268871,0.015986268
0.942000,0.355240722,0.008496871,0.778000665,0.015959759
0.943000,0.357630871,0.008494886,0.777733147,0.015933231
0.944000,0.360028049,0.008492892,0.777466271,0.015906685
0.945000,0.362432172,0.008490886,0.777199994,0.015880120
0.946000,0.364843153,0.008488863,0.776934272,0.015853536
0.947000,0.367260908,0.008486820,0.776669058,0.015826932
0.948000,0.369685352,0.008484753,0.776404309,0.015800307
0.949000,0.372116397,0.008482658,0.776139980,0.015773662
0.950000,0.374553959,0.008480531,0.775876024,0.015746996
0.951000,0.376997950,0.008478368,0.775612397,0.015720309
0.952000,0.379448285,0.008476164,0.775349054,0.015693600
0.953000,0.381904875,0.008473916,0.775085947,0.015666869
0.954000,0.384367634,0.008471620,0.774823032,0.015640115
0.955000,0.386836475,0.008469271,0.774560263,0.015613338
0.956000,0.389311310,0.008466865,0.774297593,0.015586538
0.957000,0.391792051,0.008464397,0.774034976,0.015559714
0.958000,0.394278609,0.008461864,0.773772365,0.015532866
0.959000,0.396770897,0.008459261,0.773509714,0.015505994
0.960000,0.399268827,0.008456583,0.773246977,0.015479096
0.961000,0.401772308,0.008453827,0.772984106,0.015452173
0.962000,0.404281253,0.008450987,0.772721054,0.015425224
0.963000,0.406795573,0.008448059,0.772457774,0.015398249
0.964000,0.409315177,0.008445039,0.772194220,0.015371247
0.965000,0.411839977,0.008441922,0.771930344,0.015344218
0.966000,0.414369882,0.008438703,0.771666098,0.015317162
0.967000,0.416904804,0.008435378,0.771401435,0.015290077
0.968000,0.419444650,0.008431942,0.771136307,0.015262964
0.969000,0.421989333,0.008428391,0.770870668,0.015235821
0.970000,0.424538760,0.008424719,0.770604467,0.015208650
0.971000,0.427092841,0.008420922,0.770337659,0.015181448
0.972000,0.429651487,0.008416996,0.770070195,0.015154217
0.973000,0.432214604,0.008412935,0.769802027,0.015126954
0.974000,0.434782104,0.008408734,0.769533107,0.015099660
0.975000,0.437353894,0.008404389,0.769263386,0.015072335
0.976000,0.439929883,0.008399895,0.768992817,0.015044977
0.977000,0.442509979,0.008395247,0.768721351,0.015017586
0.978000,0.445094091,0.008390440,0.768448940,0.014990163
0.979000,0.447682127,0.008385469,0.768175535,0.014962705
0.980000,0.450273995,0.008380330,0.767901088,0.014935214
0.981000,0.452869603,0.008375017,0.767625550,0.014907688
0.982000,0.455468860,0.008369525,0.767348873,0.014880126
0.983000,0.458071672,0.008363849,0.767071008,0.014852529
0.984000,0.460677947,0.008357985,0.766791906,0.014824896
0.985000,0.463287593,0.008351927,0.766511520,0.014797226
0.986000,0.465900518,0.008345670,0.766229799,0.014769519
0.987000,0.468516628,0.008339210,0.765946696,0.014741774
0.988000,0.471135830,0.008332541,0.765662161,0.014713991
0.989000,0.473758033,0.008325658,0.765376146,0.014686169
0.990000,0.476383143,0.008318556,0.765088603,0.014658308
0.991000,0.479011067,0.008311230,0.764799481,0.014630407
0.992000,0.481641713,0.008303676,0.764508733,0.014602466
0.993000,0.484274986,0.008295887,0.764216310,0.014574483
0.994000,0.486910793,0.008287859,0.763922162,0.014546459
0.995000,0.489549043,0.008279587,0.763626242,0.014518393
0.996000,0.492189640,0.008271066,0.763328500,0.014490285
0.997000,0.494832492,0.008262290,0.763028888,0.014462133
0.998000,0.497477505,0.008253255,0.762727356,0.014433937
0.999000,0.500124587,0.008243956,0.762423857,0.014405697
1.000000,0.502773642,0.008234387,0.762118341,0.014377412
1.001000,0.505424579,0.008224543,0.761810760,0.014349082
1.002000,0.508077303,0.008214420,0.761501065,0.014320705
1.003000,0.510731721,0.008204012,0.761189208,0.014292282
1.004000,0.513387740,0.008193314,0.760875140,0.014263812
1.005000,0.516045265,0.008182321,0.760558812,0.014235293
1.006000,0.518704203,0.008171029,0.760240177,0.014206726
1.007000,0.521364460,0.008159431,0.759919186,0.014178110
1.008000,0.524025944,0.008147524,0.759595790,0.014149444
1.009000,0.526688560,0.008135302,0.759269941,0.014120727
1.010000,0.529352215,0.008122760,0.758941591,0.014091959
1.011000,0.532016815,0.008109893,0.758610693,0.014063140
1.012000,0.534682266,0.008096696,0.758277197,0.014034268
1.013000,0.537348476,0.008083165,0.757941056,0.014005344
1.014000,0.540015351,0.008069294,0.757602222,0.013976365
1.015000,0.542682797,0.008055079,0.757260647,0.013947332
1.016000,0.545350721,0.008040514,0.756916284,0.013918244
1.017000,0.548019029,0.008025595,0.756569085,0.013889101
1.018000,0.550687628,0.008010316,0.756219002,0.013859901
1.019000,0.553356426,0.007994674,0.755865989,0.013830643
1.020000,0.556025328,0.007978663,0.755509997,0.013801328
1.021000,0.558694242,0.007962279,0.755150980,0.013771955
1.022000,0.561363074,0.007945516,0.754788890,0.013742522
1.023000,0.564031732,0.007928370,0.754423681,0.013713029
1.024000,0.566700123,0.007910837,0.754055305,0.013683475
1.025000,0.569368153,0.007892911,0.753683717,0.013653860
1.026000,0.572035730,0.007874589,0.753308869,0.013624183
1.027000,0.574702762,0.007855864,0.752930715,0.013594442
1.028000,0.577369155,0.007836734,0.752549209,0.013564638
1.029000,0.580034818,0.007817193,0.752164304,0.013534770
1.030000,0.582699657,0.007797237,0.751775955,0.013504836
1.031000,0.585363581,0.007776861,0.751384115,0.013474836
1.032000,0.588026498,0.007756060,0.750988739,0.013444769
1.033000,0.590688315,0.007734832,0.750589782,0.013414635
1.034000,0.593348940,0.007713170,0.750187198,0.013384432
1.035000,0.596008283,0.007691071,0.749780941,0.013354160
1.036000,0.598666250,0.007668530,0.749370968,0.013323817
1.037000,0.601322751,0.007645544,0.748957232,0.013293404
1.038000,0.603977694,0.007622108,0.748539689,0.013262919
1.039000,0.606630988,0.007598217,0.748118295,0.013232362
1.040000,0.609282541,0.007573868,0.747693005,0.013201730
1.041000,0.611932264,0.007549056,0.747263775,0.013171025
1.042000,0.614580065,0.007523778,0.746830561,0.013140244
1.043000,0.617225853,0.007498029,0.746393319,0.013109388
1.044000,0.619869538,0.007471806,0.745952006,0.013078454
1.045000,0.622511029,0.007445104,0.745506579,0.013047442
1.046000,0.625150238,0.007417920,0.745056994,0.013016352
1.047000,0.627787072,0.007390250,0.744603208,0.012985182
1.048000,0.630421444,0.007362090,0.744145179,0.012953931
1.049000,0.633053263,0.007333436,0.743682863,0.012922599
1.050000,0.635682440,0.007304284,0.743216219,0.012891184
1.051000,0.638308886,0.007274632,0.742745205,0.012859686
1.052000,0.640932512,0.007244475,0.742269779,0.012828104
1.053000,0.643553228,0.007213810,0.741789899,0.012796436
1.054000,0.646170947,0.007182633,0.741305523,0.012764682
1.055000,0.648785580,0.007150941,0.740816611,0.012732840
1.056000,0.651397039,0.007118731,0.740323122,0.012700911
1.057000,0.654005236,0.007085998,0.739825015,0.012668892
1.058000,0.656610084,0.007052741,0.739322249,0.012636782
1.059000,0.659211494,0.007018956,0.738814785,0.012604582
1.060000,0.661809380,0.006984639,0.738302582,0.012572289
1.061000,0.664403655,0.006949787,0.737785602,0.012539903
1.062000,0.666994232,0.006914398,0.737263803,0.012507422
1.063000,0.669581024,0.006878468,0.736737149,0.012474846
1.064000,0.672163945,0.006841995,0.736205599,0.012442173
1.065000,0.674742910,0.006804975,0.735669115,0.012409403
1.066000,0.677317832,0.006767406,0.735127658,0.012376534
1.067000,0.679888627,0.006729286,0.734581192,0.012343566
1.068000,0.682455208,0.006690610,0.734029677,0.012310497
1.069000,0.685017491,0.006651377,0.733473077,0.012277326
1.070000,0.687575392,0.006611585,0.732911354,0.012244052
1.071000,0.690128826,0.006571230,0.732344472,0.012210673
1.072000,0.692677708,0.006530310,0.731772394,0.012177190
1.073000,0.695221956,0.006488823,0.731195084,0.012143600
1.074000,0.697761485,0.006446766,0.730612506,0.012109903
1.075000,0.700296213,0.006404138,0.730024624,0.012076097
1.076000,0.702826057,0.006360935,0.729431402,0.012042181
1.077000,0.705350933,0.006317157,0.728832807,0.012008155
1.078000,0.707870760,0.006272800,0.728228802,0.011974016
1.079000,0.710385455,0.006227863,0.727619355,0.011939764
1.080000,0.712894938,0.006182344,0.727004430,0.011905397
1.081000,0.715399126,0.006136242,0.726383994,0.011870915
1.082000,0.717897940,0.006089553,0.725758014,0.011836316
1.083000,0.720391297,0.006042277,0.725126456,0.011801599
1.084000,0.722879117,0.005994412,0.724489288,0.011766762
1.085000,0.725361322,0.005945956,0.723846477,0.011731806
1.086000,0.727837830,0.005896908,0.723197992,0.011696727
1.087000,0.730308563,0.005847266,0.722543800,0.011661525
1.088000,0.732773442,0.005797029,0.721883871,0.011626199
1.089000,0.735232388,0.005746195,0.721218173,0.011590748
1.090000,0.737685322,0.005694764,0.720546675,0.011555170
1.091000,0.740132167,0.005642735,0.719869348,0.011519464
1.092000,0.742572846,0.005590105,0.719186161,0.011483629
1.093000,0.745007280,0.005536874,0.718497085,0.011447664
1.094000,0.747435394,0.005483042,0.717802091,0.011411566
1.095000,0.749857110,0.005428606,0.717101149,0.011375336
1.096000,0.752272354,0.005373567,0.716394232,0.011338971
1.097000,0.754681048,0.005317924,0.715681311,0.011302470
1.098000,0.757083118,0.005261675,0.714962359,0.011265833
1.099000,0.759478488,0.005204821,0.714237347,0.011229058
1.100000,0.761867085,0.005147361,0.713506250,0.011192142
1.101000,0.764248834,0.005089294,0.712769040,0.011155086
1.102000,0.766623661,0.005030620,0.712025692,0.011117888
1.103000,0.768991493,0.004971339,0.711276180,0.011080547
1.104000,0.771352257,0.004911450,0.710520478,0.011043060
1.105000,0.773705881,0.004850954,0.709758561,0.011005427
1.106000,0.776052292,0.004789850,0.708990405,0.010967647
1.107000,0.778391419,0.004728137,0.708215985,0.010929718
1.108000,0.780723190,0.004665817,0.707435278,0.010891639
1.109000,0.783047534,0.004602890,0.706648260,0.010853408
1.110000,0.785364382,0.004539355,0.705854908,0.010815025
1.111000,0.787673662,0.004475212,0.705055200,0.010776487
1.112000,0.789975306,0.004410463,0.704249114,0.010737794
1.113000,0.792269244,0.004345108,0.703436628,0.010698943
1.114000,0.794555408,0.004279146,0.702617719,0.010659935
1.115000,0.796833729,0.004212579,0.701792369,0.010620767
1.116000,0.799104140,0.004145408,0.700960556,0.010581438
1.117000,0.801366572,0.004077632,0.700122259,0.010541946
1.118000,0.803620960,0.004009254,0.699277460,0.010502291
1.119000,0.805867236,0.003940273,0.698426140,0.010462470
1.120000,0.808105335,0.003870690,0.697568278,0.010422483
1.121000,0.810335190,0.003800508,0.696703858,0.010382329
1.122000,0.812556738,0.003729726,0.695832861,0.010342005
1.123000,0.814769913,0.003658345,0.694955270,0.010301511
1.124000,0.816974651,0.003586368,0.694071067,0.010260844
1.125000,0.819170888,0.003513796,0.693180237,0.010220005
1.126000,0.821358561,0.003440629,0.692282762,0.010178990
1.127000,0.823537608,0.003366869,0.691378628,0.010137800
1.128000,0.825707965,0.003292518,0.690467819,0.010096432
1.129000,0.827869572,0.003217578,0.689550321,0.010054886
1.130000,0.830022367,0.003142049,0.688626118,0.010013160
1.131000,0.832166289,0.003065935,0.687695197,0.009971252
1.132000,0.834301277,0.002989236,0.686757546,0.009929161
1.133000,0.836427272,0.002911954,0.685813149,0.009886886
1.134000,0.838544215,0.002834092,0.684861996,0.009844426
1.135000,0.840652047,0.002755652,0.683904075,0.009801779
1.136000,0.842750708,0.002676635,0.682939372,0.009758943
1.137000,0.844840142,0.002597044,0.681967879,0.009715919
1.138000,0.846920291,0.002516880,0.680989583,0.009672703
1.139000,0.848991099,0.002436148,0.680004475,0.009629295
1.140000,0.851052508,0.002354847,0.679012545,0.009585694
1.141000,0.853104463,0.002272983,0.678013783,0.009541898
1.142000,0.855146909,0.002190555,0.677008182,0.009497906
1.143000,0.857179791,0.002107569,0.675995732,0.009453717
1.144000,0.859203054,0.002024025,0.674976426,0.009409328
1.145000,0.861216645,0.001939927,0.673950257,0.009364740
1.146000,0.863220511,0.001855277,0.672917218,0.009319951
1.147000,0.865214599,0.001770079,0.671877302,0.009274959
1.148000,0.867198856,0.001684335,0.670830503,0.009229764
1.149000,0.869173232,0.001598049,0.669776817,0.009184363
1.150000,0.871137675,0.001511223,0.668716238,0.009138756
1.151000,0.873092133,0.001423860,0.667648762,0.009092942
1.152000,0.875036559,0.001335965,0.666574384,0.009046919
1.153000,0.876970901,0.001247539,0.665493102,0.009000686
1.154000,0.878895111,0.001158587,0.664404912,0.008954242
1.155000,0.880809140,0.001069112,0.663309813,0.008907585
1.156000,0.882712941,0.000979117,0.662207801,0.008860715
1.157000,0.884606466,0.000888606,0.661098876,0.008813630
1.158000,0.886489669,0.000797583,0.659983037,0.008766329
1.159000,0.888362502,0.000706051,0.658860283,0.008718812
1.160000,0.890224921,0.000614013,0.657730614,0.008671076
1.161000,0.892076881,0.000521474,0.656594030,0.008623120
1.162000,0.893918336,0.000428438,0.655450533,0.008574945
1.163000,0.895749243,0.000334908,0.654300125,0.008526548
1.164000,0.897569559,0.000240889,0.653142807,0.008477928
1.165000,0.899379240,0.000146384,0.651978581,0.008429085
1.166000,0.901178244,0.000051398,0.650807451,0.008380017
1.167000,0.902966529,-0.000044066,0.649629421,0.008330723
1.168000,0.904744054,-0.000140002,0.648444494,0.008281202
1.169000,0.906510779,-0.000236407,0.647252675,0.008231454
1.170000,0.908266663,-0.000333277,0.646053968,0.008181477
1.171000,0.910011667,-0.000430607,0.644848381,0.008131270
1.172000,0.911745752,-0.000528392,0.643635917,0.008080833
1.173000,0.913468879,-0.000626628,0.642416585,0.008030163
1.174000,0.915181012,-0.000725311,0.641190391,0.007979262
1.175000,0.916882112,-0.000824435,0.639957344,0.007928126
1.176000,0.918572143,-0.000923996,0.638717449,0.007876757
1.177000,0.920251068,-0.001023990,0.637470718,0.007825152
1.178000,0.921918853,-0.001124412,0.636217158,0.007773311
1.179000,0.923575463,-0.001225256,0.634956780,0.007721233
1.180000,0.925220863,-0.001326518,0.633689593,0.007668918
1.181000,0.926855019,-0.001428193,0.632415608,0.007616364
1.182000,0.928477899,-0.001530276,0.631134836,0.007563570
1.183000,0.930089469,-0.001632762,0.629847289,0.007510537
1.184000,0.931689699,-0.001735645,0.628552980,0.007457263
1.185000,0.933278555,-0.001838921,0.627251920,0.007403748
1.186000,0.934856008,-0.001942585,0.625944124,0.007349990
1.187000,0.936422028,-0.002046630,0.624629605,0.007295990
1.188000,0.937976584,-0.002151052,0.623308376,0.007241746
1.189000,0.939519648,-0.002255846,0.621980454,0.007187258
1.190000,0.941051191,-0.002361006,0.620645853,0.007132526
1.191000,0.942571186,-0.002466527,0.619304589,0.007077549
1.192000,0.944079605,-0.002572402,0.617956678,0.007022326
1.193000,0.945576421,-0.002678628,0.616602137,0.006966856
1.194000,0.947061609,-0.002785197,0.615240984,0.006911140
1.195000,0.948535142,-0.002892105,0.613873236,0.006855177
1.196000,0.949996997,-0.002999345,0.612498913,0.006798966
1.197000,0.951447148,-0.003106913,0.611118031,0.006742508
1.198000,0.952885573,-0.003214802,0.609730612,0.006685801
1.199000,0.954312247,-0.003323006,0.608336675,0.006628845
1.200000,0.955727149,-0.003431521,0.606936240,0.006571640
1.201000,0.957130256,-0.003540339,0.605529329,0.006514186
1.202000,0.958521548,-0.003649455,0.604115962,0.006456483
1.203000,0.959901003,-0.003758863,0.602696162,0.006398529
1.204000,0.961268602,-0.003868557,0.601269952,0.006340326
1.205000,0.962624325,-0.003978531,0.599837354,0.006281872
1.206000,0.963968152,-0.004088779,0.598398391,0.006223168
1.207000,0.965300067,-0.004199295,0.596953089,0.006164214
1.208000,0.966620050,-0.004310073,0.595501471,0.006105009
1.209000,0.967928086,-0.004421106,0.594043562,0.006045553
1.210000,0.969224157,-0.004532389,0.592579388,0.005985847
1.211000,0.970508247,-0.004643915,0.591108975,0.005925890
1.212000,0.971780341,-0.004755678,0.589632350,0.005865683
1.213000,0.973040425,-0.004867672,0.588149539,0.005805225
1.214000,0.974288485,-0.004979891,0.586660570,0.005744517
1.215000,0.975524506,-0.005092327,0.585165472,0.005683558
1.216000,0.976748476,-0.005204975,0.583664273,0.005622349
1.217000,0.977960383,-0.005317829,0.582157001,0.005560891
1.218000,0.979160215,-0.005430882,0.580643688,0.005499182
1.219000,0.980347961,-0.005544127,0.579124362,0.005437224
1.220000,0.981523610,-0.005657558,0.577599054,0.005375018
1.221000,0.982687152,-0.005771169,0.576067795,0.005312562
1.222000,0.983838579,-0.005884953,0.574530618,0.005249858
1.223000,0.984977881,-0.005998903,0.572987554,0.005186906
1.224000,0.986105050,-0.006113014,0.571438635,0.005123707
1.225000,0.987220079,-0.006227278,0.569883895,0.005060260
1.226000,0.988322961,-0.006341689,0.568323368,0.004996567
1.227000,0.989413689,-0.006456240,0.566757087,0.004932628
1.228000,0.990492258,-0.006570925,0.565185087,0.004868444
1.229000,0.991558663,-0.006685737,0.563607404,0.004804015
1.230000,0.992612899,-0.006800669,0.562024072,0.004739341
1.231000,0.993654962,-0.006915715,0.560435128,0.004674425
1.232000,0.994684849,-0.007030867,0.558840608,0.004609265
1.233000,0.995702556,-0.007146121,0.557240549,0.004543864
1.234000,0.996708083,-0.007261467,0.555634989,0.004478222
1.235000,0.997701427,-0.007376901,0.554023967,0.004412339
1.236000,0.998682588,-0.007492414,0.552407519,0.004346217
1.237000,0.999651564,-0.007608001,0.550785686,0.004279857
1.238000,1.000608356,-0.007723655,0.549158507,0.004213259
1.239000,1.001552965,-0.007839369,0.547526021,0.004146425
1.240000,1.002485393,-0.007955135,0.545888269,0.004079356
1.241000,1.003405641,-0.008070948,0.544245292,0.004012052
1.242000,1.004313711,-0.008186801,0.542597132,0.003944514
1.243000,1.005209607,-0.008302686,0.540943830,0.003876745
1.244000,1.006093333,-0.008418597,0.539285428,0.003808745
1.245000,1.006964893,-0.008534527,0.537621969,0.003740516
1.246000,1.007824291,-0.008650470,0.535953497,0.003672058
1.247000,1.008671534,-0.008766418,0.534280054,0.003603373
1.248000,1.009506627,-0.008882364,0.532601686,0.003534462
1.249000,1.010329576,-0.008998303,0.530918437,0.003465327
1.250000,1.011140390,-0.009114227,0.529230352,0.003395969
1.251000,1.011939075,-0.009230129,0.527537476,0.003326390
1.252000,1.012725641,-0.009346003,0.525839856,0.003256591
1.253000,1.013500095,-0.009461841,0.524137538,0.003186574
1.254000,1.014262448,-0.009577638,0.522430568,0.003116340
1.255000,1.015012709,-0.009693385,0.520718995,0.003045891
1.256000,1.015750889,-0.009809077,0.519002866,0.002975229
1.257000,1.016476999,-0.009924707,0.517282228,0.002904355
1.258000,1.017191052,-0.010040267,0.515557132,0.002833271
1.259000,1.017893058,-0.010155751,0.513827626,0.002761979
1.260000,1.018583032,-0.010271153,0.512093759,0.002690481
1.261000,1.019260986,-0.010386465,0.510355582,0.002618779
1.262000,1.019926935,-0.010501681,0.508613145,0.002546874
1.263000,1.020580892,-0.010616794,0.506866499,0.002474769
1.264000,1.021222874,-0.010731798,0.505115696,0.002402465
1.265000,1.021852896,-0.010846685,0.503360786,0.002329965
1.266000,1.022470973,-0.010961449,0.501601822,0.002257270
1.267000,1.023077123,-0.011076084,0.499838857,0.002184384
1.268000,1.023671363,-0.011190582,0.498071943,0.002111307
1.269000,1.024253711,-0.011304938,0.496301135,0.002038042
1.270000,1.024824185,-0.011419144,0.494526486,0.001964592
1.271000,1.025382804,-0.011533194,0.492748050,0.001890958
1.272000,1.025929587,-0.011647081,0.490965882,0.001817144
1.273000,1.026464555,-0.011760799,0.489180037,0.001743151
1.274000,1.026987728,-0.011874341,0.487390570,0.001668982
1.275000,1.027499127,-0.011987700,0.485597538,0.001594638
1.276000,1.027998774,-0.012100871,0.483800996,0.001520124
1.277000,1.028486690,-0.012213847,0.482001002,0.001445441
1.278000,1.028962899,-0.012326621,0.480197612,0.001370592
1.279000,1.029427423,-0.012439186,0.478390883,0.001295579
1.280000,1.029880287,-0.012551537,0.476580875,0.001220405
1.281000,1.030321514,-0.012663668,0.474767645,0.001145073
1.282000,1.030751130,-0.012775570,0.472951251,0.001069585
1.283000,1.031169158,-0.012887240,0.471131753,0.000993944
1.284000,1.031575627,-0.012998669,0.469309210,0.000918154
1.285000,1.031970560,-0.013109852,0.467483682,0.000842216
1.286000,1.032353986,-0.013220783,0.465655229,0.000766134
1.287000,1.032725931,-0.013331455,0.463823912,0.000689911
1.288000,1.033086424,-0.013441862,0.461989790,0.000613549
1.289000,1.033435492,-0.013551999,0.460152927,0.000537052
1.290000,1.033773165,-0.013661858,0.458313383,0.000460422
1.291000,1.034099472,-0.013771435,0.456471220,0.000383663
1.292000,1.034414442,-0.013880722,0.454626501,0.000306777
1.293000,1.034718105,-0.013989714,0.452779289,0.000229769
1.294000,1.035010493,-0.014098405,0.450929645,0.000152640
1.295000,1.035291637,-0.014206788,0.449077635,0.000075394
1.296000,1.035561568,-0.014314859,0.447223321,-0.000001965
1.297000,1.035820319,-0.014422611,0.445366768,-0.000079434
1.298000,1.036067922,-0.014530039,0.443508039,-0.000157010
1.299000,1.036304411,-0.014637136,0.441647201,-0.000234690
1.300000,1.036529819,-0.014743896,0.439784317,-0.000312471
1.301000,1.036744180,-0.014850315,0.437919453,-0.000390348
1.302000,1.036947529,-0.014956387,0.436052676,-0.000468319
1.303000,1.037139900,-0.015062105,0.434184050,-0.000546379
1.304000,1.037321330,-0.015167464,0.432313643,-0.000624527
1.305000,1.037491854,-0.015272460,0.430441521,-0.000702757
1.306000,1.037651508,-0.015377085,0.428567752,-0.000781066
1.307000,1.037800330,-0.015481335,0.426692401,-0.000859452
1.308000,1.037938357,-0.015585205,0.424815538,-0.000937909
1.309000,1.038065626,-0.015688689,0.422937230,-0.001016435
1.310000,1.038182176,-0.015791781,0.421057544,-0.001095026
1.311000,1.038288045,-0.015894477,0.419176551,-0.001173678
1.312000,1.038383272,-0.015996771,0.417294318,-0.001252388
1.313000,1.038467898,-0.016098658,0.415410915,-0.001331151
1.314000,1.038541961,-0.016200133,0.413526410,-0.001409964
1.315000,1.038605502,-0.016301190,0.411640875,-0.001488822
1.316000,1.038658562,-0.016401826,0.409754378,-0.001567723
1.317000,1.038701182,-0.016502035,0.407866989,-0.001646662
1.318000,1.038733404,-0.016601811,0.405978780,-0.001725636
1.319000,1.038755269,-0.016701150,0.404089821,-0.001804640
1.320000,1.038766821,-0.016800048,0.402200183,-0.001883670
1.321000,1.038768101,-0.016898499,0.400309937,-0.001962723
1.322000,1.038759154,-0.016996499,0.398419155,-0.002041794
1.323000,1.038740023,-0.017094043,0.396527909,-0.002120879
1.324000,1.038710751,-0.017191126,0.394636270,-0.002199975
1.325000,1.038671384,-0.017287744,0.392744312,-0.002279078
1.326000,1.038621967,-0.017383893,0.390852105,-0.002358182
1.327000,1.038562543,-0.017479567,0.388959724,-0.002437285
1.328000,1.038493160,-0.017574763,0.387067241,-0.002516381
1.329000,1.038413862,-0.017669476,0.385174730,-0.002595467
1.330000,1.038324697,-0.017763703,0.383282263,-0.002674539
1.331000,1.038225711,-0.017857437,0.381389915,-0.002753592
1.332000,1.038116951,-0.017950677,0.379497759,-0.002832623
1.333000,1.037998465,-0.018043416,0.377605870,-0.002911626
1.334000,1.037870300,-0.018135652,0.375714321,-0.002990598
1.335000,1.037732505,-0.018227381,0.373823188,-0.003069535
1.336000,1.037585128,-0.018318597,0.371932544,-0.003148431
1.337000,1.037428218,-0.018409299,0.370042466,-0.003227284
1.338000,1.037261825,-0.018499481,0.368153028,-0.003306088
1.339000,1.037085997,-0.018589140,0.366264305,-0.003384839
1.340000,1.036900786,-0.018678272,0.364376373,-0.003463533
1.341000,1.036706240,-0.018766873,0.362489308,-0.003542166
1.342000,1.036502411,-0.018854941,0.360603185,-0.003620732
1.343000,1.036289350,-0.018942471,0.358718080,-0.003699229
1.344000,1.036067108,-0.019029461,0.356834070,-0.003777651
1.345000,1.035835737,-0.019115906,0.354951231,-0.003855994
1.346000,1.035595287,-0.019201803,0.353069640,-0.003934253
1.347000,1.035345813,-0.019287149,0.351189372,-0.004012425
1.348000,1.035087365,-0.019371941,0.349310506,-0.004090505
1.349000,1.034819998,-0.019456176,0.347433118,-0.004168487
1.350000,1.034543763,-0.019539850,0.345557286,-0.004246369
1.351000,1.034258715,-0.019622961,0.343683085,-0.004324145
1.352000,1.033964908,-0.019705505,0.341810595,-0.004401811
1.353000,1.033662395,-0.019787480,0.339939892,-0.004479363
1.354000,1.033351230,-0.019868883,0.338071055,-0.004556796
1.355000,1.033031469,-0.019949711,0.336204161,-0.004634105
1.356000,1.032703165,-0.020029962,0.334339287,-0.004711286
1.357000,1.032366375,-0.020109632,0.332476513,-0.004788336
1.358000,1.032021154,-0.020188719,0.330615916,-0.004865248
1.359000,1.031667557,-0.020267221,0.328757574,-0.004942019
1.360000,1.031305640,-0.020345135,0.326901566,-0.005018644
1.361000,1.030935460,-0.020422459,0.325047971,-0.005095120
1.362000,1.030557073,-0.020499191,0.323196867,-0.005171440
1.363000,1.030170535,-0.020575327,0.321348333,-0.005247602
1.364000,1.029775904,-0.020650867,0.319502447,-0.005323600
1.365000,1.029373238,-0.020725807,0.317659288,-0.005399430
1.366000,1.028962592,-0.020800147,0.315818935,-0.005475087
1.367000,1.028544026,-0.020873883,0.313981468,-0.005550568
1.368000,1.028117596,-0.020947014,0.312146966,-0.005625867
1.369000,1.027683362,-0.021019538,0.310315507,-0.005700981
1.370000,1.027241382,-0.021091454,0.308487170,-0.005775904
1.371000,1.026791713,-0.021162759,0.306662036,-0.005850633
1.372000,1.026334416,-0.021233452,0.304840183,-0.005925162
1.373000,1.025869548,-0.021303531,0.303021691,-0.005999489
1.374000,1.025397170,-0.021372994,0.301206639,-0.006073607
1.375000,1.024917341,-0.021441841,0.299395106,-0.006147514
1.376000,1.024430120,-0.021510070,0.297587173,-0.006221204
1.377000,1.023935567,-0.021577679,0.295782919,-0.006294673
1.378000,1.023433742,-0.021644668,0.293982423,-0.006367916
1.379000,1.022924706,-0.021711034,0.292185764,-0.006440931
1.380000,1.022408518,-0.021776777,0.290393024,-0.006513711
1.381000,1.021885240,-0.021841896,0.288604280,-0.006586253
1.382000,1.021354932,-0.021906390,0.286819613,-0.006658553
1.383000,1.020817655,-0.021970257,0.285039103,-0.006730607
1.384000,1.020273471,-0.022033497,0.283262828,-0.006802409
1.385000,1.019722440,-0.022096109,0.281490870,-0.006873957
1.386000,1.019164623,-0.022158092,0.279723306,-0.006945245
1.387000,1.018600083,-0.022219446,0.277960218,-0.007016269
1.388000,1.018028881,-0.022280170,0.276201685,-0.007087026
1.389000,1.017451080,-0.022340263,0.274447785,-0.007157511
1.390000,1.016866740,-0.022399725,0.272698600,-0.007227721
1.391000,1.016275924,-0.022458555,0.270954207,-0.007297650
1.392000,1.015678695,-0.022516754,0.269214688,-0.007367295
1.393000,1.015075115,-0.022574320,0.267480121,-0.007436652
1.394000,1.014465245,-0.022631253,0.265750586,-0.007505717
1.395000,1.013849150,-0.022687553,0.264026161,-0.007574486
1.396000,1.013226892,-0.022743221,0.262306928,-0.007642955
1.397000,1.012598533,-0.022798256,0.260592964,-0.007711120
1.398000,1.011964137,-0.022852657,0.258884349,-0.007778977
1.399000,1.011323767,-0.022906426,0.257181163,-0.007846523
1.400000,1.010677486,-0.022959561,0.255483483,-0.007913752
1.401000,1.010025357,-0.023012064,0.253791390,-0.007980662
1.402000,1.009367443,-0.023063935,0.252104962,-0.008047249
1.403000,1.008703808,-0.023115173,0.250424279,-0.008113509
1.404000,1.008034516,-0.023165780,0.248749418,-0.008179438
1.405000,1.007359630,-0.023215755,0.247080459,-0.008245033
1.406000,1.006679215,-0.023265099,0.245417480,-0.008310290
1.407000,1.005993332,-0.023313813,0.243760560,-0.008375205
1.408000,1.005302047,-0.023361897,0.242109776,-0.008439774
1.409000,1.004605424,-0.023409352,0.240465209,-0.008503995
1.410000,1.003903526,-0.023456178,0.238826934,-0.008567864
1.411000,1.003196417,-0.023502376,0.237195032,-0.008631376
1.412000,1.002484162,-0.023547948,0.235569579,-0.008694529
1.413000,1.001766824,-0.023592894,0.233950653,-0.008757320
1.414000,1.001044468,-0.023637214,0.232338332,-0.008819744
1.415000,1.000317158,-0.023680910,0.230732694,-0.008881799
1.416000,0.999584957,-0.023723983,0.229133816,-0.008943481
1.417000,0.998847931,-0.023766435,0.227541775,-0.009004788
1.418000,0.998106143,-0.023808265,0.225956648,-0.009065715
1.419000,0.997359659,-0.023849476,0.224378513,-0.009126259
1.420000,0.996608541,-0.023890068,0.222807446,-0.009186419
1.421000,0.995852854,-0.023930043,0.221243524,-0.009246189
1.422000,0.995092664,-0.023969403,0.219686823,-0.009305569
1.423000,0.994328033,-0.024008148,0.218137420,-0.009364553
1.424000,0.993559027,-0.024046280,0.216595391,-0.009423140
1.425000,0.992785709,-0.024083801,0.215060811,-0.009481327
1.426000,0.992008144,-0.024120713,0.213533757,-0.009539110
1.427000,0.991226396,-0.024157016,0.212014305,-0.009596487
1.428000,0.990440530,-0.024192712,0.210502528,-0.009653455
1.429000,0.989650609,-0.024227804,0.208998504,-0.009710012
1.430000,0.988856699,-0.024262293,0.207502306,-0.009766154
1.431000,0.988058862,-0.024296181,0.206014010,-0.009821880
1.432000,0.987257164,-0.024329469,0.204533690,-0.009877186
1.433000,0.986451668,-0.024362160,0.203061421,-0.009932070
1.434000,0.985642438,-0.024394255,0.201597277,-0.009986529
1.435000,0.984829539,-0.024425757,0.200141331,-0.010040561
1.436000,0.984013034,-0.024456668,0.198693658,-0.010094165
1.437000,0.983192988,-0.024486989,0.197254331,-0.010147336
1.438000,0.982369464,-0.024516723,0.195823423,-0.010200074
1.439000,0.981542525,-0.024545872,0.194401007,-0.010252375
1.440000,0.980712237,-0.024574439,0.192987157,-0.010304239
1.441000,0.979878661,-0.024602424,0.191581944,-0.010355661
1.442000,0.979041863,-0.024629832,0.190185441,-0.010406642
1.443000,0.978201905,-0.024656663,0.188797720,-0.010457177
1.444000,0.977358851,-0.024682922,0.187418853,-0.010507267
1.445000,0.976512764,-0.024708609,0.186048911,-0.010556908
1.446000,0.975663708,-0.024733727,0.184687966,-0.010606098
1.447000,0.974811744,-0.024758279,0.183336088,-0.010654837
1.448000,0.973956938,-0.024782268,0.181993348,-0.010703122
1.449000,0.973099351,-0.024805696,0.180659817,-0.010750952
1.450000,0.972239046,-0.024828565,0.179335565,-0.010798324
1.451000,0.971376087,-0.024850879,0.178020661,-0.010845238
1.452000,0.970510535,-0.024872640,0.176715176,-0.010891691
1.453000,0.969642453,-0.024893851,0.175419178,-0.010937683
1.454000,0.968771903,-0.024914514,0.174132736,-0.010983212
1.455000,0.967898949,-0.024934632,0.172855920,-0.011028277
1.456000,0.967023651,-0.024954208,0.171588797,-0.011072876
1.457000,0.966146072,-0.024973246,0.170331435,-0.011117008
1.458000,0.965266273,-0.024991747,0.169083903,-0.011160672
1.459000,0.964384317,-0.025009715,0.167846267,-0.011203867
1.460000,0.963500264,-0.025027153,0.166618596,-0.011246591
1.461000,0.962614177,-0.025044063,0.165400954,-0.011288844
1.462000,0.961726116,-0.025060450,0.164193410,-0.011330625
1.463000,0.960836143,-0.025076315,0.162996028,-0.011371933
1.464000,0.959944318,-0.025091662,0.161808875,-0.011412768
1.465000,0.959050703,-0.025106494,0.160632017,-0.011453127
1.466000,0.958155357,-0.025120814,0.159465517,-0.011493011
1.467000,0.957258341,-0.025134626,0.158309442,-0.011532419
1.468000,0.956359715,-0.025147931,0.157163854,-0.011571351
1.469000,0.955459540,-0.025160735,0.156028819,-0.011609805
1.470000,0.954557876,-0.025173039,0.154904400,-0.011647782
1.471000,0.953654781,-0.025184848,0.153790660,-0.011685281
1.472000,0.952750316,-0.025196164,0.152687662,-0.011722302
1.473000,0.951844539,-0.025206990,0.151595468,-0.011758844
1.474000,0.950937511,-0.025217331,0.150514142,-0.011794907
1.475000,0.950029289,-0.025227189,0.149443743,-0.011830492
1.476000,0.949119932,-0.025236568,0.148384335,-0.011865597
1.477000,0.948209499,-0.025245471,0.147335977,-0.011900223
1.478000,0.947298049,-0.025253901,0.146298731,-0.011934370
1.479000,0.946385638,-0.025261862,0.145272656,-0.011968038
1.480000,0.945472326,-0.025269358,0.144257813,-0.012001227
1.481000,0.944558169,-0.025276391,0.143254260,-0.012033938
1.482000,0.943643225,-0.025282966,0.142262057,-0.012066170
1.483000,0.942727552,-0.025289086,0.141281263,-0.012097924
1.484000,0.941811205,-0.025294754,0.140311935,-0.012129200
1.485000,0.940894242,-0.025299973,0.139354131,-0.012159999
1.486000,0.939976719,-0.025304748,0.138407909,-0.012190321
1.487000,0.939058693,-0.025309082,0.137473325,-0.012220167
1.488000,0.938140218,-0.025312978,0.136550436,-0.012249538
1.489000,0.937221352,-0.025316441,0.135639298,-0.012278433
1.490000,0.936302149,-0.025319472,0.134739967,-0.012306855
1.491000,0.935382664,-0.025322077,0.133852497,-0.012334803
1.492000,0.934462953,-0.025324259,0.132976944,-0.012362278
1.493000,0.933543070,-0.025326021,0.132113361,-0.012389282
1.494000,0.932623070,-0.025327367,0.131261803,-0.012415815
1.495000,0.931703006,-0.025328301,0.130422322,-0.012441879
1.496000,0.930782933,-0.025328826,0.129594973,-0.012467475
1.497000,0.929862903,-0.025328946,0.128779806,-0.012492603
1.498000,0.928942971,-0.025328664,0.127976875,-0.012517264
1.499000,0.928023189,-0.025327984,0.127186231,-0.012541462
1.500000,0.927103610,-0.025326911,0.126407925,-0.012565195
1.501000,0.926184287,-0.025325447,0.125642006,-0.012588467
1.502000,0.925265271,-0.025323596,0.124888527,-0.012611277
1.503000,0.924346614,-0.025321361,0.124147535,-0.012633629
1.504000,0.923428369,-0.025318748,0.123419081,-0.012655523
1.505000,0.922510585,-0.025315758,0.122703213,-0.012676961
1.506000,0.921593314,-0.025312396,0.121999979,-0.012697945
1.507000,0.920676608,-0.025308666,0.121309427,-0.012718476
1.508000,0.919760515,-0.025304571,0.120631604,-0.012738556
1.509000,0.918845086,-0.025300115,0.119966557,-0.012758187
1.510000,0.917930370,-0.025295301,0.119314331,-0.012777371
1.511000,0.917016418,-0.025290134,0.118674974,-0.012796110
1.512000,0.916103278,-0.025284616,0.118048529,-0.012814406
1.513000,0.915190998,-0.025278752,0.117435042,-0.012832261
1.514000,0.914279628,-0.025272545,0.116834556,-0.012849676
1.515000,0.913369214,-0.025265999,0.116247116,-0.012866655
1.516000,0.912459806,-0.025259118,0.115672765,-0.012883200
1.517000,0.911551450,-0.025251905,0.115111544,-0.012899311
1.518000,0.910644193,-0.025244363,0.114563497,-0.012914993
1.519000,0.909738082,-0.025236497,0.114028665,-0.012930247
1.520000,0.908833163,-0.025228310,0.113507089,-0.012945076
1.521000,0.907929483,-0.025219806,0.112998809,-0.012959482
1.522000,0.907027087,-0.025210988,0.112503866,-0.012973468
1.523000,0.906126020,-0.025201860,0.112022298,-0.012987036
1.524000,0.905226328,-0.025192425,0.111554146,-0.013000188
1.525000,0.904328054,-0.025182688,0.111099446,-0.013012929
1.526000,0.903431243,-0.025172652,0.110658238,-0.013025259
1.527000,0.902535940,-0.025162319,0.110230558,-0.013037183
1.528000,0.901642187,-0.025151695,0.109816443,-0.013048702
1.529000,0.900750027,-0.025140782,0.109415930,-0.013059821
1.530000,0.899859504,-0.025129584,0.109029053,-0.013070540
1.531000,0.898970659,-0.025118104,0.108655849,-0.013080864
1.532000,0.898083536,-0.025106346,0.108296351,-0.013090796
1.533000,0.897198174,-0.025094314,0.107950593,-0.013100338
1.534000,0.896314617,-0.025082011,0.107618610,-0.013109493
1.535000,0.895432904,-0.025069440,0.107300433,-0.013118266
1.536000,0.894553076,-0.025056605,0.106996095,-0.013126658
1.537000,0.893675173,-0.025043509,0.106705629,-0.013134673
1.538000,0.892799235,-0.025030157,0.106429064,-0.013142314
1.539000,0.891925302,-0.025016550,0.106166431,-0.013149585
1.540000,0.891053411,-0.025002693,0.105917762,-0.013156489
1.541000,0.890183603,-0.024988589,0.105683084,-0.013163029
1.542000,0.889315914,-0.024974242,0.105462426,-0.013169208
1.543000,0.888450383,-0.024959654,0.105255818,-0.013175031
1.544000,0.887587046,-0.024944829,0.105063287,-0.013180500
1.545000,0.886725942,-0.024929771,0.104884859,-0.013185619
1.546000,0.885867106,-0.024914482,0.104720562,-0.013190391
1.547000,0.885010575,-0.024898966,0.104570421,-0.013194821
1.548000,0.884156384,-0.024883227,0.104434461,-0.013198911
1.549000,0.883304569,-0.024867266,0.104312708,-0.013202666
1.550000,0.882455164,-0.024851089,0.104205185,-0.013206088
1.551000,0.881608205,-0.024834697,0.104111916,-0.013209183
1.552000,0.880763724,-0.024818095,0.104032924,-0.013211952
1.553000,0.879921756,-0.024801284,0.103968231,-0.013214401
1.554000,0.879082334,-0.024784269,0.103917859,-0.013216533
1.555000,0.878245491,-0.024767053,0.103881830,-0.013218351
1.556000,0.877411260,-0.024749638,0.103860163,-0.013219861
1.557000,0.876579671,-0.024732027,0.103852878,-0.013221064
1.558000,0.875750757,-0.024714225,0.103859996,-0.013221967
1.559000,0.874924549,-0.024696233,0.103881534,-0.013222571
1.560000,0.874101077,-0.024678055,0.103917511,-0.013222882
1.561000,0.873280372,-0.024659693,0.103967945,-0.013222903
1.562000,0.872462464,-0.024641152,0.104032851,-0.013222638
1.563000,0.871647382,-0.024622433,0.104112247,-0.013222091
1.564000,0.870835154,-0.024603539,0.104206148,-0.013221267
1.565000,0.870025810,-0.024584474,0.104314569,-0.013220169
1.566000,0.869219378,-0.024565240,0.104437525,-0.013218802
1.567000,0.868415884,-0.024545841,0.104575029,-0.013217169
1.568000,0.867615357,-0.024526278,0.104727095,-0.013215274
1.569000,0.866817823,-0.024506556,0.104893735,-0.013213123
1.570000,0.866023308,-0.024486676,0.105074960,-0.013210718
1.571000,0.865231838,-0.024466641,0.105270784,-0.013208065
1.572000,0.864443439,-0.024446454,0.105481215,-0.013205166
1.573000,0.863658136,-0.024426118,0.105706264,-0.013202028
1.574000,0.862875952,-0.024405635,0.105945941,-0.013198652
1.575000,0.862096913,-0.024385009,0.106200254,-0.013195045
1.576000,0.861321042,-0.024364241,0.106469212,-0.013191210
1.577000,0.860548361,-0.024343334,0.106752822,-0.013187151
1.578000,0.859778895,-0.024322291,0.107051091,-0.013182873
1.579000,0.859012664,-0.024301115,0.107364025,-0.013178379
1.580000,0.858249691,-0.024279807,0.107691631,-0.013173675
1.581000,0.857489996,-0.024258371,0.108033912,-0.013168764
1.582000,0.856733602,-0.024236809,0.108390874,-0.013163650
1.583000,0.855980528,-0.024215123,0.108762520,-0.013158339
1.584000,0.855230795,-0.024193315,0.109148853,-0.013152833
1.585000,0.854484421,-0.024171389,0.109549876,-0.013147138
1.586000,0.853741427,-0.024149346,0.109965591,-0.013141258
1.587000,0.853001830,-0.024127189,0.110395998,-0.013135197
1.588000,0.852265648,-0.024104920,0.110841099,-0.013128959
1.589000,0.851532900,-0.024082541,0.111300894,-0.013122549
1.590000,0.850803602,-0.024060055,0.111775381,-0.013115971
1.591000,0.850077772,-0.024037464,0.112264560,-0.013109229
1.592000,0.849355425,-0.024014770,0.112768428,-0.013102327
1.593000,0.848636577,-0.023991975,0.113286983,-0.013095270
1.594000,0.847921245,-0.023969081,0.113820221,-0.013088062
1.595000,0.847209441,-0.023946090,0.114368139,-0.013080708
1.596000,0.846501182,-0.023923006,0.114930733,-0.013073210
1.597000,0.845796481,-0.023899828,0.115507996,-0.013065575
1.598000,0.845095351,-0.023876561,0.116099924,-0.013057805
1.599000,0.844397805,-0.023853204,0.116706509,-0.013049906
1.600000,0.843703857,-0.023829762,0.117327745,-0.013041881
1.601000,0.843013517,-0.023806235,0.117963625,-0.013033735
1.602000,0.842326799,-0.023782625,0.118614139,-0.013025472
1.603000,0.841643712,-0.023758935,0.119279278,-0.013017095
1.604000,0.840964267,-0.023735165,0.119959034,-0.013008610
1.605000,0.840288476,-0.023711319,0.120653395,-0.013000020
1.606000,0.839616346,-0.023687398,0.121362351,-0.012991330
1.607000,0.838947889,-0.023663403,0.122085891,-0.012982543
1.608000,0.838283112,-0.023639337,0.122824002,-0.012973664
1.609000,0.837622023,-0.023615201,0.123576670,-0.012964696
1.610000,0.836964632,-0.023590996,0.124343884,-0.012955644
1.611000,0.836310944,-0.023566725,0.125125629,-0.012946512
1.612000,0.835660967,-0.023542389,0.125921889,-0.012937304
1.613000,0.835014708,-0.023517990,0.126732650,-0.012928024
1.614000,0.834372172,-0.023493529,0.127557896,-0.012918675
1.615000,0.833733365,-0.023469009,0.128397609,-0.012909262
1.616000,0.833098292,-0.023444429,0.129251774,-0.012899789
1.617000,0.832466958,-0.023419793,0.130120371,-0.012890259
1.618000,0.831839366,-0.023395100,0.131003382,-0.012880677
1.619000,0.831215520,-0.023370354,0.131900788,-0.012871046
1.620000,0.830595424,-0.023345556,0.132812570,-0.012861370
1.621000,0.829979080,-0.023320705,0.133738706,-0.012851652
1.622000,0.829366490,-0.023295806,0.134679176,-0.012841898
1.623000,0.828757657,-0.023270857,0.135633957,-0.012832109
1.624000,0.828152581,-0.023245861,0.136603029,-0.012822291
1.625000,0.827551263,-0.023220820,0.137586367,-0.012812446
1.626000,0.826953703,-0.023195734,0.138583948,-0.012802578
1.627000,0.826359903,-0.023170604,0.139595747,-0.012792691
1.628000,0.825769860,-0.023145433,0.140621741,-0.012782788
1.629000,0.825183574,-0.023120221,0.141661903,-0.012772873
1.630000,0.824601043,-0.023094968,0.142716208,-0.012762950
1.631000,0.824022266,-0.023069678,0.143784628,-0.012753021
1.632000,0.823447240,-0.023044350,0.144867137,-0.012743091
1.633000,0.822875963,-0.023018985,0.145963705,-0.012733161
1.634000,0.822308430,-0.022993585,0.147074306,-0.012723237
1.635000,0.821744638,-0.022968152,0.148198909,-0.012713321
1.636000,0.821184583,-0.022942684,0.149337485,-0.012703416
1.637000,0.820628260,-0.022917185,0.150490003,-0.012693525
1.638000,0.820075664,-0.022891655,0.151656432,-0.012683652
1.639000,0.819526789,-0.022866095,0.152836741,-0.012673800
1.640000,0.818981629,-0.022840505,0.154030897,-0.012663972
1.641000,0.818440178,-0.022814887,0.155238867,-0.012654170
1.642000,0.817902429,-0.022789241,0.156460618,-0.012644399
1.643000,0.817368374,-0.022763569,0.157696116,-0.012634660
1.644000,0.816838005,-0.022737872,0.158945326,-0.012624956
1.645000,0.816311314,-0.022712149,0.160208213,-0.012615291
1.646000,0.815788293,-0.022686402,0.161484740,-0.012605667
1.647000,0.815268931,-0.022660633,0.162774872,-0.012596086
1.648000,0.814753220,-0.022634840,0.164078571,-0.012586553
1.649000,0.814241148,-0.022609026,0.165395799,-0.012577068
1.650000,0.813732707,-0.022583191,0.166726518,-0.012567635
1.651000,0.813227883,-0.022557335,0.168070689,-0.012558257
1.652000,0.812726667,-0.022531460,0.169428273,-0.012548935
1.653000,0.812229046,-0.022505566,0.170799229,-0.012539672
1.654000,0.811735008,-0.022479653,0.172183518,-0.012530471
1.655000,0.811244539,-0.022453722,0.173581096,-0.012521333
1.656000,0.810757628,-0.022427775,0.174991924,-0.012512261
1.657000,0.810274260,-0.022401811,0.176415957,-0.012503258
1.658000,0.809794420,-0.022375831,0.177853154,-0.012494325
1.659000,0.809318095,-0.022349835,0.179303471,-0.012485464
1.660000,0.808845270,-0.022323825,0.180766862,-0.012476677
1.661000,0.808375929,-0.022297800,0.182243285,-0.012467967
1.662000,0.807910056,-0.022271761,0.183732693,-0.012459336
1.663000,0.807447635,-0.022245708,0.185235040,-0.012450784
1.664000,0.806988650,-0.022219643,0.186750279,-0.012442314
1.665000,0.806533083,-0.022193565,0.188278365,-0.012433928
1.666000,0.806080918,-0.022167474,0.189819249,-0.012425627
1.667000,0.805632135,-0.022141372,0.191372883,-0.012417413
1.668000,0.805186716,-0.022115259,0.192939218,-0.012409287
1.669000,0.804744644,-0.022089134,0.194518205,-0.012401251
1.670000,0.804305898,-0.022062999,0.196109795,-0.012393307
1.671000,0.803870459,-0.022036853,0.197713936,-0.012385455
1.672000,0.803438308,-0.022010697,0.199330577,-0.012377697
1.673000,0.803009423,-0.021984532,0.200959668,-0.012370034
1.674000,0.802583784,-0.021958357,0.202601156,-0.012362468
1.675000,0.802161370,-0.021932172,0.204254989,-0.012354999
1.676000,0.801742159,-0.021905979,0.205921113,-0.012347628
1.677000,0.801326129,-0.021879777,0.207599475,-0.012340357
1.678000,0.800913258,-0.021853567,0.209290020,-0.012333186
1.679000,0.800503522,-0.021827348,0.210992695,-0.012326117
1.680000,0.800096900,-0.021801121,0.212707442,-0.012319149
1.681000,0.799693366,-0.021774886,0.214434208,-0.012312284
1.682000,0.799292897,-0.021748643,0.216172934,-0.012305522
1.683000,0.798895470,-0.021722392,0.217923565,-0.012298864
1.684000,0.798501058,-0.021696135,0.219686044,-0.012292310
1.685000,0.798109637,-0.021669869,0.221460311,-0.012285861
1.686000,0.797721181,-0.021643597,0.223246309,-0.012279517
1.687000,0.797335665,-0.021617317,0.225043979,-0.012273279
1.688000,0.796953062,-0.021591030,0.226853262,-0.012267147
1.689000,0.796573345,-0.021564736,0.228674097,-0.012261120
1.690000,0.796196488,-0.021538435,0.230506424,-0.012255199
1.691000,0.795822463,-0.021512127,0.232350182,-0.012249385
1.692000,0.795451242,-0.021485812,0.234205310,-0.012243676
1.693000,0.795082798,-0.021459491,0.236071745,-0.012238074
1.694000,0.794717101,-0.021433162,0.237949426,-0.012232577
1.695000,0.794354123,-0.021406827,0.239838289,-0.012227185
1.696000,0.793993835,-0.021380485,0.241738270,-0.012221899
1.697000,0.793636207,-0.021354136,0.243649307,-0.012216717
1.698000,0.793281210,-0.021327780,0.245571335,-0.012211640
1.699000,0.792928812,-0.021301417,0.247504288,-0.012206667
1.700000,0.792578984,-0.021275047,0.249448102,-0.012201797
1.701000,0.792231694,-0.021248670,0.251402711,-0.012197030
1.702000,0.791886912,-0.021222286,0.253368048,-0.012192365
1.703000,0.791544605,-0.021195894,0.255344047,-0.012187801
1.704000,0.791204741,-0.021169496,0.257330641,-0.012183337
1.705000,0.790867289,-0.021143090,0.259327761,-0.012178973
1.706000,0.790532215,-0.021116676,0.261335340,-0.012174707
1.707000,0.790199488,-0.021090255,0.263353310,-0.012170539
1.708000,0.789869073,-0.021063826,0.265381601,-0.012166466
1.709000,0.789540936,-0.021037389,0.267420144,-0.012162489
1.710000,0.789215045,-0.021010944,0.269468869,-0.012158606
1.711000,0.788891364,-0.020984491,0.271527706,-0.012154815
1.712000,0.788569859,-0.020958029,0.273596583,-0.012151116
1.713000,0.788250496,-0.020931559,0.275675431,-0.012147506
1.714000,0.787933239,-0.020905080,0.277764177,-0.012143984
1.715000,0.787618053,-0.020878592,0.279862749,-0.012140549
1.716000,0.787304901,-0.020852096,0.281971075,-0.012137199
1.717000,0.786993749,-0.020825590,0.284089082,-0.012133932
1.718000,0.786684559,-0.020799074,0.286216696,-0.012130746
1.719000,0.786377294,-0.020772549,0.288353845,-0.012127640
1.720000,0.786071919,-0.020746014,0.290500453,-0.012124612
1.721000,0.785768395,-0.020719469,0.292656447,-0.012121659
1.722000,0.785466685,-0.020692913,0.294821752,-0.012118781
1.723000,0.785166752,-0.020666347,0.296996292,-0.012115973
1.724000,0.784868557,-0.020639770,0.299179991,-0.012113236
1.725000,0.784572062,-0.020613182,0.301372775,-0.012110565
1.726000,0.784277228,-0.020586583,0.303574565,-0.012107959
1.727000,0.783984017,-0.020559971,0.305785286,-0.012105416
1.728000,0.783692389,-0.020533349,0.308004860,-0.012102933
1.729000,0.783402305,-0.020506714,0.310233210,-0.012100508
1.730000,0.783113725,-0.020480066,0.312470258,-0.012098138
1.731000,0.782826609,-0.020453406,0.314715925,-0.012095820
1.732000,0.782540917,-0.020426733,0.316970133,-0.012093553
1.733000,0.782256609,-0.020400046,0.319232803,-0.012091332
1.734000,0.781973644,-0.020373346,0.321503855,-0.012089156
1.735000,0.781691982,-0.020346633,0.323783210,-0.012087022
1.736000,0.781411580,-0.020319905,0.326070788,-0.012084926
1.737000,0.781132397,-0.020293162,0.328366509,-0.012082866
1.738000,0.780854393,-0.020266405,0.330670291,-0.012080839
1.739000,0.780577525,-0.020239632,0.332982054,-0.012078841
1.740000,0.780301751,-0.020212844,0.335301716,-0.012076870
1.741000,0.780027028,-0.020186040,0.337629196,-0.012074923
1.742000,0.779753315,-0.020159220,0.339964411,-0.012072996
1.743000,0.779480568,-0.020132384,0.342307280,-0.012071086
1.744000,0.779208746,-0.020105531,0.344657719,-0.012069189
1.745000,0.778937803,-0.020078660,0.347015646,-0.012067303
1.746000,0.778667698,-0.020051772,0.349380977,-0.012065423
1.747000,0.778398386,-0.020024867,0.351753629,-0.012063547
1.748000,0.778129824,-0.019997943,0.354133519,-0.012061671
1.749000,0.777861968,-0.019971000,0.356520561,-0.012059790
1.750000,0.777594774,-0.019944038,0.358914671,-0.012057903
1.751000,0.777328198,-0.019917058,0.361315766,-0.012056004
1.752000,0.777062195,-0.019890057,0.363723759,-0.012054091
1.753000,0.776796720,-0.019863036,0.366138565,-0.012052159
1.754000,0.776531728,-0.019835995,0.368560100,-0.012050205
1.755000,0.776267175,-0.019808933,0.370988277,-0.012048224
1.756000,0.776003016,-0.019781850,0.373423010,-0.012046213
1.757000,0.775739204,-0.019754745,0.375864212,-0.012044168
1.758000,0.775475695,-0.019727618,0.378311798,-0.012042085
1.759000,0.775212443,-0.019700469,0.380765681,-0.012039960
1.760000,0.774949402,-0.019673296,0.383225772,-0.012037789
1.761000,0.774686526,-0.019646101,0.385691986,-0.012035568
1.762000,0.774423770,-0.019618882,0.388164235,-0.012033292
1.763000,0.774161085,-0.019591639,0.390642430,-0.012030957
1.764000,0.773898428,-0.019564371,0.393126484,-0.012028559
1.765000,0.773635750,-0.019537078,0.395616309,-0.012026095
1.766000,0.773373005,-0.019509760,0.398111815,-0.012023559
1.767000,0.773110147,-0.019482417,0.400612916,-0.012020947
1.768000,0.772847128,-0.019455047,0.403119521,-0.012018255
1.769000,0.772583902,-0.019427650,0.405631541,-0.012015478
1.770000,0.772320421,-0.019400227,0.408148888,-0.012012612
1.771000,0.772056639,-0.019372776,0.410671472,-0.012009653
1.772000,0.771792507,-0.019345297,0.413199203,-0.012006596
1.773000,0.771527978,-0.019317789,0.415731991,-0.012003436
1.774000,0.771263005,-0.019290253,0.418269747,-0.012000169
1.775000,0.770997541,-0.019262688,0.420812380,-0.011996791
1.776000,0.770731537,-0.019235092,0.423359800,-0.011993296
1.777000,0.770464945,-0.019207467,0.425911916,-0.011989680
1.778000,0.770197718,-0.019179810,0.428468637,-0.011985939
1.779000,0.769929808,-0.019152123,0.431029873,-0.011982067
1.780000,0.769661166,-0.019124404,0.433595533,-0.011978061
1.781000,0.769391745,-0.019096653,0.436165526,-0.011973914
1.782000,0.769121496,-0.019068869,0.438739760,-0.011969623
1.783000,0.768850371,-0.019041052,0.441318143,-0.011965183
1.784000,0.768578321,-0.019013202,0.443900585,-0.011960589
1.785000,0.768305299,-0.018985317,0.446486992,-0.011955836
1.786000,0.768031255,-0.018957398,0.449077275,-0.011950919
1.787000,0.767756142,-0.018929444,0.451671340,-0.011945833
1.788000,0.767479911,-0.018901454,0.454269096,-0.011940574
1.789000,0.767202512,-0.018873428,0.456870449,-0.011935137
1.790000,0.766923898,-0.018845366,0.459475309,-0.011929516
1.791000,0.766644020,-0.018817266,0.462083582,-0.011923707
1.792000,0.766362829,-0.018789129,0.464695176,-0.011917706
1.793000,0.766080277,-0.018760953,0.467309999,-0.011911506
1.794000,0.765796314,-0.018732739,0.469927957,-0.011905103
1.795000,0.765510892,-0.018704486,0.472548958,-0.011898492
1.796000,0.765223962,-0.018676193,0.475172908,-0.011891669
1.797000,0.764935476,-0.018647860,0.477799716,-0.011884627
1.798000,0.764645385,-0.018619485,0.480429287,-0.011877363
1.799000,0.764353639,-0.018591069,0.483061529,-0.011869871
1.800000,0.764060190,-0.018562612,0.485696349,-0.011862146
1.801000,0.763764990,-0.018534111,0.488333653,-0.011854184
1.802000,0.763467989,-0.018505568,0.490973348,-0.011845979
1.803000,0.763169139,-0.018476981,0.493615341,-0.011837526
1.804000,0.762868391,-0.018448350,0.496259538,-0.011828820
1.805000,0.762565696,-0.018419673,0.498905846,-0.011819857
1.806000,0.762261006,-0.018390952,0.501554172,-0.011810631
1.807000,0.761954272,-0.018362184,0.504204421,-0.011801138
1.808000,0.761645446,-0.018333369,0.506856501,-0.011791372
1.809000,0.761334478,-0.018304508,0.509510317,-0.011781328
1.810000,0.761021320,-0.018275598,0.512165777,-0.011771002
1.811000,0.760705924,-0.018246640,0.514822786,-0.011760388
1.812000,0.760388242,-0.018217633,0.517481251,-0.011749482
1.813000,0.760068224,-0.018188576,0.520141079,-0.011738279
1.814000,0.759745823,-0.018159469,0.522802176,-0.011726773
1.815000,0.759420990,-0.018130311,0.525464448,-0.011714960
1.816000,0.759093677,-0.018101101,0.528127802,-0.011702835
1.817000,0.758763837,-0.018071839,0.530792143,-0.011690393
1.818000,0.758431420,-0.018042523,0.533457380,-0.011677629
1.819000,0.758096379,-0.018013154,0.536123417,-0.011664538
1.820000,0.757758666,-0.017983731,0.538790162,-0.011651116
1.821000,0.757418233,-0.017954253,0.541457521,-0.011637358
1.822000,0.757075033,-0.017924719,0.544125401,-0.011623258
1.823000,0.756729017,-0.017895129,0.546793708,-0.011608812
1.824000,0.756380139,-0.017865481,0.549462348,-0.011594016
1.825000,0.756028350,-0.017835776,0.552131230,-0.011578863
1.826000,0.755673604,-0.017806013,0.554800258,-0.011563351
1.827000,0.755315853,-0.017776190,0.557469341,-0.011547474
1.828000,0.754955051,-0.017746307,0.560138385,-0.011531227
1.829000,0.754591149,-0.017716363,0.562807298,-0.011514606
1.830000,0.754224102,-0.017686358,0.565475985,-0.011497606
1.831000,0.753853862,-0.017656291,0.568144354,-0.011480223
1.832000,0.753480384,-0.017626161,0.570812313,-0.011462451
1.833000,0.753103619,-0.017595968,0.573479768,-0.011444287
1.834000,0.752723523,-0.017565709,0.576146628,-0.011425726
1.835000,0.752340048,-0.017535386,0.578812798,-0.011406763
1.836000,0.751953150,-0.017504996,0.581478188,-0.011387394
1.837000,0.751562781,-0.017474540,0.584142705,-0.011367614
1.838000,0.751168896,-0.017444016,0.586806256,-0.011347420
1.839000,0.750771450,-0.017413424,0.589468750,-0.011326806
1.840000,0.750370396,-0.017382762,0.592130094,-0.011305769
1.841000,0.749965691,-0.017352031,0.594790197,-0.011284304
1.842000,0.749557288,-0.017321228,0.597448966,-0.011262407
1.843000,0.749145142,-0.017290354,0.600106311,-0.011240074
1.844000,0.748729210,-0.017259407,0.602762140,-0.011217300
1.845000,0.748309445,-0.017228386,0.605416361,-0.011194082
1.846000,0.747885805,-0.017197292,0.608068883,-0.011170415
1.847000,0.747458244,-0.017166122,0.610719616,-0.011146295
1.848000,0.747026718,-0.017134876,0.613368468,-0.011121718
1.849000,0.746591185,-0.017103553,0.616015348,-0.011096681
1.850000,0.746151599,-0.017072152,0.618660167,-0.011071179
1.851000,0.745707918,-0.017040673,0.621302834,-0.011045208
1.852000,0.745260098,-0.017009113,0.623943258,-0.011018765
1.853000,0.744808097,-0.016977474,0.626581350,-0.010991846
1.854000,0.744351871,-0.016945752,0.629217020,-0.010964447
1.855000,0.743891377,-0.016913948,0.631850177,-0.010936564
1.856000,0.743426575,-0.016882061,0.634480733,-0.010908194
1.857000,0.742957420,-0.016850089,0.637108599,-0.010879333
1.858000,0.742483872,-0.016818032,0.639733684,-0.010849978
1.859000,0.742005889,-0.016785889,0.642355901,-0.010820125
1.860000,0.741523428,-0.016753658,0.644975161,-0.010789770
1.861000,0.741036450,-0.016721339,0.647591375,-0.010758910
1.862000,0.740544912,-0.016688931,0.650204455,-0.010727543
1.863000,0.740048775,-0.016656432,0.652814313,-0.010695664
1.864000,0.739547997,-0.016623842,0.655420861,-0.010663270
1.865000,0.739042538,-0.016591160,0.658024011,-0.010630358
1.866000,0.738532359,-0.016558384,0.660623677,-0.010596925
1.867000,0.738017419,-0.016525514,0.663219772,-0.010562969
1.868000,0.737497680,-0.016492548,0.665812207,-0.010528485
1.869000,0.736973101,-0.016459486,0.668400897,-0.010493470
1.870000,0.736443645,-0.016426326,0.670985756,-0.010457923
1.871000,0.735909271,-0.016393068,0.673566697,-0.010421840
1.872000,0.735369943,-0.016359710,0.676143634,-0.010385218
1.873000,0.734825621,-0.016326250,0.678716482,-0.010348055
1.874000,0.734276268,-0.016292689,0.681285156,-0.010310348
1.875000,0.733721846,-0.016259025,0.683849570,-0.010272094
1.876000,0.733162319,-0.016225257,0.686409640,-0.010233291
1.877000,0.732597649,-0.016191383,0.688965281,-0.010193935
1.878000,0.732027799,-0.016157403,0.691516409,-0.010154026
1.879000,0.731452733,-0.016123315,0.694062940,-0.010113560
1.880000,0.730872415,-0.016089118,0.696604791,-0.010072535
1.881000,0.730286809,-0.016054811,0.699141878,-0.010030949
1.882000,0.729695880,-0.016020394,0.701674118,-0.009988799
1.883000,0.729099593,-0.015985864,0.704201428,-0.009946084
1.884000,0.728497912,-0.015951220,0.706723726,-0.009902802
1.885000,0.727890804,-0.015916462,0.709240930,-0.009858950
1.886000,0.727278234,-0.015881588,0.711752958,-0.009814526
1.887000,0.726660168,-0.015846597,0.714259728,-0.009769529
1.888000,0.726036572,-0.015811488,0.716761160,-0.009723957
1.889000,0.725407414,-0.015776259,0.719257172,-0.009677808
1.890000,0.724772661,-0.015740909,0.721747684,-0.009631080
1.891000,0.724132280,-0.015705438,0.724232616,-0.009583772
1.892000,0.723486238,-0.015669843,0.726711888,-0.009535883
1.893000,0.722834505,-0.015634124,0.729185421,-0.009487410
1.894000,0.722177048,-0.015598279,0.731653135,-0.009438353
1.895000,0.721513836,-0.015562307,0.734114951,-0.009388710
1.896000,0.720844839,-0.015526207,0.736570792,-0.009338479
1.897000,0.720170026,-0.015489978,0.739020578,-0.009287661
1.898000,0.719489367,-0.015453617,0.741464233,-0.009236253
1.899000,0.718802833,-0.015417125,0.743901679,-0.009184254
1.900000,0.718110393,-0.015380499,0.746332839,-0.009131664
1.901000,0.717412019,-0.015343738,0.748757636,-0.009078481
1.902000,0.716707683,-0.015306841,0.751175994,-0.009024705
1.903000,0.715997355,-0.015269807,0.753587837,-0.008970335
1.904000,0.715281009,-0.015232635,0.755993090,-0.008915371
1.905000,0.714558617,-0.015195322,0.758391677,-0.008859811
1.906000,0.713830151,-0.015157868,0.760783524,-0.008803655
1.907000,0.713095584,-0.015120272,0.763168557,-0.008746902
1.908000,0.712354892,-0.015082531,0.765546701,-0.008689553
1.909000,0.711608047,-0.015044646,0.767917884,-0.008631607
1.910000,0.710855024,-0.015006613,0.770282031,-0.008573063
1.911000,0.710095797,-0.014968433,0.772639071,-0.008513921
1.912000,0.709330343,-0.014930103,0.774988930,-0.008454182
1.913000,0.708558636,-0.014891623,0.777331537,-0.008393844
1.914000,0.707780653,-0.014852990,0.779666821,-0.008332909
1.915000,0.706996371,-0.014814204,0.781994710,-0.008271376
1.916000,0.706205765,-0.014775263,0.784315134,-0.008209246
1.917000,0.705408813,-0.014736166,0.786628023,-0.008146518
1.918000,0.704605493,-0.014696911,0.788933306,-0.008083193
1.919000,0.703795783,-0.014657498,0.791230915,-0.008019271
1.920000,0.702979662,-0.014617924,0.793520780,-0.007954753
1.921000,0.702157108,-0.014578188,0.795802834,-0.007889640
1.922000,0.701328101,-0.014538290,0.798077007,-0.007823931
1.923000,0.700492620,-0.014498226,0.800343233,-0.007757628
1.924000,0.699650646,-0.014457997,0.802601443,-0.007690731
1.925000,0.698802159,-0.014417601,0.804851573,-0.007623241
1.926000,0.697947140,-0.014377036,0.807093554,-0.007555159
1.927000,0.697085571,-0.014336301,0.809327323,-0.007486486
1.928000,0.696217434,-0.014295395,0.811552812,-0.007417223
1.929000,0.695342711,-0.014254316,0.813769957,-0.007347371
1.930000,0.694461385,-0.014213062,0.815978695,-0.007276931
1.931000,0.693573439,-0.014171633,0.818178960,-0.007205904
1.932000,0.692678857,-0.014130028,0.820370690,-0.007134293
1.933000,0.691777622,-0.014088243,0.822553822,-0.007062097
1.934000,0.690869720,-0.014046279,0.824728292,-0.006989320
1.935000,0.689955136,-0.014004134,0.826894040,-0.006915961
1.936000,0.689033854,-0.013961807,0.829051003,-0.006842023
1.937000,0.688105862,-0.013919295,0.831199120,-0.006767508
1.938000,0.687171144,-0.013876598,0.833338331,-0.006692416
1.939000,0.686229689,-0.013833715,0.835468576,-0.006616751
1.940000,0.685281483,-0.013790644,0.837589795,-0.006540514
1.941000,0.684326515,-0.013747383,0.839701930,-0.006463707
1.942000,0.683364771,-0.013703932,0.841804920,-0.006386331
1.943000,0.682396242,-0.013660288,0.843898709,-0.006308389
1.944000,0.681420916,-0.013616451,0.845983239,-0.006229884
1.945000,0.680438783,-0.013572420,0.848058452,-0.006150817
1.946000,0.679449833,-0.013528192,0.850124293,-0.006071191
1.947000,0.678454057,-0.013483767,0.852180704,-0.005991007
1.948000,0.677451445,-0.013439142,0.854227631,-0.005910270
1.949000,0.676441989,-0.013394318,0.856265019,-0.005828980
1.950000,0.675425681,-0.013349293,0.858292812,-0.005747141
1.951000,0.674402514,-0.013304064,0.860310958,-0.005664756
1.952000,0.673372480,-0.013258632,0.862319402,-0.005581826
1.953000,0.672335574,-0.013212994,0.864318091,-0.005498355
1.954000,0.671291788,-0.013167150,0.866306974,-0.005414346
1.955000,0.670241117,-0.013121098,0.868285998,-0.005329801
1.956000,0.669183557,-0.013074836,0.870255111,-0.005244724
1.957000,0.668119102,-0.013028364,0.872214264,-0.005159118
1.958000,0.667047748,-0.012981681,0.874163405,-0.005072985
1.959000,0.665969493,-0.012934784,0.876102486,-0.004986330
1.960000,0.664884331,-0.012887674,0.878031456,-0.004899154
1.961000,0.663792262,-0.012840348,0.879950267,-0.004811463
1.962000,0.662693282,-0.012792805,0.881858871,-0.004723258
1.963000,0.661587390,-0.012745044,0.883757221,-0.004634543
1.964000,0.660474586,-0.012697065,0.885645269,-0.004545322
1.965000,0.659354867,-0.012648865,0.887522968,-0.004455599
1.966000,0.658228234,-0.012600444,0.889390274,-0.004365377
1.967000,0.657094688,-0.012551801,0.891247140,-0.004274659
1.968000,0.655954228,-0.012502934,0.893093522,-0.004183451
1.969000,0.654806857,-0.012453842,0.894929375,-0.004091754
1.970000,0.653652576,-0.012404525,0.896754656,-0.003999574
1.971000,0.652491387,-0.012354980,0.898569322,-0.003906914
1.972000,0.651323294,-0.012305208,0.900373329,-0.003813778
1.973000,0.650148299,-0.012255206,0.902166637,-0.003720170
1.974000,0.648966407,-0.012204974,0.903949202,-0.003626095
1.975000,0.647777622,-0.012154511,0.905720986,-0.003531556
1.976000,0.646581948,-0.012103816,0.907481946,-0.003436558
1.977000,0.645379391,-0.012052888,0.909232044,-0.003341105
1.978000,0.644169956,-0.012001725,0.910971241,-0.003245202
1.979000,0.642953651,-0.011950328,0.912699497,-0.003148853
1.980000,0.641730482,-0.011898694,0.914416774,-0.003052061
1.981000,0.640500456,-0.011846823,0.916123036,-0.002954833
1.982000,0.639263581,-0.011794715,0.917818245,-0.002857172
1.983000,0.638019866,-0.011742367,0.919502365,-0.002759083
1.984000,0.636769319,-0.011689780,0.921175360,-0.002660571
1.985000,0.635511951,-0.011636953,0.922837194,-0.002561640
1.986000,0.634247770,-0.011583884,0.924487835,-0.002462296
1.987000,0.632976787,-0.011530573,0.926127247,-0.002362543
1.988000,0.631699014,-0.011477019,0.927755396,-0.002262385
1.989000,0.630414461,-0.011423221,0.929372251,-0.002161829
1.990000,0.629123141,-0.011369179,0.930977779,-0.002060878
1.991000,0.627825067,-0.011314891,0.932571948,-0.001959539
1.992000,0.626520250,-0.011260358,0.934154728,-0.001857815
1.993000,0.625208706,-0.011205578,0.935726087,-0.001755713
1.994000,0.623890447,-0.011150551,0.937285996,-0.001653237
1.995000,0.622565488,-0.011095276,0.938834425,-0.001550392
1.996000,0.621233844,-0.011039753,0.940371346,-0.001447185
1.997000,0.619895532,-0.010983980,0.941896731,-0.001343620
1.998000,0.618550567,-0.010927958,0.943410552,-0.001239702
1.999000,0.617198965,-0.010871686,0.944912782,-0.001135437
2.000000,0.615840744,-0.010815163,0.946403395,-0.001030831
2.001000,0.614475922,-0.010758389,0.947882365,-0.000925888
2.002000,0.613104516,-0.010701364,0.949349667,-0.000820616
2.003000,0.611726545,-0.010644087,0.950805276,-0.000715018
2.004000,0.610342029,-0.010586557,0.952249169,-0.000609101
2.005000,0.608950987,-0.010528774,0.953681321,-0.000502870
2.006000,0.607553439,-0.010470739,0.955101711,-0.000396331
2.007000,0.606149406,-0.010412450,0.956510316,-0.000289491
2.008000,0.604738909,-0.010353907,0.957907115,-0.000182353
2.009000,0.603321971,-0.010295110,0.959292086,-0.000074926
2.010000,0.601898613,-0.010236060,0.960665210,0.000032787
2.011000,0.600468858,-0.010176755,0.962026465,0.000140779
2.012000,0.599032729,-0.010117195,0.963375834,0.000249043
2.013000,0.597590250,-0.010057381,0.964713298,0.000357574
2.014000,0.596141446,-0.009997312,0.966038838,0.000466367
2.015000,0.594686341,-0.009936988,0.967352437,0.000575414
2.016000,0.593224960,-0.009876409,0.968654079,0.000684710
2.017000,0.591757330,-0.009815576,0.969943747,0.000794249
2.018000,0.590283477,-0.009754487,0.971221426,0.000904025
2.019000,0.588803427,-0.009693144,0.972487100,0.001014031
2.020000,0.587317209,-0.009631546,0.973740756,0.001124261
2.021000,0.585824849,-0.009569694,0.974982379,0.001234710
2.022000,0.584326376,-0.009507587,0.976211957,0.001345370
2.023000,0.582821820,-0.009445226,0.977429477,0.001456237
2.024000,0.581311208,-0.009382611,0.978634926,0.001567302
2.025000,0.579794573,-0.009319742,0.979828293,0.001678561
2.026000,0.578271942,-0.009256620,0.981009569,0.001790006
2.027000,0.576743349,-0.009193244,0.982178741,0.001901632
2.028000,0.575208823,-0.009129616,0.983335802,0.002013432
2.029000,0.573668398,-0.009065735,0.984480741,0.002125399
2.030000,0.572122104,-0.009001603,0.985613551,0.002237527
2.031000,0.570569976,-0.008937219,0.986734224,0.002349810
2.032000,0.569012046,-0.008872584,0.987842752,0.002462242
2.033000,0.567448348,-0.008807699,0.988939128,0.002574815
2.034000,0.565878918,-0.008742563,0.990023348,0.002687523
2.035000,0.564303789,-0.008677179,0.991095405,0.002800360
2.036000,0.562722996,-0.008611546,0.992155295,0.002913319
2.037000,0.561136577,-0.008545665,0.993203013,0.003026394
2.038000,0.559544566,-0.008479538,0.994238556,0.003139578
2.039000,0.557947002,-0.008413163,0.995261920,0.003252865
2.040000,0.556343920,-0.008346544,0.996273104,0.003366247
2.041000,0.554735360,-0.008279679,0.997272106,0.003479719
2.042000,0.553121359,-0.008212571,0.998258923,0.003593273
2.043000,0.551501956,-0.008145220,0.999233556,0.003706903
2.044000,0.549877190,-0.008077627,1.000196005,0.003820603
2.045000,0.548247101,-0.008009792,1.001146269,0.003934366
2.046000,0.546611730,-0.007941719,1.002084351,0.004048184
2.047000,0.544971116,-0.007873406,1.003010251,0.004162052
2.048000,0.543325301,-0.007804855,1.003923972,0.004275963
2.049000,0.541674326,-0.007736068,1.004825517,0.004389910
2.050000,0.540018234,-0.007667046,1.005714889,0.004503887
2.051000,0.538357068,-0.007597790,1.006592093,0.004617886
2.052000,0.536690869,-0.007528301,1.007457132,0.004731901
2.053000,0.535019682,-0.007458580,1.008310013,0.004845925
2.054000,0.533343551,-0.007388629,1.009150740,0.004959953
2.055000,0.531662520,-0.007318450,1.009979321,0.005073976
2.056000,0.529976634,-0.007248043,1.010795761,0.005187988
2.057000,0.528285938,-0.007177410,1.011600069,0.005301984
2.058000,0.526590478,-0.007106553,1.012392253,0.005415955
2.059000,0.524890300,-0.007035474,1.013172321,0.005529895
2.060000,0.523185452,-0.006964173,1.013940282,0.005643798
2.061000,0.521475979,-0.006892653,1.014696147,0.005757657
2.062000,0.519761930,-0.006820915,1.015439925,0.005871465
2.063000,0.518043353,-0.006748961,1.016171627,0.005985215
2.064000,0.516320296,-0.006676793,1.016891265,0.006098901
2.065000,0.514592809,-0.006604412,1.017598852,0.006212517
2.066000,0.512860940,-0.006531821,1.018294398,0.006326055
2.067000,0.511124739,-0.006459021,1.018977919,0.006439509
2.068000,0.509384257,-0.006386014,1.019649427,0.006552873
2.069000,0.507639544,-0.006312803,1.020308936,0.006666139
2.070000,0.505890651,-0.006239388,1.020956462,0.006779301
2.071000,0.504137631,-0.006165773,1.021592020,0.006892353
2.072000,0.502380534,-0.006091960,1.022215626,0.007005288
2.073000,0.500619413,-0.006017949,1.022827296,0.007118099
2.074000,0.498854322,-0.005943745,1.023427047,0.007230780
2.075000,0.497085313,-0.005869348,1.024014897,0.007343324
2.076000,0.495312440,-0.005794762,1.024590864,0.007455725
2.077000,0.493535757,-0.005719988,1.025154967,0.007567977
2.078000,0.491755319,-0.005645029,1.025707225,0.007680072
2.079000,0.489971180,-0.005569887,1.026247657,0.007792004
2.080000,0.488183395,-0.005494565,1.026776284,0.007903768
2.081000,0.486392021,-0.005419065,1.027293127,0.008015356
2.082000,0.484597114,-0.005343390,1.027798206,0.008126762
2.083000,0.482798730,-0.005267541,1.028291545,0.008237979
2.084000,0.480996925,-0.005191523,1.028773165,0.008349003
2.085000,0.479191758,-0.005115337,1.029243089,0.008459825
2.086000,0.477383286,-0.005038985,1.029701340,0.008570439
2.087000,0.475571567,-0.004962472,1.030147944,0.008680841
2.088000,0.473756659,-0.004885799,1.030582923,0.008791022
2.089000,0.471938622,-0.004808970,1.031006303,0.008900977
2.090000,0.470117514,-0.004731986,1.031418110,0.009010700
2.091000,0.468293395,-0.004654852,1.031818370,0.009120185
2.092000,0.466466326,-0.004577569,1.032207109,0.009229425
2.093000,0.464636366,-0.004500141,1.032584354,0.009338414
2.094000,0.462803576,-0.004422571,1.032950133,0.009447147
2.095000,0.460968017,-0.004344862,1.033304473,0.009555617
2.096000,0.459129752,-0.004267016,1.033647404,0.009663818
2.097000,0.457288840,-0.004189038,1.033978955,0.009771743
2.098000,0.455445346,-0.004110929,1.034299154,0.009879389
2.099000,0.453599331,-0.004032694,1.034608032,0.009986747
2.100000,0.451750858,-0.003954335,1.034905620,0.010093813
2.101000,0.449899991,-0.003875856,1.035191949,0.010200580
2.102000,0.448046792,-0.003797260,1.035467049,0.010307043
2.103000,0.446191327,-0.003718550,1.035730953,0.010413196
2.104000,0.444333658,-0.003639729,1.035983694,0.010519033
2.105000,0.442473852,-0.003560802,1.036225304,0.010624548
2.106000,0.440611972,-0.003481771,1.036455817,0.010729737
2.107000,0.438748084,-0.003402639,1.036675267,0.010834592
2.108000,0.436882253,-0.003323411,1.036883687,0.010939109
2.109000,0.435014546,-0.003244090,1.037081114,0.011043282
2.110000,0.433145029,-0.003164679,1.037267581,0.011147105
2.111000,0.431273768,-0.003085182,1.037443125,0.011250574
2.112000,0.429400830,-0.003005602,1.037607782,0.011353682
2.113000,0.427526282,-0.002925944,1.037761589,0.011456424
2.114000,0.425650192,-0.002846210,1.037904583,0.011558795
2.115000,0.423772627,-0.002766405,1.038036800,0.011660790
2.116000,0.421893656,-0.002686532,1.038158280,0.011762403
2.117000,0.420013347,-0.002606595,1.038269060,0.011863629
2.118000,0.418131768,-0.002526598,1.038369180,0.011964463
2.119000,0.416248989,-0.002446545,1.038458679,0.012064900
2.120000,0.414365079,-0.002366439,1.038537596,0.012164935
2.121000,0.412480107,-0.002286285,1.038605971,0.012264562
2.122000,0.410594143,-0.002206085,1.038663846,0.012363778
2.123000,0.408707258,-0.002125845,1.038711261,0.012462576
2.124000,0.406819521,-0.002045568,1.038748258,0.012560952
2.125000,0.404931003,-0.001965259,1.038774878,0.012658902
2.126000,0.403041775,-0.001884920,1.038791163,0.012756419
2.127000,0.401151909,-0.001804557,1.038797157,0.012853501
2.128000,0.399261475,-0.001724173,1.038792902,0.012950141
2.129000,0.397370546,-0.001643772,1.038778442,0.013046336
2.130000,0.395479192,-0.001563359,1.038753821,0.013142081
2.131000,0.393587487,-0.001482937,1.038719083,0.013237371
2.132000,0.391695503,-0.001402511,1.038674272,0.013332202
2.133000,0.389803312,-0.001322085,1.038619434,0.013426569
2.134000,0.387910987,-0.001241663,1.038554613,0.013520468
2.135000,0.386018602,-0.001161249,1.038479857,0.013613896
2.136000,0.384126230,-0.001080848,1.038395211,0.013706846
2.137000,0.382233943,-0.001000464,1.038300721,0.013799316
2.138000,0.380341817,-0.000920101,1.038196434,0.013891302
2.139000,0.378449925,-0.000839763,1.038082399,0.013982798
2.140000,0.376558341,-0.000759455,1.037958662,0.014073802
2.141000,0.374667140,-0.000679181,1.037825271,0.014164309
2.142000,0.372776396,-0.000598946,1.037682275,0.014254315
2.143000,0.370886184,-0.000518753,1.037529722,0.014343816
2.144000,0.368996579,-0.000438607,1.037367663,0.014432809
2.145000,0.367107656,-0.000358513,1.037196145,0.014521290
2.146000,0.365219492,-0.000278474,1.037015219,0.014609255
2.147000,0.363332160,-0.000198497,1.036824935,0.014696701
2.148000,0.361445738,-0.000118583,1.036625344,0.014783624
2.149000,0.359560300,-0.000038739,1.036416495,0.014870020
2.150000,0.357675924,0.000041031,1.036198441,0.014955887
2.151000,0.355792686,0.000120723,1.035971233,0.015041220
2.152000,0.353910661,0.000200333,1.035734922,0.015126016
2.153000,0.352029926,0.000279855,1.035489560,0.015210273
2.154000,0.350150559,0.000359286,1.035235201,0.015293987
2.155000,0.348272636,0.000438621,1.034971896,0.015377155
2.156000,0.346396235,0.000517855,1.034699698,0.015459773
2.157000,0.344521431,0.000596984,1.034418662,0.015541839
2.158000,0.342648304,0.000676004,1.034128840,0.015623350
2.159000,0.340776930,0.000754909,1.033830286,0.015704303
2.160000,0.338907387,0.000833696,1.033523054,0.015784695
2.161000,0.337039753,0.000912359,1.033207200,0.015864523
2.162000,0.335174105,0.000990895,1.032882777,0.015943785
2.163000,0.333310522,0.001069298,1.032549841,0.016022478
2.164000,0.331449082,0.001147565,1.032208448,0.016100599
2.165000,0.329589862,0.001225690,1.031858651,0.016178147
2.166000,0.327732942,0.001303669,1.031500509,0.016255117
2.167000,0.325878400,0.001381498,1.031134075,0.016331509
2.168000,0.324026314,0.001459172,1.030759408,0.016407320
2.169000,0.322176763,0.001536686,1.030376563,0.016482547
2.170000,0.320329825,0.001614037,1.029985597,0.016557189
2.171000,0.318485580,0.001691219,1.029586568,0.016631242
2.172000,0.316644107,0.001768227,1.029179533,0.016704706
2.173000,0.314805483,0.001845058,1.028764549,0.016777578
2.174000,0.312969789,0.001921707,1.028341674,0.016849856
2.175000,0.311137104,0.001998170,1.027910967,0.016921539
2.176000,0.309307506,0.002074441,1.027472485,0.016992624
2.177000,0.307481075,0.002150516,1.027026287,0.017063110
2.178000,0.305657890,0.002226392,1.026572432,0.017132995
2.179000,0.303838031,0.002302063,1.026110978,0.017202277
2.180000,0.302021576,0.002377524,1.025641986,0.017270956
2.181000,0.300208607,0.002452773,1.025165513,0.017339028
2.182000,0.298399200,0.002527803,1.024681621,0.017406494
2.183000,0.296593438,0.002602611,1.024190368,0.017473352
2.184000,0.294791398,0.002677193,1.023691814,0.017539600
2.185000,0.292993161,0.002751543,1.023186020,0.017605237
2.186000,0.291198806,0.002825657,1.022673045,0.017670262
2.187000,0.289408413,0.002899532,1.022152951,0.017734673
2.188000,0.287622061,0.002973162,1.021625799,0.017798471
2.189000,0.285839830,0.003046544,1.021091648,0.017861653
2.190000,0.284061799,0.003119673,1.020550560,0.017924220
2.191000,0.282288049,0.003192545,1.020002596,0.017986169
2.192000,0.280518659,0.003265155,1.019447817,0.018047501
2.193000,0.278753708,0.003337499,1.018886285,0.018108214
2.194000,0.276993277,0.003409574,1.018318062,0.018168308
2.195000,0.275237444,0.003481374,1.017743210,0.018227782
2.196000,0.273486290,0.003552896,1.017161789,0.018286636
2.197000,0.271739893,0.003624136,1.016573864,0.018344870
2.198000,0.269998334,0.003695088,1.015979494,0.018402482
2.199000,0.268261692,0.003765750,1.015378744,0.018459473
2.200000,0.266530046,0.003836117,1.014771675,0.018515842
2.201000,0.264803476,0.003906185,1.014158350,0.018571589
2.202000,0.263082061,0.003975950,1.013538832,0.018626713
2.203000,0.261365880,0.004045407,1.012913184,0.018681216
2.204000,0.259655013,0.004114554,1.012281468,0.018735096
2.205000,0.257949538,0.004183386,1.011643747,0.018788354
2.206000,0.256249536,0.004251899,1.011000085,0.018840989
2.207000,0.254555085,0.004320089,1.010350545,0.018893002
2.208000,0.252866263,0.004387952,1.009695191,0.018944394
2.209000,0.251183151,0.004455485,1.009034085,0.018995163
2.210000,0.249505826,0.004522684,1.008367292,0.019045312
2.211000,0.247834367,0.004589544,1.007694874,0.019094839
2.212000,0.246168853,0.004656063,1.007016896,0.019143746
2.213000,0.244509363,0.004722236,1.006333420,0.019192033
2.214000,0.242855975,0.004788059,1.005644512,0.019239700
2.215000,0.241208767,0.004853530,1.004950235,0.019286748
2.216000,0.239567818,0.004918645,1.004250653,0.019333178
2.217000,0.237933205,0.004983399,1.003545829,0.019378990
2.218000,0.236305007,0.005047790,1.002835829,0.019424186
2.219000,0.234683301,0.005111814,1.002120715,0.019468765
2.220000,0.233068166,0.005175468,1.001400552,0.019512730
2.221000,0.231459678,0.005238748,1.000675405,0.019556080
2.222000,0.229857915,0.005301650,0.999945337,0.019598817
2.223000,0.228262955,0.005364172,0.999210412,0.019640942
2.224000,0.226674875,0.005426310,0.998470696,0.019682456
2.225000,0.225093752,0.005488061,0.997726251,0.019723360
2.226000,0.223519662,0.005549422,0.996977143,0.019763655
2.227000,0.221952683,0.005610390,0.996223436,0.019803343
2.228000,0.220392890,0.005670960,0.995465194,0.019842425
2.229000,0.218840361,0.005731132,0.994702481,0.019880902
2.230000,0.217295171,0.005790900,0.993935362,0.019918776
2.231000,0.215757397,0.005850264,0.993163901,0.019956048
2.232000,0.214227115,0.005909218,0.992388163,0.019992719
2.233000,0.212704399,0.005967761,0.991608211,0.020028792
2.234000,0.211189326,0.006025890,0.990824110,0.020064267
2.235000,0.209681971,0.006083602,0.990035924,0.020099147
2.236000,0.208182409,0.006140894,0.989243717,0.020133434
2.237000,0.206690715,0.006197764,0.988447554,0.020167128
2.238000,0.205206964,0.006254209,0.987647499,0.020200232
2.239000,0.203731229,0.006310225,0.986843616,0.020232747
2.240000,0.202263586,0.006365812,0.986035969,0.020264676
2.241000,0.200804109,0.006420966,0.985224621,0.020296020
2.242000,0.199352870,0.006475685,0.984409638,0.020326782
2.243000,0.197909944,0.006529966,0.983591083,0.020356963
2.244000,0.196475405,0.006583807,0.982769020,0.020386566
2.245000,0.195049325,0.006637206,0.981943512,0.020415592
2.246000,0.193631777,0.006690161,0.981114624,0.020444044
2.247000,0.192222834,0.006742669,0.980282419,0.020471924
2.248000,0.190822568,0.006794728,0.979446961,0.020499234
2.249000,0.189431051,0.006846337,0.978608314,0.020525977
2.250000,0.188048356,0.006897492,0.977766540,0.020552154
2.251000,0.186674554,0.006948193,0.976921703,0.020577769
2.252000,0.185309715,0.006998437,0.976073867,0.020602824
2.253000,0.183953913,0.007048223,0.975223094,0.020627320
2.254000,0.182607216,0.007097548,0.974369448,0.020651261
2.255000,0.181269697,0.007146411,0.973512992,0.020674649
2.256000,0.179941424,0.007194811,0.972653789,0.020697486
2.257000,0.178622468,0.007242745,0.971791900,0.020719776
2.258000,0.177312899,0.007290212,0.970927390,0.020741521
2.259000,0.176012786,0.007337211,0.970060321,0.020762723
2.260000,0.174722198,0.007383739,0.969190755,0.020783385
2.261000,0.173441204,0.007429797,0.968318754,0.020803510
2.262000,0.172169873,0.007475381,0.967444380,0.020823101
2.263000,0.170908272,0.007520492,0.966567696,0.020842160
2.264000,0.169656469,0.007565127,0.965688764,0.020860691
2.265000,0.168414533,0.007609287,0.964807645,0.020878695
2.266000,0.167182530,0.007652968,0.963924400,0.020896177
2.267000,0.165960527,0.007696172,0.963039092,0.020913139
2.268000,0.164748591,0.007738895,0.962151782,0.020929583
2.269000,0.163546787,0.007781139,0.961262530,0.020945514
2.270000,0.162355183,0.007822901,0.960371398,0.020960933
2.271000,0.161173843,0.007864181,0.959478447,0.020975845
2.272000,0.160002832,0.007904978,0.958583737,0.020990251
2.273000,0.158842216,0.007945292,0.957687328,0.021004155
2.274000,0.157692059,0.007985122,0.956789282,0.021017561
2.275000,0.156552425,0.008024467,0.955889658,0.021030471
2.276000,0.155423378,0.008063327,0.954988516,0.021042888
2.277000,0.154304981,0.008101701,0.954085916,0.021054816
2.278000,0.153197298,0.008139590,0.953181918,0.021066258
2.279000,0.152100390,0.008176992,0.952276581,0.021077217
2.280000,0.151014321,0.008213907,0.951369964,0.021087696
2.281000,0.149939152,0.008250336,0.950462126,0.021097699
2.282000,0.148874945,0.008286278,0.949553125,0.021107229
2.283000,0.147821761,0.008321733,0.948643022,0.021116289
2.284000,0.146779661,0.008356701,0.947731873,0.021124883
2.285000,0.145748705,0.008391182,0.946819737,0.021133013
2.286000,0.144728953,0.008425176,0.945906673,0.021140684
2.287000,0.143720464,0.008458684,0.944992737,0.021147899
2.288000,0.142723299,0.008491705,0.944077987,0.021154660
2.289000,0.141737514,0.008524240,0.943162480,0.021160972
2.290000,0.140763170,0.008556290,0.942246274,0.021166838
2.291000,0.139800324,0.008587854,0.941329426,0.021172262
2.292000,0.138849032,0.008618933,0.940411991,0.021177246
2.293000,0.137909354,0.008649528,0.939494026,0.021181794
2.294000,0.136981344,0.008679639,0.938575588,0.021185911
2.295000,0.136065059,0.008709268,0.937656731,0.021189598
2.296000,0.135160556,0.008738414,0.936737512,0.021192861
2.297000,0.134267889,0.008767078,0.935817986,0.021195702
2.298000,0.133387113,0.008795262,0.934898208,0.021198124
2.299000,0.132518283,0.008822966,0.933978232,0.021200132
2.300000,0.131661453,0.008850191,0.933058114,0.021201729
2.301000,0.130816676,0.008876939,0.932137907,0.021202919
2.302000,0.129984005,0.008903209,0.931217666,0.021203704
2.303000,0.129163494,0.008929004,0.930297444,0.021204090
2.304000,0.128355194,0.008954325,0.929377294,0.021204078
2.305000,0.127559157,0.008979173,0.928457270,0.021203673
2.306000,0.126775435,0.009003549,0.927537425,0.021202879
2.307000,0.126004077,0.009027455,0.926617811,0.021201699
2.308000,0.125245135,0.009050891,0.925698480,0.021200136
2.309000,0.124498659,0.009073861,0.924779485,0.021198195
2.310000,0.123764697,0.009096364,0.923860876,0.021195878
2.311000,0.123043298,0.009118403,0.922942707,0.021193190
2.312000,0.122334511,0.009139979,0.922025026,0.021190133
2.313000,0.121638385,0.009161095,0.921107886,0.021186713
2.314000,0.120954965,0.009181751,0.920191337,0.021182932
2.315000,0.120284300,0.009201951,0.919275429,0.021178793
2.316000,0.119626435,0.009221694,0.918360211,0.021174301
2.317000,0.118981417,0.009240985,0.917445734,0.021169459
2.318000,0.118349291,0.009259824,0.916532047,0.021164271
2.319000,0.117730102,0.009278213,0.915619197,0.021158740
2.320000,0.117123894,0.009296156,0.914707235,0.021152870
2.321000,0.116530711,0.009313653,0.913796207,0.021146665
2.322000,0.115950596,0.009330707,0.912886163,0.021140127
2.323000,0.115383594,0.009347321,0.911977149,0.021133261
2.324000,0.114829744,0.009363496,0.911069213,0.021126071
2.325000,0.114289091,0.009379236,0.910162402,0.021118559
2.326000,0.113761674,0.009394542,0.909256761,0.021110730
2.327000,0.113247535,0.009409417,0.908352339,0.021102587
2.328000,0.112746714,0.009423864,0.907449179,0.021094133
2.329000,0.112259250,0.009437885,0.906547328,0.021085373
2.330000,0.111785183,0.009451483,0.905646830,0.021076309
2.331000,0.111324551,0.009464660,0.904747731,0.021066945
2.332000,0.110877393,0.009477419,0.903850076,0.021057285
2.333000,0.110443746,0.009489763,0.902953907,0.021047332
2.334000,0.110023646,0.009501695,0.902059268,0.021037090
2.335000,0.109617131,0.009513218,0.901166204,0.021026562
2.336000,0.109224236,0.009524334,0.900274757,0.021015752
2.337000,0.108844997,0.009535046,0.899384969,0.021004663
2.338000,0.108479448,0.009545359,0.898496883,0.020993299
2.339000,0.108127624,0.009555273,0.897610541,0.020981663
2.340000,0.107789558,0.009564794,0.896725983,0.020969758
2.341000,0.107465284,0.009573923,0.895843252,0.020957588
2.342000,0.107154833,0.009582664,0.894962388,0.020945157
2.343000,0.106858238,0.009591021,0.894083430,0.020932467
2.344000,0.106575531,0.009598996,0.893206420,0.020919523
2.345000,0.106306741,0.009606593,0.892331396,0.020906327
2.346000,0.106051900,0.009613815,0.891458398,0.020892883
2.347000,0.105811037,0.009620665,0.890587464,0.020879194
2.348000,0.105584181,0.009627148,0.889718633,0.020865264
2.349000,0.105371360,0.009633265,0.888851942,0.020851095
2.350000,0.105172603,0.009639022,0.887987430,0.020836692
2.351000,0.104987937,0.009644421,0.887125133,0.020822057
2.352000,0.104817389,0.009649467,0.886265089,0.020807194
2.353000,0.104660984,0.009654162,0.885407332,0.020792105
2.354000,0.104518749,0.009658510,0.884551901,0.020776795
2.355000,0.104390709,0.009662515,0.883698829,0.020761266
2.356000,0.104276887,0.009666181,0.882848152,0.020745521
2.357000,0.104177308,0.009669511,0.881999905,0.020729564
2.358000,0.104091994,0.009672510,0.881154121,0.020713397
2.359000,0.104020969,0.009675180,0.880310836,0.020697025
2.360000,0.103964255,0.009677527,0.879470082,0.020680449
2.361000,0.103921872,0.009679553,0.878631892,0.020663674
2.362000,0.103893843,0.009681263,0.877796299,0.020646702
2.363000,0.103880186,0.009682660,0.876963335,0.020629535
2.364000,0.103880921,0.009683748,0.876133032,0.020612178
2.365000,0.103896069,0.009684532,0.875305421,0.020594633
2.366000,0.103925646,0.009685016,0.874480533,0.020576903
2.367000,0.103969670,0.009685203,0.873658399,0.020558992
2.368000,0.104028160,0.009685098,0.872839048,0.020540901
2.369000,0.104101130,0.009684704,0.872022510,0.020522634
2.370000,0.104188599,0.009684025,0.871208814,0.020504194
2.371000,0.104290579,0.009683067,0.870397990,0.020485583
2.372000,0.104407087,0.009681832,0.869590064,0.020466805
2.373000,0.104538137,0.009680326,0.868785066,0.020447862
2.374000,0.104683741,0.009678552,0.867983022,0.020428758
2.375000,0.104843913,0.009676514,0.867183960,0.020409494
2.376000,0.105018664,0.009674217,0.866387906,0.020390073
2.377000,0.105208008,0.009671664,0.865594885,0.020370499
2.378000,0.105411953,0.009668861,0.864804925,0.020350774
2.379000,0.105630512,0.009665811,0.864018049,0.020330900
2.380000,0.105863693,0.009662519,0.863234283,0.020310881
2.381000,0.106111505,0.009658988,0.862453651,0.020290719
2.382000,0.106373958,0.009655224,0.861676177,0.020270416
2.383000,0.106651058,0.009651230,0.860901883,0.020249975
2.384000,0.106942814,0.009647011,0.860130794,0.020229399
2.385000,0.107249231,0.009642571,0.859362931,0.020208689
2.386000,0.107570316,0.009637915,0.858598317,0.020187850
2.387000,0.107906074,0.009633046,0.857836973,0.020166882
2.388000,0.108256509,0.009627969,0.857078920,0.020145789
2.389000,0.108621626,0.009622689,0.856324179,0.020124572
2.390000,0.109001429,0.009617209,0.855572770,0.020103235
2.391000,0.109395919,0.009611535,0.854824712,0.020081780
2.392000,0.109805098,0.009605670,0.854080026,0.020060208
2.393000,0.110228970,0.009599619,0.853338730,0.020038523
2.394000,0.110667534,0.009593386,0.852600842,0.020016726
2.395000,0.111120790,0.009586975,0.851866380,0.019994820
2.396000,0.111588739,0.009580392,0.851135361,0.019972807
2.397000,0.112071378,0.009573639,0.850407803,0.019950689
2.398000,0.112568707,0.009566722,0.849683722,0.019928469
2.399000,0.113080724,0.009559645,0.848963134,0.019906148
2.400000,0.113607424,0.009552413,0.848246055,0.019883728
2.401000,0.114148805,0.009545029,0.847532499,0.019861212
2.402000,0.114704862,0.009537498,0.846822482,0.019838602
2.403000,0.115275591,0.009529824,0.846116017,0.019815900
2.404000,0.115860986,0.009522011,0.845413119,0.019793108
2.405000,0.116461040,0.009514065,0.844713800,0.019770227
2.406000,0.117075748,0.009505988,0.844018073,0.019747260
2.407000,0.117705101,0.009497786,0.843325951,0.019724209
2.408000,0.118349092,0.009489462,0.842637445,0.019701075
2.409000,0.119007711,0.009481022,0.841952566,0.019677861
2.410000,0.119680950,0.009472468,0.841271327,0.019654568
2.411000,0.120368798,0.009463806,0.840593736,0.019631198
2.412000,0.121071246,0.009455040,0.839919805,0.019607754
2.413000,0.121788280,0.009446173,0.839249541,0.019584235
2.414000,0.122519891,0.009437210,0.838582956,0.019560645
2.415000,0.123266064,0.009428155,0.837920056,0.019536986
2.416000,0.124026788,0.009419012,0.837260851,0.019513258
2.417000,0.124802048,0.009409786,0.836605347,0.019489463
2.418000,0.125591829,0.009400479,0.835953552,0.019465604
2.419000,0.126396117,0.009391098,0.835305473,0.019441681
2.420000,0.127214895,0.009381644,0.834661116,0.019417696
2.421000,0.128048149,0.009372124,0.834020486,0.019393652
2.422000,0.128895859,0.009362539,0.833383588,0.019369548
2.423000,0.129758010,0.009352896,0.832750429,0.019345388
2.424000,0.130634582,0.009343196,0.832121011,0.019321172
2.425000,0.131525556,0.009333445,0.831495339,0.019296902
2.426000,0.132430914,0.009323646,0.830873416,0.019272578
2.427000,0.133350635,0.009313803,0.830255245,0.019248204
2.428000,0.134284698,0.009303919,0.829640828,0.019223779
2.429000,0.135233082,0.009294000,0.829030168,0.019199306
2.430000,0.136195764,0.009284047,0.828423266,0.019174786
2.431000,0.137172722,0.009274066,0.827820122,0.019150219
2.432000,0.138163933,0.009264059,0.827220739,0.019125607
2.433000,0.139169373,0.009254031,0.826625115,0.019100952
2.434000,0.140189017,0.009243985,0.826033251,0.019076255
2.435000,0.141222839,0.009233925,0.825445145,0.019051517
2.436000,0.142270815,0.009223853,0.824860796,0.019026738
2.437000,0.143332918,0.009213775,0.824280203,0.019001921
2.438000,0.144409120,0.009203692,0.823703363,0.018977066
2.439000,0.145499393,0.009193609,0.823130274,0.018952175
2.440000,0.146603711,0.009183529,0.822560933,0.018927248
2.441000,0.147722043,0.009173455,0.821995335,0.018902287
2.442000,0.148854360,0.009163391,0.821433478,0.018877292
2.443000,0.150000632,0.009153339,0.820875356,0.018852265
2.444000,0.151160828,0.009143304,0.820320964,0.018827206
2.445000,0.152334917,0.009133287,0.819770298,0.018802117
2.446000,0.153522867,0.009123293,0.819223350,0.018776998
2.447000,0.154724645,0.009113325,0.818680116,0.018751851
2.448000,0.155940217,0.009103385,0.818140588,0.018726676
2.449000,0.157169551,0.009093476,0.817604758,0.018701474
2.450000,0.158412611,0.009083601,0.817072620,0.018676246
2.451000,0.159669363,0.009073764,0.816544165,0.018650993
2.452000,0.160939770,0.009063967,0.816019384,0.018625716
2.453000,0.162223797,0.009054212,0.815498268,0.018600415
2.454000,0.163521407,0.009044504,0.814980809,0.018575091
2.455000,0.164832562,0.009034843,0.814466995,0.018549745
2.456000,0.166157225,0.009025233,0.813956817,0.018524378
2.457000,0.167495355,0.009015677,0.813450264,0.018498990
2.458000,0.168846916,0.009006177,0.812947325,0.018473582
2.459000,0.170211865,0.008996735,0.812447987,0.018448154
2.460000,0.171590164,0.008987354,0.811952239,0.018422708
2.461000,0.172981771,0.008978036,0.811460068,0.018397244
2.462000,0.174386644,0.008968784,0.810971461,0.018371763
2.463000,0.175804741,0.008959600,0.810486405,0.018346264
2.464000,0.177236020,0.008950485,0.810004885,0.018320749
2.465000,0.178680437,0.008941443,0.809526888,0.018295219
2.466000,0.180137948,0.008932475,0.809052399,0.018269673
2.467000,0.181608509,0.008923582,0.808581402,0.018244112
2.468000,0.183092074,0.008914769,0.808113882,0.018218537
2.469000,0.184588598,0.008906035,0.807649823,0.018192948
2.470000,0.186098035,0.008897383,0.807189208,0.018167346
2.471000,0.187620338,0.008888814,0.806732020,0.018141731
2.472000,0.189155459,0.008880331,0.806278243,0.018116103
2.473000,0.190703351,0.008871935,0.805827858,0.018090464
2.474000,0.192263965,0.008863627,0.805380848,0.018064812
2.475000,0.193837252,0.008855410,0.804937193,0.018039149
2.476000,0.195423162,0.008847284,0.804496875,0.018013475
2.477000,0.197021646,0.008839251,0.804059874,0.017987790
2.478000,0.198632652,0.008831313,0.803626171,0.017962095
2.479000,0.200256129,0.008823470,0.803195745,0.017936390
2.480000,0.201892026,0.008815724,0.802768576,0.017910675
2.481000,0.203540290,0.008808075,0.802344642,0.017884951
2.482000,0.205200868,0.008800526,0.801923923,0.017859217
2.483000,0.206873707,0.008793077,0.801506396,0.017833474
2.484000,0.208558753,0.008785728,0.801092040,0.017807722
2.485000,0.210255951,0.008778482,0.800680831,0.017781962
2.486000,0.211965246,0.008771338,0.800272746,0.017756193
2.487000,0.213686583,0.008764297,0.799867763,0.017730417
2.488000,0.215419905,0.008757361,0.799465857,0.017704631
2.489000,0.217165156,0.008750529,0.799067004,0.017678839
2.490000,0.218922279,0.008743803,0.798671180,0.017653038
2.491000,0.220691216,0.008737182,0.798278359,0.017627229
2.492000,0.222471910,0.008730667,0.797888517,0.017601414
2.493000,0.224264300,0.008724259,0.797501627,0.017575590
2.494000,0.226068328,0.008717957,0.797117664,0.017549759
2.495000,0.227883935,0.008711763,0.796736600,0.017523921
2.496000,0.229711059,0.008705675,0.796358410,0.017498076
2.497000,0.231549641,0.008699695,0.795983065,0.017472224
2.498000,0.233399620,0.008693821,0.795610539,0.017446364
2.499000,0.235260932,0.008688055,0.795240803,0.017420498
2.500000,0.237133517,0.008682396,0.794873829,0.017394624
2.501000,0.239017311,0.008676843,0.794509589,0.017368743
2.502000,0.240912252,0.008671397,0.794148052,0.017342856
2.503000,0.242818275,0.008666056,0.793789191,0.017316961
2.504000,0.244735317,0.008660822,0.793432975,0.017291059
2.505000,0.246663312,0.008655692,0.793079374,0.017265150
2.506000,0.248602197,0.008650667,0.792728357,0.017239233
2.507000,0.250551904,0.008645747,0.792379895,0.017213310
2.508000,0.252512369,0.008640929,0.792033955,0.017187379
2.509000,0.254483524,0.008636214,0.791690506,0.017161440
2.510000,0.256465303,0.008631601,0.791349517,0.017135495
2.511000,0.258457638,0.008627088,0.791010955,0.017109541
2.512000,0.260460462,0.008622675,0.790674788,0.017083580
2.513000,0.262473705,0.008618361,0.790340983,0.017057611
2.514000,0.264497300,0.008614145,0.790009507,0.017031635
2.515000,0.266531177,0.008610025,0.789680326,0.017005650
2.516000,0.268575266,0.008606001,0.789353407,0.016979657
2.517000,0.270629498,0.008602070,0.789028715,0.016953656
2.518000,0.272693801,0.008598232,0.788706217,0.016927646
2.519000,0.274768105,0.008594485,0.788385877,0.016901628
2.520000,0.276852338,0.008590828,0.788067661,0.016875601
2.521000,0.278946429,0.008587259,0.787751532,0.016849565
2.522000,0.281050305,0.008583776,0.787437456,0.016823520
2.523000,0.283163894,0.008580378,0.787125397,0.016797465
2.524000,0.285287122,0.008577063,0.786815318,0.016771401
2.525000,0.287419917,0.008573829,0.786507182,0.016745327
2.526000,0.289562203,0.008570674,0.786200954,0.016719244
2.527000,0.291713908,0.008567596,0.785896595,0.016693150
2.528000,0.293874955,0.008564593,0.785594069,0.016667046
2.529000,0.296045271,0.008561663,0.785293337,0.016640931
2.530000,0.298224779,0.008558805,0.784994363,0.016614805
2.531000,0.300413404,0.008556014,0.784697107,0.016588668
2.532000,0.302611070,0.008553290,0.784401531,0.016562520
2.533000,0.304817699,0.008550630,0.784107596,0.016536360
2.534000,0.307033216,0.008548032,0.783815264,0.016510189
2.535000,0.309257542,0.008545493,0.783524495,0.016484005
2.536000,0.311490599,0.008543010,0.783235249,0.016457809
2.537000,0.313732311,0.008540581,0.782947487,0.016431600
2.538000,0.315982597,0.008538203,0.782661168,0.016405378
2.539000,0.318241380,0.008535873,0.782376253,0.016379143
2.540000,0.320508580,0.008533590,0.782092700,0.016352895
2.541000,0.322784118,0.008531349,0.781810469,0.016326633
2.542000,0.325067913,0.008529148,0.781529519,0.016300356
2.543000,0.327359886,0.008526984,0.781249809,0.016274065
2.544000,0.329659956,0.008524854,0.780971296,0.016247760
2.545000,0.331968042,0.008522755,0.780693940,0.016221439
2.546000,0.334284063,0.008520684,0.780417698,0.016195104
2.547000,0.336607937,0.008518637,0.780142529,0.016168752
2.548000,0.338939583,0.008516612,0.779868389,0.016142384
2.549000,0.341278918,0.008514605,0.779595236,0.016116001
2.550000,0.343625860,0.008512612,0.779323028,0.016089600
2.551000,0.345980326,0.008510630,0.779051721,0.016063183
2.552000,0.348342232,0.008508656,0.778781272,0.016036748
2.553000,0.350711496,0.008506687,0.778511637,0.016010295
2.554000,0.353088034,0.008504718,0.778242773,0.015983824
2.555000,0.355471762,0.008502746,0.777974637,0.015957335
2.556000,0.357862595,0.008500768,0.777707183,0.015930828
2.557000,0.360260449,0.008498779,0.777440368,0.015904301
2.558000,0.362665239,0.008496776,0.777174147,0.015877754
2.559000,0.365076880,0.008494756,0.776908477,0.015851188
2.560000,0.367495287,0.008492714,0.776643311,0.015824602
2.561000,0.369920373,0.008490646,0.776378605,0.015797994
2.562000,0.372352053,0.008488548,0.776114314,0.015771366
2.563000,0.374790241,0.008486417,0.775850393,0.015744717
2.564000,0.377234850,0.008484248,0.775586797,0.015718046
2.565000,0.379685794,0.008482038,0.775323479,0.015691352
2.566000,0.382142986,0.008479781,0.775060394,0.015664637
2.567000,0.384606337,0.008477475,0.774797495,0.015637898
2.568000,0.387075762,0.008475115,0.774534738,0.015611136
2.569000,0.389551173,0.008472696,0.774272076,0.015584350
2.570000,0.392032480,0.008470214,0.774009462,0.015557540
2.571000,0.394519598,0.008467666,0.773746850,0.015530705
2.572000,0.397012436,0.008465046,0.773484194,0.015503846
2.573000,0.399510907,0.008462350,0.773221446,0.015476961
2.574000,0.402014921,0.008459574,0.772958560,0.015450050
2.575000,0.404524391,0.008456714,0.772695489,0.015423113
2.576000,0.407039226,0.008453764,0.772432186,0.015396149
2.577000,0.409559337,0.008450720,0.772168604,0.015369158
2.578000,0.412084635,0.008447578,0.771904694,0.015342140
2.579000,0.414615030,0.008444334,0.771640411,0.015315094
2.580000,0.417150432,0.008440982,0.771375706,0.015288019
2.581000,0.419690751,0.008437518,0.771110531,0.015260916
2.582000,0.422235896,0.008433937,0.770844840,0.015233783
2.583000,0.424785778,0.008430234,0.770578584,0.015206620
2.584000,0.427340306,0.008426405,0.770311715,0.015179427
2.585000,0.429899388,0.008422446,0.770044185,0.015152204
2.586000,0.432462934,0.008418350,0.769775947,0.015124949
2.587000,0.435030853,0.008414114,0.769506952,0.015097663
2.588000,0.437603053,0.008409733,0.769237152,0.015070345
2.589000,0.440179444,0.008405201,0.768966499,0.015042994
2.590000,0.442759933,0.008400514,0.768694944,0.015015610
2.591000,0.445344429,0.008395667,0.768422440,0.014988193
2.592000,0.447932840,0.008390656,0.768148937,0.014960741
2.593000,0.450525075,0.008385474,0.767874387,0.014933255
2.594000,0.453121040,0.008380118,0.767598741,0.014905734
2.595000,0.455720645,0.008374582,0.767321952,0.014878178
2.596000,0.458323797,0.008368861,0.767043970,0.014850586
2.597000,0.460930402,0.008362950,0.766764747,0.014822957
2.598000,0.463540370,0.008356845,0.766484234,0.014795291
2.599000,0.466153607,0.008350540,0.766202382,0.014767588
2.600000,0.468770021,0.008344031,0.765919143,0.014739847
2.601000,0.471389518,0.008337312,0.765634468,0.014712067
2.602000,0.474012007,0.008330378,0.765348308,0.014684248
2.603000,0.476637394,0.008323224,0.765060614,0.014656389
2.604000,0.479265585,0.008315846,0.764771338,0.014628490
2.605000,0.481896489,0.008308237,0.764480431,0.014600551
2.606000,0.484530012,0.008300394,0.764187843,0.014572570
2.607000,0.487166060,0.008292310,0.763893527,0.014544548
2.608000,0.489804541,0.008283982,0.763597433,0.014516483
2.609000,0.492445361,0.008275403,0.763299513,0.014488375
2.610000,0.495088426,0.008266570,0.762999718,0.014460224
2.611000,0.497733644,0.008257476,0.762697998,0.014432029
2.612000,0.500380921,0.008248116,0.762394307,0.014403789
2.613000,0.503030163,0.008238487,0.762088593,0.014375504
2.614000,0.505681277,0.008228581,0.761780811,0.014347173
2.615000,0.508334170,0.008218396,0.761470909,0.014318796
2.616000,0.510988747,0.008207925,0.761158841,0.014290372
2.617000,0.513644915,0.008197163,0.760844557,0.014261900
2.618000,0.516302581,0.008186106,0.760528008,0.014233380
2.619000,0.518961651,0.008174748,0.760209148,0.014204811
2.620000,0.521622032,0.008163085,0.759887926,0.014176193
2.621000,0.524283630,0.008151111,0.759564296,0.014147524
2.622000,0.526946350,0.008138821,0.759238207,0.014118805
2.623000,0.529610101,0.008126211,0.758909614,0.014090035
2.624000,0.532274788,0.008113276,0.758578466,0.014061213
2.625000,0.534940317,0.008100010,0.758244717,0.014032338
2.626000,0.537606596,0.008086409,0.757908318,0.014003409
2.627000,0.540273530,0.008072467,0.757569222,0.013974427
2.628000,0.542941027,0.008058180,0.757227380,0.013945391
2.629000,0.545608992,0.008043543,0.756882745,0.013916298
2.630000,0.548277333,0.008028552,0.756535269,0.013887150
2.631000,0.550945956,0.008013200,0.756184906,0.013857946
2.632000,0.553614768,0.007997484,0.755831606,0.013828684
2.633000,0.556283675,0.007981399,0.755475324,0.013799363
2.634000,0.558952585,0.007964940,0.755116012,0.013769985
2.635000,0.561621405,0.007948102,0.754753623,0.013740546
2.636000,0.564290042,0.007930880,0.754388110,0.013711047
2.637000,0.566958401,0.007913271,0.754019426,0.013681488
2.638000,0.569626392,0.007895268,0.753647525,0.013651867
2.639000,0.572293921,0.007876868,0.753272360,0.013622183
2.640000,0.574960895,0.007858066,0.752893884,0.013592436
2.641000,0.577627222,0.007838857,0.752512051,0.013562625
2.642000,0.580292809,0.007819237,0.752126815,0.013532750
2.643000,0.582957564,0.007799201,0.751738131,0.013502809
2.644000,0.585621395,0.007778745,0.751345951,0.013472801
2.645000,0.588284209,0.007757865,0.750950232,0.013442727
2.646000,0.590945915,0.007736555,0.750550926,0.013412585
2.647000,0.593606421,0.007714812,0.750147989,0.013382374
2.648000,0.596265634,0.007692632,0.749741375,0.013352093
2.649000,0.598923464,0.007670010,0.749331039,0.013321743
2.650000,0.601579818,0.007646941,0.748916938,0.013291321
2.651000,0.604234605,0.007623422,0.748499024,0.013260827
2.652000,0.606887735,0.007599448,0.748077256,0.013230261
2.653000,0.609539116,0.007575015,0.747651587,0.013199620
2.654000,0.612188656,0.007550120,0.747221973,0.013168905
2.655000,0.614836266,0.007524758,0.746788372,0.013138115
2.656000,0.617481855,0.007498925,0.746350739,0.013107249
2.657000,0.620125332,0.007472617,0.745909030,0.013076305
2.658000,0.622766606,0.007445830,0.745463203,0.013045283
2.659000,0.625405589,0.007418561,0.745013214,0.013014183
2.660000,0.628042190,0.007390805,0.744559019,0.012983002
2.661000,0.630676318,0.007362559,0.744100577,0.012951741
2.662000,0.633307886,0.007333818,0.743637845,0.012920398
2.663000,0.635936803,0.007304581,0.743170781,0.012888972
2.664000,0.638562979,0.007274842,0.742699342,0.012857463
2.665000,0.641186327,0.007244598,0.742223487,0.012825869
2.666000,0.643806758,0.007213846,0.741743174,0.012794190
2.667000,0.646424182,0.007182581,0.741258362,0.012762424
2.668000,0.649038512,0.007150802,0.740769009,0.012730570
2.669000,0.651649659,0.007118504,0.740275075,0.012698629
2.670000,0.654257536,0.007085684,0.739776519,0.012666597
2.671000,0.656862055,0.007052339,0.739273301,0.012634476
2.672000,0.659463128,0.007018465,0.738765380,0.012602262
2.673000,0.662060668,0.006984060,0.738252718,0.012569957
2.674000,0.664654589,0.006949120,0.737735273,0.012537558
2.675000,0.667244803,0.006913642,0.737213007,0.012505064
2.676000,0.669831225,0.006877623,0.736685880,0.012472475
2.677000,0.672413767,0.006841061,0.736153855,0.012439789
2.678000,0.674992344,0.006803952,0.735616892,0.012407005
2.679000,0.677566871,0.006766294,0.735074953,0.012374123
2.680000,0.680137261,0.006728084,0.734527999,0.012341140
2.681000,0.682703430,0.006689320,0.733975995,0.012308057
2.682000,0.685265293,0.006649998,0.733418901,0.012274872
2.683000,0.687822765,0.006610115,0.732856681,0.012241583
2.684000,0.690375762,0.006569671,0.732289298,0.012208191
2.685000,0.692924200,0.006528662,0.731716716,0.012174692
2.686000,0.695467995,0.006487085,0.731138898,0.012141088
2.687000,0.698007063,0.006444939,0.730555808,0.012107376
2.688000,0.700541321,0.006402221,0.729967411,0.012073555
2.689000,0.703070688,0.006358929,0.729373672,0.012039624
2.690000,0.705595079,0.006315061,0.728774555,0.012005581
2.691000,0.708114413,0.006270615,0.728170025,0.011971427
2.692000,0.710628607,0.006225588,0.727560050,0.011937159
2.693000,0.713137581,0.006179980,0.726944593,0.011902777
2.694000,0.715641253,0.006133788,0.726323622,0.011868278
2.695000,0.718139541,0.006087010,0.725697104,0.011833663
2.696000,0.720632366,0.006039644,0.725065005,0.011798930
2.697000,0.723119647,0.005991690,0.724427293,0.011764077
2.698000,0.725601303,0.005943144,0.723783935,0.011729103
2.699000,0.728077256,0.005894007,0.723134899,0.011694008
2.700000,0.730547426,0.005844276,0.722480154,0.011658789
2.701000,0.733011734,0.005793950,0.721819668,0.011623446
2.702000,0.735470101,0.005743028,0.721153410,0.011587978
2.703000,0.737922449,0.005691508,0.720481350,0.011552382
2.704000,0.740368701,0.005639390,0.719803458,0.011516659
2.705000,0.742808778,0.005586672,0.719119703,0.011480806
2.706000,0.745242604,0.005533353,0.718430056,0.011444823
2.707000,0.747670102,0.005479432,0.717734487,0.011408707
2.708000,0.750091195,0.005424908,0.717032969,0.011372459
2.709000,0.752505808,0.005369781,0.716325472,0.011336076
2.710000,0.754913864,0.005314050,0.715611969,0.011299557
2.711000,0.757315289,0.005257714,0.714892432,0.011262901
2.712000,0.759710007,0.005200773,0.714166833,0.011226107
2.713000,0.762097944,0.005143226,0.713435146,0.011189173
2.714000,0.764479026,0.005085072,0.712697343,0.011152098
2.715000,0.766853179,0.005026311,0.711953400,0.011114881
2.716000,0.769220330,0.004966943,0.711203290,0.011077520
2.717000,0.771580407,0.004906968,0.710446988,0.011040014
2.718000,0.773933335,0.004846386,0.709684469,0.011002362
2.719000,0.776279044,0.004785196,0.708915708,0.010964562
2.720000,0.778617462,0.004723398,0.708140681,0.010926613
2.721000,0.780948517,0.004660992,0.707359364,0.010888514
2.722000,0.783272139,0.004597980,0.706571735,0.010850263
2.723000,0.785588257,0.004534360,0.705777769,0.010811860
2.724000,0.787896801,0.004470133,0.704977445,0.010773301
2.725000,0.790197702,0.004405300,0.704170741,0.010734588
2.726000,0.792490891,0.004339860,0.703357634,0.010695717
2.727000,0.794776298,0.004273815,0.702538104,0.010656688
2.728000,0.797053856,0.004207165,0.701712129,0.010617499
2.729000,0.799323497,0.004139910,0.700879690,0.010578148
2.730000,0.801585154,0.004072052,0.700040765,0.010538636
2.731000,0.803838759,0.004003591,0.699195336,0.010498959
2.732000,0.806084247,0.003934528,0.698343384,0.010459118
2.733000,0.808321550,0.003864864,0.697484889,0.010419109
2.734000,0.810550604,0.003794600,0.696619833,0.010378933
2.735000,0.812771344,0.003723737,0.695748199,0.010338588
2.736000,0.814983705,0.003652276,0.694869969,0.010298071
2.737000,0.817187623,0.003580219,0.693985126,0.010257383
2.738000,0.819383034,0.003507566,0.693093653,0.010216521
2.739000,0.821569874,0.003434320,0.692195535,0.010175485
2.740000,0.823748083,0.003360481,0.691290756,0.010134272
2.741000,0.825917596,0.003286051,0.690379301,0.010092882
2.742000,0.828078352,0.003211033,0.689461154,0.010051313
2.743000,0.830230290,0.003135426,0.688536302,0.010009564
2.744000,0.832373350,0.003059234,0.687604731,0.009967633
2.745000,0.834507470,0.002982458,0.686666428,0.009925520
2.746000,0.836632592,0.002905100,0.685721378,0.009883222
2.747000,0.838748655,0.002827162,0.684769571,0.009840738
2.748000,0.840855601,0.002748645,0.683810994,0.009798068
2.749000,0.842953372,0.002669553,0.682845635,0.009755209
2.750000,0.845041910,0.002589887,0.681873484,0.009712161
2.751000,0.847121157,0.002509649,0.680894530,0.009668922
2.752000,0.849191057,0.002428843,0.679908762,0.009625491
2.753000,0.851251553,0.002347469,0.678916171,0.009581866
2.754000,0.853302590,0.002265531,0.677916749,0.009538046
2.755000,0.855344112,0.002183032,0.676910485,0.009494030
2.756000,0.857376065,0.002099973,0.675897373,0.009449816
2.757000,0.859398395,0.002016357,0.674877403,0.009405404
2.758000,0.861411047,0.001932188,0.673850570,0.009360791
2.759000,0.863413968,0.001847468,0.672816865,0.009315978
2.760000,0.865407106,0.001762200,0.671776284,0.009270961
2.761000,0.867390409,0.001676387,0.670728819,0.009225741
2.762000,0.869363826,0.001590031,0.669674466,0.009180316
2.763000,0.871327304,0.001503137,0.668613220,0.009134684
2.764000,0.873280794,0.001415707,0.667545076,0.009088845
2.765000,0.875224245,0.001327744,0.666470031,0.009042796
2.766000,0.877157608,0.001239251,0.665388081,0.008996538
2.767000,0.879080834,0.001150233,0.664299223,0.008950069
2.768000,0.880993876,0.001060692,0.663203455,0.008903387
2.769000,0.882896684,0.000970632,0.662100774,0.008856491
2.770000,0.884789211,0.000880057,0.660991180,0.008809381
2.771000,0.886671412,0.000788969,0.659874672,0.008762055
2.772000,0.888543240,0.000697373,0.658751249,0.008714512
2.773000,0.890404648,0.000605273,0.657620911,0.008666750
2.774000,0.892255593,0.000512672,0.656483659,0.008618769
2.775000,0.894096029,0.000419574,0.655339493,0.008570567
2.776000,0.895925912,0.000325983,0.654188416,0.008522144
2.777000,0.897745200,0.000231903,0.653030429,0.008473499
2.778000,0.899553849,0.000137338,0.651865536,0.008424629
2.779000,0.901351817,0.000042293,0.650693738,0.008375535
2.780000,0.903139062,-0.000053230,0.649515040,0.008326215
2.781000,0.904915544,-0.000149224,0.648329446,0.008276668
2.782000,0.906681221,-0.000245687,0.647136961,0.008226893
2.783000,0.908436053,-0.000342613,0.645937588,0.008176890
2.784000,0.910180002,-0.000439999,0.644731335,0.008126656
2.785000,0.911913028,-0.000537840,0.643518207,0.008076192
2.786000,0.913635092,-0.000636131,0.642298211,0.008025496
2.787000,0.915346158,-0.000734868,0.641071354,0.007974568
2.788000,0.917046188,-0.000834046,0.639837643,0.007923406
2.789000,0.918735145,-0.000933661,0.638597087,0.007872010
2.790000,0.920412994,-0.001033707,0.637349694,0.007820378
2.791000,0.922079699,-0.001134180,0.636095474,0.007768510
2.792000,0.923735225,-0.001235075,0.634834437,0.007716405
2.793000,0.925379537,-0.001336388,0.633566592,0.007664063
2.794000,0.927012603,-0.001438113,0.632291950,0.007611482
2.795000,0.928634390,-0.001540245,0.631010522,0.007558661
2.796000,0.930244863,-0.001642779,0.629722321,0.007505601
2.797000,0.931843993,-0.001745710,0.628427357,0.007452300
2.798000,0.933431747,-0.001849033,0.627125646,0.007398757
2.799000,0.935008095,-0.001952743,0.625817198,0.007344972
2.800000,0.936573006,-0.002056834,0.624502029,0.007290945
2.801000,0.938126451,-0.002161301,0.623180152,0.007236674
2.802000,0.939668400,-0.002266139,0.621851583,0.007182158
2.803000,0.941198827,-0.002371343,0.620516337,0.007127399
2.804000,0.942717702,-0.002476906,0.619174429,0.007072394
2.805000,0.944224999,-0.002582824,0.617825876,0.007017143
2.806000,0.945720690,-0.002689091,0.616470695,0.006961647
2.807000,0.947204751,-0.002795701,0.615108903,0.006905903
2.808000,0.948677155,-0.002902649,0.613740518,0.006849913
2.809000,0.950137878,-0.003009929,0.612365559,0.006793675
2.810000,0.951586895,-0.003117535,0.610984044,0.006737188
2.811000,0.953024183,-0.003225462,0.609595994,0.006680454
2.812000,0.954449718,-0.003333704,0.608201427,0.006623471
2.813000,0.955863479,-0.003442255,0.606800364,0.006566239
2.814000,0.957265444,-0.003551108,0.605392828,0.006508757
2.815000,0.958655590,-0.003660259,0.603978838,0.006451026
2.816000,0.960033899,-0.003769702,0.602558417,0.006393045
2.817000,0.961400349,-0.003879430,0.601131587,0.006334815
2.818000,0.962754921,-0.003989437,0.599698372,0.006276334
2.819000,0.964097596,-0.004099717,0.598258795,0.006217602
2.820000,0.965428356,-0.004210264,0.596812881,0.006158620
2.821000,0.966747184,-0.004321073,0.595360653,0.006099388
2.822000,0.968054061,-0.004432136,0.593902137,0.006039905
2.823000,0.969348973,-0.004543448,0.592437358,0.005980172
2.824000,0.970631903,-0.004655003,0.590966343,0.005920188
2.825000,0.971902835,-0.004766794,0.589489118,0.005859953
2.826000,0.973161756,-0.004878815,0.588005710,0.005799468
2.827000,0.974408650,-0.004991059,0.586516147,0.005738732
2.828000,0.975643506,-0.005103521,0.585020457,0.005677747
2.829000,0.976866309,-0.005216194,0.583518669,0.005616511
2.830000,0.978077047,-0.005329072,0.582010812,0.005555025
2.831000,0.979275709,-0.005442148,0.580496915,0.005493290
2.832000,0.980462285,-0.005555416,0.578977009,0.005431306
2.833000,0.981636762,-0.005668869,0.577451124,0.005369072
2.834000,0.982799132,-0.005782501,0.575919292,0.005306590
2.835000,0.983949385,-0.005896305,0.574381543,0.005243859
2.836000,0.985087513,-0.006010275,0.572837911,0.005180881
2.837000,0.986213507,-0.006124404,0.571288428,0.005117655
2.838000,0.987327361,-0.006238686,0.569733127,0.005054182
2.839000,0.988429066,-0.006353114,0.568172041,0.004990462
2.840000,0.989518618,-0.006467682,0.566605205,0.004926497
2.841000,0.990596010,-0.006582383,0.565032654,0.004862286
2.842000,0.991661236,-0.006697209,0.563454422,0.004797831
2.843000,0.992714294,-0.006812156,0.561870546,0.004733132
2.844000,0.993755179,-0.006927215,0.560281061,0.004668189
2.845000,0.994783887,-0.007042381,0.558686003,0.004603004
2.846000,0.995800415,-0.007157646,0.557085411,0.004537577
2.847000,0.996804763,-0.007273004,0.555479321,0.004471910
2.848000,0.997796927,-0.007388448,0.553867771,0.004406002
2.849000,0.998776908,-0.007503971,0.552250801,0.004339854
2.850000,0.999744705,-0.007619567,0.550628449,0.004273469
2.851000,1.000700318,-0.007735229,0.549000754,0.004206846
2.852000,1.001643748,-0.007850950,0.547367757,0.004139987
2.853000,1.002574997,-0.007966723,0.545729498,0.004072892
2.854000,1.003494065,-0.008082542,0.544086018,0.004005564
2.855000,1.004400957,-0.008198400,0.542437358,0.003938002
2.856000,1.005295675,-0.008314290,0.540783561,0.003870209
2.857000,1.006178223,-0.008430204,0.539124668,0.003802184
2.858000,1.007048606,-0.008546138,0.537460722,0.003733930
2.859000,1.007906827,-0.008662082,0.535791767,0.003665449
2.860000,1.008752893,-0.008778032,0.534117846,0.003596740
2.861000,1.009586810,-0.008893980,0.532439004,0.003527805
2.862000,1.010408585,-0.009009918,0.530755285,0.003458647
2.863000,1.011218224,-0.009125841,0.529066734,0.003389266
2.864000,1.012015736,-0.009241742,0.527373397,0.003319664
2.865000,1.012801129,-0.009357614,0.525675320,0.003249842
2.866000,1.013574411,-0.009473449,0.523972550,0.003179802
2.867000,1.014335593,-0.009589242,0.522265133,0.003109545
2.868000,1.015084684,-0.009704985,0.520553117,0.003039074
2.869000,1.015821695,-0.009820672,0.518836549,0.002968390
2.870000,1.016546638,-0.009936295,0.517115478,0.002897494
2.871000,1.017259524,-0.010051849,0.515389953,0.002826388
2.872000,1.017960365,-0.010167326,0.513660023,0.002755075
2.873000,1.018649175,-0.010282720,0.511925737,0.002683555
2.874000,1.019325966,-0.010398023,0.510187146,0.002611832
2.875000,1.019990754,-0.010513230,0.508444299,0.002539906
2.876000,1.020643551,-0.010628333,0.506697248,0.002467780
2.877000,1.021284375,-0.010743325,0.504946045,0.002395456
2.878000,1.021913239,-0.010858201,0.503190741,0.002322935
2.879000,1.022530162,-0.010972953,0.501431387,0.002250220
2.880000,1.023135158,-0.011087574,0.499668038,0.002177314
2.881000,1.023728246,-0.011202059,0.497900745,0.002104217
2.882000,1.024309444,-0.011316400,0.496129563,0.002030933
2.883000,1.024878769,-0.011430591,0.494354545,0.001957464
2.884000,1.025436242,-0.011544625,0.492575746,0.001883812
2.885000,1.025981881,-0.011658496,0.490793219,0.001809979
2.886000,1.026515706,-0.011772196,0.489007021,0.001735967
2.887000,1.027037738,-0.011885720,0.487217207,0.001661780
2.888000,1.027547999,-0.011999061,0.485423833,0.001587419
2.889000,1.028046509,-0.012112213,0.483626954,0.001512887
2.890000,1.028533291,-0.012225169,0.481826629,0.001438186
2.891000,1.029008368,-0.012337922,0.480022913,0.001363320
2.892000,1.029471763,-0.012450466,0.478215865,0.001288290
2.893000,1.029923499,-0.012562796,0.476405543,0.001213100
2.894000,1.030363601,-0.012674903,0.474592004,0.001137751
2.895000,1.030792094,-0.012786783,0.472775307,0.001062248
2.896000,1.031209003,-0.012898428,0.470955512,0.000986592
2.897000,1.031614354,-0.013009833,0.469132677,0.000910786
2.898000,1.032008172,-0.013120991,0.467306864,0.000834833
2.899000,1.032390486,-0.013231896,0.465478131,0.000758736
2.900000,1.032761321,-0.013342541,0.463646539,0.000682498
2.901000,1.033120707,-0.013452921,0.461812150,0.000606122
2.902000,1.033468671,-0.013563030,0.459975025,0.000529611
2.903000,1.033805242,-0.013672861,0.458135225,0.000452968
2.904000,1.034130450,-0.013782408,0.456292812,0.000376196
2.905000,1.034444325,-0.013891666,0.454447849,0.000299297
2.906000,1.034746896,-0.014000628,0.452600398,0.000222276
2.907000,1.035038194,-0.014109288,0.450750523,0.000145135
2.908000,1.035318251,-0.014217640,0.448898287,0.000067878
2.909000,1.035587099,-0.014325679,0.447043754,-0.000009493
2.910000,1.035844769,-0.014433398,0.445186987,-0.000086973
2.911000,1.036091295,-0.014540792,0.443328051,-0.000164560
2.912000,1.036326710,-0.014647855,0.441467012,-0.000242251
2.913000,1.036551047,-0.014754581,0.439603934,-0.000320042
2.914000,1.036764341,-0.014860965,0.437738882,-0.000397929
2.915000,1.036966625,-0.014967001,0.435871923,-0.000475909
2.916000,1.037157936,-0.015072683,0.434003122,-0.000553979
2.917000,1.037338309,-0.015178006,0.432132547,-0.000632135
2.918000,1.037507779,-0.015282964,0.430260262,-0.000710373
2.919000,1.037666384,-0.015387551,0.428386337,-0.000788691
2.920000,1.037814159,-0.015491763,0.426510837,-0.000867084
2.921000,1.037951143,-0.015595594,0.424633831,-0.000945549
2.922000,1.038077373,-0.015699038,0.422755386,-0.001024082
2.923000,1.038192888,-0.015802090,0.420875571,-0.001102679
2.924000,1.038297725,-0.015904746,0.418994455,-0.001181337
2.925000,1.038391925,-0.016006999,0.417112106,-0.001260053
2.926000,1.038475526,-0.016108844,0.415228593,-0.001338821
2.927000,1.038548569,-0.016210277,0.413343986,-0.001417639
2.928000,1.038611094,-0.016311292,0.411458354,-0.001496502
2.929000,1.038663142,-0.016411884,0.409571767,-0.001575407
2.930000,1.038704753,-0.016512049,0.407684297,-0.001654350
2.931000,1.038735971,-0.016611782,0.405796012,-0.001733327
2.932000,1.038756836,-0.016711076,0.403906984,-0.001812334
2.933000,1.038767392,-0.016809929,0.402017284,-0.001891367
2.934000,1.038767681,-0.016908334,0.400126983,-0.001970422
2.935000,1.038757746,-0.017006288,0.398236153,-0.002049495
2.936000,1.038737632,-0.017103786,0.396344866,-0.002128582
2.937000,1.038707381,-0.017200822,0.394453193,-0.002207679
2.938000,1.038667039,-0.017297393,0.392561207,-0.002286782
2.939000,1.038616651,-0.017393493,0.390668981,-0.002365887
2.940000,1.038556262,-0.017489120,0.388776587,-0.002444989
2.941000,1.038485917,-0.017584267,0.386884098,-0.002524085
2.942000,1.038405662,-0.017678931,0.384991587,-0.002603170
2.943000,1.038315545,-0.017773107,0.383099129,-0.002682241
2.944000,1.038215611,-0.017866792,0.381206796,-0.002761292
2.945000,1.038105907,-0.017959981,0.379314663,-0.002840320
2.946000,1.037986482,-0.018052670,0.377422803,-0.002919321
2.947000,1.037857383,-0.018144855,0.375531291,-0.002998290
2.948000,1.037718659,-0.018236532,0.373640202,-0.003077223
2.949000,1.037570357,-0.018327696,0.371749610,-0.003156116
2.950000,1.037412527,-0.018418345,0.369859591,-0.003234964
2.951000,1.037245219,-0.018508475,0.367970218,-0.003313763
2.952000,1.037068481,-0.018598080,0.366081569,-0.003392509
2.953000,1.036882364,-0.018687159,0.364193717,-0.003471197
2.954000,1.036686918,-0.018775707,0.362306740,-0.003549824
2.955000,1.036482193,-0.018863721,0.360420712,-0.003628384
2.956000,1.036268241,-0.018951196,0.358535710,-0.003706874
2.957000,1.036045113,-0.019038131,0.356651810,-0.003785288
2.958000,1.035812861,-0.019124520,0.354769088,-0.003863623
2.959000,1.035571536,-0.019210362,0.352887622,-0.003941875
2.960000,1.035321191,-0.019295653,0.351007487,-0.004020038
2.961000,1.035061877,-0.019380388,0.349128760,-0.004098108
2.962000,1.034793650,-0.019464567,0.347251519,-0.004176081
2.963000,1.034516560,-0.019548184,0.345375841,-0.004253953
2.964000,1.034230662,-0.019631238,0.343501803,-0.004331718
2.965000,1.033936010,-0.019713725,0.341629483,-0.004409373
2.966000,1.033632657,-0.019795643,0.339758957,-0.004486914
2.967000,1.033320658,-0.019876988,0.337890304,-0.004564335
2.968000,1.033000067,-0.019957758,0.336023602,-0.004641632
2.969000,1.032670940,-0.020037950,0.334158928,-0.004718801
2.970000,1.032333332,-0.020117561,0.332296361,-0.004795837
2.971000,1.031987297,-0.020196590,0.330435979,-0.004872735
2.972000,1.031632893,-0.020275033,0.328577860,-0.004949493
2.973000,1.031270174,-0.020352887,0.326722082,-0.005026103
2.974000,1.030899197,-0.020430152,0.324868724,-0.005102564
2.975000,1.030520018,-0.020506823,0.323017865,-0.005178869
2.976000,1.030132695,-0.020582900,0.321169584,-0.005255015
2.977000,1.029737284,-0.020658379,0.319323958,-0.005330997
2.978000,1.029333843,-0.020733260,0.317481068,-0.005406810
2.979000,1.028922428,-0.020807538,0.315640991,-0.005482450
2.980000,1.028503098,-0.020881214,0.313803807,-0.005557914
2.981000,1.028075911,-0.020954284,0.311969596,-0.005633195
2.982000,1.027640925,-0.021026747,0.310138435,-0.005708290
2.983000,1.027198198,-0.021098601,0.308310405,-0.005783195
2.984000,1.026747789,-0.021169845,0.306485585,-0.005857904
2.985000,1.026289756,-0.021240476,0.304664054,-0.005932414
2.986000,1.025824159,-0.021310493,0.302845891,-0.006006720
2.987000,1.025351057,-0.021379895,0.301031176,-0.006080818
2.988000,1.024870510,-0.021448680,0.299219989,-0.006154704
2.989000,1.024382577,-0.021516847,0.297412408,-0.006228372
2.990000,1.023887317,-0.021584394,0.295608514,-0.006301819
2.991000,1.023384792,-0.021651320,0.293808386,-0.006375041
2.992000,1.022875061,-0.021717623,0.292012103,-0.006448033
2.993000,1.022358185,-0.021783304,0.290219746,-0.006520790
2.994000,1.021834224,-0.021848360,0.288431393,-0.006593309
2.995000,1.021303239,-0.021912791,0.286647125,-0.006665585
2.996000,1.020765291,-0.021976595,0.284867021,-0.006737614
2.997000,1.020220441,-0.022039772,0.283091161,-0.006809392
2.998000,1.019668750,-0.022102321,0.281319624,-0.006880914
2.999000,1.019110281,-0.022164242,0.279552490,-0.006952176
3.000000,1.018545093,-0.022225533,0.277789839,-0.007023175
3.001000,1.017973250,-0.022286193,0.276031750,-0.007093905
3.002000,1.017394813,-0.022346223,0.274278304,-0.007164364
3.003000,1.016809844,-0.022405622,0.272529579,-0.007234546
3.004000,1.016218405,-0.022464389,0.270785654,-0.007304448
3.005000,1.015620558,-0.022522524,0.269046611,-0.007374065
3.006000,1.015016366,-0.022580026,0.267312527,-0.007443394
3.007000,1.014405892,-0.022636896,0.265583483,-0.007512430
3.008000,1.013789198,-0.022693134,0.263859558,-0.007581170
3.009000,1.013166346,-0.022748738,0.262140830,-0.007649609
3.010000,1.012537401,-0.022803709,0.260427381,-0.007717744
3.011000,1.011902424,-0.022858047,0.258719288,-0.007785571
3.012000,1.011261479,-0.022911753,0.257016631,-0.007853086
3.013000,1.010614629,-0.022964825,0.255319489,-0.007920284
3.014000,1.009961937,-0.023017265,0.253627940,-0.007987163
3.015000,1.009303467,-0.023069072,0.251942065,-0.008053718
3.016000,1.008639282,-0.023120247,0.250261941,-0.008119946
3.017000,1.007969446,-0.023170791,0.248587648,-0.008185843
3.018000,1.007294022,-0.023220703,0.246919264,-0.008251405
3.019000,1.006613075,-0.023269984,0.245256868,-0.008316628
3.020000,1.005926667,-0.023318635,0.243600538,-0.008381509
3.021000,1.005234863,-0.023366656,0.241950353,-0.008446045
3.022000,1.004537726,-0.023414048,0.240306391,-0.008510232
3.023000,1.003835321,-0.023460811,0.238668730,-0.008574065
3.024000,1.003127711,-0.023506947,0.237037448,-0.008637543
3.025000,1.002414961,-0.023552456,0.235412623,-0.008700661
3.026000,1.001697135,-0.023597339,0.233794333,-0.008763416
3.027000,1.000974297,-0.023641598,0.232182656,-0.008825804
3.028000,1.000246510,-0.023685232,0.230577668,-0.008887823
3.029000,0.999513840,-0.023728243,0.228979449,-0.008949468
3.030000,0.998776350,-0.023770632,0.227388073,-0.009010738
3.031000,0.998034105,-0.023812400,0.225803620,-0.009071628
3.032000,0.997287170,-0.023853549,0.224226166,-0.009132135
3.033000,0.996535607,-0.023894080,0.222655787,-0.009192256
3.034000,0.995779482,-0.023933994,0.221092560,-0.009251989
3.035000,0.995018859,-0.023973292,0.219536562,-0.009311330
3.036000,0.994253802,-0.024011976,0.217987869,-0.009370276
3.037000,0.993484375,-0.024050048,0.216446558,-0.009428824
3.038000,0.992710644,-0.024087508,0.214912703,-0.009486971
3.039000,0.991932671,-0.024124358,0.213386381,-0.009544715
3.040000,0.991150522,-0.024160601,0.211867668,-0.009602052
3.041000,0.990364261,-0.024196237,0.210356639,-0.009658980
3.042000,0.989573951,-0.024231269,0.208853368,-0.009715497
3.043000,0.988779658,-0.024265698,0.207357932,-0.009771598
3.044000,0.987981445,-0.024299526,0.205870405,-0.009827283
3.045000,0.987179376,-0.024332755,0.204390861,-0.009882548
3.046000,0.986373516,-0.024365386,0.202919375,-0.009937390
3.047000,0.985563929,-0.024397423,0.201456020,-0.009991808
3.048000,0.984750678,-0.024428866,0.200000872,-0.010045799
3.049000,0.983933828,-0.024459718,0.198554003,-0.010099360
3.050000,0.983113442,-0.024489980,0.197115488,-0.010152490
3.051000,0.982289584,-0.024519656,0.195685398,-0.010205185
3.052000,0.981462319,-0.024548747,0.194263809,-0.010257444
3.053000,0.980631710,-0.024577256,0.192850791,-0.010309264
3.054000,0.979797820,-0.024605184,0.191446418,-0.010360644
3.055000,0.978960713,-0.024632534,0.190050761,-0.010411581
3.056000,0.978120453,-0.024659308,0.188663894,-0.010462073
3.057000,0.977277102,-0.024685510,0.187285888,-0.010512119
3.058000,0.976430725,-0.024711140,0.185916813,-0.010561716
3.059000,0.975581385,-0.024736202,0.184556742,-0.010610863
3.060000,0.974729144,-0.024760698,0.183205745,-0.010659557
3.061000,0.973874065,-0.024784631,0.181863894,-0.010707798
3.062000,0.973016213,-0.024808004,0.180531258,-0.010755583
3.063000,0.972155648,-0.024830818,0.179207907,-0.010802910
3.064000,0.971292435,-0.024853077,0.177893912,-0.010849779
3.065000,0.970426636,-0.024874783,0.176589342,-0.010896188
3.066000,0.969558312,-0.024895939,0.175294265,-0.010942135
3.067000,0.968687527,-0.024916548,0.174008752,-0.010987619
3.068000,0.967814343,-0.024936612,0.172732871,-0.011032638
3.069000,0.966938822,-0.024956135,0.171466690,-0.011077191
3.070000,0.966061025,-0.024975119,0.170210276,-0.011121278
3.071000,0.965181015,-0.024993567,0.168963699,-0.011164896
3.072000,0.964298854,-0.025011482,0.167727025,-0.011208045
3.073000,0.963414602,-0.025028868,0.166500320,-0.011250724
3.074000,0.962528321,-0.025045726,0.165283653,-0.011292931
3.075000,0.961640072,-0.025062061,0.164077089,-0.011334666
3.076000,0.960749917,-0.025077875,0.162880695,-0.011375928
3.077000,0.959857916,-0.025093170,0.161694535,-0.011416716
3.078000,0.958964131,-0.025107951,0.160518676,-0.011457029
3.079000,0.958068620,-0.025122221,0.159353183,-0.011496867
3.080000,0.957171446,-0.025135982,0.158198119,-0.011536229
3.081000,0.956272668,-0.025149238,0.157053550,-0.011575114
3.082000,0.955372347,-0.025161992,0.155919540,-0.011613522
3.083000,0.954470541,-0.025174247,0.154796151,-0.011651452
3.084000,0.953567311,-0.025186007,0.153683448,-0.011688904
3.085000,0.952662716,-0.025197274,0.152581493,-0.011725879
3.086000,0.951756816,-0.025208052,0.151490348,-0.011762374
3.087000,0.950849669,-0.025218345,0.150410077,-0.011798391
3.088000,0.949941335,-0.025228155,0.149340739,-0.011833928
3.089000,0.949031872,-0.025237487,0.148282397,-0.011868987
3.090000,0.948121338,-0.025246343,0.147235112,-0.011903566
3.091000,0.947209792,-0.025254727,0.146198944,-0.011937667
3.092000,0.946297292,-0.025262642,0.145173954,-0.011971288
3.093000,0.945383895,-0.025270092,0.144160201,-0.012004431
3.094000,0.944469660,-0.025277079,0.143157744,-0.012037094
3.095000,0.943554643,-0.025283609,0.142166643,-0.012069280
3.096000,0.942638902,-0.025289684,0.141186955,-0.012100987
3.097000,0.941722493,-0.025295307,0.140218740,-0.012132217
3.098000,0.940805473,-0.025300483,0.139262054,-0.012162970
3.099000,0.939887899,-0.025305214,0.138316956,-0.012193246
3.100000,0.938969827,-0.025309504,0.137383501,-0.012223045
3.101000,0.938051312,-0.025313357,0.136461747,-0.012252369
3.102000,0.937132411,-0.025316777,0.135551749,-0.012281219
3.103000,0.936213178,-0.025319766,0.134653563,-0.012309594
3.104000,0.935293669,-0.025322329,0.133767244,-0.012337496
3.105000,0.934373939,-0.025324469,0.132892847,-0.012364926
3.106000,0.933454043,-0.025326190,0.132030426,-0.012391884
3.107000,0.932534034,-0.025327495,0.131180034,-0.012418371
3.108000,0.931613967,-0.025328389,0.130341725,-0.012444390
3.109000,0.930693895,-0.025328873,0.129515553,-0.012469939
3.110000,0.929773873,-0.025328953,0.128701568,-0.012495022
3.111000,0.928853953,-0.025328632,0.127899824,-0.012519639
3.112000,0.927934189,-0.025327914,0.127110371,-0.012543790
3.113000,0.927014632,-0.025326801,0.126333261,-0.012567479
3.114000,0.926095336,-0.025325299,0.125568545,-0.012590706
3.115000,0.925176353,-0.025323410,0.124816272,-0.012613472
3.116000,0.924257734,-0.025321138,0.124076491,-0.012635779
3.117000,0.923339530,-0.025318487,0.123349253,-0.012657628
3.118000,0.922421794,-0.025315460,0.122634605,-0.012679022
3.119000,0.921504576,-0.025312062,0.121932597,-0.012699961
3.120000,0.920587926,-0.025308296,0.121243274,-0.012720449
3.121000,0.919671896,-0.025304165,0.120566686,-0.012740485
3.122000,0.918756534,-0.025299673,0.119902877,-0.012760073
3.123000,0.917841890,-0.025294824,0.119251895,-0.012779213
3.124000,0.916928014,-0.025289622,0.118613785,-0.012797909
3.125000,0.916014955,-0.025284070,0.117988592,-0.012816162
3.126000,0.915102761,-0.025278172,0.117376361,-0.012833974
3.127000,0.914191481,-0.025271932,0.116777136,-0.012851347
3.128000,0.913281163,-0.025265353,0.116190961,-0.012868284
3.129000,0.912371854,-0.025258438,0.115617878,-0.012884786
3.130000,0.911463603,-0.025251192,0.115057931,-0.012900855
3.131000,0.910556455,-0.025243619,0.114511161,-0.012916496
3.132000,0.909650457,-0.025235721,0.113977610,-0.012931708
3.133000,0.908745656,-0.025227503,0.113457319,-0.012946496
3.134000,0.907842099,-0.025218967,0.112950328,-0.012960861
3.135000,0.906939829,-0.025210119,0.112456677,-0.012974806
3.136000,0.906038893,-0.025200960,0.111976406,-0.012988333
3.137000,0.905139336,-0.025191496,0.111509554,-0.013001446
3.138000,0.904241202,-0.025181729,0.111056158,-0.013014146
3.139000,0.903344535,-0.025171663,0.110616258,-0.013026437
3.140000,0.902449380,-0.025161302,0.110189889,-0.013038321
3.141000,0.901555779,-0.025150649,0.109777089,-0.013049802
3.142000,0.900663776,-0.025139707,0.109377893,-0.013060881
3.143000,0.899773413,-0.025128481,0.108992338,-0.013071562
3.144000,0.898884734,-0.025116974,0.108620459,-0.013081848
3.145000,0.897997779,-0.025105189,0.108262289,-0.013091741
3.146000,0.897112590,-0.025093130,0.107917863,-0.013101245
3.147000,0.896229209,-0.025080800,0.107587214,-0.013110364
3.148000,0.895347677,-0.025068203,0.107270376,-0.013119099
3.149000,0.894468034,-0.025055343,0.106967379,-0.013127454
3.150000,0.893590319,-0.025042222,0.106678256,-0.013135433
3.151000,0.892714574,-0.025028844,0.106403038,-0.013143038
3.152000,0.891840836,-0.025015213,0.106141756,-0.013150273
3.153000,0.890969146,-0.025001331,0.105894439,-0.013157141
3.154000,0.890099541,-0.024987203,0.105661116,-0.013163646
3.155000,0.889232059,-0.024972832,0.105441818,-0.013169791
3.156000,0.888366738,-0.024958221,0.105236571,-0.013175579
3.157000,0.887503617,-0.024943373,0.105045403,-0.013181014
3.158000,0.886642730,-0.024928291,0.104868341,-0.013186099
3.159000,0.885784116,-0.024912980,0.104705413,-0.013190838
3.160000,0.884927810,-0.024897442,0.104556643,-0.013195234
3.161000,0.884073847,-0.024881681,0.104422057,-0.013199292
3.162000,0.883222264,-0.024865699,0.104301680,-0.013203014
3.163000,0.882373094,-0.024849500,0.104195535,-0.013206404
3.164000,0.881526373,-0.024833088,0.104103647,-0.013209467
3.165000,0.880682134,-0.024816465,0.104026038,-0.013212205
3.166000,0.879840411,-0.024799634,0.103962730,-0.013214623
3.167000,0.879001238,-0.024782599,0.103913745,-0.013216724
3.168000,0.878164646,-0.024765363,0.103879105,-0.013218512
3.169000,0.877330668,-0.024747929,0.103858829,-0.013219992
3.170000,0.876499337,-0.024730299,0.103852937,-0.013221166
3.171000,0.875670684,-0.024712478,0.103861450,-0.013222039
3.172000,0.874844739,-0.024694468,0.103884384,-0.013222615
3.173000,0.874021534,-0.024676272,0.103921760,-0.013222897
3.174000,0.873201098,-0.024657892,0.103973593,-0.013222890
3.175000,0.872383462,-0.024639333,0.104039901,-0.013222598
3.176000,0.871568655,-0.024620597,0.104120700,-0.013222024
3.177000,0.870756705,-0.024601687,0.104216006,-0.013221173
3.178000,0.869947642,-0.024582605,0.104325833,-0.013220049
3.179000,0.869141492,-0.024563355,0.104450196,-0.013218655
3.180000,0.868338285,-0.024543939,0.104589108,-0.013216997
3.181000,0.867538046,-0.024524361,0.104742584,-0.013215077
3.182000,0.866740803,-0.024504623,0.104910635,-0.013212901
3.183000,0.865946582,-0.024484727,0.105093273,-0.013210472
3.184000,0.865155408,-0.024464677,0.105290509,-0.013207794
3.185000,0.864367308,-0.024444476,0.105502355,-0.013204873
3.186000,0.863582305,-0.024424125,0.105728819,-0.013201711
3.187000,0.862800425,-0.024403628,0.105969912,-0.013198313
3.188000,0.862021691,-0.024382988,0.106225642,-0.013194683
3.189000,0.861246128,-0.024362206,0.106496018,-0.013190826
3.190000,0.860473757,-0.024341286,0.106781046,-0.013186745
3.191000,0.859704603,-0.024320230,0.107080734,-0.013182446
3.192000,0.858938686,-0.024299041,0.107395088,-0.013177932
3.193000,0.858176029,-0.024277720,0.107724113,-0.013173207
3.194000,0.857416654,-0.024256272,0.108067815,-0.013168276
3.195000,0.856660580,-0.024234697,0.108426198,-0.013163143
3.196000,0.855907828,-0.024212999,0.108799265,-0.013157813
3.197000,0.855158419,-0.024191180,0.109187019,-0.013152289
3.198000,0.854412372,-0.024169242,0.109589464,-0.013146576
3.199000,0.853669705,-0.024147188,0.110006601,-0.013140678
