t,abduct_L.q,abduct_L.w,abduct_R.q,abduct_R.w,hip_L.q,hip_L.w,hip_R.q,hip_R.w
0.000000000000e+00,0.000000000000e+00,0.000000000000e+00,0.000000000000e+00,0.000000000000e+00,0.000000000000e+00,0.000000000000e+00,0.000000000000e+00,0.000000000000e+00
1.931151799969e-06,1.779527614818e-11,9.214851027489e-06,-2.021021885637e-11,-1.046537038502e-05,-9.770434128635e-11,-5.059381726901e-05,-9.780429360011e-11,-5.064557514417e-05
5.793455399906e-06,8.897638076219e-11,2.764455309349e-05,-1.010510943023e-10,-3.139611116565e-05,-4.885217063967e-10,-1.517814517889e-04,-4.890214679644e-10,-1.519367254138e-04
9.655758999844e-06,2.313385900754e-10,4.607425519256e-05,-2.627328452761e-10,-5.232685197809e-05,-1.270156436477e-09,-2.529690862543e-04,-1.271455816548e-09,-2.532278756272e-04
1.449970527552e-05,5.105007934624e-10,6.918804851586e-05,-5.797793006410e-10,-7.857734774729e-05,-2.802886745957e-09,-3.798745590919e-04,-2.805754121225e-09,-3.802631737603e-04
3.871943665389e-05,3.585741446123e-09,1.847570183899e-04,-4.072351483635e-09,-2.098298297256e-04,-1.968738761611e-08,-1.014401917915e-03,-1.970752796669e-08,-1.015439658894e-03
1.178341234878e-04,3.313605161183e-08,5.622676201011e-04,-3.763284335051e-08,-6.385712247421e-04,-1.819322968413e-07,-3.087109842243e-03,-1.821184147732e-07,-3.090267974062e-03
1.969488103217e-04,9.255300597240e-08,9.397785040356e-04,-1.051130871514e-07,-1.067312891126e-03,-5.081588260135e-07,-5.159817301816e-03,-5.086786750127e-07,-5.165095810040e-03
2.760634971556e-04,1.818366343514e-07,1.317289859680e-03,-2.065131115626e-07,-1.496055011073e-03,-9.983669260201e-07,-7.232523984596e-03,-9.993882580475e-07,-7.239922845095e-03
3.551781839895e-04,3.009869815636e-07,1.694801876519e-03,-3.418329596750e-07,-1.924797766781e-03,-1.652556523062e-06,-9.305229578541e-03,-1.654247087786e-06,-9.314748757494e-03
4.342928708234e-04,4.500041074145e-07,2.072314744036e-03,-5.110726889936e-07,-2.353541340443e-03,-2.470727518653e-06,-1.137793377161e-02,-2.473255062682e-06,-1.138957322551e-02
5.134075576573e-04,6.288880867009e-07,2.449828651715e-03,-7.142323714378e-07,-2.782285914253e-03,-3.452879789619e-06,-1.345063625176e-02,-3.456412055738e-06,-1.346439592739e-02
5.925222444912e-04,8.376390092102e-07,2.827343789035e-03,-9.513120933408e-07,-3.211031670402e-03,-4.599013188101e-06,-1.552333670696e-02,-4.603717914499e-06,-1.553921654143e-02
6.920000436040e-04,1.142507244866e-06,3.302028560876e-03,-1.297552768191e-06,-3.750133090745e-03,-6.272869271234e-06,-1.812952047444e-02,-6.279286280381e-06,-1.814806606482e-02
7.914778427169e-04,1.494596207230e-06,3.776715953043e-03,-1.697422191154e-06,-4.289237030612e-03,-8.205982565007e-06,-2.073569992674e-02,-8.214377033767e-06,-2.075691113900e-02
8.909556418298e-04,1.893906175700e-06,4.251406342199e-03,-2.150920630881e-06,-4.828343852168e-03,-1.039835260930e-05,-2.334187444352e-02,-1.040898970025e-05,-2.336575112436e-02
9.904334409426e-04,2.340437467144e-06,4.726100104991e-03,-2.658048392048e-06,-5.367453917572e-03,-1.284997888229e-05,-2.594804340445e-02,-1.286312374178e-05,-2.597458538131e-02
1.089911240056e-03,2.834190435898e-06,5.200797618062e-03,-3.218805815358e-06,-5.906567588968e-03,-1.556086080042e-05,-2.855420618919e-02,-1.557677855671e-05,-2.858341327022e-02
1.189389039168e-03,3.375165473764e-06,5.675499258038e-03,-3.833193277542e-06,-6.445685228489e-03,-1.853099771846e-05,-3.116036217738e-02,-1.854995347974e-05,-3.119223415149e-02
1.288866838281e-03,3.963363010011e-06,6.150205401536e-03,-4.501211191349e-06,-6.984807198257e-03,-2.176038892945e-05,-3.376651074868e-02,-2.178264778195e-05,-3.380104738550e-02
1.388344637394e-03,4.598783511370e-06,6.624916425159e-03,-5.222860005555e-06,-7.523933860375e-03,-2.524903366470e-05,-3.637265128273e-02,-2.527486067080e-05,-3.640985233264e-02
1.487822436507e-03,5.281427482037e-06,7.099632705492e-03,-5.998140204953e-06,-8.063065576932e-03,-2.899693109384e-05,-3.897878315918e-02,-2.902659129011e-05,-3.901864835327e-02
1.587300235620e-03,6.011295463667e-06,7.574354619107e-03,-6.827052310358e-06,-8.602202709999e-03,-3.300408032477e-05,-4.158490575764e-02,-3.303783872007e-05,-4.162743480777e-02
1.686778034733e-03,6.788388035377e-06,8.049082542557e-03,-7.709596878599e-06,-9.141345621629e-03,-3.727048040368e-05,-4.419101845775e-02,-3.730860197727e-05,-4.423621105649e-02
1.786255833846e-03,7.612705813741e-06,8.523816852377e-03,-8.645774502524e-06,-9.680494673855e-03,-4.179613031504e-05,-4.679712063913e-02,-4.183888001462e-05,-4.684497645980e-02
1.885733632958e-03,8.484249452787e-06,8.998557925083e-03,-9.635585810990e-06,-1.021965022869e-02,-4.658102898163e-05,-4.940321168137e-02,-4.662867172144e-05,-4.945373037804e-02
1.985211432071e-03,9.403019644000e-06,9.473306137168e-03,-1.067903146887e-05,-1.075881264812e-02,-5.162517526448e-05,-5.200929096410e-02,-5.167797592341e-05,-5.206247217155e-02
2.084689231184e-03,1.036901711631e-05,9.948061865105e-03,-1.177611217704e-05,-1.129798229411e-02,-5.692856796292e-05,-5.461535786689e-02,-5.698679138256e-05,-5.467120120067e-02
2.184167030297e-03,1.138224263611e-05,1.042282548534e-02,-1.292682867238e-05,-1.183715952860e-02,-6.249120581458e-05,-5.722141176934e-02,-6.255511679730e-05,-5.727991682572e-02
2.283644829410e-03,1.244269700723e-05,1.089759737431e-02,-1.413118172779e-05,-1.237634471351e-02,-6.831308749533e-05,-5.982745205102e-02,-6.838295080242e-05,-5.988861840702e-02
2.383122628523e-03,1.355038107094e-05,1.137237790840e-02,-1.538917215215e-05,-1.291553821073e-02,-7.439421161937e-05,-6.243347809148e-02,-7.447029196904e-05,-6.249730530489e-02
2.482600427636e-03,1.470529570596e-05,1.184716746399e-02,-1.670080079035e-05,-1.345474038210e-02,-8.073457673913e-05,-6.503948927030e-02,-8.081713880469e-05,-6.510597687961e-02
2.582078226749e-03,1.590744182846e-05,1.232196641742e-02,-1.806606852328e-05,-1.399395158947e-02,-8.733418134537e-05,-6.764548496701e-02,-8.742348975322e-05,-6.771463249148e-02
2.681556025861e-03,1.715682039202e-05,1.279677514502e-02,-1.948497626781e-05,-1.453317219463e-02,-9.419302386709e-05,-7.025146456115e-02,-9.428934319488e-05,-7.032327150079e-02
2.781033824974e-03,1.845343238767e-05,1.327159402306e-02,-2.095752497681e-05,-1.507240255934e-02,-1.013111026716e-04,-7.285742743223e-02,-1.014146974462e-04,-7.293189326779e-02
2.880511624087e-03,1.979727884387e-05,1.374642342780e-02,-2.248371563913e-05,-1.561164304533e-02,-1.086884160644e-04,-7.546337295976e-02,-1.087995507603e-04,-7.554049715275e-02
2.979989423200e-03,2.118836082651e-05,1.422126373547e-02,-2.406354927959e-05,-1.615089401431e-02,-1.163249622894e-04,-7.806930052325e-02,-1.164439013263e-04,-7.814908251591e-02
3.079467222313e-03,2.262667943890e-05,1.469611532225e-02,-2.569702695902e-05,-1.669015582793e-02,-1.242207395287e-04,-8.067520950217e-02,-1.243477472699e-04,-8.075764871751e-02
3.178945021426e-03,2.411223582176e-05,1.517097856430e-02,-2.738414977421e-05,-1.722942884781e-02,-1.323757459027e-04,-8.328109927599e-02,-1.325110866533e-04,-8.336619511778e-02
3.278422820539e-03,2.564503115325e-05,1.564585383773e-02,-2.912491885790e-05,-1.776871343555e-02,-1.407899794699e-04,-8.588696922417e-02,-1.409339174747e-04,-8.597472107692e-02
3.377900619651e-03,2.722506664893e-05,1.612074151863e-02,-3.091933537883e-05,-1.830800995267e-02,-1.494634382275e-04,-8.849281872615e-02,-1.496162376689e-04,-8.858322595514e-02
3.498104663408e-03,2.919733438406e-05,1.669458937202e-02,-3.315919923188e-05,-1.895968559331e-02,-1.602898791974e-04,-9.164156996166e-02,-1.604537387456e-04,-9.173518494050e-02
3.618308707164e-03,3.123858211336e-05,1.726845655413e-02,-3.547739824908e-05,-1.961137981774e-02,-1.714948108841e-04,-9.479028934241e-02,-1.716701160641e-04,-9.488711108231e-02
3.738512750920e-03,3.334881220009e-05,1.784234372827e-02,-3.787393470259e-05,-2.026309326361e-02,-1.830782293926e-04,-9.793897577346e-02,-1.832653656086e-04,-9.803900325166e-02
3.858716794676e-03,3.552802708723e-05,1.841625155763e-02,-4.034881094123e-05,-2.091482656844e-02,-1.950401306965e-04,-1.010876281598e-01,-1.952394832277e-04,-1.011908603196e-01
3.978920838432e-03,3.777622929748e-05,1.899018070534e-02,-4.290202939044e-05,-2.156658036967e-02,-2.073805106377e-04,-1.042362454064e-01,-2.075924646343e-04,-1.043426811572e-01
4.099124882188e-03,4.009342143324e-05,1.956413183441e-02,-4.553359255226e-05,-2.221835530464e-02,-2.200993649264e-04,-1.073848264183e-01,-2.203243054053e-04,-1.074944646355e-01
4.219328925945e-03,4.247960617660e-05,2.013810560776e-02,-4.824350300537e-05,-2.287015201058e-02,-2.331966891411e-04,-1.105333701002e-01,-2.334350009822e-04,-1.106462096254e-01
4.339532969701e-03,4.493478628933e-05,2.071210268822e-02,-5.103176340501e-05,-2.352197112459e-02,-2.466724787290e-04,-1.136818753571e-01,-2.469245466707e-04,-1.137979149978e-01
4.459737013457e-03,4.745896461287e-05,2.128612373849e-02,-5.389837648301e-05,-2.417381328370e-02,-2.605267290053e-04,-1.168303410938e-01,-2.607929376408e-04,-1.169495796237e-01
4.579941057213e-03,5.005214406831e-05,2.186016942119e-02,-5.684334504776e-05,-2.482567912478e-02,-2.747594351537e-04,-1.199787662150e-01,-2.750401689266e-04,-1.201012023739e-01
4.700145100969e-03,5.271432765639e-05,2.243424039880e-02,-5.986667198420e-05,-2.547756928461e-02,-2.893705922263e-04,-1.231271496255e-01,-2.896662354267e-04,-1.232527821193e-01
4.820349144725e-03,5.544551845746e-05,2.300833733372e-02,-6.296836025381e-05,-2.612948439983e-02,-3.043601951433e-04,-1.262754902300e-01,-3.046711319039e-04,-1.264043177306e-01
4.940553188482e-03,5.824571963151e-05,2.358246088820e-02,-6.614841289458e-05,-2.678142510697e-02,-3.197282386936e-04,-1.294237869330e-01,-3.200548529852e-04,-1.295558080785e-01
5.060757232238e-03,6.111493441811e-05,2.415661172439e-02,-6.940683302101e-05,-2.743339204243e-02,-3.354747175341e-04,-1.325720386393e-01,-3.358173931619e-04,-1.327072520338e-01
5.180961275994e-03,6.405316613643e-05,2.473079050431e-02,-7.274362382409e-05,-2.808538584245e-02,-3.515996261902e-04,-1.357202442533e-01,-3.519587467895e-04,-1.358586484672e-01
5.301165319750e-03,6.706041818518e-05,2.530499788986e-02,-7.615878857128e-05,-2.873740714317e-02,-3.681029590556e-04,-1.388684026796e-01,-3.684789080879e-04,-1.390099962492e-01
5.421369363506e-03,7.013669404266e-05,2.587923454281e-02,-7.965233060651e-05,-2.938945658057e-02,-3.849847103924e-04,-1.420165128226e-01,-3.853778711410e-04,-1.421612942504e-01
5.541573407262e-03,7.328199726670e-05,2.645350112479e-02,-8.322425335013e-05,-3.004153479050e-02,-4.022448743307e-04,-1.451645735866e-01,-4.026556298971e-04,-1.453125413413e-01
5.661777451019e-03,7.649633149463e-05,2.702779829731e-02,-8.687456029892e-05,-3.069364240867e-02,-4.198834448693e-04,-1.483125838761e-01,-4.203121781687e-04,-1.484637363925e-01
5.781981494775e-03,7.977970044332e-05,2.760212672172e-02,-9.060325502608e-05,-3.134578007062e-02,-4.379004158749e-04,-1.514605425953e-01,-4.383475096326e-04,-1.516148782743e-01
5.902185538531e-03,8.313210790912e-05,2.817648705926e-02,-9.441034118117e-05,-3.199794841176e-02,-4.562957810828e-04,-1.546084486485e-01,-4.567616178296e-04,-1.547659658571e-01
6.047148532256e-03,8.726686428466e-05,2.886919431479e-02,-9.910586917494e-05,-3.278448844472e-02,-4.789834405288e-04,-1.584046709471e-01,-4.794723893807e-04,-1.585660227770e-01
6.192111525982e-03,9.150204109558e-05,2.956195010458e-02,-1.039154197483e-04,-3.357107513445e-02,-5.022214059174e-04,-1.622008131337e-01,-5.027340225727e-04,-1.623659971015e-01
6.337074519707e-03,9.583764546154e-05,3.025475558755e-02,-1.088389997455e-04,-3.435770959449e-02,-5.260096654959e-04,-1.659968732861e-01,-5.265465052886e-04,-1.661658868490e-01
6.482037513433e-03,1.002736846702e-04,3.094761192223e-02,-1.138766161722e-04,-3.514439293802e-02,-5.503482072333e-04,-1.697928494820e-01,-5.509098251241e-04,-1.699656900378e-01
6.627000507158e-03,1.048101661771e-04,3.164052026687e-02,-1.190282761953e-04,-3.593112627786e-02,-5.752370188195e-04,-1.735887397988e-01,-5.758239693880e-04,-1.737654046860e-01
6.771963500883e-03,1.094470976057e-04,3.233348177934e-02,-1.242939871430e-04,-3.671791072646e-02,-6.006760876658e-04,-1.773845423140e-01,-6.012889251013e-04,-1.775650288118e-01
6.916926494609e-03,1.141844867473e-04,3.302649761721e-02,-1.296737565048e-04,-3.750474739593e-02,-6.266654009050e-04,-1.811802551047e-01,-6.273046789981e-04,-1.813645604331e-01
7.061889488334e-03,1.190223415609e-04,3.371956893764e-02,-1.351675919315e-04,-3.829163739796e-02,-6.532049453909e-04,-1.849758762482e-01,-6.538712175250e-04,-1.851639975678e-01
7.206852482060e-03,1.239606701733e-04,3.441269689746e-02,-1.407755012347e-04,-3.907858184387e-02,-6.802947076987e-04,-1.887714038213e-01,-6.809885268411e-04,-1.889633382336e-01
7.351815475785e-03,1.289994808789e-04,3.510588265314e-02,-1.464974923874e-04,-3.986558184457e-02,-7.079346741248e-04,-1.925668359010e-01,-7.086565928184e-04,-1.927625804480e-01
7.496778469511e-03,1.341387821397e-04,3.579912736073e-02,-1.523335735235e-04,-4.065263851057e-02,-7.361248306867e-04,-1.963621705638e-01,-7.368754010415e-04,-1.965617222285e-01
7.641741463236e-03,1.393785825855e-04,3.649243217593e-02,-1.582837529377e-04,-4.143975295196e-02,-7.648651631231e-04,-2.001574058863e-01,-7.656449368073e-04,-2.003607615924e-01
7.786704456961e-03,1.447188910132e-04,3.718579825402e-02,-1.643480390859e-04,-4.222692627841e-02,-7.941556568941e-04,-2.039525399449e-01,-7.949651851255e-04,-2.041596965569e-01
7.931667450687e-03,1.501597163876e-04,3.787922674991e-02,-1.705264405845e-04,-4.301415959915e-02,-8.239962971806e-04,-2.077475708158e-01,-8.248361307185e-04,-2.079585251391e-01
8.076630444412e-03,1.557010678404e-04,3.857271881807e-02,-1.768189662109e-04,-4.380145402298e-02,-8.543870688847e-04,-2.115424965751e-01,-8.552577580208e-04,-2.117572453558e-01
8.221593438138e-03,1.613429546710e-04,3.926627561257e-02,-1.832256249031e-04,-4.458881065824e-02,-8.853279566298e-04,-2.153373152986e-01,-8.862300511799e-04,-2.155558552238e-01
8.366556431863e-03,1.670853863460e-04,3.995989828705e-02,-1.897464257597e-04,-4.537623061284e-02,-9.168189447601e-04,-2.191320250622e-01,-9.177529940554e-04,-2.193543527597e-01
8.511519425589e-03,1.729283724990e-04,4.065358799472e-02,-1.963813780400e-04,-4.616371499419e-02,-9.488600173410e-04,-2.229266239413e-01,-9.498265702196e-04,-2.231527359800e-01
8.656482419314e-03,1.788719229310e-04,4.134734588834e-02,-2.031304911638e-04,-4.695126490925e-02,-9.814511581588e-04,-2.267211100114e-01,-9.824507629572e-04,-2.269510029010e-01
8.801445413039e-03,1.849160476099e-04,4.204117312025e-02,-2.099937747111e-04,-4.773888146450e-02,-1.014592350721e-03,-2.305154813477e-01,-1.015625555265e-03,-2.307491515389e-01
8.946408406765e-03,1.910607566707e-04,4.273507084230e-02,-2.169712384225e-04,-4.852656576590e-02,-1.048283578256e-03,-2.343097360253e-01,-1.049350929853e-03,-2.345471799096e-01
9.091371400490e-03,1.973060604153e-04,4.342904020590e-02,-2.240628921988e-04,-4.931431891897e-02,-1.082524823712e-03,-2.381038721190e-01,-1.083626869143e-03,-2.383450860290e-01
9.236334394216e-03,2.036519693125e-04,4.412308236199e-02,-2.312687461011e-04,-5.010214202866e-02,-1.117316069761e-03,-2.418978877035e-01,-1.118453355270e-03,-2.421428679127e-01
9.381297387941e-03,2.100984939980e-04,4.481719846102e-02,-2.385888103505e-04,-5.089003619946e-02,-1.152657298793e-03,-2.456917808534e-01,-1.153830370079e-03,-2.459405235764e-01
9.526260381666e-03,2.166456452740e-04,4.551138965297e-02,-2.460230953283e-04,-5.167800253530e-02,-1.188548492920e-03,-2.494855496429e-01,-1.189757895129e-03,-2.497380510353e-01
9.671223375392e-03,2.232934341095e-04,4.620565708731e-02,-2.535716115757e-04,-5.246604213961e-02,-1.224989633974e-03,-2.532791921463e-01,-1.226235911693e-03,-2.535354483046e-01
9.816186369117e-03,2.300418716403e-04,4.690000191303e-02,-2.612343697938e-04,-5.325415611526e-02,-1.261980703510e-03,-2.570727064373e-01,-1.263264400753e-03,-2.573327133993e-01
9.961149362843e-03,2.368909691683e-04,4.759442527858e-02,-2.690113808437e-04,-5.404234556457e-02,-1.299521682802e-03,-2.608660905899e-01,-1.300843343004e-03,-2.611298443343e-01
1.010611235657e-02,2.438407381622e-04,4.828892833194e-02,-2.769026557461e-04,-5.483061158934e-02,-1.337612552845e-03,-2.646593426774e-01,-1.338972718856e-03,-2.649268391242e-01
1.028018208895e-02,2.523189710732e-04,4.912298579157e-02,-2.865293965499e-04,-5.577725426140e-02,-1.384078152537e-03,-2.692140545818e-01,-1.385485272258e-03,-2.694860397415e-01
1.045425182133e-02,2.609423984602e-04,4.995716179234e-02,-2.963209291041e-04,-5.672401084019e-02,-1.431336572606e-03,-2.737685699487e-01,-1.432791426857e-03,-2.740450377515e-01
1.062832155370e-02,2.697110411303e-04,5.079145831881e-02,-3.062772734023e-04,-5.767088323009e-02,-1.479387778551e-03,-2.783228854415e-01,-1.480891147087e-03,-2.786038297157e-01
1.080239128608e-02,2.786249202361e-04,5.162587735431e-02,-3.163984497691e-04,-5.861787333417e-02,-1.528231735287e-03,-2.828769977232e-01,-1.529784396781e-03,-2.831624121953e-01
1.097646101846e-02,2.876840572751e-04,5.246042088109e-02,-3.266844788608e-04,-5.956498305431e-02,-1.577868407153e-03,-2.874309034561e-01,-1.579471139176e-03,-2.877207817510e-01
1.115053075084e-02,2.968884740900e-04,5.329509088018e-02,-3.371353816641e-04,-6.051221429110e-02,-1.628297757904e-03,-2.919845993023e-01,-1.629951336908e-03,-2.922789349432e-01
1.132460048322e-02,3.062381928682e-04,5.412988933142e-02,-3.477511794968e-04,-6.145956894387e-02,-1.679519750713e-03,-2.965380819234e-01,-1.681224952016e-03,-2.968368683317e-01
1.149867021560e-02,3.157332361413e-04,5.496481821346e-02,-3.585318940071e-04,-6.240704891061e-02,-1.731534348176e-03,-3.010913479804e-01,-1.733291945940e-03,-3.013945784760e-01
1.167273994798e-02,3.253736267856e-04,5.579987950368e-02,-3.694775471734e-04,-6.335465608801e-02,-1.784341512303e-03,-3.056443941341e-01,-1.786152279518e-03,-3.059520619353e-01
1.184680968035e-02,3.351593880213e-04,5.663507517823e-02,-3.805881613042e-04,-6.430239237139e-02,-1.837941204526e-03,-3.101972170444e-01,-1.839805912994e-03,-3.105093152681e-01
1.202087941273e-02,3.450905434126e-04,5.747040721195e-02,-3.918637590378e-04,-6.525025965470e-02,-1.892333385693e-03,-3.147498133711e-01,-1.894252806009e-03,-3.150663350328e-01
1.219494914511e-02,3.551671168672e-04,5.830587757843e-02,-4.033043633419e-04,-6.619825983050e-02,-1.947518016074e-03,-3.193021797732e-01,-1.949492917607e-03,-3.196231177871e-01
1.236901887749e-02,3.653891326364e-04,5.914148824991e-02,-4.149099975139e-04,-6.714639478995e-02,-2.003495055353e-03,-3.238543129096e-01,-2.005526206232e-03,-3.241796600882e-01
1.254308860987e-02,3.757566153145e-04,5.997724119732e-02,-4.266806851798e-04,-6.809466642277e-02,-2.060264462636e-03,-3.284062094382e-01,-2.062352629728e-03,-3.287359584932e-01
1.271715834225e-02,3.862695898388e-04,6.081313839023e-02,-4.386164502948e-04,-6.904307661722e-02,-2.117826196446e-03,-3.329578660168e-01,-2.119972145341e-03,-3.332920095583e-01
1.289122807463e-02,3.969280814895e-04,6.164918179685e-02,-4.507173171424e-04,-6.999162726011e-02,-2.176180214723e-03,-3.375092793023e-01,-2.178384709717e-03,-3.378478098396e-01
1.306529780700e-02,4.077321158892e-04,6.248537338399e-02,-4.629833103346e-04,-7.094032023673e-02,-2.235326474827e-03,-3.420604459515e-01,-2.237590278901e-03,-3.424033558924e-01
1.323936753938e-02,4.186817190025e-04,6.332171511706e-02,-4.754144548113e-04,-7.188915743088e-02,-2.295264933534e-03,-3.466113626202e-01,-2.297588808341e-03,-3.469586442719e-01
1.341343727176e-02,4.297769171364e-04,6.415820896003e-02,-4.880107758402e-04,-7.283814072480e-02,-2.355995547040e-03,-3.511620259640e-01,-2.358380252884e-03,-3.515136715325e-01
1.358750700414e-02,4.410177369393e-04,6.499485687544e-02,-5.007722990166e-04,-7.378727199920e-02,-2.417518270957e-03,-3.557124326379e-01,-2.419964566777e-03,-3.560684342283e-01
1.376157673652e-02,4.524042054013e-04,6.583166082436e-02,-5.136990502629e-04,-7.473655313322e-02,-2.479833060316e-03,-3.602625792961e-01,-2.482341703667e-03,-3.606229289126e-01
1.393564646890e-02,4.639363498537e-04,6.666862276637e-02,-5.267910558286e-04,-7.568598600437e-02,-2.542939869564e-03,-3.648124625926e-01,-2.545511616602e-03,-3.651771521387e-01
1.410971620128e-02,4.756141979686e-04,6.750574465956e-02,-5.400483422898e-04,-7.663557248859e-02,-2.606838652566e-03,-3.693620791805e-01,-2.609474258028e-03,-3.697311004589e-01
1.428378593365e-02,4.874377777591e-04,6.834302846048e-02,-5.534709365490e-04,-7.758531446014e-02,-2.671529362607e-03,-3.739114257124e-01,-2.674229579793e-03,-3.742847704252e-01
1.445785566603e-02,4.994071175785e-04,6.918047612417e-02,-5.670588658348e-04,-7.853521379166e-02,-2.737011952385e-03,-3.784604988405e-01,-2.739777533144e-03,-3.788381585892e-01
1.463192539841e-02,5.115222461204e-04,7.001808960407e-02,-5.808121577016e-04,-7.948527235409e-02,-2.803286374018e-03,-3.830092952163e-01,-2.806118068727e-03,-3.833912615018e-01
1.480599513079e-02,5.237831924183e-04,7.085587085207e-02,-5.947308400295e-04,-8.043549201670e-02,-2.870352579040e-03,-3.875578114905e-01,-2.873251136589e-03,-3.879440757133e-01
1.498006486317e-02,5.361899858452e-04,7.169382181846e-02,-6.088149410237e-04,-8.138587464701e-02,-2.938210518402e-03,-3.921060443135e-01,-2.941176686174e-03,-3.924965977737e-01
1.515413459555e-02,5.487426561136e-04,7.253194445190e-02,-6.230644892142e-04,-8.233642211082e-02,-3.006860142474e-03,-3.966539903350e-01,-3.009894666329e-03,-3.970488242322e-01
1.532820432793e-02,5.614412332749e-04,7.337024069943e-02,-6.374795134559e-04,-8.328713627218e-02,-3.076301401038e-03,-4.012016462038e-01,-3.079405025297e-03,-4.016007516377e-01
1.550227406030e-02,5.742857477196e-04,7.420871250642e-02,-6.520600429277e-04,-8.423801899335e-02,-3.146534243298e-03,-4.057490085686e-01,-3.149707710722e-03,-4.061523765382e-01
1.567634379268e-02,5.872762301762e-04,7.504736181658e-02,-6.668061071329e-04,-8.518907213479e-02,-3.217558617870e-03,-4.102960740769e-01,-3.220802669646e-03,-4.107036954816e-01
1.585041352506e-02,6.004127117118e-04,7.588619057192e-02,-6.817177358982e-04,-8.614029755515e-02,-3.289374472790e-03,-4.148428393760e-01,-3.292689848511e-03,-4.152547050148e-01
1.602448325744e-02,6.136952237312e-04,7.672520071274e-02,-6.967949593737e-04,-8.709169711124e-02,-3.361981755508e-03,-4.193893011123e-01,-3.365369193157e-03,-4.198054016843e-01
1.619855298982e-02,6.271237979769e-04,7.756439417762e-02,-7.120378080326e-04,-8.804327265800e-02,-3.435380412892e-03,-4.239354559317e-01,-3.438840648825e-03,-4.243557820361e-01
1.637262272220e-02,6.406984665286e-04,7.840377290337e-02,-7.274463126709e-04,-8.899502604851e-02,-3.509570391223e-03,-4.284813004792e-01,-3.513104160151e-03,-4.289058426155e-01
1.654669245458e-02,6.544192618030e-04,7.924333882505e-02,-7.430205044069e-04,-8.994695913392e-02,-3.584551636202e-03,-4.330268313995e-01,-3.588159671172e-03,-4.334555799672e-01
1.672076218695e-02,6.682862165536e-04,8.008309387592e-02,-7.587604146810e-04,-9.089907376350e-02,-3.660324092944e-03,-4.375720453363e-01,-3.664007125324e-03,-4.380049906353e-01
1.689483191933e-02,6.822993638700e-04,8.092303998744e-02,-7.746660752553e-04,-9.185137178454e-02,-3.736887705978e-03,-4.421169389327e-01,-3.740646465439e-03,-4.425540711634e-01
1.706890165171e-02,6.964587371782e-04,8.176317908925e-02,-7.907375182133e-04,-9.280385504239e-02,-3.814242419251e-03,-4.466615088312e-01,-3.818077633750e-03,-4.471028180944e-01
1.727842991096e-02,7.136964065292e-04,8.277471582768e-02,-8.103026872357e-04,-9.395061037174e-02,-3.908403674697e-03,-4.521313870273e-01,-3.912331881311e-03,-4.525777109223e-01
1.748795817020e-02,7.311460513511e-04,8.378653834150e-02,-8.301081626397e-04,-9.509763997261e-02,-4.003710973941e-03,-4.576007854930e-01,-4.007733221842e-03,-4.580521093596e-01
1.769748642945e-02,7.488077318735e-04,8.479864998540e-02,-8.501540022292e-04,-9.624494705191e-02,-4.100164215852e-03,-4.630696983687e-01,-4.104281551121e-03,-4.635260073732e-01
1.790701468870e-02,7.666815090283e-04,8.581105410987e-02,-8.704402644791e-04,-9.739253481200e-02,-4.197763298072e-03,-4.685381197930e-01,-4.201976763664e-03,-4.689993989290e-01
1.811654294794e-02,7.847674444490e-04,8.682375406145e-02,-8.909670085350e-04,-9.854040645101e-02,-4.296508117013e-03,-4.740060439030e-01,-4.300818752720e-03,-4.744722779913e-01
1.832607120719e-02,8.030656004700e-04,8.783675318258e-02,-9.117342942121e-04,-9.968856516270e-02,-4.396398567859e-03,-4.794734648345e-01,-4.400807410276e-03,-4.799446385231e-01
1.853559946643e-02,8.215760401253e-04,8.885005481155e-02,-9.327421819945e-04,-1.008370141363e-01,-4.497434544566e-03,-4.849403767214e-01,-4.501942627053e-03,-4.854164744860e-01
1.874512772568e-02,8.402988271484e-04,8.986366228247e-02,-9.539907330339e-04,-1.019857565567e-01,-4.599615939860e-03,-4.904067736963e-01,-4.604224292504e-03,-4.908877798403e-01
1.895465598493e-02,8.592340259705e-04,9.087757892520e-02,-9.754800091488e-04,-1.031347956040e-01,-4.702942645237e-03,-4.958726498900e-01,-4.707652294821e-03,-4.963585485448e-01
1.916418424417e-02,8.783817017203e-04,9.189180806529e-02,-9.972100728237e-04,-1.042841344538e-01,-4.807414550964e-03,-5.013379994320e-01,-4.812226520927e-03,-5.018287745569e-01
1.937371250342e-02,8.977419202227e-04,9.290635302396e-02,-1.019180987208e-03,-1.054337762771e-01,-4.913031546077e-03,-5.068028164499e-01,-4.917946856478e-03,-5.072984518326e-01
1.958324076266e-02,9.173147479983e-04,9.392121711803e-02,-1.041392816114e-03,-1.065837242401e-01,-5.019793518383e-03,-5.122670950696e-01,-5.024813185867e-03,-5.127675743263e-01
1.979276902191e-02,9.371002522617e-04,9.493640365991e-02,-1.063845624019e-03,-1.077339815042e-01,-5.127700354455e-03,-5.177308294157e-01,-5.132825392216e-03,-5.182361359911e-01
2.000229728116e-02,9.570985009216e-04,9.595191595749e-02,-1.086539476061e-03,-1.088845512261e-01,-5.236751939638e-03,-5.231940136108e-01,-5.241983357384e-03,-5.237041307785e-01
2.021182554040e-02,9.773095625791e-04,9.696775731415e-02,-1.109474438038e-03,-1.100354365575e-01,-5.346948158043e-03,-5.286566417758e-01,-5.352286961958e-03,-5.291715526386e-01
2.042135379965e-02,9.977335065269e-04,9.798393102868e-02,-1.132650576410e-03,-1.111866406454e-01,-5.458288892550e-03,-5.341187080302e-01,-5.463736085261e-03,-5.346383955199e-01
2.063088205889e-02,1.018370402748e-03,9.900044039524e-02,-1.156067958293e-03,-1.123381666315e-01,-5.570774024807e-03,-5.395802064915e-01,-5.576330605347e-03,-5.401046533694e-01
2.084041031814e-02,1.039220321917e-03,1.000172887033e-01,-1.179726651464e-03,-1.134900176528e-01,-5.684403435229e-03,-5.450411312756e-01,-5.690070398999e-03,-5.455703201326e-01
2.104993857739e-02,1.060283335395e-03,1.010344792377e-01,-1.203626724355e-03,-1.146421968409e-01,-5.799177002997e-03,-5.505014764965e-01,-5.804955341735e-03,-5.510353897533e-01
2.125946683663e-02,1.081559515231e-03,1.020520152783e-01,-1.227768246052e-03,-1.157947073227e-01,-5.915094606060e-03,-5.559612362665e-01,-5.920985307801e-03,-5.564998561740e-01
2.146899509588e-02,1.103048934162e-03,1.030699001004e-01,-1.252151286300e-03,-1.169475522195e-01,-6.032156121132e-03,-5.614204046963e-01,-6.038160170176e-03,-5.619637133355e-01
2.167852335512e-02,1.124751665611e-03,1.040881369743e-01,-1.276775915493e-03,-1.181007346477e-01,-6.150361423694e-03,-5.668789758945e-01,-6.156479800567e-03,-5.674269551767e-01
2.188805161437e-02,1.146667783683e-03,1.051067291652e-01,-1.301642204680e-03,-1.192542577181e-01,-6.269710387991e-03,-5.723369439680e-01,-6.275944069412e-03,-5.728895756354e-01
2.209757987362e-02,1.168797363171e-03,1.061256799338e-01,-1.326750225560e-03,-1.204081245365e-01,-6.390202887034e-03,-5.777943030220e-01,-6.396552845879e-03,-5.783515686474e-01
2.230710813286e-02,1.191140479546e-03,1.071449925353e-01,-1.352100050483e-03,-1.215623382032e-01,-6.511838792599e-03,-5.832510471595e-01,-6.518305997865e-03,-5.838129281471e-01
2.251663639211e-02,1.213697208964e-03,1.081646702201e-01,-1.377691752449e-03,-1.227169018129e-01,-6.634617975225e-03,-5.887071704821e-01,-6.641203391994e-03,-5.892736480671e-01
2.272616465135e-02,1.236467628260e-03,1.091847162336e-01,-1.403525405102e-03,-1.238718184550e-01,-6.758540304215e-03,-5.941626670892e-01,-6.765244893622e-03,-5.947337223383e-01
2.293569291060e-02,1.259451814948e-03,1.102051338157e-01,-1.429601082738e-03,-1.250270912134e-01,-6.883605647637e-03,-5.996175310783e-01,-6.890430366830e-03,-6.001931448902e-01
2.314522116985e-02,1.282649847223e-03,1.112259262014e-01,-1.455918860294e-03,-1.261827231663e-01,-7.009813872321e-03,-6.050717565451e-01,-7.016759674430e-03,-6.056519096501e-01
2.335474942909e-02,1.306061803953e-03,1.122470966203e-01,-1.482478813354e-03,-1.273387173863e-01,-7.137164843860e-03,-6.105253375834e-01,-7.144232677957e-03,-6.111100105442e-01
2.356427768834e-02,1.329687764685e-03,1.132686482968e-01,-1.509281018145e-03,-1.284950769404e-01,-7.265658426608e-03,-6.159782682849e-01,-7.272849237678e-03,-6.165674414965e-01
2.377380594759e-02,1.353527809642e-03,1.142905844498e-01,-1.536325551535e-03,-1.296518048896e-01,-7.395294483683e-03,-6.214305427395e-01,-7.402609212584e-03,-6.220241964296e-01
2.398333420683e-02,1.377582019717e-03,1.153129082931e-01,-1.563612491033e-03,-1.308089042895e-01,-7.526072876963e-03,-6.268821550351e-01,-7.533512460392e-03,-6.274802692641e-01
2.419286246608e-02,1.401850476480e-03,1.163356230347e-01,-1.591141914789e-03,-1.319663781896e-01,-7.657993467087e-03,-6.323330992574e-01,-7.665558837548e-03,-6.329356539190e-01
2.440239072532e-02,1.426333262170e-03,1.173587318773e-01,-1.618913901588e-03,-1.331242296336e-01,-7.791056113455e-03,-6.377833694905e-01,-7.798748199219e-03,-6.383903443115e-01
2.461191898457e-02,1.451030459698e-03,1.183822380181e-01,-1.646928530857e-03,-1.342824616591e-01,-7.925260674228e-03,-6.432329598160e-01,-7.933080399302e-03,-6.438443343569e-01
2.482144724382e-02,1.475942152643e-03,1.194061446487e-01,-1.675185882655e-03,-1.354410772980e-01,-8.060607006325e-03,-6.486818643138e-01,-8.068555290417e-03,-6.492976179690e-01
2.503097550306e-02,1.501068425252e-03,1.204304549549e-01,-1.703686037676e-03,-1.366000795759e-01,-8.197094965426e-03,-6.541300770618e-01,-8.205172723907e-03,-6.547501890594e-01
2.524050376231e-02,1.526409362440e-03,1.214551721171e-01,-1.732429077250e-03,-1.377594715124e-01,-8.334724405968e-03,-6.595775921354e-01,-8.342932549841e-03,-6.602020415381e-01
2.545003202155e-02,1.551965049789e-03,1.224802993098e-01,-1.761415083336e-03,-1.389192561211e-01,-8.473495181149e-03,-6.650244036085e-01,-8.481834617012e-03,-6.656531693133e-01
2.565956028080e-02,1.577735573541e-03,1.235058397017e-01,-1.790644138524e-03,-1.400794364091e-01,-8.613407142923e-03,-6.704705055524e-01,-8.621878772936e-03,-6.711035662913e-01
2.586908854005e-02,1.603721020607e-03,1.245317964558e-01,-1.820116326037e-03,-1.412400153775e-01,-8.754460142003e-03,-6.759158920366e-01,-8.763064863850e-03,-6.765532263765e-01
2.607861679929e-02,1.629921478556e-03,1.255581727291e-01,-1.849831729721e-03,-1.424009960210e-01,-8.896654027858e-03,-6.813605571283e-01,-8.905392734717e-03,-6.820021434714e-01
2.628814505854e-02,1.656337035620e-03,1.265849716727e-01,-1.879790434054e-03,-1.435623813280e-01,-9.039988648713e-03,-6.868044948928e-01,-9.048862229220e-03,-6.874503114768e-01
2.649767331778e-02,1.682967780689e-03,1.276121964320e-01,-1.909992524134e-03,-1.447241742805e-01,-9.184463851552e-03,-6.922476993930e-01,-9.193473189764e-03,-6.928977242914e-01
2.670720157703e-02,1.709813803313e-03,1.286398501460e-01,-1.940438085687e-03,-1.458863778539e-01,-9.330079482113e-03,-6.976901646896e-01,-9.339225457476e-03,-6.983443758120e-01
2.691672983628e-02,1.736875193698e-03,1.296679359479e-01,-1.971127205062e-03,-1.470489950175e-01,-9.476835384889e-03,-7.031318848414e-01,-9.486118872204e-03,-7.037902599336e-01
2.712625809552e-02,1.764152042706e-03,1.306964569646e-01,-2.002059969227e-03,-1.482120287335e-01,-9.624731403128e-03,-7.085728539047e-01,-9.634153272517e-03,-7.092353705493e-01
2.733578635477e-02,1.791644441855e-03,1.317254163171e-01,-2.033236465771e-03,-1.493754819580e-01,-9.773767378834e-03,-7.140130659339e-01,-9.783328495703e-03,-7.146797015500e-01
2.758766979863e-02,1.824979751726e-03,1.329629598640e-01,-2.071037894200e-03,-1.507746815394e-01,-9.954438971113e-03,-7.205519813640e-01,-9.964168622275e-03,-7.212235384568e-01
2.783955324249e-02,1.858626859354e-03,1.342011467730e-01,-2.109191835371e-03,-1.521744967472e-01,-1.013675746776e-02,-7.270897838297e-01,-1.014665688868e-02,-7.277662292487e-01
2.809143668635e-02,1.892585927469e-03,1.354399824304e-01,-2.147698444992e-03,-1.535749326785e-01,-1.032072258714e-02,-7.336264629888e-01,-1.033079300489e-02,-7.343077633015e-01
2.834332013021e-02,1.926857120157e-03,1.366794722085e-01,-2.186557880054e-03,-1.549759944153e-01,-1.050633404500e-02,-7.401620084939e-01,-1.051657667821e-02,-7.408481299868e-01
2.859520357408e-02,1.961440602855e-03,1.379196214663e-01,-2.225770298824e-03,-1.563776870255e-01,-1.069359155449e-02,-7.466964099932e-01,-1.070400761325e-02,-7.473873186717e-01
2.884708701794e-02,1.996336542349e-03,1.391604355495e-01,-2.265335860846e-03,-1.577800155628e-01,-1.088249482615e-02,-7.532296571299e-01,-1.089308551196e-02,-7.539253187195e-01
2.909897046180e-02,2.031545106767e-03,1.404019197901e-01,-2.305254726933e-03,-1.591829850661e-01,-1.107304356791e-02,-7.597617395424e-01,-1.108381007360e-02,-7.604621194888e-01
2.935085390566e-02,2.067066465582e-03,1.416440795066e-01,-2.345527059168e-03,-1.605866005596e-01,-1.126523748510e-02,-7.662926468643e-01,-1.127618099475e-02,-7.669977103344e-01
2.960273734952e-02,2.102900789603e-03,1.428869200031e-01,-2.386153020895e-03,-1.619908670526e-01,-1.145907628041e-02,-7.728223687241e-01,-1.147019796930e-02,-7.735320806064e-01
2.985462079338e-02,2.139048250973e-03,1.441304465702e-01,-2.427132776720e-03,-1.633957895392e-01,-1.165455965395e-02,-7.793508947456e-01,-1.166586068849e-02,-7.800652196507e-01
3.010650423725e-02,2.175509023167e-03,1.453746644840e-01,-2.468466492503e-03,-1.648013729988e-01,-1.185168730319e-02,-7.858782145474e-01,-1.186316884082e-02,-7.865971168089e-01
3.035838768111e-02,2.212283280986e-03,1.466195790066e-01,-2.510154335357e-03,-1.662076223952e-01,-1.205045892300e-02,-7.924043177431e-01,-1.206212211216e-02,-7.931277614179e-01
3.061027112497e-02,2.249371200556e-03,1.478651953857e-01,-2.552196473645e-03,-1.676145426768e-01,-1.225087420563e-02,-7.989291939413e-01,-1.226272018567e-02,-7.996571428106e-01
3.086215456883e-02,2.286772959321e-03,1.491115188544e-01,-2.594593076972e-03,-1.690221387766e-01,-1.245293284070e-02,-8.054528327455e-01,-1.246496274181e-02,-8.061852503150e-01
3.111403801269e-02,2.324488736042e-03,1.503585546314e-01,-2.637344316186e-03,-1.704304156120e-01,-1.265663451524e-02,-8.119752237541e-01,-1.266884945837e-02,-8.127120732550e-01
3.136592145655e-02,2.362518710795e-03,1.516063079204e-01,-2.680450363369e-03,-1.718393780845e-01,-1.286197891362e-02,-8.184963565603e-01,-1.287438001044e-02,-8.192376009498e-01
3.161780490042e-02,2.400863064961e-03,1.528547839106e-01,-2.723911391837e-03,-1.732490310797e-01,-1.306896571762e-02,-8.250162207520e-01,-1.308155407043e-02,-8.257618227140e-01
3.186968834428e-02,2.439521981229e-03,1.541039877760e-01,-2.767727576136e-03,-1.746593794674e-01,-1.327759460639e-02,-8.315348059123e-01,-1.329037130805e-02,-8.322847278578e-01
3.212157178814e-02,2.478495643588e-03,1.553539246756e-01,-2.811899092033e-03,-1.760704281010e-01,-1.348786525643e-02,-8.380521016185e-01,-1.350083139032e-02,-8.388063056866e-01
3.237345523200e-02,2.517784237325e-03,1.566045997532e-01,-2.856426116520e-03,-1.774821818176e-01,-1.369977734166e-02,-8.445680974430e-01,-1.371293398156e-02,-8.453265455014e-01
3.262533867586e-02,2.557387949022e-03,1.578560181373e-01,-2.901308827800e-03,-1.788946454382e-01,-1.391333053333e-02,-8.510827829527e-01,-1.392667874340e-02,-8.518454365985e-01
3.287722211972e-02,2.597306966548e-03,1.591081849411e-01,-2.946547405294e-03,-1.803078237670e-01,-1.412852450008e-02,-8.575961477093e-01,-1.414206533477e-02,-8.583629682693e-01
3.312910556359e-02,2.637541479060e-03,1.603611052620e-01,-2.992142029626e-03,-1.817217215917e-01,-1.434535890793e-02,-8.641081812689e-01,-1.435909341190e-02,-8.648791298010e-01
3.338098900745e-02,2.678091676997e-03,1.616147841819e-01,-3.038092882627e-03,-1.831363436831e-01,-1.456383342025e-02,-8.706188731826e-01,-1.457776262834e-02,-8.713939104755e-01
3.363287245131e-02,2.718957752075e-03,1.628692267670e-01,-3.084400147327e-03,-1.845516947951e-01,-1.478394769778e-02,-8.771282129955e-01,-1.479807263491e-02,-8.779072995704e-01
3.388475589517e-02,2.760139897285e-03,1.641244380673e-01,-3.131064007949e-03,-1.859677796648e-01,-1.500570139864e-02,-8.836361902478e-01,-1.502002307974e-02,-8.844192863583e-01
3.413663933903e-02,2.801638306887e-03,1.653804231171e-01,-3.178084649910e-03,-1.873846030118e-01,-1.522909417830e-02,-8.901427944737e-01,-1.524361360828e-02,-8.909298601071e-01
3.438852278289e-02,2.843453176408e-03,1.666371869344e-01,-3.225462259813e-03,-1.888021695386e-01,-1.545412568960e-02,-8.966480152023e-01,-1.546884386324e-02,-8.974390100799e-01
3.464040622676e-02,2.885584702637e-03,1.678947345210e-01,-3.273197025442e-03,-1.902204839304e-01,-1.568079558274e-02,-9.031518419569e-01,-1.569571348464e-02,-9.039467255348e-01
3.489228967062e-02,2.928033083620e-03,1.691530708622e-01,-3.321289135759e-03,-1.916395508547e-01,-1.590910350529e-02,-9.096542642552e-01,-1.592422210981e-02,-9.104529957253e-01
3.514417311448e-02,2.970798518657e-03,1.704122009270e-01,-3.369738780901e-03,-1.930593749614e-01,-1.613904910215e-02,-9.161552716095e-01,-1.615436937334e-02,-9.169578098999e-01
3.539605655834e-02,3.013881208298e-03,1.716721296677e-01,-3.418546152173e-03,-1.944799608826e-01,-1.637063201561e-02,-9.226548535262e-01,-1.638615490715e-02,-9.234611573020e-01
3.564794000220e-02,3.057281354337e-03,1.729328620199e-01,-3.467711442045e-03,-1.959013132326e-01,-1.660385188531e-02,-9.291529995061e-01,-1.661957834041e-02,-9.299630271704e-01
3.589982344606e-02,3.100999159810e-03,1.741944029022e-01,-3.517234844146e-03,-1.973234366075e-01,-1.683870834823e-02,-9.356496990445e-01,-1.685463929960e-02,-9.364634087387e-01
3.615170688993e-02,3.145034828991e-03,1.754567572165e-01,-3.567116553260e-03,-1.987463355854e-01,-1.707520103871e-02,-9.421449416308e-01,-1.709133740850e-02,-9.429622912356e-01
3.640359033379e-02,3.189388567383e-03,1.767199298474e-01,-3.617356765325e-03,-2.001700147259e-01,-1.731332958844e-02,-9.486387167485e-01,-1.732967228815e-02,-9.494596638849e-01
3.665547377765e-02,3.234060581722e-03,1.779839256624e-01,-3.667955677421e-03,-2.015944785706e-01,-1.755309362648e-02,-9.551310138756e-01,-1.756964355688e-02,-9.559555159052e-01
3.690735722151e-02,3.279051079963e-03,1.792487495118e-01,-3.718913487773e-03,-2.030197316421e-01,-1.779449277920e-02,-9.616218224843e-01,-1.781125083033e-02,-9.624498365102e-01
3.715924066537e-02,3.324360271284e-03,1.805144062281e-01,-3.770230395741e-03,-2.044457784447e-01,-1.803752667036e-02,-9.681111320406e-01,-1.805449372138e-02,-9.689426149085e-01
3.741112410923e-02,3.369988366077e-03,1.817809006267e-01,-3.821906601817e-03,-2.058726234637e-01,-1.828219492104e-02,-9.745989320050e-01,-1.829937184023e-02,-9.754338403035e-01
3.766300755309e-02,3.415935575944e-03,1.830482375051e-01,-3.873942307622e-03,-2.073002711656e-01,-1.852849714967e-02,-9.810852118320e-01,-1.854588479434e-02,-9.819235018938e-01
3.791489099696e-02,3.462202113693e-03,1.843164216429e-01,-3.926337715898e-03,-2.087287259979e-01,-1.877643297202e-02,-9.875699609701e-01,-1.879403218845e-02,-9.884115888727e-01
3.816677444082e-02,3.508788193336e-03,1.855854578020e-01,-3.979093030505e-03,-2.101579923889e-01,-1.902600200121e-02,-9.940531688621e-01,-1.904381362459e-02,-9.948980904281e-01
3.841865788468e-02,3.555694030080e-03,1.868553507263e-01,-4.032208456418e-03,-2.115880747477e-01,-1.927720384769e-02,-1.000534824945e+00,-1.929522870204e-02,-1.001382995743e+00
3.867054132854e-02,3.602919840324e-03,1.881261051413e-01,-4.085684199718e-03,-2.130189774638e-01,-1.953003811926e-02,-1.007014918648e+00,-1.954827701738e-02,-1.007866293996e+00
3.892242477240e-02,3.650465841657e-03,1.893977257546e-01,-4.139520467589e-03,-2.144507049074e-01,-1.978450442105e-02,-1.013493439397e+00,-1.980295816445e-02,-1.014347974359e+00
3.917430821626e-02,3.698332252850e-03,1.906702172551e-01,-4.193717468314e-03,-2.158832614289e-01,-2.004060235552e-02,-1.019970376611e+00,-2.005927173436e-02,-1.020828025999e+00
3.942619166013e-02,3.746519293854e-03,1.919435843135e-01,-4.248275411271e-03,-2.173166513592e-01,-2.029833152248e-02,-1.026445719702e+00,-2.031721731551e-02,-1.027306438078e+00
3.967807510399e-02,3.795027185793e-03,1.932178315817e-01,-4.303194506924e-03,-2.187508790089e-01,-2.055769151905e-02,-1.032919458077e+00,-2.057679449356e-02,-1.033783199755e+00
3.992995854785e-02,3.843856150961e-03,1.944929636928e-01,-4.358474966820e-03,-2.201859486689e-01,-2.081868193971e-02,-1.039391581135e+00,-2.083800285141e-02,-1.040258300179e+00
4.018184199171e-02,3.893006412817e-03,1.957689852615e-01,-4.414117003587e-03,-2.216218646098e-01,-2.108130237623e-02,-1.045862078271e+00,-2.110084196928e-02,-1.046731728498e+00
4.048516197998e-02,3.952620279168e-03,1.973067674608e-01,-4.481601757763e-03,-2.233521350400e-01,-2.139971462770e-02,-1.053651727507e+00,-2.141951852901e-02,-1.054524845832e+00
4.078848196824e-02,4.012700783434e-03,1.988458541271e-01,-4.549611525718e-03,-2.250836462206e-01,-2.172048927275e-02,-1.061438985034e+00,-2.174055852400e-02,-1.062315503700e+00
4.109180195651e-02,4.073248322490e-03,2.003862532088e-01,-4.618146684910e-03,-2.268164054924e-01,-2.204362558313e-02,-1.069223832299e+00,-2.206396120536e-02,-1.070103683116e+00
4.139512194477e-02,4.134263295617e-03,2.019279726117e-01,-4.687207615015e-03,-2.285504201504e-01,-2.236912282493e-02,-1.077006250731e+00,-2.238972581845e-02,-1.077889365086e+00
4.169844193304e-02,4.195746104489e-03,2.034710202013e-01,-4.756794697918e-03,-2.302856974467e-01,-2.269698025862e-02,-1.084786221747e+00,-2.271785160286e-02,-1.085672530604e+00
4.200176192130e-02,4.257697153157e-03,2.050154038024e-01,-4.826908317694e-03,-2.320222445897e-01,-2.302719713904e-02,-1.092563726754e+00,-2.304833779241e-02,-1.093453160652e+00
4.230508190957e-02,4.320116848040e-03,2.065611311980e-01,-4.897548860602e-03,-2.337600687436e-01,-2.335977271536e-02,-1.100338747141e+00,-2.338118361516e-02,-1.101231236200e+00
4.260840189784e-02,4.383005597913e-03,2.081082101294e-01,-4.968716715062e-03,-2.354991770274e-01,-2.369470623114e-02,-1.108111264287e+00,-2.371638829339e-02,-1.109006738208e+00
4.291172188610e-02,4.446363813890e-03,2.096566482955e-01,-5.040412271651e-03,-2.372395765153e-01,-2.403199692425e-02,-1.115881259557e+00,-2.405395104360e-02,-1.116779647624e+00
4.321504187437e-02,4.510191909417e-03,2.112064533530e-01,-5.112635923081e-03,-2.389812742363e-01,-2.437164402695e-02,-1.123648714301e+00,-2.439387107653e-02,-1.124549945384e+00
4.351836186263e-02,4.574490300253e-03,2.127576329157e-01,-5.185388064194e-03,-2.407242771734e-01,-2.471364676580e-02,-1.131413609858e+00,-2.473614759710e-02,-1.132317612413e+00
4.382168185090e-02,4.639259404461e-03,2.143101945543e-01,-5.258669091938e-03,-2.424685922641e-01,-2.505800436172e-02,-1.139175927551e+00,-2.508077980448e-02,-1.140082629625e+00
4.412500183916e-02,4.704499642395e-03,2.158641457964e-01,-5.332479405361e-03,-2.442142263991e-01,-2.540471602996e-02,-1.146935648691e+00,-2.542776689202e-02,-1.147844977922e+00
4.442832182743e-02,4.770211436683e-03,2.174194941257e-01,-5.406819405593e-03,-2.459611864229e-01,-2.575378098010e-02,-1.154692754575e+00,-2.577710804728e-02,-1.155604638193e+00
4.473164181569e-02,4.836395212219e-03,2.189762469822e-01,-5.481689495835e-03,-2.477094791329e-01,-2.610519841603e-02,-1.162447226487e+00,-2.612880245204e-02,-1.163361591316e+00
4.503496180396e-02,4.903051396146e-03,2.205344117615e-01,-5.557090081340e-03,-2.494591112796e-01,-2.645896753598e-02,-1.170199045695e+00,-2.648284928227e-02,-1.171115818160e+00
4.533828179223e-02,4.970180417842e-03,2.220939958148e-01,-5.633021569402e-03,-2.512100895657e-01,-2.681508753249e-02,-1.177948193457e+00,-2.683924770811e-02,-1.178867299578e+00
4.564160178049e-02,5.037782708910e-03,2.236550064486e-01,-5.709484369343e-03,-2.529624206461e-01,-2.717355759242e-02,-1.185694651013e+00,-2.719799689394e-02,-1.186616016414e+00
4.594492176876e-02,5.105858703161e-03,2.252174509241e-01,-5.786478892493e-03,-2.547161111279e-01,-2.753437689691e-02,-1.193438399593e+00,-2.755909599828e-02,-1.194361949500e+00
4.624824175702e-02,5.174408836604e-03,2.267813364572e-01,-5.864005552181e-03,-2.564711675696e-01,-2.789754462145e-02,-1.201179420409e+00,-2.792254417386e-02,-1.202105079655e+00
4.655156174529e-02,5.243433547426e-03,2.283466702183e-01,-5.942064763717e-03,-2.582275964808e-01,-2.826305993578e-02,-1.208917694664e+00,-2.828834056759e-02,-1.209845387687e+00
4.685488173355e-02,5.312933275984e-03,2.299134593317e-01,-6.020656944379e-03,-2.599854043223e-01,-2.863092200397e-02,-1.216653203543e+00,-2.865648432054e-02,-1.217582854392e+00
4.715820172182e-02,5.382908464791e-03,2.314817108754e-01,-6.099782513395e-03,-2.617445975056e-01,-2.900112998437e-02,-1.224385928218e+00,-2.902697456797e-02,-1.225317460555e+00
4.746152171008e-02,5.453359558496e-03,2.330514318809e-01,-6.179441891932e-03,-2.635051823925e-01,-2.937368302962e-02,-1.232115849849e+00,-2.939981043931e-02,-1.233049186948e+00
4.776484169835e-02,5.524287003876e-03,2.346226293331e-01,-6.259635503080e-03,-2.652671652948e-01,-2.974858028664e-02,-1.239842949579e+00,-2.977499105814e-02,-1.240778014331e+00
4.806816168661e-02,5.595691249818e-03,2.361953101694e-01,-6.340363771834e-03,-2.670305524742e-01,-3.012582089662e-02,-1.247567208539e+00,-3.015251554222e-02,-1.248503923452e+00
4.837148167488e-02,5.667572747308e-03,2.377694812801e-01,-6.421627125081e-03,-2.687953501417e-01,-3.050540399505e-02,-1.255288607845e+00,-3.053238300345e-02,-1.256226895049e+00
4.867480166315e-02,5.739931949414e-03,2.393451495077e-01,-6.503425991584e-03,-2.705615644578e-01,-3.088732871166e-02,-1.263007128599e+00,-3.091459254792e-02,-1.263946909846e+00
4.897812165141e-02,5.812769311272e-03,2.409223216468e-01,-6.585760801969e-03,-2.723292015314e-01,-3.127159417047e-02,-1.270722751888e+00,-3.129914327583e-02,-1.271663948555e+00
4.928144163968e-02,5.886085290070e-03,2.425010044436e-01,-6.668631988704e-03,-2.740982674203e-01,-3.165819948975e-02,-1.278435458786e+00,-3.168603428154e-02,-1.279377991877e+00
4.958476162794e-02,5.959880345038e-03,2.440812045958e-01,-6.752039986089e-03,-2.758687681305e-01,-3.204714378201e-02,-1.286145230353e+00,-3.207526465358e-02,-1.287089020501e+00
4.988808161621e-02,6.034154937429e-03,2.456629287525e-01,-6.835985230236e-03,-2.776407096158e-01,-3.243842615406e-02,-1.293852047632e+00,-3.246683347460e-02,-1.294797015104e+00
5.019140160447e-02,6.108909530503e-03,2.472461835132e-01,-6.920468159057e-03,-2.794140977780e-01,-3.283204570690e-02,-1.301555891656e+00,-3.286073982137e-02,-1.302501956349e+00
5.049472159274e-02,6.184144589517e-03,2.488309754285e-01,-7.005489212245e-03,-2.811889384658e-01,-3.322800153582e-02,-1.309256743440e+00,-3.325698276482e-02,-1.310203824889e+00
5.079804158100e-02,6.259860581708e-03,2.504173109989e-01,-7.091048831258e-03,-2.829652374754e-01,-3.362629273033e-02,-1.316954583985e+00,-3.365556137001e-02,-1.317902601365e+00
5.110136156927e-02,6.336057976274e-03,2.520051966752e-01,-7.177147459306e-03,-2.847430005496e-01,-3.402691837417e-02,-1.324649394281e+00,-3.405647469610e-02,-1.325598266406e+00
5.140468155754e-02,6.412737244364e-03,2.535946388579e-01,-7.263785541332e-03,-2.865222333776e-01,-3.442987754533e-02,-1.332341155299e+00,-3.445972179641e-02,-1.333290800627e+00
5.170800154580e-02,6.489898859062e-03,2.551856438967e-01,-7.350963523996e-03,-2.883029415949e-01,-3.483516931601e-02,-1.340029847998e+00,-3.486530171834e-02,-1.340980184633e+00
5.201132153407e-02,6.567543295367e-03,2.567782180908e-01,-7.438681855659e-03,-2.900851307829e-01,-3.524279275264e-02,-1.347715453323e+00,-3.527321350344e-02,-1.348666399017e+00
5.231464152233e-02,6.645671030183e-03,2.583723676881e-01,-7.526940986368e-03,-2.918688064683e-01,-3.565274691587e-02,-1.355397952202e+00,-3.568345618734e-02,-1.356349424357e+00
5.261796151060e-02,6.724282542303e-03,2.599680988852e-01,-7.615741367837e-03,-2.936539741236e-01,-3.606503086054e-02,-1.363077325553e+00,-3.609602879980e-02,-1.364029241223e+00
5.292128149886e-02,6.803378312387e-03,2.615654178269e-01,-7.705083453432e-03,-2.954406391658e-01,-3.647964363573e-02,-1.370753554274e+00,-3.651093036468e-02,-1.371705830170e+00
5.322460148713e-02,6.882958822956e-03,2.631643306062e-01,-7.794967698154e-03,-2.972288069570e-01,-3.689658428472e-02,-1.378426619253e+00,-3.692815989993e-02,-1.379379171742e+00
5.352792147539e-02,6.963024558368e-03,2.647648432636e-01,-7.885394558621e-03,-2.990184828034e-01,-3.731585184497e-02,-1.386096501361e+00,-3.734771641760e-02,-1.387049246472e+00
5.383124146366e-02,7.043576004805e-03,2.663669617874e-01,-7.976364493052e-03,-3.008096719555e-01,-3.773744534816e-02,-1.393763181454e+00,-3.776959892385e-02,-1.394716034878e+00
5.413456145193e-02,7.124613650261e-03,2.679706921129e-01,-8.067877961252e-03,-3.026023796075e-01,-3.816136382014e-02,-1.401426640376e+00,-3.819380641891e-02,-1.402379517468e+00
5.443788144019e-02,7.206137984518e-03,2.695760401224e-01,-8.159935424590e-03,-3.043966108974e-01,-3.858760628096e-02,-1.409086858954e+00,-3.862033789709e-02,-1.410039674738e+00
5.474120142846e-02,7.288149499136e-03,2.711830116447e-01,-8.252537345988e-03,-3.061923709061e-01,-3.901617174484e-02,-1.416743818002e+00,-3.904919234682e-02,-1.417696487171e+00
5.504452141672e-02,7.370648687435e-03,2.727916124550e-01,-8.345684189898e-03,-3.079896646576e-01,-3.944705922021e-02,-1.424397498318e+00,-3.948036875056e-02,-1.425349935239e+00
5.534784140499e-02,7.453636044479e-03,2.744018482747e-01,-8.439376422288e-03,-3.097884971187e-01,-3.988026770963e-02,-1.432047880686e+00,-3.991386608488e-02,-1.432999999402e+00
5.565116139325e-02,7.537112067058e-03,2.760137247710e-01,-8.533614510625e-03,-3.115888731984e-01,-4.031579620985e-02,-1.439694945875e+00,-4.034968332040e-02,-1.440646660105e+00
5.595448138152e-02,7.621077253673e-03,2.776272475564e-01,-8.628398923854e-03,-3.133907977479e-01,-4.075364371180e-02,-1.447338674641e+00,-4.078781942182e-02,-1.448289897786e+00
5.625780136978e-02,7.705532104519e-03,2.792424221887e-01,-8.723730132384e-03,-3.151942755600e-01,-4.119380920055e-02,-1.454979047723e+00,-4.122827334790e-02,-1.455929692866e+00
5.656112135805e-02,7.790477121469e-03,2.808592541710e-01,-8.819608608068e-03,-3.169993113693e-01,-4.163629165532e-02,-1.462616045847e+00,-4.167104405145e-02,-1.463566025758e+00
5.686444134631e-02,7.875912808057e-03,2.824777489506e-01,-8.916034824188e-03,-3.188059098515e-01,-4.208109004950e-02,-1.470249649723e+00,-4.211613047937e-02,-1.471198876860e+00
5.716776133458e-02,7.961839669461e-03,2.840979119195e-01,-9.013009255433e-03,-3.206140756231e-01,-4.252820335062e-02,-1.477879840049e+00,-4.256353157256e-02,-1.478828226560e+00
5.747108132285e-02,8.048258212484e-03,2.857197484138e-01,-9.110532377886e-03,-3.224238132414e-01,-4.297763052036e-02,-1.485506597505e+00,-4.301324626602e-02,-1.486454055232e+00
5.777440131111e-02,8.135168945541e-03,2.873432637134e-01,-9.208604669000e-03,-3.242351272042e-01,-4.342937051451e-02,-1.493129902758e+00,-4.346527348877e-02,-1.494076343241e+00
5.807772129938e-02,8.222572378639e-03,2.889684630418e-01,-9.307226607585e-03,-3.260480219490e-01,-4.388342228303e-02,-1.500749736460e+00,-4.391961216386e-02,-1.501695070937e+00
5.838104128764e-02,8.310469023362e-03,2.905953515660e-01,-9.406398673788e-03,-3.278625018536e-01,-4.433978476998e-02,-1.508366079249e+00,-4.437626120842e-02,-1.509310218661e+00
5.868436127591e-02,8.398859392851e-03,2.922239343956e-01,-9.506121349075e-03,-3.296785712349e-01,-4.479845691357e-02,-1.515978911748e+00,-4.483521953357e-02,-1.516921766738e+00
5.898768126417e-02,8.487744001790e-03,2.938542165835e-01,-9.606395116210e-03,-3.314962343492e-01,-4.525943764612e-02,-1.523588214566e+00,-4.529648604448e-02,-1.524529695487e+00
5.929100125244e-02,8.577123366385e-03,2.954862031246e-01,-9.707220459242e-03,-3.333154953919e-01,-4.572272589405e-02,-1.531193968294e+00,-4.576005964036e-02,-1.532133985209e+00
5.959432124070e-02,8.666998004350e-03,2.971198989563e-01,-9.808597863481e-03,-3.351363584968e-01,-4.618832057791e-02,-1.538796153514e+00,-4.622593921443e-02,-1.539734616197e+00
5.989764122897e-02,8.757368434886e-03,2.987553089580e-01,-9.910527815482e-03,-3.369588277363e-01,-4.665622061235e-02,-1.546394750789e+00,-4.669412365392e-02,-1.547331568731e+00
6.020096121724e-02,8.848235178667e-03,3.003924379507e-01,-1.001301080303e-02,-3.387829071208e-01,-4.712642490614e-02,-1.553989740668e+00,-4.716461184010e-02,-1.554924823080e+00
6.050428120550e-02,8.939598757819e-03,3.020312906966e-01,-1.011604731510e-02,-3.406086005986e-01,-4.759893236211e-02,-1.561581103688e+00,-4.763740264824e-02,-1.562514359500e+00
6.080760119377e-02,9.031459695904e-03,3.036718718993e-01,-1.021963784188e-02,-3.424359120557e-01,-4.807374187722e-02,-1.569168820368e+00,-4.811249494762e-02,-1.570100158236e+00
6.111092118203e-02,9.123818517903e-03,3.053141862032e-01,-1.032378287472e-02,-3.442648453150e-01,-4.855085234251e-02,-1.576752871215e+00,-4.858988760153e-02,-1.577682199522e+00
6.141424117030e-02,9.216675750195e-03,3.069582381932e-01,-1.042848290610e-02,-3.460954041369e-01,-4.903026264309e-02,-1.584333236720e+00,-4.906957946726e-02,-1.585260463578e+00
6.171756115856e-02,9.310031920540e-03,3.086040323948e-01,-1.053373842965e-02,-3.479275922181e-01,-4.951197165817e-02,-1.591909897359e+00,-4.955156939610e-02,-1.592834930615e+00
6.202088114683e-02,9.403887558065e-03,3.102515732733e-01,-1.063954994012e-02,-3.497614131920e-01,-4.999597826103e-02,-1.599482833596e+00,-5.003585623333e-02,-1.600405580831e+00
6.232420113509e-02,9.498243193239e-03,3.119008652338e-01,-1.074591793333e-02,-3.515968706282e-01,-5.048228131900e-02,-1.607052025878e+00,-5.052243881823e-02,-1.607972394413e+00
6.262752112336e-02,9.593099357859e-03,3.135519126212e-01,-1.085284290618e-02,-3.534339680321e-01,-5.097087969351e-02,-1.614617454639e+00,-5.101131598406e-02,-1.615535351535e+00
6.293084111163e-02,9.688456585030e-03,3.152047197193e-01,-1.096032535664e-02,-3.552727088448e-01,-5.146177224004e-02,-1.622179100297e+00,-5.150248655809e-02,-1.623094432363e+00
6.323416109989e-02,9.784315409150e-03,3.168592907511e-01,-1.106836578369e-02,-3.571130964427e-01,-5.195495780813e-02,-1.629736943257e+00,-5.199594936153e-02,-1.630649617047e+00
6.353748108816e-02,9.880676365885e-03,3.185156298784e-01,-1.117696468734e-02,-3.589551341374e-01,-5.245043524136e-02,-1.637290963909e+00,-5.249170320960e-02,-1.638200885729e+00
6.384080107642e-02,9.977539992155e-03,3.201737412013e-01,-1.128612256858e-02,-3.607988251752e-01,-5.294820337738e-02,-1.644841142629e+00,-5.298974691149e-02,-1.645748218538e+00
6.414412106469e-02,1.007490682612e-02,3.218336287584e-01,-1.139583992940e-02,-3.626441727371e-01,-5.344826104788e-02,-1.652387459777e+00,-5.349007927034e-02,-1.653291595593e+00
6.444744105295e-02,1.017277740714e-02,3.234952965258e-01,-1.150611727272e-02,-3.644911799384e-01,-5.395060707857e-02,-1.659929895701e+00,-5.399269908329e-02,-1.660830996999e+00
6.475076104122e-02,1.027115227579e-02,3.251587484177e-01,-1.161695510241e-02,-3.663398498282e-01,-5.445524028924e-02,-1.667468430733e+00,-5.449760514142e-02,-1.668366402854e+00
6.505408102948e-02,1.037003197381e-02,3.268239882855e-01,-1.172835392324e-02,-3.681901853896e-01,-5.496215949367e-02,-1.675003045191e+00,-5.500479622978e-02,-1.675897793241e+00
6.535740101775e-02,1.046941704411e-02,3.284910199178e-01,-1.184031424089e-02,-3.700421895391e-01,-5.547136349968e-02,-1.682533719380e+00,-5.551427112737e-02,-1.683425148233e+00
6.566072100602e-02,1.056930803073e-02,3.301598470403e-01,-1.195283656191e-02,-3.718958651263e-01,-5.598285110913e-02,-1.690060433590e+00,-5.602602860716e-02,-1.690948447892e+00
6.596404099428e-02,1.066970547883e-02,3.318304733150e-01,-1.206592139370e-02,-3.737512149340e-01,-5.649662111789e-02,-1.697583168095e+00,-5.654006743606e-02,-1.698467672270e+00
6.626736098255e-02,1.077060993468e-02,3.335029023405e-01,-1.217956924449e-02,-3.756082416776e-01,-5.701267231583e-02,-1.705101903158e+00,-5.705638637492e-02,-1.705982801407e+00
6.657068097081e-02,1.087202194562e-02,3.351771376516e-01,-1.229378062334e-02,-3.774669480049e-01,-5.753100348685e-02,-1.712616619025e+00,-5.757498417855e-02,-1.713493815332e+00
6.687400095908e-02,1.097394206007e-02,3.368531827188e-01,-1.240855604009e-02,-3.793273364958e-01,-5.805161340885e-02,-1.720127295930e+00,-5.809585959570e-02,-1.721000694062e+00
6.717732094734e-02,1.107637082746e-02,3.385310409483e-01,-1.252389600535e-02,-3.811894096623e-01,-5.857450085374e-02,-1.727633914092e+00,-5.861901136903e-02,-1.728503417606e+00
6.748064093561e-02,1.117930879829e-02,3.402107156818e-01,-1.263980103049e-02,-3.830531699479e-01,-5.909966458740e-02,-1.735136453717e+00,-5.914443823518e-02,-1.736001965960e+00
6.778396092387e-02,1.128275652403e-02,3.418922101957e-01,-1.275627162760e-02,-3.849186197276e-01,-5.962710336974e-02,-1.742634894994e+00,-5.967213892468e-02,-1.743496319109e+00
6.808728091214e-02,1.138671455714e-02,3.435755277018e-01,-1.287330830950e-02,-3.867857613074e-01,-6.015681595464e-02,-1.750129218102e+00,-6.020211216200e-02,-1.750986457030e+00
6.839060090040e-02,1.149118345104e-02,3.452606713461e-01,-1.299091158968e-02,-3.886545969243e-01,-6.068880108997e-02,-1.757619403203e+00,-6.073435666556e-02,-1.758472359686e+00
6.869392088867e-02,1.159616376012e-02,3.469476442090e-01,-1.310908198231e-02,-3.905251287460e-01,-6.122305751757e-02,-1.765105430448e+00,-6.126887114765e-02,-1.765954007031e+00
6.899724087694e-02,1.170165603966e-02,3.486364493052e-01,-1.322782000218e-02,-3.923973588704e-01,-6.175958397328e-02,-1.772587279972e+00,-6.180565431453e-02,-1.773431379009e+00
6.930056086520e-02,1.180766084587e-02,3.503270895831e-01,-1.334712616475e-02,-3.942712893255e-01,-6.229837918689e-02,-1.780064931897e+00,-6.234470486635e-02,-1.780904455553e+00
6.960388085347e-02,1.191417873582e-02,3.520195679247e-01,-1.346700098606e-02,-3.961469220693e-01,-6.283944188216e-02,-1.787538366331e+00,-6.288602149716e-02,-1.788373216585e+00
6.990720084173e-02,1.202121026748e-02,3.537138871454e-01,-1.358744498272e-02,-3.980242589894e-01,-6.338277077684e-02,-1.795007563368e+00,-6.342960289495e-02,-1.795837642018e+00
7.021052083000e-02,1.212875599962e-02,3.554100499936e-01,-1.370845867192e-02,-3.999033019026e-01,-6.392836458261e-02,-1.802472503090e+00,-6.397544774159e-02,-1.803297711755e+00
7.051384081826e-02,1.223681649188e-02,3.571080591507e-01,-1.383004257139e-02,-4.017840525550e-01,-6.447622200513e-02,-1.809933165564e+00,-6.452355471285e-02,-1.810753405686e+00
7.081716080653e-02,1.234539230465e-02,3.588079172307e-01,-1.395219719938e-02,-4.036665126215e-01,-6.502634174398e-02,-1.817389530843e+00,-6.507392247843e-02,-1.818204703695e+00
7.112048079479e-02,1.245448399916e-02,3.605096267797e-01,-1.407492307463e-02,-4.055506837054e-01,-6.557872249272e-02,-1.824841578969e+00,-6.562654970189e-02,-1.825651585652e+00
7.142380078306e-02,1.256409213735e-02,3.622131902762e-01,-1.419822071635e-02,-4.074365673388e-01,-6.613336293885e-02,-1.832289289968e+00,-6.618143504071e-02,-1.833094031420e+00
7.172712077133e-02,1.267421728194e-02,3.639186101305e-01,-1.432209064422e-02,-4.093241649816e-01,-6.669026176379e-02,-1.839732643855e+00,-6.673857714624e-02,-1.840532020850e+00
7.203044075959e-02,1.278485999635e-02,3.656258886846e-01,-1.444653337835e-02,-4.112134780215e-01,-6.724941764291e-02,-1.847171620628e+00,-6.729797466374e-02,-1.847965533785e+00
7.233376074786e-02,1.289602084471e-02,3.673350282116e-01,-1.457154943924e-02,-4.131045077742e-01,-6.781082924551e-02,-1.854606200276e+00,-6.785962623233e-02,-1.855394550057e+00
7.263708073612e-02,1.300770039181e-02,3.690460309161e-01,-1.469713934779e-02,-4.149972554823e-01,-6.837449523481e-02,-1.862036362773e+00,-6.842353048502e-02,-1.862819049489e+00
7.294040072439e-02,1.311989920313e-02,3.707588989333e-01,-1.482330362528e-02,-4.168917223160e-01,-6.894041426798e-02,-1.869462088079e+00,-6.898968604870e-02,-1.870239011895e+00
7.324372071265e-02,1.323261784477e-02,3.724736343293e-01,-1.495004279332e-02,-4.187879093721e-01,-6.950858499607e-02,-1.876883356143e+00,-6.955809154415e-02,-1.877654417077e+00
7.354704070092e-02,1.334585688343e-02,3.741902391006e-01,-1.507735737384e-02,-4.206858176743e-01,-7.007900606407e-02,-1.884300146899e+00,-7.012874558600e-02,-1.885065244830e+00
7.385036068918e-02,1.345961688644e-02,3.759087151737e-01,-1.520524788907e-02,-4.225854481724e-01,-7.065167611089e-02,-1.891712440270e+00,-7.070164678276e-02,-1.892471474939e+00
7.415368067745e-02,1.357389842167e-02,3.776290644053e-01,-1.533371486152e-02,-4.244868017427e-01,-7.122659376932e-02,-1.899120216164e+00,-7.127679373680e-02,-1.899873087180e+00
7.445700066572e-02,1.368870205756e-02,3.793512885815e-01,-1.546275881396e-02,-4.263898791873e-01,-7.180375766608e-02,-1.906523454478e+00,-7.185418504436e-02,-1.907270061320e+00
7.476032065398e-02,1.380402836308e-02,3.810753894182e-01,-1.559238026938e-02,-4.282946812340e-01,-7.238316642178e-02,-1.913922135096e+00,-7.243381929555e-02,-1.914662377114e+00
7.506364064225e-02,1.391987790772e-02,3.828013685605e-01,-1.572257975099e-02,-4.302012085363e-01,-7.296481865092e-02,-1.921316237889e+00,-7.301569507432e-02,-1.922050014313e+00
7.536696063051e-02,1.403625126142e-02,3.845292275822e-01,-1.585335778217e-02,-4.321094616725e-01,-7.354871296191e-02,-1.928705742715e+00,-7.359981095850e-02,-1.929432952656e+00
7.567028061878e-02,1.415314899464e-02,3.862589679863e-01,-1.598471488649e-02,-4.340194411464e-01,-7.413484795704e-02,-1.936090629421e+00,-7.418616551974e-02,-1.936811171873e+00
7.597360060704e-02,1.427057167825e-02,3.879905912041e-01,-1.611665158764e-02,-4.359311473864e-01,-7.472322223246e-02,-1.943470877840e+00,-7.477475732357e-02,-1.944184651686e+00
7.627692059531e-02,1.438851988354e-02,3.897240985952e-01,-1.624916840945e-02,-4.378445807452e-01,-7.531383437825e-02,-1.950846467793e+00,-7.536558492935e-02,-1.951553371808e+00
7.658024058357e-02,1.450699418222e-02,3.914594914474e-01,-1.638226587581e-02,-4.397597415003e-01,-7.590668297834e-02,-1.958217379090e+00,-7.595864689031e-02,-1.958917311945e+00
7.688356057184e-02,1.462599514638e-02,3.931967709764e-01,-1.651594451072e-02,-4.416766298529e-01,-7.650176661052e-02,-1.965583591527e+00,-7.655394175349e-02,-1.966276451792e+00
7.718688056010e-02,1.474552334844e-02,3.949359383255e-01,-1.665020483820e-02,-4.435952459283e-01,-7.709908384648e-02,-1.972945084889e+00,-7.715146805979e-02,-1.973630771038e+00
7.749020054837e-02,1.486557936120e-02,3.966769945652e-01,-1.678504738233e-02,-4.455155897753e-01,-7.769863325175e-02,-1.980301838949e+00,-7.775122434394e-02,-1.980980249362e+00
7.779352053664e-02,1.498616375774e-02,3.984199406934e-01,-1.692047266716e-02,-4.474376613663e-01,-7.830041338575e-02,-1.987653833468e+00,-7.835320913451e-02,-1.988324866436e+00
7.809684052490e-02,1.510727711143e-02,4.001647776350e-01,-1.705648121673e-02,-4.493614605968e-01,-7.890442280173e-02,-1.995001048195e+00,-7.895742095391e-02,-1.995664601923e+00
7.840016051317e-02,1.522891999594e-02,4.019115062415e-01,-1.719307355505e-02,-4.512869872853e-01,-7.951066004683e-02,-2.002343462866e+00,-7.956385831836e-02,-2.002999435478e+00
7.870348050143e-02,1.535109298516e-02,4.036601272909e-01,-1.733025020606e-02,-4.532142411730e-01,-8.011912366200e-02,-2.009681057208e+00,-8.017251973792e-02,-2.010329346750e+00
7.900680048970e-02,1.547379665320e-02,4.054106414877e-01,-1.746801169358e-02,-4.551432219237e-01,-8.072981218208e-02,-2.017013810935e+00,-8.078340371649e-02,-2.017654315378e+00
7.931012047796e-02,1.559703157440e-02,4.071630494621e-01,-1.760635854135e-02,-4.570739291235e-01,-8.134272413573e-02,-2.024341703748e+00,-8.139650875176e-02,-2.024974320995e+00
7.961344046623e-02,1.572079832327e-02,4.089173517706e-01,-1.774529127297e-02,-4.590063622807e-01,-8.195785804545e-02,-2.031664715340e+00,-8.201183333527e-02,-2.032289343225e+00
7.991676045449e-02,1.584509747445e-02,4.106735488950e-01,-1.788481041187e-02,-4.609405208254e-01,-8.257521242759e-02,-2.038982825389e+00,-8.262937595237e-02,-2.039599361685e+00
8.022008044276e-02,1.596992960276e-02,4.124316412427e-01,-1.802491648128e-02,-4.628764041093e-01,-8.319478579234e-02,-2.046296013564e+00,-8.324913508221e-02,-2.046904355985e+00
8.052340043103e-02,1.609529528310e-02,4.141916291461e-01,-1.816561000426e-02,-4.648140114058e-01,-8.381657664370e-02,-2.053604259523e+00,-8.387110919779e-02,-2.054204305728e+00
8.082672041929e-02,1.622119509046e-02,4.159535128629e-01,-1.830689150360e-02,-4.667533419095e-01,-8.444058347951e-02,-2.060907542912e+00,-8.449529676588e-02,-2.061499190510e+00
8.113004040756e-02,1.634762959993e-02,4.177172925753e-01,-1.844876150185e-02,-4.686943947358e-01,-8.506680479145e-02,-2.068205843366e+00,-8.512169624709e-02,-2.068788989918e+00
8.143336039582e-02,1.647459938659e-02,4.194829683903e-01,-1.859122052128e-02,-4.706371689211e-01,-8.569523906499e-02,-2.075499140510e+00,-8.575030609583e-02,-2.076073683536e+00
8.173668038409e-02,1.660210502559e-02,4.212505403389e-01,-1.873426908386e-02,-4.725816634227e-01,-8.632588477945e-02,-2.082787413957e+00,-8.638112476030e-02,-2.083353250937e+00
8.204000037235e-02,1.673014709206e-02,4.230200083767e-01,-1.887790771122e-02,-4.745278771178e-01,-8.695874040793e-02,-2.090070643311e+00,-8.701415068254e-02,-2.090627671690e+00
8.234332036062e-02,1.685872616109e-02,4.247913723828e-01,-1.902213692465e-02,-4.764758088044e-01,-8.759380441737e-02,-2.097348808165e+00,-8.764938229835e-02,-2.097896925356e+00
8.264664034888e-02,1.698784280774e-02,4.265646321604e-01,-1.916695724505e-02,-4.784254571999e-01,-8.823107526851e-02,-2.104621888101e+00,-8.828681803736e-02,-2.105160991492e+00
8.294996033715e-02,1.711749760700e-02,4.283397874360e-01,-1.931236919293e-02,-4.803768209421e-01,-8.887055141590e-02,-2.111889862690e+00,-8.892645632298e-02,-2.112419849645e+00
8.325328032542e-02,1.724769113376e-02,4.301168378595e-01,-1.945837328836e-02,-4.823298985880e-01,-8.951223130787e-02,-2.119152711494e+00,-8.956829557243e-02,-2.119673479359e+00
8.355660031368e-02,1.737842396278e-02,4.318957830038e-01,-1.960497005098e-02,-4.842846886143e-01,-9.015611338659e-02,-2.126410414065e+00,-9.021233419670e-02,-2.126921860170e+00
8.385992030195e-02,1.750969666870e-02,4.336766223648e-01,-1.975215999995e-02,-4.862411894167e-01,-9.080219608798e-02,-2.133662949944e+00,-9.085857060061e-02,-2.134164971609e+00
8.416324029021e-02,1.764150982598e-02,4.354593553612e-01,-1.989994365392e-02,-4.881993993101e-01,-9.145047784178e-02,-2.140910298663e+00,-9.150700318274e-02,-2.141402793201e+00
8.446656027848e-02,1.777386400891e-02,4.372439813341e-01,-2.004832153102e-02,-4.901593165282e-01,-9.210095707152e-02,-2.148152439744e+00,-9.215763033546e-02,-2.148635304466e+00
8.476988026674e-02,1.790675979154e-02,4.390304995468e-01,-2.019729414885e-02,-4.921209392232e-01,-9.275363219452e-02,-2.155389352698e+00,-9.281045044494e-02,-2.155862484916e+00
8.507320025501e-02,1.804019774770e-02,4.408189091850e-01,-2.034686202441e-02,-4.940842654660e-01,-9.340850162185e-02,-2.162621017028e+00,-9.346546189113e-02,-2.163084314061e+00
8.537652024327e-02,1.817417845098e-02,4.426092093560e-01,-2.049702567411e-02,-4.960492932454e-01,-9.406556375841e-02,-2.169847412228e+00,-9.412266304777e-02,-2.170300771403e+00
8.567984023154e-02,1.830870247465e-02,4.444013990891e-01,-2.064778561376e-02,-4.980160204687e-01,-9.472481700286e-02,-2.177068517782e+00,-9.478205228237e-02,-2.177511836440e+00
8.598316021980e-02,1.844377039170e-02,4.461954773350e-01,-2.079914235849e-02,-4.999844449607e-01,-9.538625974761e-02,-2.184284313163e+00,-9.544362795622e-02,-2.184717488665e+00
8.628648020807e-02,1.857938277479e-02,4.479914429657e-01,-2.095109642278e-02,-5.019545644642e-01,-9.604989037888e-02,-2.191494777837e+00,-9.610738842440e-02,-2.191917707566e+00
8.658980019634e-02,1.871554019621e-02,4.497892947744e-01,-2.110364832040e-02,-5.039263766393e-01,-9.671570727663e-02,-2.198699891261e+00,-9.677333203576e-02,-2.199112472625e+00
8.689312018460e-02,1.885224322788e-02,4.515890314752e-01,-2.125679856442e-02,-5.058998790635e-01,-9.738370881462e-02,-2.205899632883e+00,-9.744145713294e-02,-2.206301763322e+00
8.719644017287e-02,1.898949244132e-02,4.533906517030e-01,-2.141054766713e-02,-5.078750692315e-01,-9.805389336035e-02,-2.213093982141e+00,-9.811176205233e-02,-2.213485559129e+00
8.749976016113e-02,1.912728840762e-02,4.551941540134e-01,-2.156489614007e-02,-5.098519445549e-01,-9.872625927508e-02,-2.220282918466e+00,-9.878424512411e-02,-2.220663839517e+00
8.780308014940e-02,1.926563169743e-02,4.569995368822e-01,-2.171984449397e-02,-5.118305023621e-01,-9.940080491385e-02,-2.227466421279e+00,-9.945890467224e-02,-2.227836583950e+00
8.810640013766e-02,1.940452288091e-02,4.588067987055e-01,-2.187539323876e-02,-5.138107398981e-01,-1.000775286254e-01,-2.234644469994e+00,-1.001357390144e-01,-2.235003771891e+00
8.840972012593e-02,1.954396252774e-02,4.606159377994e-01,-2.203154288348e-02,-5.157926543245e-01,-1.007564287524e-01,-2.241817044016e+00,-1.008147464621e-01,-2.242165382795e+00
8.871304011419e-02,1.968395120705e-02,4.624269523999e-01,-2.218829393635e-02,-5.177762427190e-01,-1.014375036310e-01,-2.248984122742e+00,-1.014959253207e-01,-2.249321396117e+00
8.901636010246e-02,1.982448948745e-02,4.642398406626e-01,-2.234564690463e-02,-5.197615020754e-01,-1.021207515913e-01,-2.256145685561e+00,-1.021792738891e-01,-2.256471791306e+00
8.931968009073e-02,1.996557793696e-02,4.660546006626e-01,-2.250360229472e-02,-5.217484293036e-01,-1.028061709571e-01,-2.263301711855e+00,-1.028647904600e-01,-2.263616547809e+00
8.962300007899e-02,2.010721712302e-02,4.678712303944e-01,-2.266216061201e-02,-5.237370212289e-01,-1.034937600459e-01,-2.270452180998e+00,-1.035524733202e-01,-2.270755645068e+00
8.992632006726e-02,2.024940761243e-02,4.696897277715e-01,-2.282132236096e-02,-5.257272745926e-01,-1.041835171689e-01,-2.277597072354e+00,-1.042423207499e-01,-2.277889062524e+00
9.022964005552e-02,2.039214997137e-02,4.715100906264e-01,-2.298108804500e-02,-5.277191860512e-01,-1.048754406313e-01,-2.284736365284e+00,-1.049343310231e-01,-2.285016779611e+00
9.053296004379e-02,2.053544476532e-02,4.733323167105e-01,-2.314145816654e-02,-5.297127521765e-01,-1.055695287318e-01,-2.291870039137e+00,-1.056285024078e-01,-2.292138775765e+00
9.083628003205e-02,2.067929255909e-02,4.751564036936e-01,-2.330243322696e-02,-5.317079694554e-01,-1.062657797627e-01,-2.298998073259e+00,-1.063248331655e-01,-2.299255030415e+00
9.113960002032e-02,2.082369391677e-02,4.769823491641e-01,-2.346401372652e-02,-5.337048342898e-01,-1.069641920105e-01,-2.306120446985e+00,-1.070233215516e-01,-2.306365522991e+00
9.144292000858e-02,2.096864940168e-02,4.788101506287e-01,-2.362620016442e-02,-5.357033429963e-01,-1.076647637550e-01,-2.313237139647e+00,-1.077239658152e-01,-2.313470232917e+00
9.174623999685e-02,2.111415957640e-02,4.806398055120e-01,-2.378899303869e-02,-5.377034918061e-01,-1.083674932699e-01,-2.320348130568e+00,-1.084267641993e-01,-2.320569139617e+00
9.204955998512e-02,2.126022500270e-02,4.824713111568e-01,-2.395239284622e-02,-5.397052768651e-01,-1.090723788226e-01,-2.327453399064e+00,-1.091317149404e-01,-2.327662222513e+00
9.235287997338e-02,2.140684624154e-02,4.843046648236e-01,-2.411640008273e-02,-5.417086942332e-01,-1.097794186743e-01,-2.334552924446e+00,-1.098388162690e-01,-2.334749461022e+00
9.265619996165e-02,2.155402385304e-02,4.861398636904e-01,-2.428101524272e-02,-5.437137398848e-01,-1.104886110798e-01,-2.341646686018e+00,-1.105480664092e-01,-2.341830834564e+00
9.295951994991e-02,2.170175839645e-02,4.879769048527e-01,-2.444623881946e-02,-5.457204097079e-01,-1.111999542876e-01,-2.348734663078e+00,-1.112594635789e-01,-2.348906322552e+00
9.326283993818e-02,2.185005043010e-02,4.898157853235e-01,-2.461207130495e-02,-5.477286995048e-01,-1.119134465402e-01,-2.355816834917e+00,-1.119730059898e-01,-2.355975904402e+00
9.356615992644e-02,2.199890051144e-02,4.916565020327e-01,-2.477851318991e-02,-5.497386049912e-01,-1.126290860735e-01,-2.362893180821e+00,-1.126886918474e-01,-2.363039559526e+00
9.386947991471e-02,2.214830919696e-02,4.934990518271e-01,-2.494556496375e-02,-5.517501217966e-01,-1.133468711173e-01,-2.369963680072e+00,-1.134065193508e-01,-2.370097267335e+00
9.417279990297e-02,2.229827704218e-02,4.953434314707e-01,-2.511322711454e-02,-5.537632454637e-01,-1.140667998949e-01,-2.377028311942e+00,-1.141264866929e-01,-2.377149007239e+00
9.447611989124e-02,2.244880460162e-02,4.971896376439e-01,-2.528150012899e-02,-5.557779714489e-01,-1.147888706237e-01,-2.384087055702e+00,-1.148485920605e-01,-2.384194758649e+00
9.477943987951e-02,2.259989242878e-02,4.990376669436e-01,-2.545038449240e-02,-5.577942951212e-01,-1.155130815143e-01,-2.391139890616e+00,-1.155728336340e-01,-2.391234500972e+00
9.508275986777e-02,2.275154107614e-02,5.008875158832e-01,-2.561988068868e-02,-5.598122117630e-01,-1.162394307715e-01,-2.398186795941e+00,-1.162992095876e-01,-2.398268213618e+00
9.538607985604e-02,2.290375109509e-02,5.027391808923e-01,-2.578998920027e-02,-5.618317165696e-01,-1.169679165935e-01,-2.405227750933e+00,-1.170277180893e-01,-2.405295875993e+00
9.568939984430e-02,2.305652303591e-02,5.045926583166e-01,-2.596071050815e-02,-5.638528046488e-01,-1.176985371723e-01,-2.412262734840e+00,-1.177583573007e-01,-2.412317467505e+00
9.599271983257e-02,2.320985744779e-02,5.064479444175e-01,-2.613204509181e-02,-5.658754710213e-01,-1.184312906936e-01,-2.419291726906e+00,-1.184911253773e-01,-2.419332967561e+00
9.635751307565e-02,2.339501365217e-02,5.086816277100e-01,-2.633891671733e-02,-5.683101502426e-01,-1.193153724134e-01,-2.427737304014e+00,-1.193752191577e-01,-2.427762186563e+00
9.672230631873e-02,2.358098516404e-02,5.109179147438e-01,-2.654667691079e-02,-5.707470960048e-01,-1.202025334298e-01,-2.436174148312e+00,-1.202623862412e-01,-2.436182529214e+00
9.708709956182e-02,2.376777293195e-02,5.131567985360e-01,-2.675532649733e-02,-5.731862991472e-01,-1.210927705505e-01,-2.444602223666e+00,-1.211526233833e-01,-2.444593959690e+00
9.745189280490e-02,2.395537790187e-02,5.153982719139e-01,-2.696486629873e-02,-5.756277503129e-01,-1.219860805702e-01,-2.453021493943e+00,-1.220459273263e-01,-2.452996442178e+00
9.781668604798e-02,2.414380101713e-02,5.176423275340e-01,-2.717529713332e-02,-5.780714399671e-01,-1.228824602702e-01,-2.461431922995e+00,-1.229422947995e-01,-2.461389940861e+00
9.818147929107e-02,2.433304321833e-02,5.198889578756e-01,-2.738661981589e-02,-5.805173583910e-01,-1.237819064186e-01,-2.469833474670e+00,-1.238417225192e-01,-2.469774419924e+00
9.854627253415e-02,2.452310544332e-02,5.221381552399e-01,-2.759883515770e-02,-5.829654956811e-01,-1.246844157706e-01,-2.478226112807e+00,-1.247442071885e-01,-2.478149843557e+00
9.891106577723e-02,2.471398862708e-02,5.243899117495e-01,-2.781194396632e-02,-5.854158417485e-01,-1.255899850678e-01,-2.486609801239e+00,-1.256497454975e-01,-2.486516175949e+00
9.927585902032e-02,2.490569370172e-02,5.266442193483e-01,-2.802594704562e-02,-5.878683863192e-01,-1.264986110389e-01,-2.494984503791e+00,-1.265583341234e-01,-2.494873381297e+00
9.964065226340e-02,2.509822159635e-02,5.289010698010e-01,-2.824084519571e-02,-5.903231189330e-01,-1.274102903994e-01,-2.503350184285e+00,-1.274699697300e-01,-2.503221423800e+00
1.000054455065e-01,2.529157323704e-02,5.311604546927e-01,-2.845663921282e-02,-5.927800289440e-01,-1.283250198513e-01,-2.511706806537e+00,-1.283846489683e-01,-2.511560267662e+00
1.003702387496e-01,2.548574954678e-02,5.334223654289e-01,-2.867332988927e-02,-5.952391055199e-01,-1.292427960838e-01,-2.520054334357e+00,-1.293023684761e-01,-2.519889877090e+00
1.007350319926e-01,2.568075144538e-02,5.356867932350e-01,-2.889091801341e-02,-5.977003376421e-01,-1.301636157727e-01,-2.528392731551e+00,-1.302231248783e-01,-2.528210216301e+00
1.010998252357e-01,2.587657984941e-02,5.379537291562e-01,-2.910940436951e-02,-6.001637141050e-01,-1.310874755805e-01,-2.536721961922e+00,-1.311469147867e-01,-2.536521249514e+00
1.014646184788e-01,2.607323567216e-02,5.402231640567e-01,-2.932878973775e-02,-6.026292235160e-01,-1.320143721567e-01,-2.545041989268e+00,-1.320737348000e-01,-2.544822940955e+00
1.018294117219e-01,2.627071982353e-02,5.424950886202e-01,-2.954907489409e-02,-6.050968542952e-01,-1.329443021374e-01,-2.553352777386e+00,-1.330035815037e-01,-2.553115254859e+00
1.021942049650e-01,2.646903321000e-02,5.447694933488e-01,-2.977026061025e-02,-6.075665946754e-01,-1.338772621456e-01,-2.561654290068e+00,-1.339364514706e-01,-2.561398155465e+00
1.025589982081e-01,2.666817673456e-02,5.470463685635e-01,-2.999234765362e-02,-6.100384327015e-01,-1.348132487912e-01,-2.569946491105e+00,-1.348723412601e-01,-2.569671607025e+00
1.029237914511e-01,2.686815129662e-02,5.493257044033e-01,-3.021533678718e-02,-6.125123562305e-01,-1.357522586707e-01,-2.578229344287e+00,-1.358112474190e-01,-2.577935573793e+00
1.032885846942e-01,2.706895779198e-02,5.516074908254e-01,-3.043922876947e-02,-6.149883529312e-01,-1.366942883674e-01,-2.586502813402e+00,-1.367531664805e-01,-2.586190020036e+00
1.036533779373e-01,2.727059711271e-02,5.538917176045e-01,-3.066402435448e-02,-6.174664102842e-01,-1.376393344516e-01,-2.594766862236e+00,-1.376980949652e-01,-2.594434910030e+00
1.040181711804e-01,2.747307014715e-02,5.561783743331e-01,-3.088972429161e-02,-6.199465155813e-01,-1.385873934801e-01,-2.603021454577e+00,-1.386460293805e-01,-2.602670208059e+00
1.043829644235e-01,2.767637777980e-02,5.584674504207e-01,-3.111632932558e-02,-6.224286559256e-01,-1.395384619966e-01,-2.611266554211e+00,-1.395969662209e-01,-2.610895878419e+00
1.047477576666e-01,2.788052089126e-02,5.607589350940e-01,-3.134384019638e-02,-6.249128182313e-01,-1.404925365317e-01,-2.619502124927e+00,-1.405509019677e-01,-2.619111885415e+00
1.051125509096e-01,2.808550035817e-02,5.630528173964e-01,-3.157225763918e-02,-6.273989892235e-01,-1.414496136028e-01,-2.627728130513e+00,-1.415078330892e-01,-2.627318193365e+00
1.054773441527e-01,2.829131705312e-02,5.653490861880e-01,-3.180158238427e-02,-6.298871554379e-01,-1.424096897138e-01,-2.635944534759e+00,-1.424677560408e-01,-2.635514766598e+00
1.058421373958e-01,2.849797184464e-02,5.676477301451e-01,-3.203181515702e-02,-6.323773032206e-01,-1.433727613558e-01,-2.644151301459e+00,-1.434306672649e-01,-2.643701569455e+00
1.062069306389e-01,2.870546559706e-02,5.699487377601e-01,-3.226295667777e-02,-6.348694187284e-01,-1.443388250063e-01,-2.652348394406e+00,-1.443965631908e-01,-2.651878566290e+00
1.065717238820e-01,2.891379917050e-02,5.722520973416e-01,-3.249500766175e-02,-6.373634879279e-01,-1.453078771299e-01,-2.660535777400e+00,-1.453654402347e-01,-2.660045721470e+00
1.069365171251e-01,2.912297342079e-02,5.745577970136e-01,-3.272796881909e-02,-6.398594965960e-01,-1.462799141778e-01,-2.668713414241e+00,-1.463372948001e-01,-2.668202999377e+00
1.073013103681e-01,2.933298919935e-02,5.768658247160e-01,-3.296184085464e-02,-6.423574303194e-01,-1.472549325881e-01,-2.676881268736e+00,-1.473121232773e-01,-2.676350364405e+00
1.076661036112e-01,2.954384735322e-02,5.791761682036e-01,-3.319662446800e-02,-6.448572744947e-01,-1.482329287857e-01,-2.685039304694e+00,-1.482899220437e-01,-2.684487780964e+00
1.080308968543e-01,2.975554872491e-02,5.814888150469e-01,-3.343232035338e-02,-6.473590143279e-01,-1.492138991821e-01,-2.693187485931e+00,-1.492706874636e-01,-2.692615213481e+00
1.083956900974e-01,2.996809415236e-02,5.838037526309e-01,-3.366892919958e-02,-6.498626348348e-01,-1.501978401760e-01,-2.701325776267e+00,-1.502544158884e-01,-2.700732626396e+00
1.087604833405e-01,3.018148446889e-02,5.861209681557e-01,-3.390645168988e-02,-6.523681208403e-01,-1.511847481526e-01,-2.709454139530e+00,-1.512411036565e-01,-2.708839984166e+00
1.091252765836e-01,3.039572050311e-02,5.884404486361e-01,-3.414488850201e-02,-6.548754569789e-01,-1.521746194839e-01,-2.717572539553e+00,-1.522307470935e-01,-2.716937251266e+00
1.094900698266e-01,3.061080307885e-02,5.907621809011e-01,-3.438424030803e-02,-6.573846276941e-01,-1.531674505288e-01,-2.725680940176e+00,-1.532233425118e-01,-2.725024392188e+00
1.098548630697e-01,3.082673301511e-02,5.930861515945e-01,-3.462450777433e-02,-6.598956172384e-01,-1.541632376330e-01,-2.733779305248e+00,-1.542188862110e-01,-2.733101371441e+00
1.102196563128e-01,3.104351112599e-02,5.954123471740e-01,-3.486569156149e-02,-6.624084096736e-01,-1.551619771290e-01,-2.741867598624e+00,-1.552173744778e-01,-2.741168153553e+00
1.105844495559e-01,3.126113822061e-02,5.977407539113e-01,-3.510779232425e-02,-6.649229888703e-01,-1.561636653361e-01,-2.749945784169e+00,-1.562188035858e-01,-2.749224703071e+00
1.109492427990e-01,3.147961510305e-02,6.000713578925e-01,-3.535081071144e-02,-6.674393385079e-01,-1.571682985606e-01,-2.758013825757e+00,-1.572231697958e-01,-2.757270984562e+00
1.113140360421e-01,3.169894257226e-02,6.024041450170e-01,-3.559474736588e-02,-6.699574420746e-01,-1.581758730953e-01,-2.766071687271e+00,-1.582304693555e-01,-2.765306962613e+00
1.116788292851e-01,3.191912142205e-02,6.047391009981e-01,-3.583960292434e-02,-6.724772828673e-01,-1.591863852200e-01,-2.774119332607e+00,-1.592406985000e-01,-2.773332601830e+00
1.120436225282e-01,3.214015244096e-02,6.070762113630e-01,-3.608537801749e-02,-6.749988439917e-01,-1.601998312014e-01,-2.782156725667e+00,-1.602538534512e-01,-2.781347866841e+00
1.124084157713e-01,3.236203641222e-02,6.094154614518e-01,-3.633207326977e-02,-6.775221083622e-01,-1.612162072929e-01,-2.790183830367e+00,-1.612699304183e-01,-2.789352722296e+00
1.127732090144e-01,3.258477411367e-02,6.117568364185e-01,-3.657968929935e-02,-6.800470587015e-01,-1.622355097348e-01,-2.798200610636e+00,-1.622889255975e-01,-2.797347132868e+00
1.131380022575e-01,3.280836631772e-02,6.141003212302e-01,-3.682822671808e-02,-6.825736775411e-01,-1.632577347542e-01,-2.806207030413e+00,-1.633108351720e-01,-2.805331063251e+00
1.135027955006e-01,3.303281379124e-02,6.164459006671e-01,-3.707768613140e-02,-6.851019472210e-01,-1.642828785653e-01,-2.814203053651e+00,-1.643356553124e-01,-2.813304478162e+00
1.138675887436e-01,3.325811729554e-02,6.187935593229e-01,-3.732806813827e-02,-6.876318498897e-01,-1.653109373687e-01,-2.822188644316e+00,-1.653633821763e-01,-2.821267342344e+00
1.142323819867e-01,3.348427758625e-02,6.211432816040e-01,-3.757937333110e-02,-6.901633675043e-01,-1.663419073521e-01,-2.830163766388e+00,-1.663940119084e-01,-2.829219620563e+00
1.145971752298e-01,3.371129541329e-02,6.234950517300e-01,-3.783160229568e-02,-6.926964818304e-01,-1.673757846902e-01,-2.838128383861e+00,-1.674275406406e-01,-2.837161277609e+00
1.149619684729e-01,3.393917152079e-02,6.258488537334e-01,-3.808475561113e-02,-6.952311744421e-01,-1.684125655444e-01,-2.846082460746e+00,-1.684639644920e-01,-2.845092278299e+00
1.153267617160e-01,3.416790664702e-02,6.282046714597e-01,-3.833883384980e-02,-6.977674267219e-01,-1.694522460630e-01,-2.854025961068e+00,-1.695032795687e-01,-2.853012587477e+00
1.156915549591e-01,3.439750152431e-02,6.305624885671e-01,-3.859383757720e-02,-7.003052198613e-01,-1.704948223811e-01,-2.861958848867e+00,-1.705454819642e-01,-2.860922170009e+00
1.160563482021e-01,3.462795687902e-02,6.329222885269e-01,-3.884976735198e-02,-7.028445348599e-01,-1.715402906208e-01,-2.869881088203e+00,-1.715905677590e-01,-2.868820990794e+00
1.164211414452e-01,3.485927343143e-02,6.352840546228e-01,-3.910662372579e-02,-7.053853525262e-01,-1.725886468912e-01,-2.877792643151e+00,-1.726385330210e-01,-2.876709014755e+00
1.167859346883e-01,3.509145189569e-02,6.376477699517e-01,-3.936440724327e-02,-7.079276534775e-01,-1.736398872879e-01,-2.885693477803e+00,-1.736893738051e-01,-2.884586206843e+00
1.171507279314e-01,3.532449297974e-02,6.400134174230e-01,-3.962311844193e-02,-7.104714181396e-01,-1.746940078939e-01,-2.893583556271e+00,-1.747430861536e-01,-2.892452532040e+00
1.175155211745e-01,3.555839738527e-02,6.423809797589e-01,-3.988275785212e-02,-7.130166267471e-01,-1.757510047787e-01,-2.901462842687e+00,-1.757996660959e-01,-2.900307955356e+00
1.178803144176e-01,3.579316580762e-02,6.447504394945e-01,-4.014332599695e-02,-7.155632593437e-01,-1.768108739991e-01,-2.909331301200e+00,-1.768591096487e-01,-2.908152441831e+00
1.182451076606e-01,3.602879893573e-02,6.471217789775e-01,-4.040482339219e-02,-7.181112957818e-01,-1.778736115984e-01,-2.917188895980e+00,-1.779214128159e-01,-2.915985956537e+00
1.186099009037e-01,3.626529745207e-02,6.494949803685e-01,-4.066725054626e-02,-7.206607157230e-01,-1.789392136071e-01,-2.925035591218e+00,-1.789865715888e-01,-2.923808464573e+00
1.189746941468e-01,3.650266203256e-02,6.518700256409e-01,-4.093060796010e-02,-7.232114986379e-01,-1.800076760427e-01,-2.932871351127e+00,-1.800545819459e-01,-2.931619931075e+00
1.193394873899e-01,3.674089334651e-02,6.542468965808e-01,-4.119489612713e-02,-7.257636238064e-01,-1.810789949095e-01,-2.940696139939e+00,-1.811254398528e-01,-2.939420321207e+00
1.197042806330e-01,3.697999205656e-02,6.566255747875e-01,-4.146011553319e-02,-7.283170703176e-01,-1.821531661987e-01,-2.948509921912e+00,-1.821991412628e-01,-2.947209600168e+00
1.200690738761e-01,3.721995881860e-02,6.590060416728e-01,-4.172626665644e-02,-7.308718170703e-01,-1.832301858887e-01,-2.956312661325e+00,-1.832756821160e-01,-2.954987733190e+00
1.204338671191e-01,3.746079428169e-02,6.613882784619e-01,-4.199334996732e-02,-7.334278427727e-01,-1.843100499447e-01,-2.964104322479e+00,-1.843550583404e-01,-2.962754685537e+00
1.207986603622e-01,3.770249908804e-02,6.637722661926e-01,-4.226136592846e-02,-7.359851259426e-01,-1.853927543188e-01,-2.971884869703e+00,-1.854372658508e-01,-2.970510422510e+00
1.211634536053e-01,3.794507387287e-02,6.661579857162e-01,-4.253031499463e-02,-7.385436449078e-01,-1.864782949504e-01,-2.979654267348e+00,-1.865223005497e-01,-2.978254909445e+00
1.215282468484e-01,3.818851926442e-02,6.685454176970e-01,-4.280019761264e-02,-7.411033778060e-01,-1.875666677656e-01,-2.987412479790e+00,-1.876101583268e-01,-2.985988111711e+00
1.218930400915e-01,3.843283588380e-02,6.709345426125e-01,-4.307101422132e-02,-7.436643025852e-01,-1.886578686776e-01,-2.995159471432e+00,-1.887008350592e-01,-2.993709994717e+00
1.222578333346e-01,3.867802434500e-02,6.733253407537e-01,-4.334276525139e-02,-7.462263970036e-01,-1.897518935867e-01,-3.002895206703e+00,-1.897943266115e-01,-3.001420523904e+00
1.226226265776e-01,3.892408525477e-02,6.757177922248e-01,-4.361545112544e-02,-7.487896386298e-01,-1.908487383802e-01,-3.010619650060e+00,-1.908906288356e-01,-3.009119664755e+00
1.229874198207e-01,3.917101921257e-02,6.781118769440e-01,-4.388907225784e-02,-7.513540048431e-01,-1.919483989323e-01,-3.018332765986e+00,-1.919897375707e-01,-3.016807382788e+00
1.233522130638e-01,3.941882681050e-02,6.805075746427e-01,-4.416362905466e-02,-7.539194728338e-01,-1.930508711045e-01,-3.026034518993e+00,-1.930916486437e-01,-3.024483643561e+00
1.237170063069e-01,3.966750863323e-02,6.829048648663e-01,-4.443912191364e-02,-7.564860196031e-01,-1.941561507450e-01,-3.033724873622e+00,-1.941963578687e-01,-3.032148412671e+00
1.240817995500e-01,3.991706525795e-02,6.853037269741e-01,-4.471555122408e-02,-7.590536219636e-01,-1.952642336895e-01,-3.041403794443e+00,-1.953038610473e-01,-3.039801655753e+00
1.244465927931e-01,4.016749725426e-02,6.877041401396e-01,-4.499291736678e-02,-7.616222565391e-01,-1.963751157605e-01,-3.049071246057e+00,-1.964141539687e-01,-3.047443338484e+00
1.248113860361e-01,4.041880518415e-02,6.901060833502e-01,-4.527122071399e-02,-7.641918997654e-01,-1.974887927676e-01,-3.056727193094e+00,-1.975272324096e-01,-3.055073426581e+00
1.251761792792e-01,4.067098960190e-02,6.925095354079e-01,-4.555046162932e-02,-7.667625278900e-01,-1.986052605076e-01,-3.064371600215e+00,-1.986430921340e-01,-3.062691885804e+00
1.255409725223e-01,4.092405105403e-02,6.949144749290e-01,-4.583064046771e-02,-7.693341169727e-01,-1.997245147644e-01,-3.072004432116e+00,-1.997617288935e-01,-3.070298681952e+00
1.259057657654e-01,4.117799007922e-02,6.973208803448e-01,-4.611175757529e-02,-7.719066428856e-01,-2.008465513090e-01,-3.079625653521e+00,-2.008831384273e-01,-3.077893780869e+00
1.262705590085e-01,4.143280720826e-02,6.997287299011e-01,-4.639381328938e-02,-7.744800813135e-01,-2.019713658996e-01,-3.087235229191e+00,-2.020073164621e-01,-3.085477148441e+00
1.266353522516e-01,4.168850296395e-02,7.021380016589e-01,-4.667680793839e-02,-7.770544077542e-01,-2.030989542813e-01,-3.094833123917e+00,-2.031342587122e-01,-3.093048750599e+00
1.270001454946e-01,4.194507786106e-02,7.045486734945e-01,-4.696074184176e-02,-7.796295975186e-01,-2.042293121867e-01,-3.102419302527e+00,-2.042639608794e-01,-3.100608553318e+00
1.273649387377e-01,4.220253240628e-02,7.069607230995e-01,-4.724561530989e-02,-7.822056257311e-01,-2.053624353355e-01,-3.109993729883e+00,-2.053964186532e-01,-3.108156522615e+00
1.277297319808e-01,4.246086709808e-02,7.093741279813e-01,-4.753142864406e-02,-7.847824673300e-01,-2.064983194343e-01,-3.117556370880e+00,-2.065316277106e-01,-3.115692624557e+00
1.280945252239e-01,4.272008242675e-02,7.117888654630e-01,-4.781818213638e-02,-7.873600970674e-01,-2.076369601773e-01,-3.125107190453e+00,-2.076695837164e-01,-3.123216825254e+00
1.284593184670e-01,4.298017887422e-02,7.142049126838e-01,-4.810587606974e-02,-7.899384895100e-01,-2.087783532457e-01,-3.132646153572e+00,-2.088102823228e-01,-3.130729090864e+00
1.288241117101e-01,4.324115691408e-02,7.166222465993e-01,-4.839451071768e-02,-7.925176190391e-01,-2.099224943079e-01,-3.140173225242e+00,-2.099537191698e-01,-3.138229387591e+00
1.291889049531e-01,4.350301701148e-02,7.190408439817e-01,-4.868408634437e-02,-7.950974598510e-01,-2.110693790197e-01,-3.147688370509e+00,-2.110998898852e-01,-3.145717681689e+00
1.295536981962e-01,4.376575962304e-02,7.214606814197e-01,-4.897460320456e-02,-7.976779859575e-01,-2.122190030240e-01,-3.155191554456e+00,-2.122487900843e-01,-3.153193939458e+00
1.299184914393e-01,4.402938519682e-02,7.238817353195e-01,-4.926606154346e-02,-8.002591711859e-01,-2.133713619511e-01,-3.162682742204e+00,-2.134004153702e-01,-3.160658127248e+00
1.302832846824e-01,4.429389417225e-02,7.263039819043e-01,-4.955846159671e-02,-8.028409891795e-01,-2.145264514184e-01,-3.170161898917e+00,-2.145547613337e-01,-3.168110211460e+00
1.306480779255e-01,4.455928698004e-02,7.287273972150e-01,-4.985180359028e-02,-8.054234133983e-01,-2.156842670307e-01,-3.177628989795e+00,-2.157118235534e-01,-3.175550158541e+00
1.310128711686e-01,4.482556404213e-02,7.311519571103e-01,-5.014608774046e-02,-8.080064171187e-01,-2.168448043803e-01,-3.185083980082e+00,-2.168715975956e-01,-3.182977934995e+00
1.313776644116e-01,4.509272577161e-02,7.335776372673e-01,-5.044131425374e-02,-8.105899734345e-01,-2.180080590464e-01,-3.192526835063e+00,-2.180340790145e-01,-3.190393507371e+00
1.317424576547e-01,4.536077257269e-02,7.360044131814e-01,-5.073748332675e-02,-8.131740552568e-01,-2.191740265961e-01,-3.199957520063e+00,-2.191992633521e-01,-3.197796842273e+00
1.321072508978e-01,4.562970484059e-02,7.384322601667e-01,-5.103459514623e-02,-8.157586353149e-01,-2.203427025833e-01,-3.207376000451e+00,-2.203671461380e-01,-3.205187906359e+00
1.324720441409e-01,4.589952296148e-02,7.408611533566e-01,-5.133264988892e-02,-8.183436861562e-01,-2.215140825497e-01,-3.214782241641e+00,-2.215377228899e-01,-3.212566666337e+00
1.328368373840e-01,4.617022731246e-02,7.432910677038e-01,-5.163164772152e-02,-8.209291801468e-01,-2.226881620241e-01,-3.222176209089e+00,-2.227109891134e-01,-3.219933088969e+00
1.332016306271e-01,4.644181826142e-02,7.457219779806e-01,-5.193158880061e-02,-8.235150894722e-01,-2.238649365229e-01,-3.229557868295e+00,-2.238869403017e-01,-3.227287141074e+00
1.335664238701e-01,4.671429616705e-02,7.481538587797e-01,-5.223247327260e-02,-8.261013861373e-01,-2.250444015498e-01,-3.236927184806e+00,-2.250655719361e-01,-3.234628789523e+00
1.339312171132e-01,4.698766137872e-02,7.505866845141e-01,-5.253430127365e-02,-8.286880419669e-01,-2.262265525961e-01,-3.244284124213e+00,-2.262468794859e-01,-3.241958001243e+00
1.342960103563e-01,4.726191423642e-02,7.530204294175e-01,-5.283707292961e-02,-8.312750286065e-01,-2.274113851403e-01,-3.251628652155e+00,-2.274308584081e-01,-3.249274743217e+00
1.346608035994e-01,4.753705507075e-02,7.554550675448e-01,-5.314078835594e-02,-8.338623175224e-01,-2.285988946487e-01,-3.258960734317e+00,-2.286175041479e-01,-3.256578982486e+00
1.350255968425e-01,4.781308420276e-02,7.578905727725e-01,-5.344544765769e-02,-8.364498800023e-01,-2.297890765747e-01,-3.266280336431e+00,-2.298068121384e-01,-3.263870686146e+00
1.353903900855e-01,4.809000194399e-02,7.603269187990e-01,-5.375105092938e-02,-8.390376871558e-01,-2.309819263596e-01,-3.273587424279e+00,-2.309987778007e-01,-3.271149821351e+00
1.357551833286e-01,4.836780859632e-02,7.627640791451e-01,-5.405759825495e-02,-8.416257099148e-01,-2.321774394320e-01,-3.280881963690e+00,-2.321933965438e-01,-3.278416355315e+00
1.361199765717e-01,4.864650445194e-02,7.652020271540e-01,-5.436508970773e-02,-8.442139190339e-01,-2.333756112080e-01,-3.288163920544e+00,-2.333906637651e-01,-3.285670255310e+00
1.364847698148e-01,4.892608979329e-02,7.676407359923e-01,-5.467352535034e-02,-8.468022850914e-01,-2.345764370915e-01,-3.295433260770e+00,-2.345905748498e-01,-3.292911488665e+00
1.368495630579e-01,4.920656489299e-02,7.700801786501e-01,-5.498290523462e-02,-8.493907784890e-01,-2.357799124737e-01,-3.302689950347e+00,-2.357931251711e-01,-3.300140022773e+00
1.372143563010e-01,4.948793001378e-02,7.725203279414e-01,-5.529322940159e-02,-8.519793694530e-01,-2.369860327336e-01,-3.309933955307e+00,-2.369983100906e-01,-3.307355825085e+00
1.375791495440e-01,4.977018540845e-02,7.749611565046e-01,-5.560449788139e-02,-8.545680280345e-01,-2.381947932378e-01,-3.317165241734e+00,-2.382061249579e-01,-3.314558863113e+00
1.379439427871e-01,5.005333131975e-02,7.774026368029e-01,-5.591671069319e-02,-8.571567241102e-01,-2.394061893403e-01,-3.324383775761e+00,-2.394165651107e-01,-3.321749104433e+00
1.383087360302e-01,5.033736798039e-02,7.798447411249e-01,-5.622986784514e-02,-8.597454273826e-01,-2.406202163832e-01,-3.331589523579e+00,-2.406296258749e-01,-3.328926516680e+00
1.386735292733e-01,5.062229561291e-02,7.822874415850e-01,-5.654396933431e-02,-8.623341073806e-01,-2.418368696959e-01,-3.338782451429e+00,-2.418453025648e-01,-3.336091067554e+00
1.390383225164e-01,5.090811442968e-02,7.847307101235e-01,-5.685901514662e-02,-8.649227334604e-01,-2.430561445956e-01,-3.345962525608e+00,-2.430635904827e-01,-3.343242724818e+00
1.394031157595e-01,5.119482463277e-02,7.871745185077e-01,-5.717500525677e-02,-8.675112748058e-01,-2.442780363872e-01,-3.353129712468e+00,-2.442844849192e-01,-3.350381456299e+00
1.397679090025e-01,5.148242641392e-02,7.896188383320e-01,-5.749193962820e-02,-8.700997004288e-01,-2.455025403634e-01,-3.360283978415e+00,-2.455079811532e-01,-3.357507229888e+00
1.401327022456e-01,5.177091995451e-02,7.920636410185e-01,-5.780981821303e-02,-8.726879791702e-01,-2.467296518047e-01,-3.367425289914e+00,-2.467340744520e-01,-3.364620013542e+00
1.404974954887e-01,5.206030542542e-02,7.945088978175e-01,-5.812864095194e-02,-8.752760797004e-01,-2.479593659792e-01,-3.374553613483e+00,-2.479627600710e-01,-3.371719775282e+00
1.408622887318e-01,5.235058298705e-02,7.969545798078e-01,-5.844840777419e-02,-8.778639705195e-01,-2.491916781429e-01,-3.381668915701e+00,-2.491940332542e-01,-3.378806483196e+00
1.412270819749e-01,5.264175278919e-02,7.994006578977e-01,-5.876911859750e-02,-8.804516199587e-01,-2.504265835396e-01,-3.388771163202e+00,-2.504278892338e-01,-3.385880105441e+00
1.415918752180e-01,5.293381497099e-02,8.018471028251e-01,-5.909077332800e-02,-8.830389961801e-01,-2.516640774010e-01,-3.395860322681e+00,-2.516643232303e-01,-3.392940610237e+00
1.419566684610e-01,5.322676966092e-02,8.042938851583e-01,-5.941337186020e-02,-8.856260671778e-01,-2.529041549467e-01,-3.402936360890e+00,-2.529033304530e-01,-3.399987965875e+00
1.423214617041e-01,5.352061697665e-02,8.067409752962e-01,-5.973691407687e-02,-8.882128007786e-01,-2.541468113839e-01,-3.409999244642e+00,-2.541449060992e-01,-3.407022140713e+00
1.426862549472e-01,5.381535702505e-02,8.091883434694e-01,-6.006139984904e-02,-8.907991646423e-01,-2.553920419080e-01,-3.417048940811e+00,-2.553890453550e-01,-3.414043103179e+00
1.430510481903e-01,5.411098990206e-02,8.116359597401e-01,-6.038682903591e-02,-8.933851262629e-01,-2.566398417023e-01,-3.424085416330e+00,-2.566357433949e-01,-3.421050821770e+00
1.434158414334e-01,5.440751569272e-02,8.140837940035e-01,-6.071320148478e-02,-8.959706529686e-01,-2.578902059378e-01,-3.431108638195e+00,-2.578849953817e-01,-3.428045265052e+00
1.437806346765e-01,5.470493447102e-02,8.165318159875e-01,-6.104051703100e-02,-8.985557119230e-01,-2.591431297738e-01,-3.438118573464e+00,-2.591367964671e-01,-3.435026401663e+00
1.441454279195e-01,5.500324629988e-02,8.189799952539e-01,-6.136877549793e-02,-9.011402701256e-01,-2.603986083574e-01,-3.445115189258e+00,-2.603911417912e-01,-3.441994200312e+00
1.445102211626e-01,5.530245123110e-02,8.214283011988e-01,-6.169797669684e-02,-9.037242944125e-01,-2.616566368238e-01,-3.452098452760e+00,-2.616480264826e-01,-3.448948629779e+00
1.448750144057e-01,5.560254930528e-02,8.238767030532e-01,-6.202812042689e-02,-9.063077514572e-01,-2.629172102961e-01,-3.459068331219e+00,-2.629074456588e-01,-3.455889658916e+00
1.452398076488e-01,5.590354055177e-02,8.263251698837e-01,-6.235920647504e-02,-9.088906077712e-01,-2.641803238856e-01,-3.466024791947e+00,-2.641693944256e-01,-3.462817256649e+00
1.456046008919e-01,5.620542498859e-02,8.287736705930e-01,-6.269123461602e-02,-9.114728297047e-01,-2.654459726917e-01,-3.472967802320e+00,-2.654338678778e-01,-3.469731391976e+00
1.459693941350e-01,5.650820262240e-02,8.312221739205e-01,-6.302420461223e-02,-9.140543834476e-01,-2.667141518019e-01,-3.479897329784e+00,-2.667008610987e-01,-3.476632033969e+00
1.463341873780e-01,5.681187344843e-02,8.336706484433e-01,-6.335811621373e-02,-9.166352350298e-01,-2.679848562916e-01,-3.486813341847e+00,-2.679703691604e-01,-3.483519151775e+00
1.466989806211e-01,5.711643745040e-02,8.361190625765e-01,-6.369296915815e-02,-9.192153503225e-01,-2.692580812248e-01,-3.493715806086e+00,-2.692423871238e-01,-3.490392714616e+00
1.470637738642e-01,5.742189460050e-02,8.385673845739e-01,-6.402876317065e-02,-9.217946950383e-01,-2.705338216533e-01,-3.500604690144e+00,-2.705169100384e-01,-3.497252691787e+00
1.474285671073e-01,5.772824485930e-02,8.410155825287e-01,-6.436549796384e-02,-9.243732347328e-01,-2.718120726172e-01,-3.507479961735e+00,-2.717939329428e-01,-3.504099052662e+00
1.477933603504e-01,5.803548817570e-02,8.434636243745e-01,-6.470317323774e-02,-9.269509348047e-01,-2.730928291451e-01,-3.514341588638e+00,-2.730734508643e-01,-3.510931766689e+00
1.481581535935e-01,5.834362448687e-02,8.459114778854e-01,-6.504178867973e-02,-9.295277604966e-01,-2.743760862535e-01,-3.521189538703e+00,-2.743554588190e-01,-3.517750803395e+00
1.485229468365e-01,5.865265371820e-02,8.483591106772e-01,-6.538134396447e-02,-9.321036768965e-01,-2.756618389473e-01,-3.528023779851e+00,-2.756399518119e-01,-3.524556132384e+00
1.488877400796e-01,5.896257578324e-02,8.508064902078e-01,-6.572183875385e-02,-9.346786489377e-01,-2.769500822198e-01,-3.534844280071e+00,-2.769269248371e-01,-3.531347723335e+00
1.492525333227e-01,5.927339058364e-02,8.532535837781e-01,-6.606327269697e-02,-9.372526414003e-01,-2.782408110526e-01,-3.541651007425e+00,-2.782163728775e-01,-3.538125546009e+00
1.496173265658e-01,5.958509800908e-02,8.557003585327e-01,-6.640564543002e-02,-9.398256189116e-01,-2.795340204156e-01,-3.548443930044e+00,-2.795082909050e-01,-3.544889570246e+00
1.499821198089e-01,5.989769793726e-02,8.581467814606e-01,-6.674895657627e-02,-9.423975459473e-01,-2.808297052672e-01,-3.555223016135e+00,-2.808026738806e-01,-3.551639765962e+00
1.503469130520e-01,6.021119023376e-02,8.605928193958e-01,-6.709320574603e-02,-9.449683868321e-01,-2.821278605540e-01,-3.561988233973e+00,-2.820995167543e-01,-3.558376103156e+00
1.507117062950e-01,6.052557475208e-02,8.630384390183e-01,-6.743839253652e-02,-9.475381057405e-01,-2.834284812113e-01,-3.568739551911e+00,-2.833988144650e-01,-3.565098551907e+00
1.510764995381e-01,6.084085133351e-02,8.654836068548e-01,-6.778451653190e-02,-9.501066666979e-01,-2.847315621627e-01,-3.575476938371e+00,-2.847005619409e-01,-3.571807082374e+00
1.514412927812e-01,6.115701980710e-02,8.679282892793e-01,-6.813157730316e-02,-9.526740335812e-01,-2.860370983203e-01,-3.582200361853e+00,-2.860047540994e-01,-3.578501664798e+00
1.518060860243e-01,6.147407998963e-02,8.703724525141e-01,-6.847957440811e-02,-9.552401701201e-01,-2.873450845849e-01,-3.588909790931e+00,-2.873113858468e-01,-3.585182269501e+00
1.521708792674e-01,6.179203168550e-02,8.728160626305e-01,-6.882850739127e-02,-9.578050398975e-01,-2.886555158456e-01,-3.595605194254e+00,-2.886204520788e-01,-3.591848866890e+00
1.525356725105e-01,6.211087468673e-02,8.752590855496e-01,-6.917837578388e-02,-9.603686063506e-01,-2.899683869802e-01,-3.602286540547e+00,-2.899319476802e-01,-3.598501427452e+00
1.529004657535e-01,6.243060877287e-02,8.777014870428e-01,-6.952917910379e-02,-9.629308327720e-01,-2.912836928552e-01,-3.608953798611e+00,-2.912458675251e-01,-3.605139921759e+00
1.532652589966e-01,6.275123371095e-02,8.801432327334e-01,-6.988091685544e-02,-9.654916823103e-01,-2.926014283256e-01,-3.615606937326e+00,-2.925622064768e-01,-3.611764320466e+00
1.536300522397e-01,6.307274925545e-02,8.825842880967e-01,-7.023358852982e-02,-9.680511179713e-01,-2.939215882350e-01,-3.622245925649e+00,-2.938809593882e-01,-3.618374594313e+00
1.539948454828e-01,6.339515514821e-02,8.850246184609e-01,-7.058719360437e-02,-9.706091026188e-01,-2.952441674159e-01,-3.628870732614e+00,-2.952021211011e-01,-3.624970714123e+00
1.543596387259e-01,6.371845111841e-02,8.874641890083e-01,-7.094173154298e-02,-9.731655989754e-01,-2.965691606893e-01,-3.635481327335e+00,-2.965256864470e-01,-3.631552650807e+00
1.547244319690e-01,6.404263688250e-02,8.899029647759e-01,-7.129720179590e-02,-9.757205696237e-01,-2.978965628651e-01,-3.642077679004e+00,-2.978516502467e-01,-3.638120375360e+00
1.550892252120e-01,6.436771214415e-02,8.923409106564e-01,-7.165360379972e-02,-9.782739770073e-01,-2.992263687420e-01,-3.648659756895e+00,-2.991800073104e-01,-3.644673858864e+00
1.554540184551e-01,6.469367659417e-02,8.947779913990e-01,-7.201093697728e-02,-9.808257834315e-01,-3.005585731073e-01,-3.655227530361e+00,-3.005107524378e-01,-3.651213072486e+00
1.558188116982e-01,6.502052991054e-02,8.972141716099e-01,-7.236920073768e-02,-9.833759510645e-01,-3.018931707373e-01,-3.661780968836e+00,-3.018438804182e-01,-3.657737987481e+00
1.561836049413e-01,6.534827175824e-02,8.996494157541e-01,-7.272839447617e-02,-9.859244419383e-01,-3.032301563972e-01,-3.668320041836e+00,-3.031793860302e-01,-3.664248575193e+00
1.565483981844e-01,6.567690178931e-02,9.020836881553e-01,-7.308851757412e-02,-9.884712179496e-01,-3.045695248410e-01,-3.674844718957e+00,-3.045172640421e-01,-3.670744807052e+00
1.569131914275e-01,6.600641964274e-02,9.045169529974e-01,-7.344956939899e-02,-9.910162408612e-01,-3.059112708117e-01,-3.681354969880e+00,-3.058575092119e-01,-3.677226654577e+00
1.572779846705e-01,6.633682494440e-02,9.069491743253e-01,-7.381154930426e-02,-9.935594723024e-01,-3.072553890410e-01,-3.687850764369e+00,-3.072001162870e-01,-3.683694089376e+00
1.576427779136e-01,6.666811730705e-02,9.093803160457e-01,-7.417445662940e-02,-9.961008737706e-01,-3.086018742500e-01,-3.694332072269e+00,-3.085450800047e-01,-3.690147083145e+00
1.580075711567e-01,6.700029633024e-02,9.118103419282e-01,-7.453829069980e-02,-9.986404066320e-01,-3.099507211486e-01,-3.700798863511e+00,-3.098923950917e-01,-3.696585607672e+00
1.583723643998e-01,6.733336160031e-02,9.142392156059e-01,-7.490305082672e-02,-1.001178032123e+00,-3.113019244356e-01,-3.707251108112e+00,-3.112420562647e-01,-3.703009634834e+00
1.587371576429e-01,6.766731269026e-02,9.166669005770e-01,-7.526873630729e-02,-1.003713711350e+00,-3.126554787992e-01,-3.713688776170e+00,-3.125940582301e-01,-3.709419136597e+00
1.591019508860e-01,6.800214915978e-02,9.190933602048e-01,-7.563534642439e-02,-1.006247405294e+00,-3.140113789164e-01,-3.720111837871e+00,-3.139483956838e-01,-3.715814085021e+00
1.594667441290e-01,6.833787055518e-02,9.215185577198e-01,-7.600288044668e-02,-1.008779074805e+00,-3.153696194535e-01,-3.726520263489e+00,-3.153050633120e-01,-3.722194452255e+00
1.598315373721e-01,6.867447640931e-02,9.239424562195e-01,-7.637133762849e-02,-1.011308680611e+00,-3.167301950661e-01,-3.732914023381e+00,-3.166640557905e-01,-3.728560210540e+00
1.601963306152e-01,6.901196624154e-02,9.263650186705e-01,-7.674071720980e-02,-1.013836183314e+00,-3.180931003987e-01,-3.739293087992e+00,-3.180253677848e-01,-3.734911332211e+00
1.605611238583e-01,6.935033955772e-02,9.287862079085e-01,-7.711101841621e-02,-1.016361543391e+00,-3.194583300851e-01,-3.745657427857e+00,-3.193889939508e-01,-3.741247789693e+00
1.609259171014e-01,6.968959585010e-02,9.312059866400e-01,-7.748224045888e-02,-1.018884721198e+00,-3.208258787487e-01,-3.752007013596e+00,-3.207549289339e-01,-3.747569555506e+00
1.612907103445e-01,7.002973459731e-02,9.336243174430e-01,-7.785438253447e-02,-1.021405676971e+00,-3.221957410018e-01,-3.758341815919e+00,-3.221231673697e-01,-3.753876602263e+00
1.616555035875e-01,7.037075526432e-02,9.360411627681e-01,-7.822744382512e-02,-1.023924370822e+00,-3.235679114462e-01,-3.764661805626e+00,-3.234937038840e-01,-3.760168902669e+00
1.620202968306e-01,7.071265730235e-02,9.384564849393e-01,-7.860142349841e-02,-1.026440762747e+00,-3.249423846731e-01,-3.770966953603e+00,-3.248665330922e-01,-3.766446429526e+00
1.623850900737e-01,7.105544014887e-02,9.408702461556e-01,-7.897632070729e-02,-1.028954812622e+00,-3.263191552630e-01,-3.777257230830e+00,-3.262416496002e-01,-3.772709155728e+00
1.627498833168e-01,7.139910322755e-02,9.432824084913e-01,-7.935213459005e-02,-1.031466480207e+00,-3.276982177859e-01,-3.783532608376e+00,-3.276190480039e-01,-3.778957054266e+00
1.631146765599e-01,7.174364594817e-02,9.456929338976e-01,-7.972886427030e-02,-1.033975725147e+00,-3.290795668011e-01,-3.789793057399e+00,-3.289987228894e-01,-3.785190098224e+00
1.634794698030e-01,7.208906770665e-02,9.481017842035e-01,-8.010650885688e-02,-1.036482506972e+00,-3.304631968577e-01,-3.796038549152e+00,-3.303806688328e-01,-3.791408260784e+00
1.638442630460e-01,7.243536788492e-02,9.505089211167e-01,-8.048506744387e-02,-1.038986785097e+00,-3.318491024942e-01,-3.802269054977e+00,-3.317648804008e-01,-3.797611515223e+00
1.642090562891e-01,7.278254585095e-02,9.529143062249e-01,-8.086453911050e-02,-1.041488518826e+00,-3.332372782384e-01,-3.808484546309e+00,-3.331513521500e-01,-3.803799834913e+00
1.645738495322e-01,7.313060095867e-02,9.553179009969e-01,-8.124492292117e-02,-1.043987667354e+00,-3.346277186081e-01,-3.814684994676e+00,-3.345400786275e-01,-3.809973193325e+00
1.649386427753e-01,7.347953254791e-02,9.577196667834e-01,-8.162621792533e-02,-1.046484189763e+00,-3.360204181106e-01,-3.820870371700e+00,-3.359310543708e-01,-3.816131564026e+00
1.653034360184e-01,7.382933994442e-02,9.601195648183e-01,-8.200842315753e-02,-1.048978045028e+00,-3.374153712426e-01,-3.827040649096e+00,-3.373242739076e-01,-3.822274920680e+00
1.656682292615e-01,7.418002245975e-02,9.625175562200e-01,-8.239153763729e-02,-1.051469192016e+00,-3.388125724909e-01,-3.833195798671e+00,-3.387197317561e-01,-3.828403237050e+00
1.660330225045e-01,7.453157939126e-02,9.649136019922e-01,-8.277556036914e-02,-1.053957589488e+00,-3.402120163318e-01,-3.839335792330e+00,-3.401174224249e-01,-3.834516486996e+00
1.663978157476e-01,7.488401002207e-02,9.673076630251e-01,-8.316049034253e-02,-1.056443196101e+00,-3.416136972313e-01,-3.845460602072e+00,-3.415173404131e-01,-3.840614644476e+00
1.667626089907e-01,7.523731362100e-02,9.696997000965e-01,-8.354632653182e-02,-1.058925970407e+00,-3.430176096455e-01,-3.851570199990e+00,-3.429194802105e-01,-3.846697683549e+00
1.671274022338e-01,7.559148944256e-02,9.720896738733e-01,-8.393306789621e-02,-1.061405870855e+00,-3.444237480201e-01,-3.857664558273e+00,-3.443238362972e-01,-3.852765578370e+00
1.674921954769e-01,7.594653672687e-02,9.744775449120e-01,-8.432071337975e-02,-1.063882855795e+00,-3.458321067907e-01,-3.863743649208e+00,-3.457304031439e-01,-3.858818303195e+00
1.678569887200e-01,7.630245469965e-02,9.768632736604e-01,-8.470926191127e-02,-1.066356883476e+00,-3.472426803828e-01,-3.869807445177e+00,-3.471391752121e-01,-3.864855832381e+00
1.682217819630e-01,7.665924257218e-02,9.792468204587e-01,-8.509871240434e-02,-1.068827912048e+00,-3.486554632120e-01,-3.875855918660e+00,-3.485501469539e-01,-3.870878140383e+00
1.685865752061e-01,7.701689954125e-02,9.816281455404e-01,-8.548906375726e-02,-1.071295899563e+00,-3.500704496836e-01,-3.881889042234e+00,-3.499633128120e-01,-3.876885201757e+00
1.689513684492e-01,7.737542478910e-02,9.840072090336e-01,-8.588031485300e-02,-1.073760803978e+00,-3.514876341932e-01,-3.887906788574e+00,-3.513786672200e-01,-3.882876991160e+00
1.693161616923e-01,7.773481748345e-02,9.863839709623e-01,-8.627246455918e-02,-1.076222583156e+00,-3.529070111263e-01,-3.893909130453e+00,-3.527962046020e-01,-3.888853483349e+00
1.696809549354e-01,7.809507677738e-02,9.887583912476e-01,-8.666551172804e-02,-1.078681194863e+00,-3.543285748585e-01,-3.899896040743e+00,-3.542159193733e-01,-3.894814653182e+00
1.700457481785e-01,7.845620180935e-02,9.911304297087e-01,-8.705945519638e-02,-1.081136596777e+00,-3.557523197555e-01,-3.905867492415e+00,-3.556378059398e-01,-3.900760475621e+00
1.704105414215e-01,7.881819170314e-02,9.935000460643e-01,-8.745429378556e-02,-1.083588746483e+00,-3.571782401732e-01,-3.911823458541e+00,-3.570618586983e-01,-3.906690925726e+00
1.707753346646e-01,7.918104556782e-02,9.958671999338e-01,-8.785002630143e-02,-1.086037601476e+00,-3.586063304577e-01,-3.917763912289e+00,-3.584880720365e-01,-3.912605978662e+00
1.711401279077e-01,7.954476249770e-02,9.982318508384e-01,-8.824665153435e-02,-1.088483119163e+00,-3.600365849453e-01,-3.923688826931e+00,-3.599164403331e-01,-3.918505609695e+00
1.715049211508e-01,7.990934157232e-02,1.000593958202e+00,-8.864416825909e-02,-1.090925256866e+00,-3.614689979626e-01,-3.929598175838e+00,-3.613469579579e-01,-3.924389794195e+00
1.718697143939e-01,8.027478185639e-02,1.002953481355e+00,-8.904257523488e-02,-1.093363971819e+00,-3.629035638265e-01,-3.935491932482e+00,-3.627796192715e-01,-3.930258507631e+00
1.722345076369e-01,8.064108239978e-02,1.005310379530e+00,-8.944187120528e-02,-1.095799221173e+00,-3.643402768442e-01,-3.941370070436e+00,-3.642144186258e-01,-3.936111725581e+00
1.725993008800e-01,8.100824223746e-02,1.007664611869e+00,-8.984205489825e-02,-1.098230961995e+00,-3.657791313133e-01,-3.947232563376e+00,-3.656513503638e-01,-3.941949423720e+00
1.729640941231e-01,8.137626038948e-02,1.010016137421e+00,-9.024312502605e-02,-1.100659151273e+00,-3.672201215218e-01,-3.953079385079e+00,-3.670904088194e-01,-3.947771577832e+00
1.733288873662e-01,8.174513586094e-02,1.012364915145e+00,-9.064508028525e-02,-1.103083745913e+00,-3.686632417482e-01,-3.958910509425e+00,-3.685315883179e-01,-3.953578163801e+00
1.736936806093e-01,8.211486764194e-02,1.014710903911e+00,-9.104791935666e-02,-1.105504702742e+00,-3.701084862615e-01,-3.964725910395e+00,-3.699748831757e-01,-3.959369157617e+00
1.740584738524e-01,8.248545470758e-02,1.017054062500e+00,-9.145164090535e-02,-1.107921978511e+00,-3.715558493212e-01,-3.970525562076e+00,-3.714202877007e-01,-3.965144535373e+00
1.744232670954e-01,8.285689601789e-02,1.019394349607e+00,-9.185624358059e-02,-1.110335529895e+00,-3.730053251773e-01,-3.976309438656e+00,-3.728677961918e-01,-3.970904273268e+00
1.747880603385e-01,8.322919051783e-02,1.021731723841e+00,-9.226172601584e-02,-1.112745313492e+00,-3.744569080705e-01,-3.982077514428e+00,-3.743174029393e-01,-3.976648347605e+00
1.751528535816e-01,8.360233713723e-02,1.024066143728e+00,-9.266808682870e-02,-1.115151285831e+00,-3.759105922320e-01,-3.987829763789e+00,-3.757691022251e-01,-3.982376734791e+00
1.755176468247e-01,8.397633479079e-02,1.026397567711e+00,-9.307532462091e-02,-1.117553403366e+00,-3.773663718839e-01,-3.993566161240e+00,-3.772228883223e-01,-3.988089411339e+00
1.758824400678e-01,8.435118237803e-02,1.028725954150e+00,-9.348343797830e-02,-1.119951622482e+00,-3.788242412389e-01,-3.999286681386e+00,-3.786787554954e-01,-3.993786353869e+00
1.762472333109e-01,8.472687878326e-02,1.031051261326e+00,-9.389242547080e-02,-1.122345899496e+00,-3.802841945004e-01,-4.004991298939e+00,-3.801366980006e-01,-3.999467539102e+00
1.766120265539e-01,8.510342287557e-02,1.033373447442e+00,-9.430228565237e-02,-1.124736190657e+00,-3.817462258626e-01,-4.010679988715e+00,-3.815967100855e-01,-4.005132943870e+00
1.769768197970e-01,8.548081350877e-02,1.035692470623e+00,-9.471301706101e-02,-1.127122452146e+00,-3.832103295107e-01,-4.016352725636e+00,-3.830587859893e-01,-4.010782545107e+00
1.773416130401e-01,8.585904952140e-02,1.038008288917e+00,-9.512461821871e-02,-1.129504640084e+00,-3.846764996206e-01,-4.022009484729e+00,-3.845229199427e-01,-4.016416319854e+00
1.777064062832e-01,8.623812973666e-02,1.040320860298e+00,-9.553708763146e-02,-1.131882710524e+00,-3.861447303592e-01,-4.027650241129e+00,-3.859891061682e-01,-4.022034245260e+00
1.780711995263e-01,8.661805296244e-02,1.042630142666e+00,-9.595042378919e-02,-1.134256619462e+00,-3.876150158842e-01,-4.033274970077e+00,-3.874573388799e-01,-4.027636298579e+00
1.784359927694e-01,8.699881799123e-02,1.044936093852e+00,-9.636462516578e-02,-1.136626322830e+00,-3.890873503445e-01,-4.038883646920e+00,-3.889276122837e-01,-4.033222457170e+00
1.788007860124e-01,8.738042360012e-02,1.047238671612e+00,-9.677969021902e-02,-1.138991776505e+00,-3.905617278799e-01,-4.044476247112e+00,-3.903999205771e-01,-4.038792698503e+00
1.791655792555e-01,8.776286855081e-02,1.049537833636e+00,-9.719561739059e-02,-1.141352936304e+00,-3.920381426212e-01,-4.050052746216e+00,-3.918742579496e-01,-4.044347000150e+00
1.795303724986e-01,8.814615158952e-02,1.051833537545e+00,-9.761240510604e-02,-1.143709757990e+00,-3.935165886906e-01,-4.055613119900e+00,-3.933506185824e-01,-4.049885339793e+00
1.798951657417e-01,8.853027144701e-02,1.054125740894e+00,-9.803005177478e-02,-1.146062197271e+00,-3.949970602010e-01,-4.061157343944e+00,-3.948289966486e-01,-4.055407695222e+00
1.802599589848e-01,8.891522683855e-02,1.056414401172e+00,-9.844855579005e-02,-1.148410209804e+00,-3.964795512569e-01,-4.066685394231e+00,-3.963093863132e-01,-4.060914044331e+00
1.806247522279e-01,8.930101646388e-02,1.058699475805e+00,-9.886791552890e-02,-1.150753751194e+00,-3.979640559537e-01,-4.072197246756e+00,-3.977917817333e-01,-4.066404365124e+00
1.809895454709e-01,8.968763900722e-02,1.060980922158e+00,-9.928812935220e-02,-1.153092776995e+00,-3.994505683783e-01,-4.077692877622e+00,-3.992761770578e-01,-4.071878635712e+00
1.813543387140e-01,9.007509313720e-02,1.063258697534e+00,-9.970919560455e-02,-1.155427242715e+00,-4.009390826088e-01,-4.083172263041e+00,-4.007625664277e-01,-4.077336834313e+00
1.817191319571e-01,9.046337750687e-02,1.065532759178e+00,-1.001311126144e-01,-1.157757103816e+00,-4.024295927147e-01,-4.088635379332e+00,-4.022509439762e-01,-4.082778939254e+00
1.820839252002e-01,9.085249075368e-02,1.067803064274e+00,-1.005538786938e-01,-1.160082315712e+00,-4.039220927567e-01,-4.094082202927e+00,-4.037413038284e-01,-4.088204928968e+00
1.824487184433e-01,9.124243149945e-02,1.070069569954e+00,-1.009774921386e-01,-1.162402833776e+00,-4.054165767872e-01,-4.099512710365e+00,-4.052336401018e-01,-4.093614781999e+00
1.828135116864e-01,9.163319835034e-02,1.072332233292e+00,-1.014019512285e-01,-1.164718613340e+00,-4.069130388498e-01,-4.104926878295e+00,-4.067279469058e-01,-4.099008476997e+00
1.831783049294e-01,9.202478989687e-02,1.074591011309e+00,-1.018272542266e-01,-1.167029609693e+00,-4.084114729798e-01,-4.110324683476e+00,-4.082242183422e-01,-4.104385992719e+00
1.835430981725e-01,9.241720471383e-02,1.076845860975e+00,-1.022533993801e-01,-1.169335778087e+00,-4.099118732039e-01,-4.115706102780e+00,-4.097224485052e-01,-4.109747308033e+00
1.839078914156e-01,9.281044136034e-02,1.079096739208e+00,-1.026803849194e-01,-1.171637073736e+00,-4.114142335405e-01,-4.121071113185e+00,-4.112226314810e-01,-4.115092401915e+00
1.842726846587e-01,9.320449837978e-02,1.081343602879e+00,-1.031082090588e-01,-1.173933451820e+00,-4.129185479995e-01,-4.126419691783e+00,-4.127247613484e-01,-4.120421253447e+00
1.846374779018e-01,9.359937429979e-02,1.083586408810e+00,-1.035368699963e-01,-1.176224867483e+00,-4.144248105826e-01,-4.131751815776e+00,-4.142288321785e-01,-4.125733841822e+00
1.850022711449e-01,9.399506763224e-02,1.085825113777e+00,-1.039663659135e-01,-1.178511275838e+00,-4.159330152831e-01,-4.137067462475e+00,-4.157348380348e-01,-4.131030146341e+00
1.853670643879e-01,9.439157687325e-02,1.088059674511e+00,-1.043966949755e-01,-1.180792631967e+00,-4.174431560860e-01,-4.142366609306e+00,-4.172427729733e-01,-4.136310146413e+00
1.857318576310e-01,9.478890050311e-02,1.090290047701e+00,-1.048278553310e-01,-1.183068890921e+00,-4.189552269683e-01,-4.147649233803e+00,-4.187526310426e-01,-4.141573821556e+00
1.860966508741e-01,9.518703698635e-02,1.092516189994e+00,-1.052598451126e-01,-1.185340007726e+00,-4.204692218987e-01,-4.152915313614e+00,-4.202644062837e-01,-4.146821151397e+00
1.864614441172e-01,9.558598477164e-02,1.094738057997e+00,-1.056926624361e-01,-1.187605937380e+00,-4.219851348376e-01,-4.158164826496e+00,-4.217780927302e-01,-4.152052115671e+00
1.868262373603e-01,9.598574229182e-02,1.096955608278e+00,-1.061263054011e-01,-1.189866634858e+00,-4.235029597376e-01,-4.163397750321e+00,-4.232936844084e-01,-4.157266694223e+00
1.871910306034e-01,9.638630796389e-02,1.099168797368e+00,-1.065607720907e-01,-1.192122055111e+00,-4.250226905430e-01,-4.168614063072e+00,-4.248111753373e-01,-4.162464867006e+00
1.875558238464e-01,9.678768018899e-02,1.101377581763e+00,-1.069960605716e-01,-1.194372153070e+00,-4.265443211902e-01,-4.173813742842e+00,-4.263305595285e-01,-4.167646614081e+00
1.879206170895e-01,9.718985735237e-02,1.103581917925e+00,-1.074321688940e-01,-1.196616883645e+00,-4.280678456077e-01,-4.178996767839e+00,-4.278518309865e-01,-4.172811915620e+00
1.882854103326e-01,9.759283782340e-02,1.105781762283e+00,-1.078690950918e-01,-1.198856201730e+00,-4.295932577160e-01,-4.184163116383e+00,-4.293749837083e-01,-4.177960751903e+00
1.886502035757e-01,9.799661995554e-02,1.107977071237e+00,-1.083068371822e-01,-1.201090062201e+00,-4.311205514277e-01,-4.189312766907e+00,-4.309000116840e-01,-4.183093103318e+00
1.890149968188e-01,9.840120208635e-02,1.110167801154e+00,-1.087453931661e-01,-1.203318419920e+00,-4.326497206475e-01,-4.194445697954e+00,-4.324269088965e-01,-4.188208950362e+00
1.893797900619e-01,9.880658253748e-02,1.112353908378e+00,-1.091847610280e-01,-1.205541229736e+00,-4.341807592724e-01,-4.199561888183e+00,-4.339556693215e-01,-4.193308273643e+00
1.897445833049e-01,9.921275961461e-02,1.114535349222e+00,-1.096249387357e-01,-1.207758446487e+00,-4.357136611916e-01,-4.204661316366e+00,-4.354862869279e-01,-4.198391053874e+00
1.901093765480e-01,9.961973160752e-02,1.116712079978e+00,-1.100659242407e-01,-1.209970025000e+00,-4.372484202866e-01,-4.209743961385e+00,-4.370187556772e-01,-4.203457271882e+00
1.904741697911e-01,1.000274967900e-01,1.118884056913e+00,-1.105077154780e-01,-1.212175920097e+00,-4.387850304310e-01,-4.214809802238e+00,-4.385530695242e-01,-4.208506908598e+00
1.908389630342e-01,1.004360534200e-01,1.121051236274e+00,-1.109503103660e-01,-1.214376086590e+00,-4.403234854912e-01,-4.219858818036e+00,-4.400892224168e-01,-4.213539945064e+00
1.912037562773e-01,1.008453997393e-01,1.123213574286e+00,-1.113937068068e-01,-1.216570479288e+00,-4.418637793256e-01,-4.224890988003e+00,-4.416272082958e-01,-4.218556362431e+00
1.915685495204e-01,1.012555339738e-01,1.125371027158e+00,-1.118379026858e-01,-1.218759052998e+00,-4.434059057852e-01,-4.229906291476e+00,-4.431670210953e-01,-4.223556141958e+00
1.919333427634e-01,1.016664543336e-01,1.127523551081e+00,-1.122828958721e-01,-1.220941762523e+00,-4.449498587135e-01,-4.234904707906e+00,-4.447086547425e-01,-4.228539265014e+00
1.922981360065e-01,1.020781590125e-01,1.129671102230e+00,-1.127286842183e-01,-1.223118562670e+00,-4.464956319464e-01,-4.239886216858e+00,-4.462521031578e-01,-4.233505713075e+00
1.926629292496e-01,1.024906461886e-01,1.131813636769e+00,-1.131752655603e-01,-1.225289408245e+00,-4.480432193126e-01,-4.244850798011e+00,-4.477973602550e-01,-4.238455467725e+00
1.930277224927e-01,1.029039140237e-01,1.133951110848e+00,-1.136226377178e-01,-1.227454254058e+00,-4.495926146332e-01,-4.249798431156e+00,-4.493444199411e-01,-4.243388510660e+00
1.933925157358e-01,1.033179606640e-01,1.136083480608e+00,-1.140707984939e-01,-1.229613054927e+00,-4.511438117220e-01,-4.254729096201e+00,-4.508932761165e-01,-4.248304823681e+00
1.937573089789e-01,1.037327842393e-01,1.138210702179e+00,-1.145197456751e-01,-1.231765765673e+00,-4.526968043855e-01,-4.259642773165e+00,-4.524439226748e-01,-4.253204388698e+00
1.941221022219e-01,1.041483828637e-01,1.140332731687e+00,-1.149694770316e-01,-1.233912341130e+00,-4.542515864230e-01,-4.264539442182e+00,-4.539963535033e-01,-4.258087187731e+00
1.944868954650e-01,1.045647546351e-01,1.142449525250e+00,-1.154199903170e-01,-1.236052736140e+00,-4.558081516264e-01,-4.269419083500e+00,-4.555505624826e-01,-4.262953202907e+00
1.948516887081e-01,1.049818976354e-01,1.144561038984e+00,-1.158712832685e-01,-1.238186905557e+00,-4.573664937807e-01,-4.274281677482e+00,-4.571065434868e-01,-4.267802416461e+00
1.952164819512e-01,1.053998099307e-01,1.146667229002e+00,-1.163233536069e-01,-1.240314804252e+00,-4.589266066635e-01,-4.279127204605e+00,-4.586642903835e-01,-4.272634810737e+00
1.955812751943e-01,1.058184895708e-01,1.148768051416e+00,-1.167761990363e-01,-1.242436387107e+00,-4.604884840453e-01,-4.283955645457e+00,-4.602237970340e-01,-4.277450368185e+00
1.959460684374e-01,1.062379345897e-01,1.150863462340e+00,-1.172298172446e-01,-1.244551609025e+00,-4.620521196897e-01,-4.288766980745e+00,-4.617850572932e-01,-4.282249071365e+00
1.963108616804e-01,1.066581430053e-01,1.152953417890e+00,-1.176842059032e-01,-1.246660424927e+00,-4.636175073533e-01,-4.293561191287e+00,-4.633480650096e-01,-4.287030902944e+00
1.966756549235e-01,1.070791128195e-01,1.155037874186e+00,-1.181393626668e-01,-1.248762789755e+00,-4.651846407854e-01,-4.298338258016e+00,-4.649128140253e-01,-4.291795845696e+00
1.970404481666e-01,1.075008420183e-01,1.157116787354e+00,-1.185952851741e-01,-1.250858658473e+00,-4.667535137289e-01,-4.303098161979e+00,-4.664792981764e-01,-4.296543882503e+00
1.974052414097e-01,1.079233285715e-01,1.159190113530e+00,-1.190519710471e-01,-1.252947986070e+00,-4.683241199192e-01,-4.307840884338e+00,-4.680475112925e-01,-4.301274996354e+00
1.977700346528e-01,1.083465704330e-01,1.161257808857e+00,-1.195094178914e-01,-1.255030727560e+00,-4.698964530853e-01,-4.312566406368e+00,-4.696174471972e-01,-4.305989170346e+00
1.981348278959e-01,1.087705655407e-01,1.163319829488e+00,-1.199676232962e-01,-1.257106837986e+00,-4.714705069493e-01,-4.317274709459e+00,-4.711890997079e-01,-4.310686387682e+00
1.984996211389e-01,1.091953118166e-01,1.165376131591e+00,-1.204265848343e-01,-1.259176272420e+00,-4.730462752264e-01,-4.321965775116e+00,-4.727624626359e-01,-4.315366631674e+00
1.988644143820e-01,1.096208071666e-01,1.167426671347e+00,-1.208863000623e-01,-1.261238985964e+00,-4.746237516251e-01,-4.326639584956e+00,-4.743375297863e-01,-4.320029885738e+00
1.992292076251e-01,1.100470494806e-01,1.169471404954e+00,-1.213467665203e-01,-1.263294933756e+00,-4.762029298473e-01,-4.331296120712e+00,-4.759142949585e-01,-4.324676133398e+00
1.995940008682e-01,1.104740366326e-01,1.171510288626e+00,-1.218079817318e-01,-1.265344070966e+00,-4.777838035883e-01,-4.335935364231e+00,-4.774927519454e-01,-4.329305358285e+00
1.999587941113e-01,1.109017664806e-01,1.173543278598e+00,-1.222699432044e-01,-1.267386352801e+00,-4.793663665366e-01,-4.340557297472e+00,-4.790728945345e-01,-4.333917544136e+00
2.003235873544e-01,1.113302368666e-01,1.175570331124e+00,-1.227326484290e-01,-1.269421734507e+00,-4.809506123744e-01,-4.345161902511e+00,-4.806547165070e-01,-4.338512674793e+00
2.006883805974e-01,1.117594456168e-01,1.177591402483e+00,-1.231960948804e-01,-1.271450171370e+00,-4.825365347771e-01,-4.349749161535e+00,-4.822382116383e-01,-4.343090734206e+00
2.010531738405e-01,1.121893905412e-01,1.179606448976e+00,-1.236602800170e-01,-1.273471618717e+00,-4.841241274138e-01,-4.354319056848e+00,-4.838233736982e-01,-4.347651706429e+00
2.014179670836e-01,1.126200694341e-01,1.181615426932e+00,-1.241252012810e-01,-1.275486031919e+00,-4.857133839471e-01,-4.358871570866e+00,-4.854101964504e-01,-4.352195575622e+00
2.017827603267e-01,1.130514800737e-01,1.183618292706e+00,-1.245908560981e-01,-1.277493366392e+00,-4.873042980333e-01,-4.363406686118e+00,-4.869986736529e-01,-4.356722326052e+00
2.021475535698e-01,1.134836202224e-01,1.185615002684e+00,-1.250572418780e-01,-1.279493577600e+00,-4.888968633223e-01,-4.367924385249e+00,-4.885887990582e-01,-4.361231942089e+00
2.025123468129e-01,1.139164876267e-01,1.187605513282e+00,-1.255243560141e-01,-1.281486621054e+00,-4.904910734576e-01,-4.372424651017e+00,-4.901805664128e-01,-4.365724408209e+00
2.028771400559e-01,1.143500800171e-01,1.189589780948e+00,-1.259921958834e-01,-1.283472452318e+00,-4.920869220766e-01,-4.376907466293e+00,-4.917739694578e-01,-4.370199708993e+00
2.032419332990e-01,1.147843951083e-01,1.191567762168e+00,-1.264607588471e-01,-1.285451027005e+00,-4.936844028102e-01,-4.381372814060e+00,-4.933690019287e-01,-4.374657829126e+00
2.036067265421e-01,1.152194305992e-01,1.193539413459e+00,-1.269300422497e-01,-1.287422300785e+00,-4.952835092834e-01,-4.385820677418e+00,-4.949656575551e-01,-4.379098753398e+00
2.039715197852e-01,1.156551841726e-01,1.195504691381e+00,-1.274000434200e-01,-1.289386229384e+00,-4.968842351150e-01,-4.390251039578e+00,-4.965639300615e-01,-4.383522466703e+00
2.043363130283e-01,1.160916534957e-01,1.197463552529e+00,-1.278707596703e-01,-1.291342768583e+00,-4.984865739176e-01,-4.394663883864e+00,-4.981638131667e-01,-4.387928954039e+00
2.047011062714e-01,1.165288362199e-01,1.199415953542e+00,-1.283421882971e-01,-1.293291874224e+00,-5.000905192977e-01,-4.399059193714e+00,-4.997653005839e-01,-4.392318200508e+00
2.050658995144e-01,1.169667299805e-01,1.201361851103e+00,-1.288143265805e-01,-1.295233502212e+00,-5.016960648560e-01,-4.403436952679e+00,-5.013683860213e-01,-4.396690191313e+00
2.054306927575e-01,1.174053323974e-01,1.203301201936e+00,-1.292871717848e-01,-1.297167608511e+00,-5.033032041869e-01,-4.407797144423e+00,-5.029730631813e-01,-4.401044911765e+00
2.057954860006e-01,1.178446410743e-01,1.205233962815e+00,-1.297607211580e-01,-1.299094149153e+00,-5.049119308791e-01,-4.412139752722e+00,-5.045793257612e-01,-4.405382347273e+00
2.061602792437e-01,1.182846535994e-01,1.207160090559e+00,-1.302349719323e-01,-1.301013080236e+00,-5.065222385154e-01,-4.416464761465e+00,-5.061871674529e-01,-4.409702483352e+00
2.065250724868e-01,1.187253675453e-01,1.209079542040e+00,-1.307099213237e-01,-1.302924357925e+00,-5.081341206727e-01,-4.420772154654e+00,-5.077965819431e-01,-4.414005305619e+00
2.068898657298e-01,1.191667804684e-01,1.210992274179e+00,-1.311855665324e-01,-1.304827938456e+00,-5.097475709220e-01,-4.425061916402e+00,-5.094075629132e-01,-4.418290799791e+00
2.072546589729e-01,1.196088899099e-01,1.212898243952e+00,-1.316619047425e-01,-1.306723778137e+00,-5.113625828286e-01,-4.429334030937e+00,-5.110201040394e-01,-4.422558951690e+00
2.076194522160e-01,1.200516933950e-01,1.214797408389e+00,-1.321389331222e-01,-1.308611833349e+00,-5.129791499520e-01,-4.433588482596e+00,-5.126341989929e-01,-4.426809747238e+00
2.079842454591e-01,1.204951884334e-01,1.216689724576e+00,-1.326166488239e-01,-1.310492060550e+00,-5.145972658462e-01,-4.437825255829e+00,-5.142498414396e-01,-4.431043172458e+00
2.083490387022e-01,1.209393725190e-01,1.218575149659e+00,-1.330950489841e-01,-1.312364416272e+00,-5.162169240593e-01,-4.442044335198e+00,-5.158670250403e-01,-4.435259213475e+00
2.087138319453e-01,1.213842431303e-01,1.220453640843e+00,-1.335741307233e-01,-1.314228857130e+00,-5.178381181340e-01,-4.446245705378e+00,-5.174857434510e-01,-4.439457856516e+00
2.090786251883e-01,1.218297977299e-01,1.222325155396e+00,-1.340538911465e-01,-1.316085339816e+00,-5.194608416073e-01,-4.450429351153e+00,-5.191059903225e-01,-4.443639087905e+00
2.094434184314e-01,1.222760337650e-01,1.224189650648e+00,-1.345343273425e-01,-1.317933821109e+00,-5.210850880106e-01,-4.454595257420e+00,-5.207277593007e-01,-4.447802894070e+00
2.098082116745e-01,1.227229486674e-01,1.226047083995e+00,-1.350154363847e-01,-1.319774257867e+00,-5.227108508701e-01,-4.458743409186e+00,-5.223510440264e-01,-4.451949261537e+00
2.101730049176e-01,1.231705398531e-01,1.227897412900e+00,-1.354972153307e-01,-1.321606607039e+00,-5.243381237062e-01,-4.462873791570e+00,-5.239758381358e-01,-4.456078176932e+00
2.105377981607e-01,1.236188047227e-01,1.229740594895e+00,-1.359796612222e-01,-1.323430825658e+00,-5.259669000341e-01,-4.466986389800e+00,-5.256021352600e-01,-4.460189626980e+00
2.109025914038e-01,1.240677406613e-01,1.231576587583e+00,-1.364627710856e-01,-1.325246870850e+00,-5.275971733636e-01,-4.471081189217e+00,-5.272299290253e-01,-4.464283598507e+00
2.112673846468e-01,1.245173450386e-01,1.233405348637e+00,-1.369465419314e-01,-1.327054699830e+00,-5.292289371992e-01,-4.475158175270e+00,-5.288592130534e-01,-4.468360078434e+00
2.116321778899e-01,1.249676152089e-01,1.235226835806e+00,-1.374309707546e-01,-1.328854269908e+00,-5.308621850400e-01,-4.479217333520e+00,-5.304899809611e-01,-4.472419053784e+00
2.119969711330e-01,1.254185485110e-01,1.237041006914e+00,-1.379160545347e-01,-1.330645538487e+00,-5.324969103800e-01,-4.483258649637e+00,-5.321222263604e-01,-4.476460511677e+00
2.123617643761e-01,1.258701422683e-01,1.238847819861e+00,-1.384017902355e-01,-1.332428463069e+00,-5.341331067079e-01,-4.487282109402e+00,-5.337559428588e-01,-4.480484439329e+00
2.127265576192e-01,1.263223937890e-01,1.240647232629e+00,-1.388881748055e-01,-1.334203001254e+00,-5.357707675071e-01,-4.491287698702e+00,-5.353911240591e-01,-4.484490824057e+00
2.130913508623e-01,1.267753003659e-01,1.242439203278e+00,-1.393752051776e-01,-1.335969110741e+00,-5.374098862563e-01,-4.495275403538e+00,-5.370277635593e-01,-4.488479653271e+00
2.134561441053e-01,1.272288592765e-01,1.244223689952e+00,-1.398628782695e-01,-1.337726749333e+00,-5.390504564286e-01,-4.499245210016e+00,-5.386658549532e-01,-4.492450914480e+00
2.138209373484e-01,1.276830677832e-01,1.246000650878e+00,-1.403511909834e-01,-1.339475874935e+00,-5.406924714923e-01,-4.503197104354e+00,-5.403053918297e-01,-4.496404595290e+00
2.141857305915e-01,1.281379231329e-01,1.247770044370e+00,-1.408401402060e-01,-1.341216445560e+00,-5.423359249108e-01,-4.507131072878e+00,-5.419463677734e-01,-4.500340683401e+00
2.145505238346e-01,1.285934225575e-01,1.249531828830e+00,-1.413297228091e-01,-1.342948419327e+00,-5.439808101424e-01,-4.511047102019e+00,-5.435887763644e-01,-4.504259166611e+00
2.149153170777e-01,1.290495632738e-01,1.251285962748e+00,-1.418199356487e-01,-1.344671754464e+00,-5.456271206404e-01,-4.514945178322e+00,-5.452326111783e-01,-4.508160032812e+00
2.152801103208e-01,1.295063424833e-01,1.253032404705e+00,-1.423107755662e-01,-1.346386409311e+00,-5.472748498533e-01,-4.518825288435e+00,-5.468778657863e-01,-4.512043269992e+00
2.156449035638e-01,1.299637573725e-01,1.254771113378e+00,-1.428022393873e-01,-1.348092342319e+00,-5.489239912248e-01,-4.522687419116e+00,-5.485245337554e-01,-4.515908866231e+00
2.160096968069e-01,1.304218051128e-01,1.256502047534e+00,-1.432943239229e-01,-1.349789512057e+00,-5.505745381937e-01,-4.526531557229e+00,-5.501726086481e-01,-4.519756809706e+00
2.163744900500e-01,1.308804828607e-01,1.258225166039e+00,-1.437870259685e-01,-1.351477877206e+00,-5.522264841940e-01,-4.530357689746e+00,-5.518220840226e-01,-4.523587088687e+00
2.167392832931e-01,1.313397877575e-01,1.259940427857e+00,-1.442803423050e-01,-1.353157396569e+00,-5.538798226551e-01,-4.534165803748e+00,-5.534729534329e-01,-4.527399691538e+00
2.171040765362e-01,1.317997169297e-01,1.261647792050e+00,-1.447742696978e-01,-1.354828029066e+00,-5.555345470016e-01,-4.537955886417e+00,-5.551252104288e-01,-4.531194606716e+00
2.174688697793e-01,1.322602674889e-01,1.263347217783e+00,-1.452688048977e-01,-1.356489733740e+00,-5.571906506535e-01,-4.541727925048e+00,-5.567788485559e-01,-4.534971822769e+00
2.178336630223e-01,1.327214365318e-01,1.265038664323e+00,-1.457639446403e-01,-1.358142469757e+00,-5.588481270261e-01,-4.545481907036e+00,-5.584338613555e-01,-4.538731328340e+00
2.181984562654e-01,1.331832211401e-01,1.266722091043e+00,-1.462596856466e-01,-1.359786196409e+00,-5.605069695302e-01,-4.549217819887e+00,-5.600902423650e-01,-4.542473112162e+00
2.185632495085e-01,1.336456183809e-01,1.268397457422e+00,-1.467560246226e-01,-1.361420873112e+00,-5.621671715721e-01,-4.552935651209e+00,-5.617479851175e-01,-4.546197163061e+00
2.189280427516e-01,1.341086253066e-01,1.270064723046e+00,-1.472529582596e-01,-1.363046459414e+00,-5.638287265535e-01,-4.556635388716e+00,-5.634070831422e-01,-4.549903469953e+00
2.192928359947e-01,1.345722389545e-01,1.271723847612e+00,-1.477504832340e-01,-1.364662914992e+00,-5.654916278716e-01,-4.560317020227e+00,-5.650675299641e-01,-4.553592021847e+00
2.196576292378e-01,1.350364563477e-01,1.273374790930e+00,-1.482485962078e-01,-1.366270199655e+00,-5.671558689194e-01,-4.563980533667e+00,-5.667293191044e-01,-4.557262807838e+00
2.200224224808e-01,1.355012744943e-01,1.275017512920e+00,-1.487472938281e-01,-1.367868273346e+00,-5.688214430852e-01,-4.567625917063e+00,-5.683924440802e-01,-4.560915817117e+00
2.203872157239e-01,1.359666903879e-01,1.276651973620e+00,-1.492465727275e-01,-1.369457096143e+00,-5.704883437533e-01,-4.571253158549e+00,-5.700568984047e-01,-4.564551038959e+00
2.207520089670e-01,1.364327010077e-01,1.278278133184e+00,-1.497464295242e-01,-1.371036628263e+00,-5.721565643034e-01,-4.574862246358e+00,-5.717226755873e-01,-4.568168462731e+00
2.211168022101e-01,1.368993033181e-01,1.279895951883e+00,-1.502468608217e-01,-1.372606830059e+00,-5.738260981110e-01,-4.578453168832e+00,-5.733897691334e-01,-4.571768077889e+00
2.214815954532e-01,1.373664942693e-01,1.281505390110e+00,-1.507478632092e-01,-1.374167662029e+00,-5.754969385475e-01,-4.582025914412e+00,-5.750581725447e-01,-4.575349873977e+00
2.218463886963e-01,1.378342707969e-01,1.283106408377e+00,-1.512494332615e-01,-1.375719084811e+00,-5.771690789799e-01,-4.585580471644e+00,-5.767278793189e-01,-4.578913840625e+00
2.222111819393e-01,1.383026298222e-01,1.284698967324e+00,-1.517515675389e-01,-1.377261059186e+00,-5.788425127713e-01,-4.589116829174e+00,-5.783988829502e-01,-4.582459967553e+00
2.225759751824e-01,1.387715682521e-01,1.286283027712e+00,-1.522542625877e-01,-1.378793546083e+00,-5.805172332803e-01,-4.592634975753e+00,-5.800711769289e-01,-4.585988244568e+00
2.229407684255e-01,1.392410829794e-01,1.287858550431e+00,-1.527575149397e-01,-1.380316506579e+00,-5.821932338618e-01,-4.596134900233e+00,-5.817447547416e-01,-4.589498661562e+00
2.233055616686e-01,1.397111708823e-01,1.289425496498e+00,-1.532613211129e-01,-1.381829901900e+00,-5.838705078665e-01,-4.599616591565e+00,-5.834196098712e-01,-4.592991208514e+00
2.236703549117e-01,1.401818288251e-01,1.290983827061e+00,-1.537656776106e-01,-1.383333693421e+00,-5.855490486409e-01,-4.603080038805e+00,-5.850957357971e-01,-4.596465875488e+00
2.240351481548e-01,1.406530536578e-01,1.292533503401e+00,-1.542705809227e-01,-1.384827842673e+00,-5.872288495279e-01,-4.606525231107e+00,-5.867731259951e-01,-4.599922652636e+00
2.243999413978e-01,1.411248422165e-01,1.294074486931e+00,-1.547760275246e-01,-1.386312311339e+00,-5.889099038661e-01,-4.609952157726e+00,-5.884517739371e-01,-4.603361530193e+00
2.247647346409e-01,1.415971913230e-01,1.295606739198e+00,-1.552820138780e-01,-1.387787061261e+00,-5.905922049905e-01,-4.613360808018e+00,-5.901316730918e-01,-4.606782498477e+00
2.251295278840e-01,1.420700977853e-01,1.297130221890e+00,-1.557885364306e-01,-1.389252054435e+00,-5.922757462320e-01,-4.616751171438e+00,-5.918128169244e-01,-4.610185547892e+00
2.254943211271e-01,1.425435583972e-01,1.298644896829e+00,-1.562955916163e-01,-1.390707253020e+00,-5.939605209178e-01,-4.620123237540e+00,-5.934951988962e-01,-4.613570668926e+00
2.258591143702e-01,1.430175699389e-01,1.300150725980e+00,-1.568031758552e-01,-1.392152619335e+00,-5.956465223713e-01,-4.623476995978e+00,-5.951788124656e-01,-4.616937852149e+00
2.262239076133e-01,1.434921291765e-01,1.301647671449e+00,-1.573112855538e-01,-1.393588115862e+00,-5.973337439120e-01,-4.626812436504e+00,-5.968636510871e-01,-4.620287088215e+00
2.265887008563e-01,1.439672328625e-01,1.303135695485e+00,-1.578199171048e-01,-1.395013705249e+00,-5.990221788560e-01,-4.630129548970e+00,-5.985497082122e-01,-4.623618367857e+00
2.269534940994e-01,1.444428777355e-01,1.304614760481e+00,-1.583290668874e-01,-1.396429350307e+00,-6.007118205154e-01,-4.633428323322e+00,-6.002369772886e-01,-4.626931681894e+00
2.273182873425e-01,1.449190605205e-01,1.306084828981e+00,-1.588387312671e-01,-1.397835014017e+00,-6.024026621987e-01,-4.636708749608e+00,-6.019254517612e-01,-4.630227021223e+00
2.276830805856e-01,1.453957779288e-01,1.307545863672e+00,-1.593489065962e-01,-1.399230659532e+00,-6.040946972109e-01,-4.639970817970e+00,-6.036151250710e-01,-4.633504376824e+00
2.280478738287e-01,1.458730266581e-01,1.308997827396e+00,-1.598595892134e-01,-1.400616250173e+00,-6.057879188535e-01,-4.643214518650e+00,-6.053059906563e-01,-4.636763739756e+00
2.284126670718e-01,1.463508033928e-01,1.310440683141e+00,-1.603707754440e-01,-1.401991749434e+00,-6.074823204242e-01,-4.646439841982e+00,-6.069980419517e-01,-4.640005101160e+00
2.287774603148e-01,1.468291048035e-01,1.311874394054e+00,-1.608824616002e-01,-1.403357120986e+00,-6.091778952173e-01,-4.649646778401e+00,-6.086912723888e-01,-4.643228452253e+00
2.291422535579e-01,1.473079275476e-01,1.313298923434e+00,-1.613946439809e-01,-1.404712328674e+00,-6.108746365237e-01,-4.652835318434e+00,-6.103856753960e-01,-4.646433784335e+00
2.295070468010e-01,1.477872682690e-01,1.314714234735e+00,-1.619073188718e-01,-1.406057336522e+00,-6.125725376308e-01,-4.656005452706e+00,-6.120812443985e-01,-4.649621088781e+00
2.298718400441e-01,1.482671235984e-01,1.316120291573e+00,-1.624204825455e-01,-1.407392108734e+00,-6.142715918227e-01,-4.659157171934e+00,-6.137779728185e-01,-4.652790357047e+00
2.302366332872e-01,1.487474901533e-01,1.317517057720e+00,-1.629341312616e-01,-1.408716609694e+00,-6.159717923799e-01,-4.662290466932e+00,-6.154758540747e-01,-4.655941580664e+00
2.306014265303e-01,1.492283645379e-01,1.318904497111e+00,-1.634482612668e-01,-1.410030803969e+00,-6.176731325797e-01,-4.665405328608e+00,-6.171748815833e-01,-4.659074751243e+00
2.309662197733e-01,1.497097433432e-01,1.320282573844e+00,-1.639628687949e-01,-1.411334656311e+00,-6.193756056963e-01,-4.668501747962e+00,-6.188750487569e-01,-4.662189860469e+00
2.313310130164e-01,1.501916231474e-01,1.321651252182e+00,-1.644779500668e-01,-1.412628131658e+00,-6.210792050002e-01,-4.671579716090e+00,-6.205763490056e-01,-4.665286900104e+00
2.316958062595e-01,1.506740005155e-01,1.323010496551e+00,-1.649935012907e-01,-1.413911195135e+00,-6.227839237591e-01,-4.674639224177e+00,-6.222787757360e-01,-4.668365861986e+00
2.320605995026e-01,1.511568719996e-01,1.324360271549e+00,-1.655095186620e-01,-1.415183812057e+00,-6.244897552373e-01,-4.677680263505e+00,-6.239823223522e-01,-4.671426738030e+00
2.324253927457e-01,1.516402341388e-01,1.325700541940e+00,-1.660259983637e-01,-1.416445947928e+00,-6.261966926958e-01,-4.680702825446e+00,-6.256869822550e-01,-4.674469520222e+00
2.327901859888e-01,1.521240834597e-01,1.327031272660e+00,-1.665429365660e-01,-1.417697568448e+00,-6.279047293927e-01,-4.683706901463e+00,-6.273927488424e-01,-4.677494200625e+00
2.331549792318e-01,1.526084164757e-01,1.328352428817e+00,-1.670603294269e-01,-1.418938639507e+00,-6.296138585830e-01,-4.686692483112e+00,-6.290996155097e-01,-4.680500771374e+00
2.335197724749e-01,1.530932296879e-01,1.329663975693e+00,-1.675781730917e-01,-1.420169127192e+00,-6.313240735184e-01,-4.689659562039e+00,-6.308075756491e-01,-4.683489224681e+00
2.338845657180e-01,1.535785195845e-01,1.330965878746e+00,-1.680964636936e-01,-1.421388997789e+00,-6.330353674478e-01,-4.692608129981e+00,-6.325166226502e-01,-4.686459552825e+00
2.342493589611e-01,1.540642826413e-01,1.332258103610e+00,-1.686151973535e-01,-1.422598217780e+00,-6.347477336170e-01,-4.695538178764e+00,-6.342267498995e-01,-4.689411748163e+00
2.346141522042e-01,1.545505153215e-01,1.333540616098e+00,-1.691343701799e-01,-1.423796753849e+00,-6.364611652690e-01,-4.698449700305e+00,-6.359379507810e-01,-4.692345803121e+00
2.349789454473e-01,1.550372140759e-01,1.334813382203e+00,-1.696539782694e-01,-1.424984572880e+00,-6.381756556436e-01,-4.701342686610e+00,-6.376502186757e-01,-4.695261710196e+00
2.353437386903e-01,1.555243753428e-01,1.336076368101e+00,-1.701740177065e-01,-1.426161641962e+00,-6.398911979778e-01,-4.704217129774e+00,-6.393635469623e-01,-4.698159461957e+00
2.357085319334e-01,1.560119955485e-01,1.337329540148e+00,-1.706944845637e-01,-1.427327928389e+00,-6.416077855058e-01,-4.707073021979e+00,-6.410779290162e-01,-4.701039051043e+00
2.360733251765e-01,1.565000711068e-01,1.338572864887e+00,-1.712153749017e-01,-1.428483399660e+00,-6.433254114590e-01,-4.709910355498e+00,-6.427933582107e-01,-4.703900470163e+00
2.364381184196e-01,1.569885984193e-01,1.339806309047e+00,-1.717366847693e-01,-1.429628023482e+00,-6.450440690658e-01,-4.712729122688e+00,-6.445098279161e-01,-4.706743712096e+00
2.368029116627e-01,1.574775738757e-01,1.341029839544e+00,-1.722584102035e-01,-1.430761767774e+00,-6.467637515520e-01,-4.715529315996e+00,-6.462273315001e-01,-4.709568769690e+00
2.371677049058e-01,1.579669938536e-01,1.342243423483e+00,-1.727805472298e-01,-1.431884600661e+00,-6.484844521407e-01,-4.718310927954e+00,-6.479458623281e-01,-4.712375635859e+00
2.375324981488e-01,1.584568547184e-01,1.343447028160e+00,-1.733030918619e-01,-1.432996490486e+00,-6.502061640521e-01,-4.721073951182e+00,-6.496654137625e-01,-4.715164303589e+00
2.378972913919e-01,1.589471528241e-01,1.344640621063e+00,-1.738260401022e-01,-1.434097405802e+00,-6.519288805038e-01,-4.723818378384e+00,-6.513859791634e-01,-4.717934765929e+00
2.382620846350e-01,1.594378845123e-01,1.345824169875e+00,-1.743493879416e-01,-1.435187315379e+00,-6.536525947109e-01,-4.726544202351e+00,-6.531075518884e-01,-4.720687016000e+00
2.386268778781e-01,1.599290461133e-01,1.346997642471e+00,-1.748731313596e-01,-1.436266188204e+00,-6.553772998856e-01,-4.729251415958e+00,-6.548301252926e-01,-4.723421046985e+00
2.389916711212e-01,1.604206339455e-01,1.348161006924e+00,-1.753972663244e-01,-1.437333993481e+00,-6.571029892379e-01,-4.731940012165e+00,-6.565536927285e-01,-4.726136852136e+00
2.394302699873e-01,1.610122396321e-01,1.349546316495e+00,-1.760279577077e-01,-1.438603141655e+00,-6.591791162525e-01,-4.735147911360e+00,-6.586272817716e-01,-4.729377984041e+00
2.398688688535e-01,1.616044496875e-01,1.350916913334e+00,-1.766592022082e-01,-1.439856193917e+00,-6.612566443412e-01,-4.738328875678e+00,-6.607022865890e-01,-4.732592747938e+00
2.403074677197e-01,1.621972576467e-01,1.352272743053e+00,-1.772909927546e-01,-1.441093097968e+00,-6.633355616879e-01,-4.741482893351e+00,-6.627786956132e-01,-4.735781132461e+00
2.407460665858e-01,1.627906570210e-01,1.353613751794e+00,-1.779233222532e-01,-1.442313802092e+00,-6.654158564713e-01,-4.744609952816e+00,-6.648564972718e-01,-4.738943126399e+00
2.411846654520e-01,1.633846412982e-01,1.354939886068e+00,-1.785561835872e-01,-1.443518254986e+00,-6.674975168649e-01,-4.747710042662e+00,-6.669356799874e-01,-4.742078718663e+00
2.416232643182e-01,1.639792039429e-01,1.356251092816e+00,-1.791895696180e-01,-1.444706405819e+00,-6.695805310376e-01,-4.750783151649e+00,-6.690162321781e-01,-4.745187898292e+00
2.420618631844e-01,1.645743383962e-01,1.357547319409e+00,-1.798234731843e-01,-1.445878204238e+00,-6.716648871531e-01,-4.753829268707e+00,-6.710981422567e-01,-4.748270654456e+00
2.425004620505e-01,1.651700380764e-01,1.358828513661e+00,-1.804578871030e-01,-1.447033600376e+00,-6.737505733703e-01,-4.756848382933e+00,-6.731813986317e-01,-4.751326976451e+00
2.429390609167e-01,1.657662963791e-01,1.360094623823e+00,-1.810928041693e-01,-1.448172544852e+00,-6.758375778436e-01,-4.759840483592e+00,-6.752659897067e-01,-4.754356853705e+00
2.433776597829e-01,1.663631066770e-01,1.361345598594e+00,-1.817282171568e-01,-1.449294988777e+00,-6.779258887225e-01,-4.762805560113e+00,-6.773519038809e-01,-4.757360275768e+00
2.438162586490e-01,1.669604623208e-01,1.362581387121e+00,-1.823641188178e-01,-1.450400883755e+00,-6.800154941519e-01,-4.765743602095e+00,-6.794391295487e-01,-4.760337232317e+00
2.442548575152e-01,1.675583566386e-01,1.363801939002e+00,-1.830005018833e-01,-1.451490181887e+00,-6.821063822722e-01,-4.768654599296e+00,-6.815276551001e-01,-4.763287713152e+00
2.446934563814e-01,1.681567829367e-01,1.365007204291e+00,-1.836373590637e-01,-1.452562835776e+00,-6.841985412196e-01,-4.771538541640e+00,-6.836174689208e-01,-4.766211708197e+00
2.451320552475e-01,1.687557344996e-01,1.366197133500e+00,-1.842746830486e-01,-1.453618798529e+00,-6.862919591254e-01,-4.774395419210e+00,-6.857085593919e-01,-4.769109207495e+00
2.455706541137e-01,1.693552045902e-01,1.367371677604e+00,-1.849124665070e-01,-1.454658023762e+00,-6.883866241171e-01,-4.777225222252e+00,-6.878009148902e-01,-4.771980201211e+00
2.460092529799e-01,1.699551864499e-01,1.368530788043e+00,-1.855507020878e-01,-1.455680465598e+00,-6.904825243177e-01,-4.780027941172e+00,-6.898945237884e-01,-4.774824679628e+00
2.464478518460e-01,1.705556732989e-01,1.369674416724e+00,-1.861893824199e-01,-1.456686078678e+00,-6.925796478461e-01,-4.782803566531e+00,-6.919893744546e-01,-4.777642633148e+00
2.468864507122e-01,1.711566583367e-01,1.370802516028e+00,-1.868285001123e-01,-1.457674818159e+00,-6.946779828169e-01,-4.785552089051e+00,-6.940854552531e-01,-4.780434052288e+00
2.473250495784e-01,1.717581347416e-01,1.371915038810e+00,-1.874680477547e-01,-1.458646639717e+00,-6.967775173409e-01,-4.788273499607e+00,-6.961827545439e-01,-4.783198927682e+00
2.477636484446e-01,1.723600956715e-01,1.373011938404e+00,-1.881080179173e-01,-1.459601499555e+00,-6.988782395249e-01,-4.790967789232e+00,-6.982812606828e-01,-4.785937250076e+00
2.482022473107e-01,1.729625342641e-01,1.374093168624e+00,-1.887484031511e-01,-1.460539354400e+00,-7.009801374718e-01,-4.793634949112e+00,-7.003809620217e-01,-4.788649010332e+00
2.486408461769e-01,1.735654436367e-01,1.375158683769e+00,-1.893891959884e-01,-1.461460161510e+00,-7.030831992805e-01,-4.796274970585e+00,-7.024818469086e-01,-4.791334199422e+00
2.490794450431e-01,1.741688168869e-01,1.376208438626e+00,-1.900303889429e-01,-1.462363878677e+00,-7.051874130464e-01,-4.798887845140e+00,-7.045839036873e-01,-4.793992808428e+00
2.495180439092e-01,1.747726470923e-01,1.377242388475e+00,-1.906719745097e-01,-1.463250464227e+00,-7.072927668609e-01,-4.801473564420e+00,-7.066871206980e-01,-4.796624828545e+00
2.499566427754e-01,1.753769273112e-01,1.378260489085e+00,-1.913139451659e-01,-1.464119877027e+00,-7.093992488120e-01,-4.804032120215e+00,-7.087914862769e-01,-4.799230251072e+00
2.503952416416e-01,1.759816505826e-01,1.379262696727e+00,-1.919562933708e-01,-1.464972076485e+00,-7.115068469841e-01,-4.806563504464e+00,-7.108969887565e-01,-4.801809067418e+00
2.508338405077e-01,1.765868099263e-01,1.380248968167e+00,-1.925990115657e-01,-1.465807022555e+00,-7.136155494581e-01,-4.809067709253e+00,-7.130036164654e-01,-4.804361269098e+00
2.512724393739e-01,1.771923983434e-01,1.381219260678e+00,-1.932420921747e-01,-1.466624675739e+00,-7.157253443112e-01,-4.811544726815e+00,-7.151113577287e-01,-4.806886847731e+00
2.517110382401e-01,1.777984088162e-01,1.382173532038e+00,-1.938855276046e-01,-1.467424997090e+00,-7.178362196176e-01,-4.813994549527e+00,-7.172202008676e-01,-4.809385795042e+00
2.521496371063e-01,1.784048343088e-01,1.383111740530e+00,-1.945293102453e-01,-1.468207948213e+00,-7.199481634481e-01,-4.816417169913e+00,-7.193301342000e-01,-4.811858102855e+00
2.525882359724e-01,1.790116677669e-01,1.384033844955e+00,-1.951734324698e-01,-1.468973491272e+00,-7.220611638700e-01,-4.818812580637e+00,-7.214411460400e-01,-4.814303763100e+00
2.530268348386e-01,1.796189021185e-01,1.384939804622e+00,-1.958178866349e-01,-1.469721588989e+00,-7.241752089478e-01,-4.821180774505e+00,-7.235532246983e-01,-4.816722767805e+00
2.534654337048e-01,1.802265302736e-01,1.385829579362e+00,-1.964626650810e-01,-1.470452204648e+00,-7.262902867424e-01,-4.823521744466e+00,-7.256663584820e-01,-4.819115109098e+00
2.539040325709e-01,1.808345451249e-01,1.386703129524e+00,-1.971077601326e-01,-1.471165302100e+00,-7.284063853122e-01,-4.825835483608e+00,-7.277805356949e-01,-4.821480779205e+00
2.543426314371e-01,1.814429395477e-01,1.387560415979e+00,-1.977531640984e-01,-1.471860845762e+00,-7.305234927121e-01,-4.828121985157e+00,-7.298957446373e-01,-4.823819770450e+00
2.547812303033e-01,1.820517064002e-01,1.388401400127e+00,-1.983988692716e-01,-1.472538800621e+00,-7.326415969944e-01,-4.830381242476e+00,-7.320119736064e-01,-4.826132075252e+00
2.552198291694e-01,1.826608385240e-01,1.389226043893e+00,-1.990448679303e-01,-1.473199132237e+00,-7.347606862083e-01,-4.832613249067e+00,-7.341292108957e-01,-4.828417686129e+00
2.556584280356e-01,1.832703287439e-01,1.390034309734e+00,-1.996911523375e-01,-1.473841806747e+00,-7.368807484003e-01,-4.834817998565e+00,-7.362474447959e-01,-4.830676595687e+00
2.560970269018e-01,1.838801698686e-01,1.390826160642e+00,-2.003377147415e-01,-1.474466790864e+00,-7.390017716141e-01,-4.836995484742e+00,-7.383666635940e-01,-4.832908796631e+00
2.565356257679e-01,1.844903546903e-01,1.391601560141e+00,-2.009845473762e-01,-1.475074051884e+00,-7.411237438906e-01,-4.839145701502e+00,-7.404868555741e-01,-4.835114281754e+00
2.569742246341e-01,1.851008759858e-01,1.392360472300e+00,-2.016316424612e-01,-1.475663557684e+00,-7.432466532684e-01,-4.841268642881e+00,-7.426080090172e-01,-4.837293043943e+00
2.574128235003e-01,1.857117265158e-01,1.393102861723e+00,-2.022789922021e-01,-1.476235276728e+00,-7.453704877831e-01,-4.843364303048e+00,-7.447301122010e-01,-4.839445076171e+00
2.578514223665e-01,1.863228990259e-01,1.393828693563e+00,-2.029265887909e-01,-1.476789178067e+00,-7.474952354679e-01,-4.845432676300e+00,-7.468531534004e-01,-4.841570371505e+00
2.582900212326e-01,1.869343862465e-01,1.394537933517e+00,-2.035744244061e-01,-1.477325231343e+00,-7.496208843537e-01,-4.847473757066e+00,-7.489771208870e-01,-4.843668923096e+00
2.587286200988e-01,1.875461808929e-01,1.395230547829e+00,-2.042224912132e-01,-1.477843406791e+00,-7.517474224688e-01,-4.849487539901e+00,-7.511020029296e-01,-4.845740724184e+00
2.591672189650e-01,1.881582756659e-01,1.395906503298e+00,-2.048707813643e-01,-1.478343675240e+00,-7.538748378391e-01,-4.851474019489e+00,-7.532277877939e-01,-4.847785768096e+00
2.596058178311e-01,1.887706632517e-01,1.396565767273e+00,-2.055192869994e-01,-1.478826008118e+00,-7.560031184884e-01,-4.853433190640e+00,-7.553544637429e-01,-4.849804048241e+00
2.600444166973e-01,1.893833363225e-01,1.397208307662e+00,-2.061680002458e-01,-1.479290377452e+00,-7.581322524382e-01,-4.855365048289e+00,-7.574820190366e-01,-4.851795558114e+00
2.604830155635e-01,1.899962875364e-01,1.397834092928e+00,-2.068169132186e-01,-1.479736755869e+00,-7.602622277075e-01,-4.857269587495e+00,-7.596104419322e-01,-4.853760291294e+00
2.609216144296e-01,1.906095095378e-01,1.398443092096e+00,-2.074660180212e-01,-1.480165116602e+00,-7.623930323137e-01,-4.859146803440e+00,-7.617397206840e-01,-4.855698241441e+00
2.613602132958e-01,1.912229949577e-01,1.399035274755e+00,-2.081153067454e-01,-1.480575433490e+00,-7.645246542716e-01,-4.860996691431e+00,-7.638698435436e-01,-4.857609402297e+00
2.617988121620e-01,1.918367364139e-01,1.399610611056e+00,-2.087647714714e-01,-1.480967680980e+00,-7.666570815943e-01,-4.862819246893e+00,-7.660007987600e-01,-4.859493767683e+00
2.622374110281e-01,1.924507265111e-01,1.400169071719e+00,-2.094144042687e-01,-1.481341834129e+00,-7.687903022928e-01,-4.864614465374e+00,-7.681325745794e-01,-4.861351331502e+00
2.626760098943e-01,1.930649578414e-01,1.400710628033e+00,-2.100641971957e-01,-1.481697868606e+00,-7.709243043761e-01,-4.866382342541e+00,-7.702651592452e-01,-4.863182087735e+00
2.631146087605e-01,1.936794229844e-01,1.401235251857e+00,-2.107141423005e-01,-1.482035760695e+00,-7.730590758515e-01,-4.868122874177e+00,-7.723985409985e-01,-4.864986030438e+00
2.635532076267e-01,1.942941145075e-01,1.401742915625e+00,-2.113642316206e-01,-1.482355487297e+00,-7.751946047243e-01,-4.869836056187e+00,-7.745327080775e-01,-4.866763153748e+00
2.639918064928e-01,1.949090249660e-01,1.402233592345e+00,-2.120144571838e-01,-1.482657025928e+00,-7.773308789982e-01,-4.871521884589e+00,-7.766676487180e-01,-4.868513451875e+00
2.644304053590e-01,1.955241469038e-01,1.402707255603e+00,-2.126648110082e-01,-1.482940354727e+00,-7.794678866751e-01,-4.873180355520e+00,-7.788033511533e-01,-4.870236919106e+00
2.648690042252e-01,1.961394728531e-01,1.403163879564e+00,-2.133152851021e-01,-1.483205452455e+00,-7.816056157551e-01,-4.874811465228e+00,-7.809398036142e-01,-4.871933549802e+00
2.653076030913e-01,1.967549953348e-01,1.403603438973e+00,-2.139658714651e-01,-1.483452298494e+00,-7.837440542368e-01,-4.876415210079e+00,-7.830769943289e-01,-4.873603338398e+00
2.657462019575e-01,1.973707068592e-01,1.404025909161e+00,-2.146165620874e-01,-1.483680872853e+00,-7.858831901174e-01,-4.877991586550e+00,-7.852149115233e-01,-4.875246279401e+00
2.661848008237e-01,1.979865999256e-01,1.404431266042e+00,-2.152673489510e-01,-1.483891156169e+00,-7.880230113923e-01,-4.879540591230e+00,-7.873535434209e-01,-4.876862367390e+00
2.666233996898e-01,1.986026670229e-01,1.404819486115e+00,-2.159182240293e-01,-1.484083129707e+00,-7.901635060556e-01,-4.881062220820e+00,-7.894928782429e-01,-4.878451597016e+00
2.670619985560e-01,1.992189006300e-01,1.405190546470e+00,-2.165691792877e-01,-1.484256775361e+00,-7.923046620998e-01,-4.882556472131e+00,-7.916329042080e-01,-4.880013963000e+00
2.675005974222e-01,1.998352932158e-01,1.405544424787e+00,-2.172202066838e-01,-1.484412075659e+00,-7.944464675162e-01,-4.884023342086e+00,-7.937736095327e-01,-4.881549460133e+00
2.679391962884e-01,2.004518372394e-01,1.405881099336e+00,-2.178712981675e-01,-1.484549013761e+00,-7.965889102948e-01,-4.885462827713e+00,-7.959149824312e-01,-4.883058083277e+00
2.683777951545e-01,2.010685251506e-01,1.406200548983e+00,-2.185224456818e-01,-1.484667573464e+00,-7.987319784241e-01,-4.886874926150e+00,-7.980570111156e-01,-4.884539827358e+00
2.688163940207e-01,2.016853493902e-01,1.406502753187e+00,-2.191736411624e-01,-1.484767739199e+00,-8.008756598916e-01,-4.888259634643e+00,-8.001996837956e-01,-4.885994687373e+00
2.692549928869e-01,2.023023023900e-01,1.406787692004e+00,-2.198248765386e-01,-1.484849496036e+00,-8.030199426835e-01,-4.889616950543e+00,-8.023429886789e-01,-4.887422658385e+00
2.696935917530e-01,2.029193765730e-01,1.407055346089e+00,-2.204761437330e-01,-1.484912829687e+00,-8.051648147849e-01,-4.890946871307e+00,-8.044869139708e-01,-4.888823735524e+00
2.701321906192e-01,2.035365643542e-01,1.407305696697e+00,-2.211274346623e-01,-1.484957726500e+00,-8.073102641797e-01,-4.892249394496e+00,-8.066314478746e-01,-4.890197913985e+00
2.705707894854e-01,2.041538581402e-01,1.407538725682e+00,-2.217787412373e-01,-1.484984173468e+00,-8.094562788510e-01,-4.893524517777e+00,-8.087765785917e-01,-4.891545189027e+00
2.710093883515e-01,2.047712503301e-01,1.407754415503e+00,-2.224300553631e-01,-1.484992158227e+00,-8.116028467806e-01,-4.894772238919e+00,-8.109222943211e-01,-4.892865555976e+00
2.714479872177e-01,2.053887333150e-01,1.407952749222e+00,-2.230813689397e-01,-1.484981669057e+00,-8.137499559496e-01,-4.895992555792e+00,-8.130685832601e-01,-4.894159010220e+00
2.718865860839e-01,2.060062994791e-01,1.408133710506e+00,-2.237326738620e-01,-1.484952694884e+00,-8.158975943379e-01,-4.897185466370e+00,-8.152154336037e-01,-4.895425547210e+00
2.723251849500e-01,2.066239411995e-01,1.408297283630e+00,-2.243839620203e-01,-1.484905225280e+00,-8.180457499249e-01,-4.898350968728e+00,-8.173628335450e-01,-4.896665162459e+00
2.727637838162e-01,2.072416508463e-01,1.408443453473e+00,-2.250352253002e-01,-1.484839250467e+00,-8.201944106889e-01,-4.899489061040e+00,-8.195107712753e-01,-4.897877851546e+00
2.732023826824e-01,2.078594207833e-01,1.408572205529e+00,-2.256864555835e-01,-1.484754761313e+00,-8.223435646075e-01,-4.900599741579e+00,-8.216592349838e-01,-4.899063610106e+00
2.736409815486e-01,2.084772433680e-01,1.408683525897e+00,-2.263376447479e-01,-1.484651749339e+00,-8.244931996575e-01,-4.901683008720e+00,-8.238082128579e-01,-4.900222433839e+00
2.740795804147e-01,2.090951109521e-01,1.408777401290e+00,-2.269887846675e-01,-1.484530206715e+00,-8.266433038153e-01,-4.902738860933e+00,-8.259576930830e-01,-4.901354318504e+00
2.745181792809e-01,2.097130158814e-01,1.408853819033e+00,-2.276398672134e-01,-1.484390126264e+00,-8.287938650562e-01,-4.903767296787e+00,-8.281076638428e-01,-4.902459259920e+00
2.749567781471e-01,2.103309504963e-01,1.408912767065e+00,-2.282908842534e-01,-1.484231501462e+00,-8.309448713553e-01,-4.904768314947e+00,-8.302581133191e-01,-4.903537253965e+00
2.753953770132e-01,2.109489071321e-01,1.408954233938e+00,-2.289418276527e-01,-1.484054326437e+00,-8.330963106868e-01,-4.905741914176e+00,-8.324090296920e-01,-4.904588296578e+00
2.758339758794e-01,2.115668781193e-01,1.408978208822e+00,-2.295926892741e-01,-1.483858595973e+00,-8.352481710246e-01,-4.906688093331e+00,-8.345604011397e-01,-4.905612383754e+00
2.762725747456e-01,2.121848557836e-01,1.408984681502e+00,-2.302434609780e-01,-1.483644305509e+00,-8.374004403421e-01,-4.907606851364e+00,-8.367122158386e-01,-4.906609511548e+00
2.767111736117e-01,2.128028324465e-01,1.408973642379e+00,-2.308941346234e-01,-1.483411451140e+00,-8.395531066122e-01,-4.908498187323e+00,-8.388644619636e-01,-4.907579676071e+00
2.771497724779e-01,2.134208004253e-01,1.408945082476e+00,-2.315447020673e-01,-1.483160029618e+00,-8.417061578074e-01,-4.909362100348e+00,-8.410171276878e-01,-4.908522873494e+00
2.775883713441e-01,2.140387520337e-01,1.408898993432e+00,-2.321951551657e-01,-1.482890038352e+00,-8.438595818998e-01,-4.910198589672e+00,-8.431702011827e-01,-4.909439100042e+00
2.780269702102e-01,2.146566795816e-01,1.408835367506e+00,-2.328454857735e-01,-1.482601475407e+00,-8.460133668614e-01,-4.911007654623e+00,-8.453236706179e-01,-4.910328351999e+00
2.784655690764e-01,2.152745753759e-01,1.408754197580e+00,-2.334956857449e-01,-1.482294339510e+00,-8.481675006637e-01,-4.911789294619e+00,-8.474775241618e-01,-4.911190625704e+00
2.789041679426e-01,2.158924317203e-01,1.408655477155e+00,-2.341457469336e-01,-1.481968630045e+00,-8.503219712780e-01,-4.912543509171e+00,-8.496317499808e-01,-4.912025917551e+00
2.793427668088e-01,2.165102409160e-01,1.408539200355e+00,-2.347956611934e-01,-1.481624347055e+00,-8.524767666755e-01,-4.913270297878e+00,-8.517863362400e-01,-4.912834223992e+00
2.797813656749e-01,2.171279952615e-01,1.408405361925e+00,-2.354454203780e-01,-1.481261491243e+00,-8.546318748271e-01,-4.913969660434e+00,-8.539412711028e-01,-4.913615541533e+00
2.802199645411e-01,2.177456870534e-01,1.408253957236e+00,-2.360950163418e-01,-1.480880063974e+00,-8.567872837038e-01,-4.914641596620e+00,-8.560965427312e-01,-4.914369866734e+00
2.806585634073e-01,2.183633085862e-01,1.408084982281e+00,-2.367444409398e-01,-1.480480067272e+00,-8.589429812763e-01,-4.915286106306e+00,-8.582521392856e-01,-4.915097196212e+00
2.810971622734e-01,2.189808521529e-01,1.407898433676e+00,-2.373936860279e-01,-1.480061503821e+00,-8.610989555154e-01,-4.915903189454e+00,-8.604080489250e-01,-4.915797526636e+00
2.815357611396e-01,2.195983100451e-01,1.407694308664e+00,-2.380427434637e-01,-1.479624376969e+00,-8.632551943919e-01,-4.916492846112e+00,-8.625642598070e-01,-4.916470854731e+00
2.819743600058e-01,2.202156745533e-01,1.407472605112e+00,-2.386916051060e-01,-1.479168690722e+00,-8.654116858765e-01,-4.917055076417e+00,-8.647207600876e-01,-4.917117177276e+00
2.824129588719e-01,2.208329379674e-01,1.407233321511e+00,-2.393402628159e-01,-1.478694449749e+00,-8.675684179402e-01,-4.917589880595e+00,-8.668775379216e-01,-4.917736491104e+00
2.828515577381e-01,2.214500925764e-01,1.406976456981e+00,-2.399887084563e-01,-1.478201659381e+00,-8.697253785539e-01,-4.918097258956e+00,-8.690345814622e-01,-4.918328793100e+00
2.832901566043e-01,2.220671306693e-01,1.406702011265e+00,-2.406369338929e-01,-1.477690325611e+00,-8.718825556888e-01,-4.918577211901e+00,-8.711918788614e-01,-4.918894080205e+00
2.837287554705e-01,2.226840445353e-01,1.406409984734e+00,-2.412849309939e-01,-1.477160455091e+00,-8.740399373162e-01,-4.919029739914e+00,-8.733494182699e-01,-4.919432349412e+00
2.841673543366e-01,2.233008264634e-01,1.406100378384e+00,-2.419326916309e-01,-1.476612055139e+00,-8.761975114078e-01,-4.919454843568e+00,-8.755071878371e-01,-4.919943597767e+00
2.846059532028e-01,2.239174687437e-01,1.405773193838e+00,-2.425802076785e-01,-1.476045133730e+00,-8.783552659354e-01,-4.919852523519e+00,-8.776651757108e-01,-4.920427822371e+00
2.850445520690e-01,2.245339636669e-01,1.405428433348e+00,-2.432274710152e-01,-1.475459699505e+00,-8.805131888710e-01,-4.920222780511e+00,-8.798233700381e-01,-4.920885020375e+00
2.854831509351e-01,2.251503035247e-01,1.405066099789e+00,-2.438744735233e-01,-1.474855761762e+00,-8.826712681874e-01,-4.920565615373e+00,-8.819817589643e-01,-4.921315188987e+00
2.859217498013e-01,2.257664806104e-01,1.404686196666e+00,-2.445212070893e-01,-1.474233330463e+00,-8.848294918572e-01,-4.920881029016e+00,-8.841403306338e-01,-4.921718325464e+00
2.863603486675e-01,2.263824872189e-01,1.404288728109e+00,-2.451676636044e-01,-1.473592416231e+00,-8.869878478539e-01,-4.921169022438e+00,-8.862990731899e-01,-4.922094427119e+00
2.867989475336e-01,2.269983156472e-01,1.403873698876e+00,-2.458138349644e-01,-1.472933030349e+00,-8.891463241511e-01,-4.921429596721e+00,-8.884579747744e-01,-4.922443491317e+00
2.872375463998e-01,2.276139581942e-01,1.403441114351e+00,-2.464597130703e-01,-1.472255184759e+00,-8.913049087232e-01,-4.921662753031e+00,-8.906170235282e-01,-4.922765515476e+00
2.876761452660e-01,2.282294071616e-01,1.402990980544e+00,-2.471052898284e-01,-1.471558892066e+00,-8.934635895450e-01,-4.921868492617e+00,-8.927762075910e-01,-4.923060497066e+00
2.881147441321e-01,2.288446548537e-01,1.402523304094e+00,-2.477505571509e-01,-1.470844165532e+00,-8.956223545917e-01,-4.922046816812e+00,-8.949355151014e-01,-4.923328433612e+00
2.885533429983e-01,2.294596935780e-01,1.402038092262e+00,-2.483955069556e-01,-1.470111019079e+00,-8.977811918393e-01,-4.922197727031e+00,-8.970949341970e-01,-4.923569322690e+00
2.889919418645e-01,2.300745156452e-01,1.401535352938e+00,-2.490401311668e-01,-1.469359467288e+00,-8.999400892644e-01,-4.922321224775e+00,-8.992544530143e-01,-4.923783161931e+00
2.894305407307e-01,2.306891133695e-01,1.401015094638e+00,-2.496844217154e-01,-1.468589525398e+00,-9.020990348443e-01,-4.922417311624e+00,-9.014140596886e-01,-4.923969949018e+00
2.898691395968e-01,2.313034790692e-01,1.400477326500e+00,-2.503283705388e-01,-1.467801209306e+00,-9.042580165570e-01,-4.922485989245e+00,-9.035737423546e-01,-4.924129681688e+00
2.903077384630e-01,2.319176050667e-01,1.399922058291e+00,-2.509719695819e-01,-1.466994535564e+00,-9.064170223811e-01,-4.922527259383e+00,-9.057334891457e-01,-4.924262357731e+00
2.907463373292e-01,2.325314836888e-01,1.399349300400e+00,-2.516152107967e-01,-1.466169521382e+00,-9.085760402962e-01,-4.922541123869e+00,-9.078932881943e-01,-4.924367974992e+00
2.911849361953e-01,2.331451072667e-01,1.398759063840e+00,-2.522580861431e-01,-1.465326184625e+00,-9.107350582827e-01,-4.922527584614e+00,-9.100531276321e-01,-4.924446531368e+00
2.916235350615e-01,2.337584681371e-01,1.398151360248e+00,-2.529005875889e-01,-1.464464543814e+00,-9.128940643216e-01,-4.922486643613e+00,-9.122129955897e-01,-4.924498024811e+00
2.920621339277e-01,2.343715586416e-01,1.397526201884e+00,-2.535427071102e-01,-1.463584618121e+00,-9.150530463952e-01,-4.922418302941e+00,-9.143728801970e-01,-4.924522453328e+00
2.925007327938e-01,2.349843711273e-01,1.396883601630e+00,-2.541844366915e-01,-1.462686427374e+00,-9.172119924863e-01,-4.922322564756e+00,-9.165327695829e-01,-4.924519814978e+00
2.929393316600e-01,2.355968979473e-01,1.396223572991e+00,-2.548257683264e-01,-1.461769992052e+00,-9.193708905791e-01,-4.922199431298e+00,-9.186926518754e-01,-4.924490107879e+00
2.933779305262e-01,2.362091314604e-01,1.395546130092e+00,-2.554666940173e-01,-1.460835333285e+00,-9.215297286583e-01,-4.922048904888e+00,-9.208525152019e-01,-4.924433330199e+00
2.938165293923e-01,2.368210640322e-01,1.394851287677e+00,-2.561072057764e-01,-1.459882472854e+00,-9.236884947102e-01,-4.921870987931e+00,-9.230123476888e-01,-4.924349480164e+00
2.942551282585e-01,2.374326880346e-01,1.394139061113e+00,-2.567472956253e-01,-1.458911433189e+00,-9.258471767216e-01,-4.921665682910e+00,-9.251721374618e-01,-4.924238556057e+00
2.946937271247e-01,2.380439958464e-01,1.393409466383e+00,-2.573869555957e-01,-1.457922237369e+00,-9.280057626809e-01,-4.921432992393e+00,-9.273318726460e-01,-4.924100556212e+00
2.951323259909e-01,2.386549798536e-01,1.392662520088e+00,-2.580261777294e-01,-1.456914909119e+00,-9.301642405774e-01,-4.921172919029e+00,-9.294915413655e-01,-4.923935479025e+00
2.955709248570e-01,2.392656324495e-01,1.391898239448e+00,-2.586649540791e-01,-1.455889472810e+00,-9.323225984015e-01,-4.920885465547e+00,-9.316511317440e-01,-4.923743322944e+00
2.960095237232e-01,2.398759460353e-01,1.391116642297e+00,-2.593032767079e-01,-1.454845953459e+00,-9.344808241450e-01,-4.920570634760e+00,-9.338106319043e-01,-4.923524086476e+00
2.964481225894e-01,2.404859130201e-01,1.390317747086e+00,-2.599411376904e-01,-1.453784376726e+00,-9.366389058009e-01,-4.920228429561e+00,-9.359700299687e-01,-4.923277768185e+00
2.968867214555e-01,2.410955258210e-01,1.389501572879e+00,-2.605785291123e-01,-1.452704768912e+00,-9.387968313635e-01,-4.919858852927e+00,-9.381293140589e-01,-4.923004366693e+00
2.973253203217e-01,2.417047768639e-01,1.388668139353e+00,-2.612154430711e-01,-1.451607156961e+00,-9.409545888283e-01,-4.919461907916e+00,-9.402884722958e-01,-4.922703880679e+00
2.977639191879e-01,2.423136585833e-01,1.387817466798e+00,-2.618518716764e-01,-1.450491568455e+00,-9.431121661922e-01,-4.919037597667e+00,-9.424474928001e-01,-4.922376308882e+00
2.982025180540e-01,2.429221634228e-01,1.386949576115e+00,-2.624878070497e-01,-1.449358031616e+00,-9.452695514537e-01,-4.918585925402e+00,-9.446063636915e-01,-4.922021650099e+00
2.986411169202e-01,2.435302838352e-01,1.386064488813e+00,-2.631232413253e-01,-1.448206575302e+00,-9.474267326126e-01,-4.918106894427e+00,-9.467650730897e-01,-4.921639903188e+00
2.990797157864e-01,2.441380122829e-01,1.385162227011e+00,-2.637581666502e-01,-1.447037229004e+00,-9.495836976699e-01,-4.917600508127e+00,-9.489236091134e-01,-4.921231067064e+00
2.995183146525e-01,2.447453412383e-01,1.384242813435e+00,-2.643925751845e-01,-1.445850022850e+00,-9.517404346286e-01,-4.917066769974e+00,-9.510819598811e-01,-4.920795140705e+00
2.999569135187e-01,2.453522631836e-01,1.383306271418e+00,-2.650264591017e-01,-1.444644987598e+00,-9.538969314928e-01,-4.916505683518e+00,-9.532401135110e-01,-4.920332123149e+00
3.003955123849e-01,2.459587706117e-01,1.382352624896e+00,-2.656598105887e-01,-1.443422154639e+00,-9.560531762685e-01,-4.915917252395e+00,-9.553980581206e-01,-4.919842013497e+00
3.008341112511e-01,2.465648560258e-01,1.381381898409e+00,-2.662926218465e-01,-1.442181555990e+00,-9.582091569632e-01,-4.915301480324e+00,-9.575557818272e-01,-4.919324810910e+00
3.012727101172e-01,2.471705119403e-01,1.380394117099e+00,-2.669248850904e-01,-1.440923224297e+00,-9.603648615858e-01,-4.914658371107e+00,-9.597132727478e-01,-4.918780514613e+00
3.017113089834e-01,2.477757308806e-01,1.379389306708e+00,-2.675565925498e-01,-1.439647192831e+00,-9.625202781473e-01,-4.913987928630e+00,-9.618705189987e-01,-4.918209123894e+00
3.021499078496e-01,2.483805053835e-01,1.378367493577e+00,-2.681877364692e-01,-1.438353495486e+00,-9.646753946603e-01,-4.913290156861e+00,-9.640275086965e-01,-4.917610638104e+00
3.025885067157e-01,2.489848279975e-01,1.377328704647e+00,-2.688183091078e-01,-1.437042166779e+00,-9.668301991389e-01,-4.912565059855e+00,-9.661842299570e-01,-4.916985056661e+00
3.030271055819e-01,2.495886912831e-01,1.376272967450e+00,-2.694483027403e-01,-1.435713241847e+00,-9.689846795992e-01,-4.911812641750e+00,-9.683406708959e-01,-4.916332379045e+00
3.034657044481e-01,2.501920878131e-01,1.375200310116e+00,-2.700777096568e-01,-1.434366756443e+00,-9.711388240593e-01,-4.911032906768e+00,-9.704968196290e-01,-4.915652604805e+00
3.039043033142e-01,2.507950101724e-01,1.374110761367e+00,-2.707065221634e-01,-1.433002746938e+00,-9.732926205389e-01,-4.910225859217e+00,-9.726526642715e-01,-4.914945733554e+00
3.043429021804e-01,2.513974509591e-01,1.373004350514e+00,-2.713347325820e-01,-1.431621250317e+00,-9.754460570596e-01,-4.909391503490e+00,-9.748081929386e-01,-4.914211764973e+00
3.047815010466e-01,2.519994027839e-01,1.371881107461e+00,-2.719623332510e-01,-1.430222304177e+00,-9.775991216452e-01,-4.908529844066e+00,-9.769633937455e-01,-4.913450698811e+00
3.052200999128e-01,2.526008582710e-01,1.370741062695e+00,-2.725893165256e-01,-1.428805946725e+00,-9.797518023213e-01,-4.907640885510e+00,-9.791182548070e-01,-4.912662534886e+00
3.056586987789e-01,2.532018100579e-01,1.369584247291e+00,-2.732156747777e-01,-1.427372216774e+00,-9.819040871154e-01,-4.906724632472e+00,-9.812727642383e-01,-4.911847273085e+00
3.060972976451e-01,2.538022507961e-01,1.368410692908e+00,-2.738414003963e-01,-1.425921153747e+00,-9.840559640574e-01,-4.905781089692e+00,-9.834269101540e-01,-4.911004913365e+00
3.065358965113e-01,2.544021731509e-01,1.367220431786e+00,-2.744664857879e-01,-1.424452797666e+00,-9.862074211791e-01,-4.904810261993e+00,-9.855806806692e-01,-4.910135455754e+00
3.069744953774e-01,2.550015698019e-01,1.366013496746e+00,-2.750909233768e-01,-1.422967189158e+00,-9.883584465143e-01,-4.903812154288e+00,-9.877340638988e-01,-4.909238900352e+00
3.074130942436e-01,2.556004334433e-01,1.364789921185e+00,-2.757147056050e-01,-1.421464369446e+00,-9.905090280993e-01,-4.902786771579e+00,-9.898870479576e-01,-4.908315247330e+00
3.078516931098e-01,2.561987567841e-01,1.363549739080e+00,-2.763378249330e-01,-1.419944380352e+00,-9.926591539722e-01,-4.901734118953e+00,-9.920396209609e-01,-4.907364496936e+00
3.082902919759e-01,2.567965325481e-01,1.362292984977e+00,-2.769602738396e-01,-1.418407264291e+00,-9.948088121738e-01,-4.900654201589e+00,-9.941917710237e-01,-4.906386649488e+00
3.087288908421e-01,2.573937534747e-01,1.361019693997e+00,-2.775820448223e-01,-1.416853064272e+00,-9.969579907468e-01,-4.899547024753e+00,-9.963434862615e-01,-4.905381705381e+00
3.091674897083e-01,2.579904123187e-01,1.359729901831e+00,-2.782031303977e-01,-1.415281823890e+00,-9.991066777366e-01,-4.898412593803e+00,-9.984947547898e-01,-4.904349665086e+00
3.096060885744e-01,2.585865018505e-01,1.358423644737e+00,-2.788235231015e-01,-1.413693587331e+00,-1.001254861191e+00,-4.897250914185e+00,-1.000645564724e+00,-4.903290529150e+00
3.100446874406e-01,2.591820148567e-01,1.357100959538e+00,-2.794432154893e-01,-1.412088399363e+00,-1.003402529159e+00,-4.896061991437e+00,-1.002795904181e+00,-4.902204298197e+00
3.104832863068e-01,2.597769441402e-01,1.355761883620e+00,-2.800622001358e-01,-1.410466305337e+00,-1.005549669694e+00,-4.894845831189e+00,-1.004945761276e+00,-4.901090972932e+00
3.109218851730e-01,2.603712825205e-01,1.354406454932e+00,-2.806804696364e-01,-1.408827351184e+00,-1.007696270850e+00,-4.893602439161e+00,-1.007095124127e+00,-4.899950554137e+00
3.113604840391e-01,2.609650228335e-01,1.353034711979e+00,-2.812980166063e-01,-1.407171583411e+00,-1.009842320686e+00,-4.892331821166e+00,-1.009243980850e+00,-4.898783042676e+00
3.117990829053e-01,2.615581579324e-01,1.351646693826e+00,-2.819148336815e-01,-1.405499049100e+00,-1.011987807260e+00,-4.891033983110e+00,-1.011392319562e+00,-4.897588439493e+00
3.122376817715e-01,2.621506806878e-01,1.350242440088e+00,-2.825309135186e-01,-1.403809795903e+00,-1.014132718636e+00,-4.889708930993e+00,-1.013540128382e+00,-4.896366745616e+00
3.126762806376e-01,2.627425839873e-01,1.348821990934e+00,-2.831462487952e-01,-1.402103872042e+00,-1.016277042880e+00,-4.888356670909e+00,-1.015687395427e+00,-4.895117962154e+00
3.131148795038e-01,2.633338607368e-01,1.347385387083e+00,-2.837608322105e-01,-1.400381326305e+00,-1.018420768058e+00,-4.886977209044e+00,-1.017834108817e+00,-4.893842090302e+00
3.135534783700e-01,2.639245038598e-01,1.345932669798e+00,-2.843746564847e-01,-1.398642208042e+00,-1.020563882241e+00,-4.885570551684e+00,-1.019980256671e+00,-4.892539131339e+00
3.139920772361e-01,2.645145062982e-01,1.344463880888e+00,-2.849877143603e-01,-1.396886567166e+00,-1.022706373504e+00,-4.884136705205e+00,-1.022125827109e+00,-4.891209086633e+00
3.144306761023e-01,2.651038610121e-01,1.342979062704e+00,-2.855999986015e-01,-1.395114454145e+00,-1.024848229922e+00,-4.882675676085e+00,-1.024270808251e+00,-4.889851957636e+00
3.148692749685e-01,2.656925609807e-01,1.341478258136e+00,-2.862115019947e-01,-1.393325920002e+00,-1.026989439575e+00,-4.881187470896e+00,-1.026415188218e+00,-4.888467745890e+00
3.153078738346e-01,2.662805992019e-01,1.339961510609e+00,-2.868222173491e-01,-1.391521016312e+00,-1.029129990545e+00,-4.879672096307e+00,-1.028558955133e+00,-4.887056453027e+00
3.157464727008e-01,2.668679686926e-01,1.338428864083e+00,-2.874321374963e-01,-1.389699795198e+00,-1.031269870916e+00,-4.878129559088e+00,-1.030702097118e+00,-4.885618080767e+00
3.161850715670e-01,2.674546624895e-01,1.336880363050e+00,-2.880412552912e-01,-1.387862309330e+00,-1.033409068777e+00,-4.876559866106e+00,-1.032844602296e+00,-4.884152630925e+00
3.166236704332e-01,2.680406736485e-01,1.335316052528e+00,-2.886495636117e-01,-1.386008611919e+00,-1.035547572218e+00,-4.874963024328e+00,-1.034986458793e+00,-4.882660105406e+00
3.170622692993e-01,2.686259952457e-01,1.333735978064e+00,-2.892570553592e-01,-1.384138756716e+00,-1.037685369335e+00,-4.873339040823e+00,-1.037127654731e+00,-4.881140506209e+00
3.175008681655e-01,2.692106203771e-01,1.332140185725e+00,-2.898637234588e-01,-1.382252798009e+00,-1.039822448223e+00,-4.871687922759e+00,-1.039268178239e+00,-4.879593835429e+00
3.179394670317e-01,2.697945421590e-01,1.330528722100e+00,-2.904695608596e-01,-1.380350790618e+00,-1.041958796984e+00,-4.870009677407e+00,-1.041408017442e+00,-4.878020095258e+00
3.183780658978e-01,2.703777537285e-01,1.328901634294e+00,-2.910745605348e-01,-1.378432789892e+00,-1.044094403721e+00,-4.868304312140e+00,-1.043547160469e+00,-4.876419287981e+00
3.188166647640e-01,2.709602482432e-01,1.327258969927e+00,-2.916787154820e-01,-1.376498851711e+00,-1.046229256542e+00,-4.866571834435e+00,-1.045685595448e+00,-4.874791415986e+00
3.192552636302e-01,2.715420188818e-01,1.325600777131e+00,-2.922820187234e-01,-1.374549032473e+00,-1.048363343555e+00,-4.864812251872e+00,-1.047823310510e+00,-4.873136481756e+00
3.196938624963e-01,2.721230588442e-01,1.323927104546e+00,-2.928844633061e-01,-1.372583389100e+00,-1.050496652875e+00,-4.863025572137e+00,-1.049960293785e+00,-4.871454487880e+00
3.201324613625e-01,2.727033613517e-01,1.322238001316e+00,-2.934860423022e-01,-1.370601979028e+00,-1.052629172618e+00,-4.861211803021e+00,-1.052096533407e+00,-4.869745437043e+00
3.205710602287e-01,2.732829196475e-01,1.320533517091e+00,-2.940867488091e-01,-1.368604860210e+00,-1.054760890906e+00,-4.859370952421e+00,-1.054232017507e+00,-4.868009332037e+00
3.210096590949e-01,2.738617269964e-01,1.318813702018e+00,-2.946865759499e-01,-1.366592091105e+00,-1.056891795861e+00,-4.857503028341e+00,-1.056366734221e+00,-4.866246175756e+00
3.214482579610e-01,2.744397766854e-01,1.317078606740e+00,-2.952855168733e-01,-1.364563730682e+00,-1.059021875612e+00,-4.855608038894e+00,-1.058500671686e+00,-4.864455971201e+00
3.218868568272e-01,2.750170620238e-01,1.315328282396e+00,-2.958835647540e-01,-1.362519838411e+00,-1.061151118288e+00,-4.853685992301e+00,-1.060633818037e+00,-4.862638721479e+00
3.223254556934e-01,2.755935763435e-01,1.313562780612e+00,-2.964807127928e-01,-1.360460474263e+00,-1.063279512026e+00,-4.851736896892e+00,-1.062766161415e+00,-4.860794429803e+00
3.227640545595e-01,2.761693129993e-01,1.311782153504e+00,-2.970769542172e-01,-1.358385698704e+00,-1.065407044962e+00,-4.849760761109e+00,-1.064897689959e+00,-4.858923099498e+00
3.232026534257e-01,2.767442653685e-01,1.309986453669e+00,-2.976722822810e-01,-1.356295572693e+00,-1.067533705240e+00,-4.847757593503e+00,-1.067028391811e+00,-4.857024733997e+00
3.236412522919e-01,2.773184268520e-01,1.308175734188e+00,-2.982666902651e-01,-1.354190157678e+00,-1.069659481004e+00,-4.845727402738e+00,-1.069158255113e+00,-4.855099336846e+00
3.240798511580e-01,2.778917908740e-01,1.306350048615e+00,-2.988601714772e-01,-1.352069515593e+00,-1.071784360405e+00,-4.843670197592e+00,-1.071287268012e+00,-4.853146911704e+00
3.245184500242e-01,2.784643508821e-01,1.304509450983e+00,-2.994527192525e-01,-1.349933708854e+00,-1.073908331595e+00,-4.841585986956e+00,-1.073415418653e+00,-4.851167462342e+00
3.249570488904e-01,2.790361003479e-01,1.302653995791e+00,-3.000443269536e-01,-1.347782800352e+00,-1.076031382733e+00,-4.839474779834e+00,-1.075542695184e+00,-4.849160992648e+00
3.253956477565e-01,2.796070327670e-01,1.300783738010e+00,-3.006349879708e-01,-1.345616853457e+00,-1.078153501980e+00,-4.837336585347e+00,-1.077669085755e+00,-4.847127506627e+00
3.258342466227e-01,2.801771416591e-01,1.298898733071e+00,-3.012246957222e-01,-1.343435932006e+00,-1.080274677500e+00,-4.835171412734e+00,-1.079794578517e+00,-4.845067008400e+00
3.262728454889e-01,2.807464205684e-01,1.296999036868e+00,-3.018134436541e-01,-1.341240100304e+00,-1.082394897464e+00,-4.832979271347e+00,-1.081919161625e+00,-4.842979502210e+00
3.267114443551e-01,2.813148630637e-01,1.295084705753e+00,-3.024012252411e-01,-1.339029423120e+00,-1.084514150045e+00,-4.830760170659e+00,-1.084042823232e+00,-4.840864992418e+00
3.271500432212e-01,2.818824627385e-01,1.293155796529e+00,-3.029880339863e-01,-1.336803965681e+00,-1.086632423421e+00,-4.828514120263e+00,-1.086165551498e+00,-4.838723483509e+00
3.275886420874e-01,2.824492132115e-01,1.291212366451e+00,-3.035738634214e-01,-1.334563793670e+00,-1.088749705774e+00,-4.826241129869e+00,-1.088287334580e+00,-4.836554980089e+00
3.280272409536e-01,2.830151081266e-01,1.289254473221e+00,-3.041587071073e-01,-1.332308973221e+00,-1.090865985290e+00,-4.823941209310e+00,-1.090408160640e+00,-4.834359486889e+00
3.284658398197e-01,2.835801411529e-01,1.287282174985e+00,-3.047425586337e-01,-1.330039570916e+00,-1.092981250160e+00,-4.821614368540e+00,-1.092528017841e+00,-4.832137008767e+00
3.289044386859e-01,2.841443059852e-01,1.285295530326e+00,-3.053254116198e-01,-1.327755653781e+00,-1.095095488579e+00,-4.819260617636e+00,-1.094646894349e+00,-4.829887550708e+00
3.293430375521e-01,2.847075963442e-01,1.283294598266e+00,-3.059072597140e-01,-1.325457289281e+00,-1.097208688747e+00,-4.816879966798e+00,-1.096764778332e+00,-4.827611117825e+00
3.297816364182e-01,2.852700059765e-01,1.281279438259e+00,-3.064880965948e-01,-1.323144545317e+00,-1.099320838866e+00,-4.814472426351e+00,-1.098881657960e+00,-4.825307715360e+00
3.302202352844e-01,2.858315286549e-01,1.279250110185e+00,-3.070679159703e-01,-1.320817490221e+00,-1.101431927147e+00,-4.812038006747e+00,-1.100997521405e+00,-4.822977348688e+00
3.306588341506e-01,2.863921581785e-01,1.277206674354e+00,-3.076467115787e-01,-1.318476192756e+00,-1.103541941801e+00,-4.809576718562e+00,-1.103112356841e+00,-4.820620023314e+00
3.310974330167e-01,2.869518883729e-01,1.275149191494e+00,-3.082244771886e-01,-1.316120722104e+00,-1.105650871048e+00,-4.807088572500e+00,-1.105226152447e+00,-4.818235744880e+00
3.315360318829e-01,2.875107130905e-01,1.273077722752e+00,-3.088012065987e-01,-1.313751147869e+00,-1.107758703109e+00,-4.804573579395e+00,-1.107338896401e+00,-4.815824519162e+00
3.319746307491e-01,2.880686262108e-01,1.270992329689e+00,-3.093768936388e-01,-1.311367540071e+00,-1.109865426211e+00,-4.802031750208e+00,-1.109450576886e+00,-4.813386352071e+00
3.324132296153e-01,2.886256216400e-01,1.268893074278e+00,-3.099515321691e-01,-1.308969969139e+00,-1.111971028588e+00,-4.799463096033e+00,-1.111561182087e+00,-4.810921249659e+00
3.328518284814e-01,2.891816933118e-01,1.266780018894e+00,-3.105251160809e-01,-1.306558505913e+00,-1.114075498475e+00,-4.796867628094e+00,-1.113670700191e+00,-4.808429218114e+00
3.332904273476e-01,2.897368351873e-01,1.264653226321e+00,-3.110976392967e-01,-1.304133221631e+00,-1.116178824116e+00,-4.794245357747e+00,-1.115779119389e+00,-4.805910263769e+00
3.337290262138e-01,2.902910412554e-01,1.262512759736e+00,-3.116690957703e-01,-1.301694187934e+00,-1.118280993756e+00,-4.791596296480e+00,-1.117886427874e+00,-4.803364393095e+00
3.341676250799e-01,2.908443055325e-01,1.260358682716e+00,-3.122394794871e-01,-1.299241476855e+00,-1.120381995649e+00,-4.788920455919e+00,-1.119992613841e+00,-4.800791612710e+00
3.346062239461e-01,2.913966220631e-01,1.258191059227e+00,-3.128087844640e-01,-1.296775160819e+00,-1.122481818050e+00,-4.786217847823e+00,-1.122097665490e+00,-4.798191929373e+00
3.350448228123e-01,2.919479849199e-01,1.256009953621e+00,-3.133770047499e-01,-1.294295312635e+00,-1.124580449224e+00,-4.783488484086e+00,-1.124201571023e+00,-4.795565349994e+00
3.354834216784e-01,2.924983882038e-01,1.253815430636e+00,-3.139441344257e-01,-1.291802005496e+00,-1.126677877437e+00,-4.780732376741e+00,-1.126304318644e+00,-4.792911881627e+00
3.359220205446e-01,2.930478260442e-01,1.251607555388e+00,-3.145101676043e-01,-1.289295312972e+00,-1.128774090961e+00,-4.777949537960e+00,-1.128405896561e+00,-4.790231531477e+00
3.363606194108e-01,2.935962925993e-01,1.249386393370e+00,-3.150750984313e-01,-1.286775309003e+00,-1.130869078077e+00,-4.775139980053e+00,-1.130506292987e+00,-4.787524306899e+00
3.367992182770e-01,2.941437820560e-01,1.247152010444e+00,-3.156389210845e-01,-1.284242067903e+00,-1.132962827067e+00,-4.772303715469e+00,-1.132605496135e+00,-4.784790215399e+00
3.372378171431e-01,2.946902886300e-01,1.244904472842e+00,-3.162016297746e-01,-1.281695664345e+00,-1.135055326220e+00,-4.769440756802e+00,-1.134703494223e+00,-4.782029264639e+00
3.376764160093e-01,2.952358065663e-01,1.242643847159e+00,-3.167632187448e-01,-1.279136173367e+00,-1.137146563832e+00,-4.766551116784e+00,-1.136800275473e+00,-4.779241462432e+00
3.381150148755e-01,2.957803301393e-01,1.240370200348e+00,-3.173236822717e-01,-1.276563670357e+00,-1.139236528203e+00,-4.763634808294e+00,-1.138895828110e+00,-4.776426816750e+00
3.385536137416e-01,2.963238536526e-01,1.238083599720e+00,-3.178830146647e-01,-1.273978231060e+00,-1.141325207638e+00,-4.760691844353e+00,-1.140990140361e+00,-4.773585335721e+00
3.389922126078e-01,2.968663714395e-01,1.235784112935e+00,-3.184412102668e-01,-1.271379931563e+00,-1.143412590450e+00,-4.757722238128e+00,-1.143083200458e+00,-4.770717027633e+00
3.394308114740e-01,2.974078778631e-01,1.233471808002e+00,-3.189982634541e-01,-1.268768848298e+00,-1.145498664957e+00,-4.754726002933e+00,-1.145174996638e+00,-4.767821900933e+00
3.398694103401e-01,2.979483673163e-01,1.231146753272e+00,-3.195541686367e-01,-1.266145058033e+00,-1.147583419481e+00,-4.751703152229e+00,-1.147265517139e+00,-4.764899964230e+00
3.403080092063e-01,2.984878342223e-01,1.228809017437e+00,-3.201089202581e-01,-1.263508637870e+00,-1.149666842353e+00,-4.748653699625e+00,-1.149354750204e+00,-4.761951226298e+00
3.407466080725e-01,2.990262730341e-01,1.226458669522e+00,-3.206625127959e-01,-1.260859665239e+00,-1.151748921907e+00,-4.745577658880e+00,-1.151442684080e+00,-4.758975696072e+00
3.411852069386e-01,2.995636782354e-01,1.224095778883e+00,-3.212149407616e-01,-1.258198217896e+00,-1.153829646486e+00,-4.742475043903e+00,-1.153529307019e+00,-4.755973382656e+00
3.416238058048e-01,3.001000443402e-01,1.221720415203e+00,-3.217661987009e-01,-1.255524373914e+00,-1.155909004437e+00,-4.739345868754e+00,-1.155614607275e+00,-4.752944295320e+00
3.420624046710e-01,3.006353658932e-01,1.219332648488e+00,-3.223162811939e-01,-1.252838211682e+00,-1.157986984113e+00,-4.736190147648e+00,-1.157698573107e+00,-4.749888443502e+00
3.425010035372e-01,3.011696374698e-01,1.216932549062e+00,-3.228651828550e-01,-1.250139809901e+00,-1.160063573876e+00,-4.733007894951e+00,-1.159781192779e+00,-4.746805836811e+00
3.429396024033e-01,3.017028536765e-01,1.214520187562e+00,-3.234128983334e-01,-1.247429247576e+00,-1.162138762091e+00,-4.729799125184e+00,-1.161862454558e+00,-4.743696485027e+00
3.433782012695e-01,3.022350091507e-01,1.212095634935e+00,-3.239594223128e-01,-1.244706604013e+00,-1.164212537131e+00,-4.726563853024e+00,-1.163942346716e+00,-4.740560398103e+00
3.438168001357e-01,3.027660985610e-01,1.209658962435e+00,-3.245047495119e-01,-1.241971958816e+00,-1.166284887376e+00,-4.723302093304e+00,-1.166020857529e+00,-4.737397586167e+00
3.442553990018e-01,3.032961166073e-01,1.207210241616e+00,-3.250488746843e-01,-1.239225391879e+00,-1.168355801211e+00,-4.720013861016e+00,-1.168097975277e+00,-4.734208059520e+00
3.446939978680e-01,3.038250580210e-01,1.204749544328e+00,-3.255917926187e-01,-1.236466983386e+00,-1.170425267029e+00,-4.716699171310e+00,-1.170173688247e+00,-4.730991828642e+00
3.451325967342e-01,3.043529175650e-01,1.202276942716e+00,-3.261334981391e-01,-1.233696813801e+00,-1.172493273229e+00,-4.713358039494e+00,-1.172247984727e+00,-4.727748904192e+00
3.455711956003e-01,3.048796900340e-01,1.199792509212e+00,-3.266739861047e-01,-1.230914963867e+00,-1.174559808218e+00,-4.709990481040e+00,-1.174320853013e+00,-4.724479297006e+00
3.460097944665e-01,3.054053702546e-01,1.197296316532e+00,-3.272132514103e-01,-1.228121514600e+00,-1.176624860407e+00,-4.706596511578e+00,-1.176392281404e+00,-4.721183018104e+00
3.464483933327e-01,3.059299530851e-01,1.194788437671e+00,-3.277512889864e-01,-1.225316547285e+00,-1.178688418216e+00,-4.703176146903e+00,-1.178462258204e+00,-4.717860078685e+00
3.468869921988e-01,3.064534334160e-01,1.192268945901e+00,-3.282880937990e-01,-1.222500143470e+00,-1.180750470073e+00,-4.699729402974e+00,-1.180530771722e+00,-4.714510490135e+00
3.473255910650e-01,3.069758061702e-01,1.189737914765e+00,-3.288236608500e-01,-1.219672384963e+00,-1.182811004410e+00,-4.696256295912e+00,-1.182597810273e+00,-4.711134264024e+00
3.477641899312e-01,3.074970663025e-01,1.187195418071e+00,-3.293579851772e-01,-1.216833353825e+00,-1.184870009668e+00,-4.692756842007e+00,-1.184663362176e+00,-4.707731412107e+00
3.482027887974e-01,3.080172088006e-01,1.184641529890e+00,-3.298910618546e-01,-1.213983132367e+00,-1.186927474296e+00,-4.689231057715e+00,-1.186727415756e+00,-4.704301946328e+00
3.486413876635e-01,3.085362286843e-01,1.182076324551e+00,-3.304228859921e-01,-1.211121803147e+00,-1.188983386748e+00,-4.685678959657e+00,-1.188789959342e+00,-4.700845878820e+00
3.490799865297e-01,3.090541210065e-01,1.179499876638e+00,-3.309534527361e-01,-1.208249448959e+00,-1.191037735487e+00,-4.682100564625e+00,-1.190850981270e+00,-4.697363221907e+00
3.495185853959e-01,3.095708808523e-01,1.176912260981e+00,-3.314827572692e-01,-1.205366152835e+00,-1.193090508982e+00,-4.678495889582e+00,-1.192910469880e+00,-4.693853988102e+00
3.499571842620e-01,3.100865033403e-01,1.174313552656e+00,-3.320107948107e-01,-1.202471998037e+00,-1.195141695712e+00,-4.674864951658e+00,-1.194968413519e+00,-4.690318190115e+00
3.503957831282e-01,3.106009836217e-01,1.171703826981e+00,-3.325375606161e-01,-1.199567068053e+00,-1.197191284161e+00,-4.671207768159e+00,-1.197024800538e+00,-4.686755840848e+00
3.508343819944e-01,3.111143168808e-01,1.169083159507e+00,-3.330630499779e-01,-1.196651446590e+00,-1.199239262822e+00,-4.667524356559e+00,-1.199079619294e+00,-4.683166953398e+00
3.512729808605e-01,3.116264983352e-01,1.166451626018e+00,-3.335872582253e-01,-1.193725217573e+00,-1.201285620195e+00,-4.663814734508e+00,-1.201132858152e+00,-4.679551541060e+00
3.517115797267e-01,3.121375232358e-01,1.163809302525e+00,-3.341101807241e-01,-1.190788465137e+00,-1.203330344787e+00,-4.660078919833e+00,-1.203184505481e+00,-4.675909617327e+00
3.521501785929e-01,3.126473868667e-01,1.161156265260e+00,-3.346318128773e-01,-1.187841273625e+00,-1.205373425116e+00,-4.656316930531e+00,-1.205234549654e+00,-4.672241195891e+00
3.525887774590e-01,3.131560845458e-01,1.158492590675e+00,-3.351521501249e-01,-1.184883727579e+00,-1.207414849704e+00,-4.652528784781e+00,-1.207282979055e+00,-4.668546290646e+00
3.530273763252e-01,3.136636116243e-01,1.155818355433e+00,-3.356711879440e-01,-1.181915911740e+00,-1.209454607083e+00,-4.648714500935e+00,-1.209329782069e+00,-4.664824915687e+00
3.534659751914e-01,3.141699634871e-01,1.153133636409e+00,-3.361889218490e-01,-1.178937911040e+00,-1.211492685794e+00,-4.644874097526e+00,-1.211374947091e+00,-4.661077085311e+00
3.539045740576e-01,3.146751355530e-01,1.150438510681e+00,-3.367053473913e-01,-1.175949810598e+00,-1.213529074385e+00,-4.641007593266e+00,-1.213418462520e+00,-4.657302814023e+00
3.543431729237e-01,3.151791232746e-01,1.147733055525e+00,-3.372204601600e-01,-1.172951695714e+00,-1.215563761411e+00,-4.637115007047e+00,-1.215460316763e+00,-4.653502116528e+00
3.547817717899e-01,3.156819221384e-01,1.145017348417e+00,-3.377342557815e-01,-1.169943651869e+00,-1.217596735438e+00,-4.633196357942e+00,-1.217500498232e+00,-4.649675007745e+00
3.552203706561e-01,3.161835276649e-01,1.142291467020e+00,-3.382467299198e-01,-1.166925764711e+00,-1.219627985038e+00,-4.629251665206e+00,-1.219538995347e+00,-4.645821502795e+00
3.556589695222e-01,3.166839354088e-01,1.139555489187e+00,-3.387578782763e-01,-1.163898120061e+00,-1.221657498794e+00,-4.625280948278e+00,-1.221575796534e+00,-4.641941617011e+00
3.560975683884e-01,3.171831409589e-01,1.136809492949e+00,-3.392676965904e-01,-1.160860803898e+00,-1.223685265295e+00,-4.621284226780e+00,-1.223610890225e+00,-4.638035365936e+00
3.565361672546e-01,3.176811399383e-01,1.134053556518e+00,-3.397761806390e-01,-1.157813902362e+00,-1.225711273140e+00,-4.617261520518e+00,-1.225644264861e+00,-4.634102765326e+00
3.569747661207e-01,3.181779280043e-01,1.131287758278e+00,-3.402833262369e-01,-1.154757501745e+00,-1.227735510936e+00,-4.613212849487e+00,-1.227675908888e+00,-4.630143831149e+00
3.574133649869e-01,3.186735008490e-01,1.128512176781e+00,-3.407891292367e-01,-1.151691688487e+00,-1.229757967300e+00,-4.609138233864e+00,-1.229705810759e+00,-4.626158579585e+00
3.578519638531e-01,3.191678541985e-01,1.125726890743e+00,-3.412935855292e-01,-1.148616549172e+00,-1.231778630858e+00,-4.605037694018e+00,-1.231733958935e+00,-4.622147027032e+00
3.582905627193e-01,3.196609838139e-01,1.122931979040e+00,-3.417966910428e-01,-1.145532170520e+00,-1.233797490242e+00,-4.600911250503e+00,-1.233760341885e+00,-4.618109190103e+00
3.587291615854e-01,3.201528854905e-01,1.120127520702e+00,-3.422984417443e-01,-1.142438639386e+00,-1.235814534097e+00,-4.596758924065e+00,-1.235784948084e+00,-4.614045085629e+00
3.591677604516e-01,3.206435550587e-01,1.117313594911e+00,-3.427988336386e-01,-1.139336042755e+00,-1.237829751075e+00,-4.592580735638e+00,-1.237807766015e+00,-4.609954730658e+00
3.596063593178e-01,3.211329883835e-01,1.114490280994e+00,-3.432978627685e-01,-1.136224467734e+00,-1.239843129837e+00,-4.588376706348e+00,-1.239828784167e+00,-4.605838142460e+00
3.600449581839e-01,3.216211813646e-01,1.111657658417e+00,-3.437955252153e-01,-1.133104001548e+00,-1.241854659055e+00,-4.584146857511e+00,-1.241847991040e+00,-4.601695338525e+00
3.604835570501e-01,3.221081299367e-01,1.108815806788e+00,-3.442918170984e-01,-1.129974731537e+00,-1.243864327408e+00,-4.579891210640e+00,-1.243865375138e+00,-4.597526336563e+00
3.609221559163e-01,3.225938300694e-01,1.105964805842e+00,-3.447867345759e-01,-1.126836745151e+00,-1.245872123586e+00,-4.575609787436e+00,-1.245880924975e+00,-4.593331154508e+00
3.613607547824e-01,3.230782777675e-01,1.103104735446e+00,-3.452802738437e-01,-1.123690129943e+00,-1.247878036290e+00,-4.571302609798e+00,-1.247894629073e+00,-4.589109810520e+00
3.617993536486e-01,3.235614690705e-01,1.100235675586e+00,-3.457724311366e-01,-1.120534973565e+00,-1.249882054226e+00,-4.566969699818e+00,-1.249906475961e+00,-4.584862322981e+00
3.622379525148e-01,3.240434000533e-01,1.097357706371e+00,-3.462632027277e-01,-1.117371363765e+00,-1.251884166116e+00,-4.562611079786e+00,-1.251916454177e+00,-4.580588710500e+00
3.626765513809e-01,3.245240668259e-01,1.094470908020e+00,-3.467525849285e-01,-1.114199388378e+00,-1.253884360686e+00,-4.558226772187e+00,-1.253924552266e+00,-4.576288991914e+00
3.631151502471e-01,3.250034655333e-01,1.091575360866e+00,-3.472405740893e-01,-1.111019135327e+00,-1.255882626675e+00,-4.553816799704e+00,-1.255930758782e+00,-4.571963186286e+00
3.635537491133e-01,3.254815923561e-01,1.088671145344e+00,-3.477271665986e-01,-1.107830692611e+00,-1.257878952833e+00,-4.549381185217e+00,-1.257935062288e+00,-4.567611312910e+00
3.639923479795e-01,3.259584435100e-01,1.085758341990e+00,-3.482123588840e-01,-1.104634148308e+00,-1.259873327916e+00,-4.544919951807e+00,-1.259937451356e+00,-4.563233391310e+00
3.644309468456e-01,3.264340152460e-01,1.082837031437e+00,-3.486961474113e-01,-1.101429590564e+00,-1.261865740695e+00,-4.540433122753e+00,-1.261937914563e+00,-4.558829441239e+00
3.648695457118e-01,3.269083038505e-01,1.079907294409e+00,-3.491785286851e-01,-1.098217107590e+00,-1.263856179948e+00,-4.535920721536e+00,-1.263936440500e+00,-4.554399482683e+00
3.653081445780e-01,3.273813056456e-01,1.076969211717e+00,-3.496594992490e-01,-1.094996787658e+00,-1.265844634463e+00,-4.531382771837e+00,-1.265933017762e+00,-4.549943535861e+00
3.657467434441e-01,3.278530169884e-01,1.074022864255e+00,-3.501390556849e-01,-1.091768719096e+00,-1.267831093042e+00,-4.526819297538e+00,-1.267927634957e+00,-4.545461621227e+00
3.661853423103e-01,3.283234342719e-01,1.071068332994e+00,-3.506171946137e-01,-1.088532990283e+00,-1.269815544494e+00,-4.522230322725e+00,-1.269920280699e+00,-4.540953759466e+00
3.666239411765e-01,3.287925539243e-01,1.068105698981e+00,-3.510939126951e-01,-1.085289689642e+00,-1.271797977639e+00,-4.517615871688e+00,-1.271910943612e+00,-4.536419971503e+00
3.670625400426e-01,3.292603724098e-01,1.065135043330e+00,-3.515692066273e-01,-1.082038905640e+00,-1.273778381310e+00,-4.512975968919e+00,-1.273899612330e+00,-4.531860278497e+00
3.675011389088e-01,3.297268862276e-01,1.062156447218e+00,-3.520430731477e-01,-1.078780726778e+00,-1.275756744349e+00,-4.508310639116e+00,-1.275886275495e+00,-4.527274701843e+00
3.679397377750e-01,3.301920919131e-01,1.059169991887e+00,-3.525155090323e-01,-1.075515241591e+00,-1.277733055609e+00,-4.503619907181e+00,-1.277870921760e+00,-4.522663263177e+00
3.683783366411e-01,3.306559860370e-01,1.056175758630e+00,-3.529865110959e-01,-1.072242538638e+00,-1.279707303954e+00,-4.498903798223e+00,-1.279853539787e+00,-4.518025984372e+00
3.688169355073e-01,3.311185652057e-01,1.053173828793e+00,-3.534560761923e-01,-1.068962706502e+00,-1.281679478259e+00,-4.494162337557e+00,-1.281834118247e+00,-4.513362887541e+00
3.692555343735e-01,3.315798260614e-01,1.050164283768e+00,-3.539242012140e-01,-1.065675833782e+00,-1.283649567411e+00,-4.489395550705e+00,-1.283812645820e+00,-4.508673995040e+00
3.696941332397e-01,3.320397652819e-01,1.047147204992e+00,-3.543908830925e-01,-1.062382009090e+00,-1.285617560307e+00,-4.484603463399e+00,-1.285789111199e+00,-4.503959329462e+00
3.701327321058e-01,3.324983795807e-01,1.044122673936e+00,-3.548561187981e-01,-1.059081321046e+00,-1.287583445857e+00,-4.479786101575e+00,-1.287763503084e+00,-4.499218913645e+00
3.705713309720e-01,3.329556657073e-01,1.041090772106e+00,-3.553199053400e-01,-1.055773858273e+00,-1.289547212980e+00,-4.474943491382e+00,-1.289735810185e+00,-4.494452770670e+00
3.710099298382e-01,3.334116204467e-01,1.038051581037e+00,-3.557822397662e-01,-1.052459709392e+00,-1.291508850609e+00,-4.470075659176e+00,-1.291706021225e+00,-4.489660923861e+00
3.714485287043e-01,3.338662406196e-01,1.035005182289e+00,-3.562431191636e-01,-1.049138963017e+00,-1.293468347686e+00,-4.465182631525e+00,-1.293674124935e+00,-4.484843396785e+00
3.718871275705e-01,3.343195230828e-01,1.031951657441e+00,-3.567025406581e-01,-1.045811707751e+00,-1.295425693168e+00,-4.460264435207e+00,-1.295640110056e+00,-4.480000213255e+00
3.723257264367e-01,3.347714647285e-01,1.028891088089e+00,-3.571605014141e-01,-1.042478032181e+00,-1.297380876021e+00,-4.455321097210e+00,-1.297603965342e+00,-4.475131397332e+00
3.727643253028e-01,3.352220624851e-01,1.025823555838e+00,-3.576169986354e-01,-1.039138024874e+00,-1.299333885224e+00,-4.450352644734e+00,-1.299565679554e+00,-4.470236973319e+00
3.732029241690e-01,3.356713133164e-01,1.022749142303e+00,-3.580720295640e-01,-1.035791774371e+00,-1.301284709767e+00,-4.445359105194e+00,-1.301525241467e+00,-4.465316965769e+00
3.736415230352e-01,3.361192142223e-01,1.019667929100e+00,-3.585255914813e-01,-1.032439369184e+00,-1.303233338655e+00,-4.440340506213e+00,-1.303482639866e+00,-4.460371399482e+00
3.740801219014e-01,3.365657622383e-01,1.016579997842e+00,-3.589776817071e-01,-1.029080897789e+00,-1.305179760901e+00,-4.435296875632e+00,-1.305437863545e+00,-4.455400299506e+00
3.745187207675e-01,3.370109544358e-01,1.013485430138e+00,-3.594282976003e-01,-1.025716448625e+00,-1.307123965533e+00,-4.430228241501e+00,-1.307390901311e+00,-4.450403691138e+00
3.749573196337e-01,3.374547879219e-01,1.010384307585e+00,-3.598774365584e-01,-1.022346110084e+00,-1.309065941591e+00,-4.425134632089e+00,-1.309341741982e+00,-4.445381599924e+00
3.753959184999e-01,3.378972598396e-01,1.007276711766e+00,-3.603250960176e-01,-1.018969970512e+00,-1.311005678127e+00,-4.420016075875e+00,-1.311290374387e+00,-4.440334051661e+00
3.758345173660e-01,3.383383673676e-01,1.004162724244e+00,-3.607712734530e-01,-1.015588118202e+00,-1.312943164205e+00,-4.414872601556e+00,-1.313236787366e+00,-4.435261072396e+00
3.762731162322e-01,3.387781077204e-01,1.001042426560e+00,-3.612159663784e-01,-1.012200641386e+00,-1.314878388903e+00,-4.409704238044e+00,-1.315180969771e+00,-4.430162688426e+00
3.767117150984e-01,3.392164781482e-01,9.979159002263e-01,-3.616591723462e-01,-1.008807628239e+00,-1.316811341311e+00,-4.404511014464e+00,-1.317122910465e+00,-4.425038926301e+00
3.771503139645e-01,3.396534759371e-01,9.947832267222e-01,-3.621008889475e-01,-1.005409166865e+00,-1.318742010532e+00,-4.399292960162e+00,-1.319062598323e+00,-4.419889812823e+00
3.775889128307e-01,3.400890984087e-01,9.916444874923e-01,-3.625411138120e-01,-1.002005345298e+00,-1.320670385681e+00,-4.394050104696e+00,-1.321000022232e+00,-4.414715375045e+00
3.780275116969e-01,3.405233429204e-01,9.884997639400e-01,-3.629798446080e-01,-9.985962514966e-01,-1.322596455887e+00,-4.388782477844e+00,-1.322935171091e+00,-4.409515640276e+00
3.784661105630e-01,3.409562068655e-01,9.853491374240e-01,-3.634170790424e-01,-9.951819733390e-01,-1.324520210292e+00,-4.383490109599e+00,-1.324868033811e+00,-4.404290636075e+00
3.789047094292e-01,3.413876876727e-01,9.821926892539e-01,-3.638528148606e-01,-9.917625986182e-01,-1.326441638052e+00,-4.378173030173e+00,-1.326798599315e+00,-4.399040390257e+00
3.793433082954e-01,3.418177828064e-01,9.790305006862e-01,-3.642870498464e-01,-9.883382150381e-01,-1.328360728334e+00,-4.372831269997e+00,-1.328726856537e+00,-4.393764930890e+00
3.797819071616e-01,3.422464897667e-01,9.758626529199e-01,-3.647197818223e-01,-9.849089102087e-01,-1.330277470320e+00,-4.367464859716e+00,-1.330652794425e+00,-4.388464286298e+00
3.802205060277e-01,3.426738060893e-01,9.726892270924e-01,-3.651510086490e-01,-9.814747716419e-01,-1.332191853206e+00,-4.362073830199e+00,-1.332576401940e+00,-4.383138485059e+00
3.806591048939e-01,3.430997293455e-01,9.695103042754e-01,-3.655807282255e-01,-9.780358867470e-01,-1.334103866200e+00,-4.356658212529e+00,-1.334497668054e+00,-4.377787556006e+00
3.810977037601e-01,3.435242571420e-01,9.663259654706e-01,-3.660089384893e-01,-9.745923428264e-01,-1.336013498525e+00,-4.351218038011e+00,-1.336416581753e+00,-4.372411528229e+00
3.815363026262e-01,3.439473871211e-01,9.631362916057e-01,-3.664356374160e-01,-9.711442270708e-01,-1.337920739417e+00,-4.345753338168e+00,-1.338333132034e+00,-4.367010431072e+00
3.819749014924e-01,3.443691169607e-01,9.599413635302e-01,-3.668608230195e-01,-9.676916265555e-01,-1.339825578127e+00,-4.340264144743e+00,-1.340247307909e+00,-4.361584294138e+00
3.824135003586e-01,3.447894443739e-01,9.567412620115e-01,-3.672844933520e-01,-9.642346282355e-01,-1.341728003919e+00,-4.334750489697e+00,-1.342159098402e+00,-4.356133147283e+00
3.828520992247e-01,3.452083671093e-01,9.535360677305e-01,-3.677066465035e-01,-9.607733189414e-01,-1.343628006070e+00,-4.329212405214e+00,-1.344068492549e+00,-4.350657020622e+00
3.832906980909e-01,3.456258829510e-01,9.503258612776e-01,-3.681272806023e-01,-9.573077853752e-01,-1.345525573873e+00,-4.323649923695e+00,-1.345975479403e+00,-4.345155944527e+00
3.837292969571e-01,3.460419897183e-01,9.471107231488e-01,-3.685463938146e-01,-9.538381141057e-01,-1.347420696635e+00,-4.318063077763e+00,-1.347880048026e+00,-4.339629949627e+00
3.841678958232e-01,3.464566852657e-01,9.438907337418e-01,-3.689639843445e-01,-9.503643915646e-01,-1.349313363677e+00,-4.312451900260e+00,-1.349782187496e+00,-4.334079066808e+00
3.846064946894e-01,3.468699674832e-01,9.406659733516e-01,-3.693800504342e-01,-9.468867040419e-01,-1.351203564334e+00,-4.306816424251e+00,-1.351681886904e+00,-4.328503327213e+00
3.850450935556e-01,3.472818342958e-01,9.374365221666e-01,-3.697945903635e-01,-9.434051376821e-01,-1.353091287957e+00,-4.301156683018e+00,-1.353579135355e+00,-4.322902762243e+00
3.854836924218e-01,3.476922836636e-01,9.342024602648e-01,-3.702076024499e-01,-9.399197784796e-01,-1.354976523909e+00,-4.295472710068e+00,-1.355473921967e+00,-4.317277403559e+00
3.859222912879e-01,3.481013135819e-01,9.309638676099e-01,-3.706190850488e-01,-9.364307122747e-01,-1.356859261571e+00,-4.289764539124e+00,-1.357366235873e+00,-4.311627283077e+00
3.863608901541e-01,3.485089220810e-01,9.277208240471e-01,-3.710290365530e-01,-9.329380247494e-01,-1.358739490336e+00,-4.284032204133e+00,-1.359256066219e+00,-4.305952432971e+00
3.867994890203e-01,3.489151072264e-01,9.244734092991e-01,-3.714374553931e-01,-9.294418014235e-01,-1.360617199614e+00,-4.278275739263e+00,-1.361143402167e+00,-4.300252885676e+00
3.872380878864e-01,3.493198671181e-01,9.212217029627e-01,-3.718443400369e-01,-9.259421276499e-01,-1.362492378828e+00,-4.272495178902e+00,-1.363028232890e+00,-4.294528673883e+00
3.876766867526e-01,3.497231998915e-01,9.179657845045e-01,-3.722496889898e-01,-9.224390886112e-01,-1.364365017419e+00,-4.266690557659e+00,-1.364910547579e+00,-4.288779830541e+00
3.881152856188e-01,3.501251037163e-01,9.147057332570e-01,-3.726535007943e-01,-9.189327693153e-01,-1.366235104841e+00,-4.260861910364e+00,-1.366790335438e+00,-4.283006388858e+00
3.885538844849e-01,3.505255767975e-01,9.114416284150e-01,-3.730557740304e-01,-9.154232545912e-01,-1.368102630564e+00,-4.255009272068e+00,-1.368667585684e+00,-4.277208382301e+00
3.889924833511e-01,3.509246173743e-01,9.081735490319e-01,-3.734565073152e-01,-9.119106290851e-01,-1.369967584072e+00,-4.249132678044e+00,-1.370542287552e+00,-4.271385844592e+00
3.894310822173e-01,3.513222237210e-01,9.049015740152e-01,-3.738556993027e-01,-9.083949772568e-01,-1.371829954868e+00,-4.243232163784e+00,-1.372414430289e+00,-4.265538809715e+00
3.898696810835e-01,3.517183941460e-01,9.016257821237e-01,-3.742533486841e-01,-9.048763833751e-01,-1.373689732466e+00,-4.237307765003e+00,-1.374284003158e+00,-4.259667311910e+00
3.903082799496e-01,3.521131269927e-01,8.983462519629e-01,-3.746494541875e-01,-9.013549315142e-01,-1.375546906400e+00,-4.231359517635e+00,-1.376150995438e+00,-4.253771385675e+00
3.907468788158e-01,3.525064206385e-01,8.950630619817e-01,-3.750440145777e-01,-8.978307055497e-01,-1.377401466218e+00,-4.225387457835e+00,-1.378015396422e+00,-4.247851065767e+00
3.911854776820e-01,3.528982734955e-01,8.917762904687e-01,-3.754370286564e-01,-8.943037891547e-01,-1.379253401483e+00,-4.219391621981e+00,-1.379877195418e+00,-4.241906387199e+00
3.916240765481e-01,3.532886840100e-01,8.884860155484e-01,-3.758284952619e-01,-8.907742657959e-01,-1.381102701774e+00,-4.213372046667e+00,-1.381736381751e+00,-4.235937385243e+00
3.920626754143e-01,3.536776506624e-01,8.851923151772e-01,-3.762184132689e-01,-8.872422187299e-01,-1.382949356689e+00,-4.207328768712e+00,-1.383592944761e+00,-4.229944095428e+00
3.925012742805e-01,3.540651719674e-01,8.818952671405e-01,-3.766067815889e-01,-8.837077309992e-01,-1.384793355840e+00,-4.201261825152e+00,-1.385446873801e+00,-4.223926553540e+00
3.929398731466e-01,3.544512464737e-01,8.785949490484e-01,-3.769935991695e-01,-8.801708854283e-01,-1.386634688854e+00,-4.195171253244e+00,-1.387298158244e+00,-4.217884795623e+00
3.933784720128e-01,3.548358727642e-01,8.752914383324e-01,-3.773788649947e-01,-8.766317646203e-01,-1.388473345376e+00,-4.189057090466e+00,-1.389146787477e+00,-4.211818857977e+00
3.938170708790e-01,3.552190494554e-01,8.719848122418e-01,-3.777625780847e-01,-8.730904509528e-01,-1.390309315069e+00,-4.182919374514e+00,-1.390992750901e+00,-4.205728777158e+00
3.942556697451e-01,3.556007751978e-01,8.686751478401e-01,-3.781447374956e-01,-8.695470265745e-01,-1.392142587609e+00,-4.176758143304e+00,-1.392836037936e+00,-4.199614589980e+00
3.946942686113e-01,3.559810486758e-01,8.653625220014e-01,-3.785253423196e-01,-8.660015734010e-01,-1.393973152692e+00,-4.170573434971e+00,-1.394676638018e+00,-4.193476333512e+00
3.951328674775e-01,3.563598686071e-01,8.620470114072e-01,-3.789043916850e-01,-8.624541731116e-01,-1.395801000029e+00,-4.164365287871e+00,-1.396514540597e+00,-4.187314045080e+00
3.955714663437e-01,3.567372337435e-01,8.587286925423e-01,-3.792818847554e-01,-8.589049071458e-01,-1.397626119348e+00,-4.158133740575e+00,-1.398349735141e+00,-4.181127762262e+00
3.960100652098e-01,3.571131428698e-01,8.554076416920e-01,-3.796578207305e-01,-8.553538566988e-01,-1.399448500394e+00,-4.151878831876e+00,-1.400182211135e+00,-4.174917522896e+00
3.964486640760e-01,3.574875948046e-01,8.520839349383e-01,-3.800321988452e-01,-8.518011027191e-01,-1.401268132929e+00,-4.145600600782e+00,-1.402011958079e+00,-4.168683365071e+00
3.968872629422e-01,3.578605883995e-01,8.487576481565e-01,-3.804050183703e-01,-8.482467259040e-01,-1.403085006734e+00,-4.139299086522e+00,-1.403838965492e+00,-4.162425327131e+00
3.973258618083e-01,3.582321225396e-01,8.454288570121e-01,-3.807762786114e-01,-8.446908066964e-01,-1.404899111604e+00,-4.132974328540e+00,-1.405663222909e+00,-4.156143447676e+00
3.977644606745e-01,3.586021961431e-01,8.420976369569e-01,-3.811459789098e-01,-8.411334252817e-01,-1.406710437354e+00,-4.126626366498e+00,-1.407484719880e+00,-4.149837765558e+00
3.982030595407e-01,3.589708081610e-01,8.387640632262e-01,-3.815141186415e-01,-8.375746615834e-01,-1.408518973815e+00,-4.120255240276e+00,-1.409303445975e+00,-4.143508319882e+00
3.986416584068e-01,3.593379575776e-01,8.354282108352e-01,-3.818806972179e-01,-8.340145952606e-01,-1.410324710837e+00,-4.113860989967e+00,-1.411119390779e+00,-4.137155150006e+00
3.990802572730e-01,3.597036434098e-01,8.320901545757e-01,-3.822457140850e-01,-8.304533057040e-01,-1.412127638285e+00,-4.107443655885e+00,-1.412932543897e+00,-4.130778295540e+00
3.995188561392e-01,3.600678647073e-01,8.287499690129e-01,-3.826091687236e-01,-8.268908720328e-01,-1.413927746044e+00,-4.101003278555e+00,-1.414742894948e+00,-4.124377796347e+00
3.999574550053e-01,3.604306205526e-01,8.254077284823e-01,-3.829710606492e-01,-8.233273730911e-01,-1.415725024016e+00,-4.094539898721e+00,-1.416550433571e+00,-4.117953692538e+00
4.003960538715e-01,3.607919100606e-01,8.220635070863e-01,-3.833313894119e-01,-8.197628874447e-01,-1.417519462123e+00,-4.088053557338e+00,-1.418355149421e+00,-4.111506024479e+00
4.008346527377e-01,3.611517323787e-01,8.187173786909e-01,-3.836901545959e-01,-8.161974933779e-01,-1.419311050300e+00,-4.081544295579e+00,-1.420157032173e+00,-4.105034832782e+00
4.012732516039e-01,3.615100866866e-01,8.153694169231e-01,-3.840473558201e-01,-8.126312688901e-01,-1.421099778506e+00,-4.075012154828e+00,-1.421956071518e+00,-4.098540158312e+00
4.017118504700e-01,3.618669721962e-01,8.120196951669e-01,-3.844029927372e-01,-8.090642916924e-01,-1.422885636713e+00,-4.068457176684e+00,-1.423752257165e+00,-4.092022042180e+00
4.021504493362e-01,3.622223881518e-01,8.086682865610e-01,-3.847570650340e-01,-8.054966392048e-01,-1.424668614916e+00,-4.061879402959e+00,-1.425545578842e+00,-4.085480525748e+00
4.025890482024e-01,3.625763338295e-01,8.053152639953e-01,-3.851095724313e-01,-8.019283885527e-01,-1.426448703125e+00,-4.055278875677e+00,-1.427336026295e+00,-4.078915650624e+00
4.030276470685e-01,3.629288085372e-01,8.019607001079e-01,-3.854605146836e-01,-7.983596165638e-01,-1.428225891369e+00,-4.048655637073e+00,-1.429123589288e+00,-4.072327458664e+00
4.034662459347e-01,3.632798116149e-01,7.986046672822e-01,-3.858098915790e-01,-7.947903997648e-01,-1.430000169697e+00,-4.042009729594e+00,-1.430908257603e+00,-4.065715991969e+00
4.039048448009e-01,3.636293424341e-01,7.952472376437e-01,-3.861577029391e-01,-7.912208143790e-01,-1.431771528176e+00,-4.035341195898e+00,-1.432690021042e+00,-4.059081292888e+00
4.043434436670e-01,3.639774003979e-01,7.918884830573e-01,-3.865039486190e-01,-7.876509363222e-01,-1.433539956891e+00,-4.028650078853e+00,-1.434468869423e+00,-4.052423404014e+00
4.047820425332e-01,3.643239849408e-01,7.885284751240e-01,-3.868486285067e-01,-7.840808412005e-01,-1.435305445947e+00,-4.021936421538e+00,-1.436244792586e+00,-4.045742368183e+00
4.052206413994e-01,3.646690955289e-01,7.851672851782e-01,-3.871917425237e-01,-7.805106043071e-01,-1.437067985466e+00,-4.015200267237e+00,-1.438017780387e+00,-4.039038228476e+00
4.056592402656e-01,3.650127316593e-01,7.818049842850e-01,-3.875332906242e-01,-7.769403006189e-01,-1.438827565592e+00,-4.008441659447e+00,-1.439787822704e+00,-4.032311028218e+00
4.060978391317e-01,3.653548928602e-01,7.784416432369e-01,-3.878732727953e-01,-7.733700047942e-01,-1.440584176486e+00,-4.001660641869e+00,-1.441554909430e+00,-4.025560810975e+00
4.065364379979e-01,3.656955786908e-01,7.750773325512e-01,-3.882116890567e-01,-7.697997911693e-01,-1.442337808328e+00,-3.994857258415e+00,-1.443319030480e+00,-4.018787620552e+00
4.069750368641e-01,3.660347887414e-01,7.717121224675e-01,-3.885485394608e-01,-7.662297337560e-01,-1.444088451319e+00,-3.988031553199e+00,-1.445080175789e+00,-4.011991500998e+00
4.074136357302e-01,3.663725226328e-01,7.683460829441e-01,-3.888838240921e-01,-7.626599062383e-01,-1.445836095677e+00,-3.981183570545e+00,-1.446838335309e+00,-4.005172496601e+00
4.078522345964e-01,3.667087800164e-01,7.649792836562e-01,-3.892175430676e-01,-7.590903819701e-01,-1.447580731643e+00,-3.974313354979e+00,-1.448593499012e+00,-3.998330651887e+00
4.082908334626e-01,3.670435605743e-01,7.616117939924e-01,-3.895496965363e-01,-7.555212339720e-01,-1.449322349474e+00,-3.967420951232e+00,-1.450345656891e+00,-3.991466011619e+00
4.087294323287e-01,3.673768640188e-01,7.582436830527e-01,-3.898802846792e-01,-7.519525349287e-01,-1.451060939449e+00,-3.960506404240e+00,-1.452094798957e+00,-3.984578620800e+00
4.091680311949e-01,3.677086900925e-01,7.548750196451e-01,-3.902093077091e-01,-7.483843571864e-01,-1.452796491865e+00,-3.953569759141e+00,-1.453840915242e+00,-3.977668524666e+00
4.096066300611e-01,3.680390385681e-01,7.515058722836e-01,-3.905367658703e-01,-7.448167727499e-01,-1.454528997040e+00,-3.946611061274e+00,-1.455583995797e+00,-3.970735768692e+00
4.100452289272e-01,3.683679092483e-01,7.481363091853e-01,-3.908626594390e-01,-7.412498532801e-01,-1.456258445312e+00,-3.939630356183e+00,-1.457324030695e+00,-3.963780398584e+00
4.104838277934e-01,3.686953019657e-01,7.447663982678e-01,-3.911869887222e-01,-7.376836700913e-01,-1.457984827038e+00,-3.932627689608e+00,-1.459061010025e+00,-3.956802460283e+00
4.109224266596e-01,3.690212165825e-01,7.413962071466e-01,-3.915097540586e-01,-7.341182941486e-01,-1.459708132597e+00,-3.925603107492e+00,-1.460794923901e+00,-3.949801999963e+00
4.113610255258e-01,3.693456529907e-01,7.380258031329e-01,-3.918309558176e-01,-7.305537960653e-01,-1.461428352386e+00,-3.918556655976e+00,-1.462525762454e+00,-3.942779064028e+00
4.117996243919e-01,3.696686111115e-01,7.346552532308e-01,-3.921505943998e-01,-7.269902461006e-01,-1.463145476824e+00,-3.911488381399e+00,-1.464253515836e+00,-3.935733699114e+00
4.122382232581e-01,3.699900908955e-01,7.312846241349e-01,-3.924686702362e-01,-7.234277141567e-01,-1.464859496349e+00,-3.904398330298e+00,-1.465978174221e+00,-3.928665952087e+00
4.126768221243e-01,3.703100923226e-01,7.279139822280e-01,-3.927851837886e-01,-7.198662697769e-01,-1.466570401420e+00,-3.897286549407e+00,-1.467699727803e+00,-3.921575870040e+00
4.131154209904e-01,3.706286154017e-01,7.245433935784e-01,-3.931001355493e-01,-7.163059821425e-01,-1.468278182518e+00,-3.890153085655e+00,-1.469418166794e+00,-3.914463500294e+00
4.135540198566e-01,3.709456601706e-01,7.211729239379e-01,-3.934135260406e-01,-7.127469200709e-01,-1.469982830141e+00,-3.882997986164e+00,-1.471133481431e+00,-3.907328890397e+00
4.139926187228e-01,3.712612266957e-01,7.178026387393e-01,-3.937253558151e-01,-7.091891520131e-01,-1.471684334811e+00,-3.875821298254e+00,-1.472845661970e+00,-3.900172088121e+00
4.144312175889e-01,3.715753150723e-01,7.144326030938e-01,-3.940356254552e-01,-7.056327460513e-01,-1.473382687071e+00,-3.868623069435e+00,-1.474554698686e+00,-3.892993141465e+00
4.148698164551e-01,3.718879254240e-01,7.110628817892e-01,-3.943443355733e-01,-7.020777698965e-01,-1.475077877482e+00,-3.861403347410e+00,-1.476260581880e+00,-3.885792098648e+00
4.153084153213e-01,3.721990579028e-01,7.076935392874e-01,-3.946514868112e-01,-6.985242908866e-01,-1.476769896628e+00,-3.854162180072e+00,-1.477963301869e+00,-3.878569008114e+00
4.157470141874e-01,3.725087126889e-01,7.043246397221e-01,-3.949570798403e-01,-6.949723759837e-01,-1.478458735114e+00,-3.846899615508e+00,-1.479662848994e+00,-3.871323918527e+00
4.161856130536e-01,3.728168899907e-01,7.009562468968e-01,-3.952611153611e-01,-6.914220917724e-01,-1.480144383565e+00,-3.839615701990e+00,-1.481359213617e+00,-3.864056878769e+00
4.166242119198e-01,3.731235900442e-01,6.975884242824e-01,-3.955635941034e-01,-6.878735044570e-01,-1.481826832629e+00,-3.832310487981e+00,-1.483052386123e+00,-3.856767937943e+00
4.170628107860e-01,3.734288131135e-01,6.942212350151e-01,-3.958645168259e-01,-6.843266798600e-01,-1.483506072974e+00,-3.824984022130e+00,-1.484742356915e+00,-3.849457145368e+00
4.175014096521e-01,3.737325594900e-01,6.908547418948e-01,-3.961638843161e-01,-6.807816834196e-01,-1.485182095290e+00,-3.817636353274e+00,-1.486429116420e+00,-3.842124550582e+00
4.179400085183e-01,3.740348294928e-01,6.874890073820e-01,-3.964616973900e-01,-6.772385801878e-01,-1.486854890287e+00,-3.810267530433e+00,-1.488112655087e+00,-3.834770203334e+00
4.183786073845e-01,3.743356234683e-01,6.841240935969e-01,-3.967579568922e-01,-6.736974348281e-01,-1.488524448699e+00,-3.802877602815e+00,-1.489792963387e+00,-3.827394153591e+00
4.188172062506e-01,3.746349417899e-01,6.807600623164e-01,-3.970526636956e-01,-6.701583116140e-01,-1.490190761279e+00,-3.795466619808e+00,-1.491470031811e+00,-3.819996451530e+00
4.192558051168e-01,3.749327848582e-01,6.773969749728e-01,-3.973458187009e-01,-6.666212744264e-01,-1.491853818804e+00,-3.788034630984e+00,-1.493143850875e+00,-3.812577147540e+00
4.196944039830e-01,3.752291531006e-01,6.740348926515e-01,-3.976374228372e-01,-6.630863867522e-01,-1.493513612072e+00,-3.780581686096e+00,-1.494814411113e+00,-3.805136292221e+00
4.201330028491e-01,3.755240469713e-01,6.706738760891e-01,-3.979274770610e-01,-6.595537116820e-01,-1.495170131902e+00,-3.773107835078e+00,-1.496481703086e+00,-3.797673936381e+00
4.205716017153e-01,3.758174669508e-01,6.673139856717e-01,-3.982159823564e-01,-6.560233119085e-01,-1.496823369135e+00,-3.765613128041e+00,-1.498145717375e+00,-3.790190131037e+00
4.210102005815e-01,3.761094135464e-01,6.639552814327e-01,-3.985029397352e-01,-6.524952497247e-01,-1.498473314636e+00,-3.758097615278e+00,-1.499806444582e+00,-3.782684927411e+00
4.214487994476e-01,3.763998872913e-01,6.605978230513e-01,-3.987883502361e-01,-6.489695870215e-01,-1.500119959290e+00,-3.750561347255e+00,-1.501463875334e+00,-3.775158376930e+00
4.218873983138e-01,3.766888887450e-01,6.572416698504e-01,-3.990722149250e-01,-6.454463852867e-01,-1.501763294004e+00,-3.743004374617e+00,-1.503118000279e+00,-3.767610531227e+00
4.223259971800e-01,3.769764184928e-01,6.538868807950e-01,-3.993545348947e-01,-6.419257056029e-01,-1.503403309710e+00,-3.735426748181e+00,-1.504768810090e+00,-3.760041442134e+00
4.227645960462e-01,3.772624771460e-01,6.505335144906e-01,-3.996353112646e-01,-6.384076086457e-01,-1.505039997359e+00,-3.727828518942e+00,-1.506416295459e+00,-3.752451161687e+00
4.232031949123e-01,3.775470653413e-01,6.471816291810e-01,-3.999145451809e-01,-6.348921546822e-01,-1.506673347926e+00,-3.720209738062e+00,-1.508060447103e+00,-3.744839742120e+00
4.236417937785e-01,3.778301837410e-01,6.438312827471e-01,-4.001922378157e-01,-6.313794035693e-01,-1.508303352409e+00,-3.712570456879e+00,-1.509701255764e+00,-3.737207235867e+00
4.240803926447e-01,3.781118330327e-01,6.404825327048e-01,-4.004683903677e-01,-6.278694147519e-01,-1.509930001828e+00,-3.704910726900e+00,-1.511338712203e+00,-3.729553695556e+00
4.245189915108e-01,3.783920139290e-01,6.371354362040e-01,-4.007430040613e-01,-6.243622472618e-01,-1.511553287224e+00,-3.697230599801e+00,-1.512972807207e+00,-3.721879174015e+00
4.249575903770e-01,3.786707271676e-01,6.337900500263e-01,-4.010160801467e-01,-6.208579597155e-01,-1.513173199664e+00,-3.689530127425e+00,-1.514603531585e+00,-3.714183724262e+00
4.253961892432e-01,3.789479735111e-01,6.304464305839e-01,-4.012876199000e-01,-6.173566103132e-01,-1.514789730235e+00,-3.681809361783e+00,-1.516230876170e+00,-3.706467399510e+00
4.258347881093e-01,3.792237537466e-01,6.271046339177e-01,-4.015576246223e-01,-6.138582568373e-01,-1.516402870048e+00,-3.674068355052e+00,-1.517854831817e+00,-3.698730253164e+00
4.262733869755e-01,3.794980686858e-01,6.237647156963e-01,-4.018260956404e-01,-6.103629566506e-01,-1.518012610237e+00,-3.666307159573e+00,-1.519475389406e+00,-3.690972338817e+00
4.267119858417e-01,3.797709191648e-01,6.204267312140e-01,-4.020930343059e-01,-6.068707666951e-01,-1.519618941959e+00,-3.658525827849e+00,-1.521092539840e+00,-3.683193710251e+00
4.271505847079e-01,3.800423060436e-01,6.170907353896e-01,-4.023584419953e-01,-6.033817434908e-01,-1.521221856393e+00,-3.650724412547e+00,-1.522706274046e+00,-3.675394421436e+00
4.275891835740e-01,3.803122302066e-01,6.137567827651e-01,-4.026223201098e-01,-5.998959431337e-01,-1.522821344742e+00,-3.642902966493e+00,-1.524316582973e+00,-3.667574526528e+00
4.280277824402e-01,3.805806925616e-01,6.104249275039e-01,-4.028846700752e-01,-5.964134212956e-01,-1.524417398233e+00,-3.635061542674e+00,-1.525923457596e+00,-3.659734079864e+00
4.284663813064e-01,3.808476940405e-01,6.070952233900e-01,-4.031454933416e-01,-5.929342332215e-01,-1.526010008115e+00,-3.627200194235e+00,-1.527526888914e+00,-3.651873135968e+00
4.289049801725e-01,3.811132355984e-01,6.037677238262e-01,-4.034047913831e-01,-5.894584337294e-01,-1.527599165660e+00,-3.619318974477e+00,-1.529126867947e+00,-3.643991749542e+00
4.293435790387e-01,3.813773182138e-01,6.004424818328e-01,-4.036625656980e-01,-5.859860772086e-01,-1.529184862166e+00,-3.611417936859e+00,-1.530723385742e+00,-3.636089975468e+00
4.297821779049e-01,3.816399428884e-01,5.971195500470e-01,-4.039188178081e-01,-5.825172176185e-01,-1.530767088951e+00,-3.603497134991e+00,-1.532316433369e+00,-3.628167868808e+00
4.302207767710e-01,3.819011106471e-01,5.937989807206e-01,-4.041735492589e-01,-5.790519084875e-01,-1.532345837359e+00,-3.595556622640e+00,-1.533906001922e+00,-3.620225484798e+00
4.306593756372e-01,3.821608225373e-01,5.904808257197e-01,-4.044267616194e-01,-5.755902029122e-01,-1.533921098756e+00,-3.587596453724e+00,-1.535492082520e+00,-3.612262878852e+00
4.310979745034e-01,3.824190796292e-01,5.871651365230e-01,-4.046784564815e-01,-5.721321535556e-01,-1.535492864534e+00,-3.579616682309e+00,-1.537074666306e+00,-3.604280106555e+00
4.315365733695e-01,3.826758830155e-01,5.838519642210e-01,-4.049286354604e-01,-5.686778126467e-01,-1.537061126105e+00,-3.571617362615e+00,-1.538653744446e+00,-3.596277223666e+00
4.319751722357e-01,3.829312338113e-01,5.805413595145e-01,-4.051773001938e-01,-5.652272319791e-01,-1.538625874910e+00,-3.563598549005e+00,-1.540229308133e+00,-3.588254286112e+00
4.324137711019e-01,3.831851331537e-01,5.772333727138e-01,-4.054244523424e-01,-5.617804629104e-01,-1.540187102409e+00,-3.555560295993e+00,-1.541801348583e+00,-3.580211349991e+00
4.328523699681e-01,3.834375822019e-01,5.739280537375e-01,-4.056700935890e-01,-5.583375563606e-01,-1.541744800088e+00,-3.547502658237e+00,-1.543369857038e+00,-3.572148471568e+00
4.332909688342e-01,3.836885821369e-01,5.706254521114e-01,-4.059142256388e-01,-5.548985628118e-01,-1.543298959457e+00,-3.539425690538e+00,-1.544934824761e+00,-3.564065707273e+00
4.337295677004e-01,3.839381341612e-01,5.673256169679e-01,-4.061568502191e-01,-5.514635323068e-01,-1.544849572050e+00,-3.531329447842e+00,-1.546496243045e+00,-3.555963113702e+00
4.341681665666e-01,3.841862394989e-01,5.640285970443e-01,-4.063979690788e-01,-5.480325144487e-01,-1.546396629426e+00,-3.523213985234e+00,-1.548054103205e+00,-3.547840747610e+00
4.346067654327e-01,3.844328993955e-01,5.607344406826e-01,-4.066375839887e-01,-5.446055583996e-01,-1.547940123166e+00,-3.515079357941e+00,-1.549608396580e+00,-3.539698665916e+00
4.350453642989e-01,3.846781151172e-01,5.574431958281e-01,-4.068756967411e-01,-5.411827128802e-01,-1.549480044877e+00,-3.506925621329e+00,-1.551159114537e+00,-3.531536925699e+00
4.354839631651e-01,3.849218879517e-01,5.541549100287e-01,-4.071123091493e-01,-5.377640261687e-01,-1.551016386190e+00,-3.498752830899e+00,-1.552706248465e+00,-3.523355584192e+00
4.359225620312e-01,3.851642192069e-01,5.508696304340e-01,-4.073474230479e-01,-5.343495461002e-01,-1.552549138760e+00,-3.490561042291e+00,-1.554249789779e+00,-3.515154698788e+00
4.363611608974e-01,3.854051102118e-01,5.475874037943e-01,-4.075810402923e-01,-5.309393200661e-01,-1.554078294267e+00,-3.482350311278e+00,-1.555789729922e+00,-3.506934327033e+00
4.367997597636e-01,3.856445623155e-01,5.443082764603e-01,-4.078131627587e-01,-5.275333950132e-01,-1.555603844414e+00,-3.474120693766e+00,-1.557326060358e+00,-3.498694526626e+00
4.372383586297e-01,3.858825768874e-01,5.410322943818e-01,-4.080437923435e-01,-5.241318174431e-01,-1.557125780931e+00,-3.465872245794e+00,-1.558858772579e+00,-3.490435355416e+00
4.376769574959e-01,3.861191553170e-01,5.377595031070e-01,-4.082729309639e-01,-5.207346334116e-01,-1.558644095572e+00,-3.457605023532e+00,-1.560387858101e+00,-3.482156871404e+00
4.381155563621e-01,3.863542990137e-01,5.344899477820e-01,-4.085005805566e-01,-5.173418885284e-01,-1.560158780113e+00,-3.449319083277e+00,-1.561913308467e+00,-3.473859132737e+00
4.385541552283e-01,3.865880094066e-01,5.312236731503e-01,-4.087267430787e-01,-5.139536279558e-01,-1.561669826357e+00,-3.441014481456e+00,-1.563435115245e+00,-3.465542197709e+00
4.389927540944e-01,3.868202879443e-01,5.279607235515e-01,-4.089514205068e-01,-5.105698964091e-01,-1.563177226133e+00,-3.432691274621e+00,-1.564953270028e+00,-3.457206124760e+00
4.394313529606e-01,3.870511360949e-01,5.247011429213e-01,-4.091746148370e-01,-5.071907381554e-01,-1.564680971291e+00,-3.424349519449e+00,-1.566467764434e+00,-3.448850972470e+00
4.398699518268e-01,3.872805553454e-01,5.214449747904e-01,-4.093963280847e-01,-5.038161970133e-01,-1.566181053711e+00,-3.415989272743e+00,-1.567978590109e+00,-3.440476799564e+00
4.403085506929e-01,3.875085472021e-01,5.181922622844e-01,-4.096165622846e-01,-5.004463163526e-01,-1.567677465292e+00,-3.407610591423e+00,-1.569485738722e+00,-3.432083664904e+00
4.407471495591e-01,3.877351131900e-01,5.149430481227e-01,-4.098353194900e-01,-4.970811390939e-01,-1.569170197964e+00,-3.399213532536e+00,-1.570989201971e+00,-3.423671627490e+00
4.411857484253e-01,3.879602548527e-01,5.116973746185e-01,-4.100526017733e-01,-4.937207077081e-01,-1.570659243677e+00,-3.390798153243e+00,-1.572488971578e+00,-3.415240746461e+00
4.416243472914e-01,3.881839737523e-01,5.084552836780e-01,-4.102684112252e-01,-4.903650642160e-01,-1.572144594410e+00,-3.382364510826e+00,-1.573985039290e+00,-3.406791081087e+00
4.420629461576e-01,3.884062714693e-01,5.052168168002e-01,-4.104827499548e-01,-4.870142501880e-01,-1.573626242164e+00,-3.373912662682e+00,-1.575477396882e+00,-3.398322690774e+00
4.425015450238e-01,3.886271496021e-01,5.019820150759e-01,-4.106956200892e-01,-4.836683067442e-01,-1.575104178967e+00,-3.365442666324e+00,-1.576966036155e+00,-3.389835635057e+00
4.429401438900e-01,3.888466097672e-01,4.987509191880e-01,-4.109070237737e-01,-4.803272745533e-01,-1.576578396872e+00,-3.356954579378e+00,-1.578450948934e+00,-3.381329973603e+00
4.433787427561e-01,3.890646535989e-01,4.955235694106e-01,-4.111169631711e-01,-4.769911938333e-01,-1.578048887957e+00,-3.348448459583e+00,-1.579932127073e+00,-3.372805766204e+00
4.438173416223e-01,3.892812827489e-01,4.923000056088e-01,-4.113254404618e-01,-4.736601043508e-01,-1.579515644325e+00,-3.339924364787e+00,-1.581409562450e+00,-3.364263072781e+00
4.442559404885e-01,3.894964988864e-01,4.890802672386e-01,-4.115324578437e-01,-4.703340454205e-01,-1.580978658106e+00,-3.331382352948e+00,-1.582883246971e+00,-3.355701953378e+00
4.446945393546e-01,3.897103036977e-01,4.858643933460e-01,-4.117380175317e-01,-4.670130559060e-01,-1.582437921454e+00,-3.322822482134e+00,-1.584353172566e+00,-3.347122468161e+00
4.451331382208e-01,3.899226988864e-01,4.826524225676e-01,-4.119421217575e-01,-4.636971742187e-01,-1.583893426549e+00,-3.314244810515e+00,-1.585819331195e+00,-3.338524677419e+00
4.455717370870e-01,3.901336861727e-01,4.794443931293e-01,-4.121447727698e-01,-4.603864383183e-01,-1.585345165596e+00,-3.305649396371e+00,-1.587281714842e+00,-3.329908641559e+00
4.460103359531e-01,3.903432672935e-01,4.762403428470e-01,-4.123459728339e-01,-4.570808857126e-01,-1.586793130825e+00,-3.297036298082e+00,-1.588740315517e+00,-3.321274421106e+00
4.464489348193e-01,3.905514440023e-01,4.730403091260e-01,-4.125457242311e-01,-4.537805534573e-01,-1.588237314494e+00,-3.288405574130e+00,-1.590195125258e+00,-3.312622076703e+00
4.468875336855e-01,3.907582180689e-01,4.698443289606e-01,-4.127440292592e-01,-4.504854781561e-01,-1.589677708885e+00,-3.279757283100e+00,-1.591646136129e+00,-3.303951669103e+00
4.473261325516e-01,3.909635912792e-01,4.666524389345e-01,-4.129408902318e-01,-4.471956959610e-01,-1.591114306306e+00,-3.271091483674e+00,-1.593093340222e+00,-3.295263259175e+00
4.477647314178e-01,3.911675654350e-01,4.634646752202e-01,-4.131363094782e-01,-4.439112425718e-01,-1.592547099091e+00,-3.262408234632e+00,-1.594536729653e+00,-3.286556907897e+00
4.482033302840e-01,3.913701423540e-01,4.602810735790e-01,-4.133302893434e-01,-4.406321532366e-01,-1.593976079598e+00,-3.253707594852e+00,-1.595976296567e+00,-3.277832676358e+00
4.486419291502e-01,3.915713238695e-01,4.571016693613e-01,-4.135228321878e-01,-4.373584627517e-01,-1.595401240214e+00,-3.244989623304e+00,-1.597412033136e+00,-3.269090625754e+00
4.490805280163e-01,3.917711118300e-01,4.539264975060e-01,-4.137139403867e-01,-4.340902054619e-01,-1.596822573349e+00,-3.236254379054e+00,-1.598843931557e+00,-3.260330817383e+00
4.495191268825e-01,3.919695080995e-01,4.507555925409e-01,-4.139036163306e-01,-4.308274152604e-01,-1.598240071441e+00,-3.227501921257e+00,-1.600271984055e+00,-3.251553312653e+00
4.499577257487e-01,3.921665145568e-01,4.475889885825e-01,-4.140918624246e-01,-4.275701255893e-01,-1.599653726953e+00,-3.218732309160e+00,-1.601696182882e+00,-3.242758173070e+00
4.503963246148e-01,3.923621330959e-01,4.444267193361e-01,-4.142786810887e-01,-4.243183694395e-01,-1.601063532375e+00,-3.209945602099e+00,-1.603116520317e+00,-3.233945460242e+00
4.508349234810e-01,3.925563656251e-01,4.412688180959e-01,-4.144640747567e-01,-4.210721793511e-01,-1.602469480221e+00,-3.201141859498e+00,-1.604532988666e+00,-3.225115235875e+00
4.513626457942e-01,3.927882320032e-01,4.374750676817e-01,-4.146852553068e-01,-4.171737865499e-01,-1.604155993279e+00,-3.190526700482e+00,-1.606232144437e+00,-3.214467586434e+00
4.518903681073e-01,3.930180980304e-01,4.336877448508e-01,-4.149043807409e-01,-4.132835531386e-01,-1.605836898025e+00,-3.179887069235e+00,-1.607925674569e+00,-3.203794783004e+00
4.524180904205e-01,3.932459671136e-01,4.299069052598e-01,-4.151214553793e-01,-4.094015332419e-01,-1.607512181569e+00,-3.169223069723e+00,-1.609613565816e+00,-3.193096933589e+00
4.529458127337e-01,3.934718426885e-01,4.261326036369e-01,-4.153364835705e-01,-4.055277799567e-01,-1.609181831081e+00,-3.158534806146e+00,-1.611295804989e+00,-3.182374146451e+00
4.534735350469e-01,3.936957282196e-01,4.223648938862e-01,-4.155494696905e-01,-4.016623454841e-01,-1.610845833783e+00,-3.147822382832e+00,-1.612972378957e+00,-3.171626530005e+00
4.540012573600e-01,3.939176271995e-01,4.186038290556e-01,-4.157604181431e-01,-3.978052810898e-01,-1.612504176952e+00,-3.137085904274e+00,-1.614643274644e+00,-3.160854192844e+00
4.545289796732e-01,3.941375431487e-01,4.148494613342e-01,-4.159693333586e-01,-3.939566371006e-01,-1.614156847923e+00,-3.126325475119e+00,-1.616308479035e+00,-3.150057243739e+00
4.550567019864e-01,3.943554796148e-01,4.111018420528e-01,-4.161762197936e-01,-3.901164629055e-01,-1.615803834083e+00,-3.115541200171e+00,-1.617967979169e+00,-3.139235791636e+00
4.555844242995e-01,3.945714401727e-01,4.073610216849e-01,-4.163810819307e-01,-3.862848069572e-01,-1.617445122877e+00,-3.104733184386e+00,-1.619621762145e+00,-3.128389945650e+00
4.561121466127e-01,3.947854284232e-01,4.036270498473e-01,-4.165839242775e-01,-3.824617167730e-01,-1.619080701802e+00,-3.093901532866e+00,-1.621269815119e+00,-3.117519815062e+00
4.566398689259e-01,3.949974479934e-01,3.998999753010e-01,-4.167847513669e-01,-3.786472389365e-01,-1.620710558415e+00,-3.083046350858e+00,-1.622912125303e+00,-3.106625509313e+00
4.571675912390e-01,3.952075025358e-01,3.961798459524e-01,-4.169835677557e-01,-3.748414190992e-01,-1.622334680325e+00,-3.072167743750e+00,-1.624548679969e+00,-3.095707138004e+00
4.576953135522e-01,3.954155957279e-01,3.924667088542e-01,-4.171803780247e-01,-3.710443019817e-01,-1.623953055198e+00,-3.061265817066e+00,-1.626179466445e+00,-3.084764810886e+00
4.582230358654e-01,3.956217312718e-01,3.887606102065e-01,-4.173751867782e-01,-3.672559313754e-01,-1.625565670756e+00,-3.050340676462e+00,-1.627804472120e+00,-3.073798637860e+00
4.587507581786e-01,3.958259128940e-01,3.850615953579e-01,-4.175679986432e-01,-3.634763501445e-01,-1.627172514776e+00,-3.039392427725e+00,-1.629423684437e+00,-3.062808728971e+00
4.592784804917e-01,3.960281443444e-01,3.813697088070e-01,-4.177588182690e-01,-3.597056002274e-01,-1.628773575092e+00,-3.028421176768e+00,-1.631037090901e+00,-3.051795194403e+00
4.598062028049e-01,3.962284293962e-01,3.776849942036e-01,-4.179476503270e-01,-3.559437226385e-01,-1.630368839592e+00,-3.017427029625e+00,-1.632644679071e+00,-3.040758144477e+00
4.603339251181e-01,3.964267718456e-01,3.740074943499e-01,-4.181344995100e-01,-3.521907574706e-01,-1.631958296223e+00,-3.006410092448e+00,-1.634246436568e+00,-3.029697689646e+00
4.608616474312e-01,3.966231755111e-01,3.703372512022e-01,-4.183193705314e-01,-3.484467438962e-01,-1.633541932984e+00,-2.995370471507e+00,-1.635842351071e+00,-3.018613940491e+00
4.613893697444e-01,3.968176442330e-01,3.666743058722e-01,-4.185022681255e-01,-3.447117201700e-01,-1.635119737933e+00,-2.984308273181e+00,-1.637432410314e+00,-3.007507007713e+00
4.619170920576e-01,3.970101818731e-01,3.630186986287e-01,-4.186831970461e-01,-3.409857236308e-01,-1.636691699185e+00,-2.973223603956e+00,-1.639016602093e+00,-2.996377002136e+00
4.624448143707e-01,3.972007923143e-01,3.593704688992e-01,-4.188621620667e-01,-3.372687907036e-01,-1.638257804908e+00,-2.962116570424e+00,-1.640594914260e+00,-2.985224034697e+00
4.629725366839e-01,3.973894794602e-01,3.557296552718e-01,-4.190391679797e-01,-3.335609569021e-01,-1.639818043329e+00,-2.950987279278e+00,-1.642167334729e+00,-2.974048216444e+00
4.635002589971e-01,3.975762472342e-01,3.520962954965e-01,-4.192142195962e-01,-3.298622568306e-01,-1.641372402729e+00,-2.939835837307e+00,-1.643733851469e+00,-2.962849658533e+00
4.640279813103e-01,3.977610995797e-01,3.484704264873e-01,-4.193873217451e-01,-3.261727241868e-01,-1.642920871449e+00,-2.928662351392e+00,-1.645294452509e+00,-2.951628472222e+00
4.645557036234e-01,3.979440404593e-01,3.448520843243e-01,-4.195584792728e-01,-3.224923917637e-01,-1.644463437882e+00,-2.917466928509e+00,-1.646849125937e+00,-2.940384768866e+00
4.650834259366e-01,3.981250738544e-01,3.412413042552e-01,-4.197276970430e-01,-3.188212914527e-01,-1.646000090481e+00,-2.906249675715e+00,-1.648397859901e+00,-2.929118659917e+00
4.656111482498e-01,3.983042037646e-01,3.376381206976e-01,-4.198949799358e-01,-3.151594542455e-01,-1.647530817754e+00,-2.895010700153e+00,-1.649940642604e+00,-2.917830256917e+00
4.661388705629e-01,3.984814342078e-01,3.340425672410e-01,-4.200603328475e-01,-3.115069102372e-01,-1.649055608264e+00,-2.883750109045e+00,-1.651477462313e+00,-2.906519671492e+00
4.666665928761e-01,3.986567692191e-01,3.304546766487e-01,-4.202237606901e-01,-3.078636886286e-01,-1.650574450635e+00,-2.872468009690e+00,-1.653008307349e+00,-2.895187015355e+00
4.673049585095e-01,3.988663381154e-01,3.261248299138e-01,-4.204188876187e-01,-3.034691226065e-01,-1.652403770315e+00,-2.858791896139e+00,-1.654852110304e+00,-2.881448999992e+00
4.679433241429e-01,3.990731465977e-01,3.218062977068e-01,-4.206112135901e-01,-2.990882876101e-01,-1.654224349699e+00,-2.845084657251e+00,-1.656687133189e+00,-2.867679050541e+00
4.685816897763e-01,3.992772019059e-01,3.174991332620e-01,-4.208007473846e-01,-2.947212301892e-01,-1.656036168979e+00,-2.831346483313e+00,-1.658513355681e+00,-2.853877365126e+00
4.692200554097e-01,3.994785113131e-01,3.132033879267e-01,-4.209874978115e-01,-2.903679948319e-01,-1.657839208468e+00,-2.817577564842e+00,-1.660330757586e+00,-2.840044142118e+00
4.698584210431e-01,3.996770821248e-01,3.089191113814e-01,-4.211714737079e-01,-2.860286242381e-01,-1.659633448601e+00,-2.803778092424e+00,-1.662139318834e+00,-2.826179579960e+00
4.704967866765e-01,3.998729216775e-01,3.046463515799e-01,-4.213526839377e-01,-2.817031592450e-01,-1.661418869933e+00,-2.789948256752e+00,-1.663939019482e+00,-2.812283877207e+00
4.711351523099e-01,4.000660373379e-01,3.003851547483e-01,-4.215311373901e-01,-2.773916388255e-01,-1.663195453142e+00,-2.776088248623e+00,-1.665729839715e+00,-2.798357232524e+00
4.717735179433e-01,4.002564365015e-01,2.961355653918e-01,-4.217068429788e-01,-2.730941000968e-01,-1.664963179029e+00,-2.762198258933e+00,-1.667511759843e+00,-2.784399844677e+00
4.724118835767e-01,4.004441265920e-01,2.918976263016e-01,-4.218798096405e-01,-2.688105783282e-01,-1.666722028516e+00,-2.748278478661e+00,-1.669284760306e+00,-2.770411912519e+00
4.730502492101e-01,4.006291150594e-01,2.876713785619e-01,-4.220500463337e-01,-2.645411069502e-01,-1.668471982645e+00,-2.734329098869e+00,-1.671048821668e+00,-2.756393634984e+00
4.736886148435e-01,4.008114093798e-01,2.834568615573e-01,-4.222175620378e-01,-2.602857175627e-01,-1.670213022583e+00,-2.720350310686e+00,-1.672803924622e+00,-2.742345211075e+00
4.743269804769e-01,4.009910170536e-01,2.792541129803e-01,-4.223823657518e-01,-2.560444399443e-01,-1.671945129618e+00,-2.706342305305e+00,-1.674550049985e+00,-2.728266839857e+00
4.749653461103e-01,4.011679456050e-01,2.750631688386e-01,-4.225444664931e-01,-2.518173020611e-01,-1.673668285159e+00,-2.692305273972e+00,-1.676287178705e+00,-2.714158720446e+00
4.756037117437e-01,4.013422025804e-01,2.708840634631e-01,-4.227038732964e-01,-2.476043300757e-01,-1.675382470738e+00,-2.678239407980e+00,-1.678015291855e+00,-2.700021051998e+00
4.762420773771e-01,4.015137955477e-01,2.667168295156e-01,-4.228605952124e-01,-2.434055483569e-01,-1.677087668008e+00,-2.664144898659e+00,-1.679734370635e+00,-2.685854033703e+00
4.768804430105e-01,4.016827320950e-01,2.625614979970e-01,-4.230146413070e-01,-2.392209794887e-01,-1.678783858748e+00,-2.650021937366e+00,-1.681444396373e+00,-2.671657864774e+00
4.775188086439e-01,4.018490198300e-01,2.584180982552e-01,-4.231660206597e-01,-2.350506442805e-01,-1.680471024853e+00,-2.635870715484e+00,-1.683145350524e+00,-2.657432744436e+00
4.781571742773e-01,4.020126663783e-01,2.542866579934e-01,-4.233147423630e-01,-2.308945617761e-01,-1.682149148346e+00,-2.621691424404e+00,-1.684837214670e+00,-2.643178871922e+00
4.787955399107e-01,4.021736793826e-01,2.501672032790e-01,-4.234608155208e-01,-2.267527492642e-01,-1.683818211369e+00,-2.607484255528e+00,-1.686519970520e+00,-2.628896446457e+00
4.794339055441e-01,4.023320665020e-01,2.460597585516e-01,-4.236042492475e-01,-2.226252222879e-01,-1.685478196186e+00,-2.593249400253e+00,-1.688193599911e+00,-2.614585667258e+00
4.800722711775e-01,4.024878354105e-01,2.419643466319e-01,-4.237450526670e-01,-2.185119946554e-01,-1.687129085185e+00,-2.578987049966e+00,-1.689858084805e+00,-2.600246733516e+00
4.807106368109e-01,4.026409937962e-01,2.378809887307e-01,-4.238832349113e-01,-2.144130784496e-01,-1.688770860874e+00,-2.564697396038e+00,-1.691513407294e+00,-2.585879844394e+00
4.813490024443e-01,4.027915493603e-01,2.338097044577e-01,-4.240188051195e-01,-2.103284840391e-01,-1.690403505886e+00,-2.550380629813e+00,-1.693159549595e+00,-2.571485199015e+00
4.819873680777e-01,4.029395098158e-01,2.297505118304e-01,-4.241517724372e-01,-2.062582200884e-01,-1.692027002974e+00,-2.536036942604e+00,-1.694796494054e+00,-2.557062996454e+00
4.826257337111e-01,4.030848828870e-01,2.257034272837e-01,-4.242821460144e-01,-2.022022935684e-01,-1.693641335013e+00,-2.521666525683e+00,-1.696424223142e+00,-2.542613435731e+00
4.832640993445e-01,4.032276763079e-01,2.216684656791e-01,-4.244099350055e-01,-1.981607097675e-01,-1.695246485001e+00,-2.507269570277e+00,-1.698042719458e+00,-2.528136715802e+00
4.839024649779e-01,4.033678978217e-01,2.176456403139e-01,-4.245351485675e-01,-1.941334723023e-01,-1.696842436058e+00,-2.492846267556e+00,-1.699651965728e+00,-2.513633035549e+00
4.845408306113e-01,4.035055551794e-01,2.136349629311e-01,-4.246577958593e-01,-1.901205831286e-01,-1.698429171425e+00,-2.478396808630e+00,-1.701251944806e+00,-2.499102593776e+00
4.851791962447e-01,4.036406561392e-01,2.096364437288e-01,-4.247778860403e-01,-1.861220425523e-01,-1.700006674467e+00,-2.463921384539e+00,-1.702842639670e+00,-2.484545589195e+00
4.858175618781e-01,4.037732084652e-01,2.056500913701e-01,-4.248954282698e-01,-1.821378492410e-01,-1.701574928669e+00,-2.449420186248e+00,-1.704424033428e+00,-2.469962220424e+00
4.864559275115e-01,4.039032199266e-01,2.016759129932e-01,-4.250104317058e-01,-1.781680002348e-01,-1.703133917639e+00,-2.434893404641e+00,-1.705996109313e+00,-2.455352685977e+00
4.870942931449e-01,4.040306982966e-01,1.977139142209e-01,-4.251229055035e-01,-1.742124909582e-01,-1.704683625105e+00,-2.420341230509e+00,-1.707558850685e+00,-2.440717184254e+00
4.877326587783e-01,4.041556513516e-01,1.937640991711e-01,-4.252328588151e-01,-1.702713152312e-01,-1.706224034920e+00,-2.405763854550e+00,-1.709112241031e+00,-2.426055913537e+00
4.883710244117e-01,4.042780868701e-01,1.898264704672e-01,-4.253403007880e-01,-1.663444652812e-01,-1.707755131056e+00,-2.391161467359e+00,-1.710656263963e+00,-2.411369071981e+00
4.890093900451e-01,4.043980126317e-01,1.859010292476e-01,-4.254452405645e-01,-1.624319317544e-01,-1.709276897607e+00,-2.376534259420e+00,-1.712190903222e+00,-2.396656857604e+00
4.896477556785e-01,4.045154364166e-01,1.819877751771e-01,-4.255476872801e-01,-1.585337037279e-01,-1.710789318790e+00,-2.361882421103e+00,-1.713716142674e+00,-2.381919468286e+00
4.902861213118e-01,4.046303660038e-01,1.780867064567e-01,-4.256476500630e-01,-1.546497687214e-01,-1.712292378942e+00,-2.347206142654e+00,-1.715231966310e+00,-2.367157101755e+00
4.909244869452e-01,4.047428091712e-01,1.741978198343e-01,-4.257451380328e-01,-1.507801127091e-01,-1.713786062522e+00,-2.332505614192e+00,-1.716738358250e+00,-2.352369955586e+00
4.915628525786e-01,4.048527736939e-01,1.703211106158e-01,-4.258401602999e-01,-1.469247201318e-01,-1.715270354110e+00,-2.317781025702e+00,-1.718235302737e+00,-2.337558227187e+00
4.922012182120e-01,4.049602673434e-01,1.664565726752e-01,-4.259327259641e-01,-1.430835739092e-01,-1.716745238408e+00,-2.303032567027e+00,-1.719722784143e+00,-2.322722113799e+00
4.928395838454e-01,4.050652978872e-01,1.626041984661e-01,-4.260228441138e-01,-1.392566554520e-01,-1.718210700238e+00,-2.288260427863e+00,-1.721200786964e+00,-2.307861812487e+00
4.934779494788e-01,4.051678730873e-01,1.587639790322e-01,-4.261105238250e-01,-1.354439446739e-01,-1.719666724545e+00,-2.273464797755e+00,-1.722669295821e+00,-2.292977520131e+00
4.941163151122e-01,4.052680006996e-01,1.549359040186e-01,-4.261957741608e-01,-1.316454200045e-01,-1.721113296392e+00,-2.258645866088e+00,-1.724128295463e+00,-2.278069433422e+00
4.947546807456e-01,4.053656884729e-01,1.511199616828e-01,-4.262786041695e-01,-1.278610584013e-01,-1.722550400966e+00,-2.243803822084e+00,-1.725577770763e+00,-2.263137748855e+00
4.953930463790e-01,4.054609441480e-01,1.473161389057e-01,-4.263590228846e-01,-1.240908353624e-01,-1.723978023572e+00,-2.228938854794e+00,-1.727017706719e+00,-2.248182662722e+00
4.960314120124e-01,4.055537754572e-01,1.435244212031e-01,-4.264370393234e-01,-1.203347249390e-01,-1.725396149637e+00,-2.214051153094e+00,-1.728448088455e+00,-2.233204371107e+00
4.966697776458e-01,4.056441901228e-01,1.397447927369e-01,-4.265126624862e-01,-1.165926997481e-01,-1.726804764709e+00,-2.199140905680e+00,-1.729868901220e+00,-2.218203069880e+00
4.973081432792e-01,4.057321958567e-01,1.359772363268e-01,-4.265859013553e-01,-1.128647309853e-01,-1.728203854455e+00,-2.184208301061e+00,-1.731280130388e+00,-2.203178954689e+00
4.979465089126e-01,4.058178003593e-01,1.322217334612e-01,-4.266567648941e-01,-1.091507884372e-01,-1.729593404664e+00,-2.169253527556e+00,-1.732681761458e+00,-2.188132220957e+00
4.985848745460e-01,4.059010113189e-01,1.284782643091e-01,-4.267252620465e-01,-1.054508404946e-01,-1.730973401244e+00,-2.154276773285e+00,-1.734073780054e+00,-2.173063063872e+00
4.992232401794e-01,4.059818364106e-01,1.247468077319e-01,-4.267914017356e-01,-1.017648541653e-01,-1.732343830222e+00,-2.139278226168e+00,-1.735456171922e+00,-2.157971678387e+00
4.998616058128e-01,4.060602832958e-01,1.210273412946e-01,-4.268551928630e-01,-9.809279508689e-02,-1.733704677747e+00,-2.124258073918e+00,-1.736828922935e+00,-2.142858259211e+00
5.004999714462e-01,4.061363596209e-01,1.173198412778e-01,-4.269166443080e-01,-9.443462753988e-02,-1.735055930088e+00,-2.109216504037e+00,-1.738192019091e+00,-2.127723000804e+00
5.011383370796e-01,4.062100730169e-01,1.136242826893e-01,-4.269757649268e-01,-9.079031446068e-02,-1.736397573630e+00,-2.094153703810e+00,-1.739545446509e+00,-2.112566097372e+00
5.017767027130e-01,4.062814310984e-01,1.099406392764e-01,-4.270325635511e-01,-8.715981745471e-02,-1.737729594882e+00,-2.079069860303e+00,-1.740889191434e+00,-2.097387742862e+00
5.024150683464e-01,4.063504414629e-01,1.062688835372e-01,-4.270870489881e-01,-8.354309680952e-02,-1.739051980470e+00,-2.063965160353e+00,-1.742223240234e+00,-2.082188130956e+00
5.030534339798e-01,4.064171116899e-01,1.026089867328e-01,-4.271392300190e-01,-7.994011150798e-02,-1.740364717138e+00,-2.048839790570e+00,-1.743547579401e+00,-2.066967455067e+00
5.036917996132e-01,4.064814493401e-01,9.896091889956e-02,-4.271891153985e-01,-7.635081924151e-02,-1.741667791753e+00,-2.033693937329e+00,-1.744862195550e+00,-2.051725908335e+00
5.043301652466e-01,4.065434619549e-01,9.532464886074e-02,-4.272367138538e-01,-7.277517642333e-02,-1.742961191297e+00,-2.018527786766e+00,-1.746167075419e+00,-2.036463683622e+00
5.049685308800e-01,4.066031570551e-01,9.170014423885e-02,-4.272820340840e-01,-6.921313820176e-02,-1.744244902872e+00,-2.003341524773e+00,-1.747462205870e+00,-2.021180973503e+00
5.056068965134e-01,4.066605421408e-01,8.808737146769e-02,-4.273250847591e-01,-6.566465847357e-02,-1.745518913699e+00,-1.988135336999e+00,-1.748747573886e+00,-2.005877970269e+00
5.062452621468e-01,4.067156246900e-01,8.448629580462e-02,-4.273658745192e-01,-6.212968989733e-02,-1.746783211119e+00,-1.972909408837e+00,-1.750023166576e+00,-1.990554865918e+00
5.068836277802e-01,4.067684121583e-01,8.089688134273e-02,-4.274044119738e-01,-5.860818390686e-02,-1.748037782587e+00,-1.957663925428e+00,-1.751288971167e+00,-1.975211852150e+00
5.075219934136e-01,4.068189119780e-01,7.731909102316e-02,-4.274407057012e-01,-5.510009072463e-02,-1.749282615679e+00,-1.942399071656e+00,-1.752544975012e+00,-1.959849120365e+00
5.081603590470e-01,4.068671315574e-01,7.375288664739e-02,-4.274747642473e-01,-5.160535937522e-02,-1.750517698090e+00,-1.927115032139e+00,-1.753791165585e+00,-1.944466861661e+00
5.087987246804e-01,4.069130782799e-01,7.019822888958e-02,-4.275065961253e-01,-4.812393769886e-02,-1.751743017631e+00,-1.911811991231e+00,-1.755027530480e+00,-1.929065266824e+00
5.094370903138e-01,4.069567595036e-01,6.665507730902e-02,-4.275362098144e-01,-4.465577236489e-02,-1.752958562229e+00,-1.896490133017e+00,-1.756254057415e+00,-1.913644526330e+00
5.100754559472e-01,4.069981825605e-01,6.312339036246e-02,-4.275636137599e-01,-4.120080888536e-02,-1.754164319933e+00,-1.881149641309e+00,-1.757470734230e+00,-1.898204830338e+00
5.107138215806e-01,4.070373547555e-01,5.960312541663e-02,-4.275888163714e-01,-3.775899162855e-02,-1.755360278905e+00,-1.865790699643e+00,-1.758677548883e+00,-1.882746368687e+00
5.113521872140e-01,4.070742833661e-01,5.609423876073e-02,-4.276118260230e-01,-3.433026383258e-02,-1.756546427426e+00,-1.850413491274e+00,-1.759874489457e+00,-1.867269330895e+00
5.119905528474e-01,4.071089756415e-01,5.259668561888e-02,-4.276326510521e-01,-3.091456761903e-02,-1.757722753894e+00,-1.835018199176e+00,-1.761061544153e+00,-1.851773906152e+00
5.126289184808e-01,4.071414388020e-01,4.911042016274e-02,-4.276512997587e-01,-2.751184400651e-02,-1.758889246823e+00,-1.819605006039e+00,-1.762238701294e+00,-1.836260283318e+00
5.132672841142e-01,4.071716800383e-01,4.563539552401e-02,-4.276677804050e-01,-2.412203292435e-02,-1.760045894843e+00,-1.804174094262e+00,-1.763405949322e+00,-1.820728650922e+00
5.139056497476e-01,4.071997065109e-01,4.217156380709e-02,-4.276821012143e-01,-2.074507322623e-02,-1.761192686702e+00,-1.788725645954e+00,-1.764563276802e+00,-1.805179197156e+00
5.145440153810e-01,4.072255253493e-01,3.871887610164e-02,-4.276942703707e-01,-1.738090270384e-02,-1.762329611263e+00,-1.773259842930e+00,-1.765710672417e+00,-1.789612109873e+00
5.151823810144e-01,4.072491436517e-01,3.527728249523e-02,-4.277042960182e-01,-1.402945810056e-02,-1.763456657506e+00,-1.757776866708e+00,-1.766848124970e+00,-1.774027576587e+00
5.158207466478e-01,4.072705684837e-01,3.184673208602e-02,-4.277121862599e-01,-1.069067512516e-02,-1.764573814526e+00,-1.742276898508e+00,-1.767975623384e+00,-1.758425784464e+00
5.164591122812e-01,4.072898068785e-01,2.842717299543e-02,-4.277179491579e-01,-7.364488465467e-03,-1.765681071532e+00,-1.726760119248e+00,-1.769093156700e+00,-1.742806920328e+00
5.170974779146e-01,4.073068658357e-01,2.501855238080e-02,-4.277215927320e-01,-4.050831802062e-03,-1.766778417852e+00,-1.711226709542e+00,-1.770200714081e+00,-1.727171170649e+00
5.177358435480e-01,4.073217523208e-01,2.162081644814e-02,-4.277231249594e-01,-7.496378220126e-04,-1.767865842926e+00,-1.695676849696e+00,-1.771298284807e+00,-1.711518721549e+00
5.183742091814e-01,4.073344732648e-01,1.823391046486e-02,-4.277225537741e-01,2.539161767443e-03,-1.768943336311e+00,-1.680110719712e+00,-1.772385858276e+00,-1.695849758795e+00
5.190125748148e-01,4.073450355634e-01,1.485777877246e-02,-4.277198870661e-01,5.815636225179e-03,-1.770010887678e+00,-1.664528499278e+00,-1.773463424006e+00,-1.680164467797e+00
5.196509404482e-01,4.073534460764e-01,1.149236479931e-02,-4.277151326810e-01,9.079855762476e-03,-1.771068486812e+00,-1.648930367770e+00,-1.774530971633e+00,-1.664463033610e+00
5.202893060816e-01,4.073597116274e-01,8.137611073420e-03,-4.277082984192e-01,1.233189152931e-02,-1.772116123614e+00,-1.633316504252e+00,-1.775588490910e+00,-1.648745640926e+00
5.209276717150e-01,4.073638390028e-01,4.793459235190e-03,-4.276993920354e-01,1.557181560063e-02,-1.773153788097e+00,-1.617687087470e+00,-1.776635971709e+00,-1.633012474077e+00
5.215660373484e-01,4.073658349517e-01,1.459850050195e-03,-4.276884212379e-01,1.879970096268e-02,-1.774181470391e+00,-1.602042295852e+00,-1.777673404018e+00,-1.617263717030e+00
5.222044029818e-01,4.073657061849e-01,-1.863276578034e-03,-4.276753936883e-01,2.201562149928e-02,-1.775199160737e+00,-1.586382307509e+00,-1.778700777945e+00,-1.601499553390e+00
5.228427686152e-01,4.073634593747e-01,-5.175981595215e-03,-4.276603170007e-01,2.521965197814e-02,-1.776206849490e+00,-1.570707300229e+00,-1.779718083713e+00,-1.585720166392e+00
5.234811342486e-01,4.073591011540e-01,-8.478326783524e-03,-4.276431987411e-01,2.841186803714e-02,-1.777204527121e+00,-1.555017451479e+00,-1.780725311661e+00,-1.569925738905e+00
5.241194998820e-01,4.073526381165e-01,-1.177037474880e-02,-4.276240464270e-01,3.159234617072e-02,-1.778192184210e+00,-1.539312938401e+00,-1.781722452248e+00,-1.554116453429e+00
5.247578655154e-01,4.073440768150e-01,-1.505218890773e-02,-4.276028675268e-01,3.476116371613e-02,-1.779169811455e+00,-1.523593937813e+00,-1.782709496045e+00,-1.538292492091e+00
5.253962311488e-01,4.073334237622e-01,-1.832383347509e-02,-4.275796694593e-01,3.791839883981e-02,-1.780137399661e+00,-1.507860626208e+00,-1.783686433744e+00,-1.522454036649e+00
5.260345967822e-01,4.073206854291e-01,-2.158537345087e-02,-4.275544595931e-01,4.106413052373e-02,-1.781094939750e+00,-1.492113179750e+00,-1.784653256148e+00,-1.506601268487e+00
5.266729624155e-01,4.073058682452e-01,-2.483687460756e-02,-4.275272452461e-01,4.419843855176e-02,-1.782042422756e+00,-1.476351774277e+00,-1.785609954179e+00,-1.490734368616e+00
5.273113280489e-01,4.072889785977e-01,-2.807840347729e-02,-4.274980336852e-01,4.732140349605e-02,-1.782979839822e+00,-1.460576585296e+00,-1.786556518874e+00,-1.474853517674e+00
5.279496936823e-01,4.072700228311e-01,-3.131002733907e-02,-4.274668321253e-01,5.043310670338e-02,-1.783907182206e+00,-1.444787787985e+00,-1.787492941384e+00,-1.458958895920e+00
5.285880593157e-01,4.072490072467e-01,-3.453181420596e-02,-4.274336477293e-01,5.353363028161e-02,-1.784824441277e+00,-1.428985557192e+00,-1.788419212975e+00,-1.443050683242e+00
5.292264249491e-01,4.072259381021e-01,-3.774383281235e-02,-4.273984876076e-01,5.662305708610e-02,-1.785731608515e+00,-1.413170067434e+00,-1.789335325030e+00,-1.427129059148e+00
5.298647905825e-01,4.072008216109e-01,-4.094615260113e-02,-4.273613588171e-01,5.970147070610e-02,-1.786628675511e+00,-1.397341492896e+00,-1.790241269043e+00,-1.411194202772e+00
5.305031562159e-01,4.071736639421e-01,-4.413884371093e-02,-4.273222683615e-01,6.276895545126e-02,-1.787515633968e+00,-1.381500007430e+00,-1.791137036626e+00,-1.395246292869e+00
5.311415218493e-01,4.071444712197e-01,-4.732197696335e-02,-4.272812231903e-01,6.582559633809e-02,-1.788392475700e+00,-1.365645784556e+00,-1.792022619501e+00,-1.379285507818e+00
5.317798874827e-01,4.071132495224e-01,-5.049562385024e-02,-4.272382301984e-01,6.887147907645e-02,-1.789259192630e+00,-1.349778997461e+00,-1.792898009507e+00,-1.363312025621e+00
5.324182531161e-01,4.070800048828e-01,-5.365985652092e-02,-4.271932962258e-01,7.190669005606e-02,-1.790115776794e+00,-1.333899819001e+00,-1.793763198594e+00,-1.347326023901e+00
5.330566187495e-01,4.070447432874e-01,-5.681474776946e-02,-4.271464280573e-01,7.493131633304e-02,-1.790962220336e+00,-1.318008421694e+00,-1.794618178828e+00,-1.331327679905e+00
5.336949843829e-01,4.070074706761e-01,-5.996037102194e-02,-4.270976324218e-01,7.794544561648e-02,-1.791798515511e+00,-1.302104977730e+00,-1.795462942387e+00,-1.315317170503e+00
5.343333500163e-01,4.069681929415e-01,-6.309680032378e-02,-4.270469159921e-01,8.094916625505e-02,-1.792624654684e+00,-1.286189658961e+00,-1.796297481559e+00,-1.299294672186e+00
5.349717156497e-01,4.069269159290e-01,-6.622411032702e-02,-4.269942853841e-01,8.394256722353e-02,-1.793440630328e+00,-1.270262636910e+00,-1.797121788749e+00,-1.283260361069e+00
5.356100812831e-01,4.068836454359e-01,-6.934237627761e-02,-4.269397471571e-01,8.692573810951e-02,-1.794246435028e+00,-1.254324082764e+00,-1.797935856471e+00,-1.267214412893e+00
5.362484469165e-01,4.068383872116e-01,-7.245167400281e-02,-4.268833078129e-01,8.989876910004e-02,-1.795042061477e+00,-1.238374167378e+00,-1.798739677353e+00,-1.251157003019e+00
5.368868125499e-01,4.067911469565e-01,-7.555207989846e-02,-4.268249737953e-01,9.286175096827e-02,-1.795827502476e+00,-1.222413061274e+00,-1.799533244134e+00,-1.235088306435e+00
5.375251781833e-01,4.067419303225e-01,-7.864367091640e-02,-4.267647514903e-01,9.581477506023e-02,-1.796602750936e+00,-1.206440934643e+00,-1.800316549664e+00,-1.219008497756e+00
5.381635438167e-01,4.066907429118e-01,-8.172652455184e-02,-4.267026472252e-01,9.875793328149e-02,-1.797367799875e+00,-1.190457957344e+00,-1.801089586906e+00,-1.202917751218e+00
5.388019094501e-01,4.066375902772e-01,-8.480071883074e-02,-4.266386672685e-01,1.016913180840e-01,-1.798122642422e+00,-1.174464298904e+00,-1.801852348933e+00,-1.186816240689e+00
5.394402750835e-01,4.065824779214e-01,-8.786633229724e-02,-4.265728178296e-01,1.046150224528e-01,-1.798867271812e+00,-1.158460128520e+00,-1.802604828929e+00,-1.170704139661e+00
5.400786407169e-01,4.065254112970e-01,-9.092344400109e-02,-4.265051050583e-01,1.075291398929e-01,-1.799601681388e+00,-1.142445615059e+00,-1.803347020187e+00,-1.154581621257e+00
5.407170063503e-01,4.064663958058e-01,-9.397213348512e-02,-4.264355350446e-01,1.104337644162e-01,-1.800325864602e+00,-1.126420927060e+00,-1.804078916115e+00,-1.138448858228e+00
5.413553719837e-01,4.064054367987e-01,-9.701248077271e-02,-4.263641138182e-01,1.133289905281e-01,-1.801039815012e+00,-1.110386232732e+00,-1.804800510225e+00,-1.122306022957e+00
5.419937376171e-01,4.063425395753e-01,-1.000445663552e-01,-4.262908473485e-01,1.162149132150e-01,-1.801743526283e+00,-1.094341699958e+00,-1.805511796145e+00,-1.106153287458e+00
5.426321032505e-01,4.062777093839e-01,-1.030684711797e-01,-4.262157415439e-01,1.190916279304e-01,-1.802436992190e+00,-1.078287496293e+00,-1.806212767608e+00,-1.089990823378e+00
5.432704688839e-01,4.062109514207e-01,-1.060842766362e-01,-4.261388022519e-01,1.219592305826e-01,-1.803120206611e+00,-1.062223788969e+00,-1.806903418459e+00,-1.073818802001e+00
5.439088345173e-01,4.061422708301e-01,-1.090920645454e-01,-4.260600352586e-01,1.248178175214e-01,-1.803793163533e+00,-1.046150744891e+00,-1.807583742652e+00,-1.057637394245e+00
5.445472001507e-01,4.060716727038e-01,-1.120919171462e-01,-4.259794462884e-01,1.276674855251e-01,-1.804455857050e+00,-1.030068530642e+00,-1.808253734248e+00,-1.041446770664e+00
5.451855657841e-01,4.059991620811e-01,-1.150839170836e-01,-4.258970410038e-01,1.305083317878e-01,-1.805108281360e+00,-1.013977312485e+00,-1.808913387419e+00,-1.025247101455e+00
5.458239314175e-01,4.059247439485e-01,-1.180681473958e-01,-4.258128250052e-01,1.333404539063e-01,-1.805750430768e+00,-9.978772563578e-01,-1.809562696445e+00,-1.009038556452e+00
5.464622970509e-01,4.058484232390e-01,-1.210446915023e-01,-4.257268038305e-01,1.361639498673e-01,-1.806382299685e+00,-9.817685278831e-01,-1.810201655715e+00,-9.928213051335e-01
5.471006626843e-01,4.057702048327e-01,-1.240136331914e-01,-4.256389829549e-01,1.389789180345e-01,-1.807003882629e+00,-9.656512923638e-01,-1.810830259723e+00,-9.765955166215e-01
5.477390283177e-01,4.056900935557e-01,-1.269750566078e-01,-4.255493677908e-01,1.417854571361e-01,-1.807615174220e+00,-9.495257147866e-01,-1.811448503075e+00,-9.603613596840e-01
5.483773939511e-01,4.056080941806e-01,-1.299290462407e-01,-4.254579636874e-01,1.445836662517e-01,-1.808216169187e+00,-9.333919598232e-01,-1.812056380481e+00,-9.441190027369e-01
5.490157595845e-01,4.055242114256e-01,-1.328756869111e-01,-4.253647759305e-01,1.473736447997e-01,-1.808806862362e+00,-9.172501918322e-01,-1.812653886761e+00,-9.278686138459e-01
5.496541252179e-01,4.054384499550e-01,-1.358150637599e-01,-4.252698097424e-01,1.501554925248e-01,-1.809387248681e+00,-9.011005748603e-01,-1.813241016842e+00,-9.116103607286e-01
5.502924908513e-01,4.053508143784e-01,-1.387472622356e-01,-4.251730702816e-01,1.529293094851e-01,-1.809957323187e+00,-8.849432726443e-01,-1.813817765755e+00,-8.953444107567e-01
5.509308564847e-01,4.052613092510e-01,-1.416723680823e-01,-4.250745626426e-01,1.556951960394e-01,-1.810517081026e+00,-8.687784486126e-01,-1.814384128642e+00,-8.790709309577e-01
5.515692221181e-01,4.051699390728e-01,-1.445904673273e-01,-4.249742918559e-01,1.584532528352e-01,-1.811066517448e+00,-8.526062658873e-01,-1.814940100749e+00,-8.627900880177e-01
5.522075877515e-01,4.050767082893e-01,-1.475016462690e-01,-4.248722628873e-01,1.612035807955e-01,-1.811605627807e+00,-8.364268872859e-01,-1.815485677427e+00,-8.465020482832e-01
5.528459533849e-01,4.049816212903e-01,-1.504059914653e-01,-4.247684806385e-01,1.639462811065e-01,-1.812134407562e+00,-8.202404753232e-01,-1.816020854137e+00,-8.302069777639e-01
5.534843190183e-01,4.048846824108e-01,-1.533035897207e-01,-4.246629499464e-01,1.666814552055e-01,-1.812652852275e+00,-8.040471922133e-01,-1.816545626442e+00,-8.139050421344e-01
5.541226846517e-01,4.047858959298e-01,-1.561945280753e-01,-4.245556755829e-01,1.694092047679e-01,-1.813160957611e+00,-7.878471998716e-01,-1.817059990014e+00,-7.975964067373e-01
5.547610502851e-01,4.046852660709e-01,-1.590788937920e-01,-4.244466622550e-01,1.721296316951e-01,-1.813658719339e+00,-7.716406599170e-01,-1.817563940627e+00,-7.812812365854e-01
5.553994159185e-01,4.045827970021e-01,-1.619567743449e-01,-4.243359146048e-01,1.748428381024e-01,-1.814146133330e+00,-7.554277336738e-01,-1.818057474164e+00,-7.649596963644e-01
5.560377815519e-01,4.044784928352e-01,-1.648282574072e-01,-4.242234372089e-01,1.775489263061e-01,-1.814623195559e+00,-7.392085821740e-01,-1.818540586609e+00,-7.486319504350e-01
5.566761471853e-01,4.043723576262e-01,-1.676934308397e-01,-4.241092345785e-01,1.802479988118e-01,-1.815089902104e+00,-7.229833661596e-01,-1.819013274054e+00,-7.322981628364e-01
5.573145128187e-01,4.042643953747e-01,-1.705523826782e-01,-4.239933111595e-01,1.829401583016e-01,-1.815546249144e+00,-7.067522460844e-01,-1.819475532694e+00,-7.159584972882e-01
5.579528784521e-01,4.041546100243e-01,-1.734052011226e-01,-4.238756713321e-01,1.856255076225e-01,-1.815992232961e+00,-6.905153821171e-01,-1.819927358829e+00,-6.996131171936e-01
5.585912440855e-01,4.040430054620e-01,-1.762519745241e-01,-4.237563194108e-01,1.883041497737e-01,-1.816427849940e+00,-6.742729341430e-01,-1.820368748863e+00,-6.832621856420e-01
5.592296097189e-01,4.039295855188e-01,-1.790927913742e-01,-4.236352596443e-01,1.909761878948e-01,-1.816853096567e+00,-6.580250617664e-01,-1.820799699305e+00,-6.669058654122e-01
5.598679753523e-01,4.038143539686e-01,-1.819277402927e-01,-4.235124962155e-01,1.936417252538e-01,-1.817267969430e+00,-6.417719243135e-01,-1.821220206765e+00,-6.505443189747e-01
5.605063409857e-01,4.036973145291e-01,-1.847569100158e-01,-4.233880332411e-01,1.963008652345e-01,-1.817672465219e+00,-6.255136808345e-01,-1.821630267961e+00,-6.341777084950e-01
5.611447066191e-01,4.035784708611e-01,-1.875803893846e-01,-4.232618747720e-01,1.989537113252e-01,-1.818066580725e+00,-6.092504901061e-01,-1.822029879710e+00,-6.178061958367e-01
5.617830722525e-01,4.034578265688e-01,-1.903982673335e-01,-4.231340247930e-01,2.016003671062e-01,-1.818450312841e+00,-5.929825106343e-01,-1.822419038935e+00,-6.014299425641e-01
5.624214378859e-01,4.033353851995e-01,-1.932106328783e-01,-4.230044872227e-01,2.042409362381e-01,-1.818823658559e+00,-5.767099006569e-01,-1.822797742661e+00,-5.850491099457e-01
5.630598035192e-01,4.032111502437e-01,-1.960175751051e-01,-4.228732659134e-01,2.068755224500e-01,-1.819186614975e+00,-5.604328181458e-01,-1.823165988016e+00,-5.686638589569e-01
5.636981691526e-01,4.030851251351e-01,-1.988191831583e-01,-4.227403646514e-01,2.095042295271e-01,-1.819539179284e+00,-5.441514208102e-01,-1.823523772231e+00,-5.522743502836e-01
5.643365347860e-01,4.029573132503e-01,-2.016155462291e-01,-4.226057871564e-01,2.121271612999e-01,-1.819881348781e+00,-5.278658660990e-01,-1.823871092639e+00,-5.358807443248e-01
5.649749004194e-01,4.028277179090e-01,-2.044067535445e-01,-4.224695370822e-01,2.147444216312e-01,-1.820213120863e+00,-5.115763112036e-01,-1.824207946676e+00,-5.194832011964e-01
5.656132660528e-01,4.026963423740e-01,-2.071928943551e-01,-4.223316180160e-01,2.173561144054e-01,-1.820534493026e+00,-4.952829130604e-01,-1.824534331879e+00,-5.030818807340e-01
5.662516316862e-01,4.025631898511e-01,-2.099740579242e-01,-4.221920334788e-01,2.199623435161e-01,-1.820845462867e+00,-4.789858283542e-01,-1.824850245888e+00,-4.866769424963e-01
5.668899973196e-01,4.024282634892e-01,-2.127503335164e-01,-4.220507869253e-01,2.225632128549e-01,-1.821146028083e+00,-4.626852135204e-01,-1.825155686444e+00,-4.702685457685e-01
5.675283629530e-01,4.022915663800e-01,-2.155218103860e-01,-4.219078817438e-01,2.251588262994e-01,-1.821436186469e+00,-4.463812247482e-01,-1.825450651391e+00,-4.538568495658e-01
5.681667285864e-01,4.021531015584e-01,-2.182885777657e-01,-4.217633212562e-01,2.277492877018e-01,-1.821715935922e+00,-4.300740179835e-01,-1.825735138672e+00,-4.374420126363e-01
5.688050942198e-01,4.020128720023e-01,-2.210507248555e-01,-4.216171087185e-01,2.303347008776e-01,-1.821985274438e+00,-4.137637489318e-01,-1.826009146334e+00,-4.210241934649e-01
5.694434598532e-01,4.018708806327e-01,-2.238083408113e-01,-4.214692473200e-01,2.329151695933e-01,-1.822244200110e+00,-3.974505730608e-01,-1.826272672523e+00,-4.046035502763e-01
5.700818254866e-01,4.017271303136e-01,-2.265615147337e-01,-4.213197401840e-01,2.354907975561e-01,-1.822492711133e+00,-3.811346456038e-01,-1.826525715486e+00,-3.881802410387e-01
5.707201911200e-01,4.015816238524e-01,-2.293103356567e-01,-4.211685903677e-01,2.380616884012e-01,-1.822730805800e+00,-3.648161215628e-01,-1.826768273573e+00,-3.717544234676e-01
5.713585567534e-01,4.014343639993e-01,-2.320548925367e-01,-4.210158008620e-01,2.406279456813e-01,-1.822958482503e+00,-3.484951557109e-01,-1.827000345232e+00,-3.553262550284e-01
5.719969223868e-01,4.012853534481e-01,-2.347952742415e-01,-4.208613745917e-01,2.431896728552e-01,-1.823175739731e+00,-3.321719025958e-01,-1.827221929013e+00,-3.388958929411e-01
5.726352880202e-01,4.011345948357e-01,-2.375315695387e-01,-4.207053144158e-01,2.457469732757e-01,-1.823382576076e+00,-3.158465165430e-01,-1.827433023565e+00,-3.224634941828e-01
5.732736536536e-01,4.009820907424e-01,-2.402638670851e-01,-4.205476231272e-01,2.482999501792e-01,-1.823578990223e+00,-2.995191516584e-01,-1.827633627638e+00,-3.060292154921e-01
5.739120192870e-01,4.008278436921e-01,-2.429922554157e-01,-4.203883034529e-01,2.508487066741e-01,-1.823764980959e+00,-2.831899618318e-01,-1.827823740082e+00,-2.895932133720e-01
5.745503849204e-01,4.006718561519e-01,-2.457168229322e-01,-4.202273580544e-01,2.533933457295e-01,-1.823940547168e+00,-2.668591007400e-01,-1.828003359848e+00,-2.731556440941e-01
5.751887505538e-01,4.005141305328e-01,-2.484376578927e-01,-4.200647895271e-01,2.559339701642e-01,-1.824105687832e+00,-2.505267218496e-01,-1.828172485984e+00,-2.567166637020e-01
5.758271161872e-01,4.003546691895e-01,-2.511548484001e-01,-4.199006004011e-01,2.584706826352e-01,-1.824260402032e+00,-2.341929784207e-01,-1.828331117638e+00,-2.402764280148e-01
5.764654818206e-01,4.001934744202e-01,-2.538684823918e-01,-4.197347931409e-01,2.610035856273e-01,-1.824404688944e+00,-2.178580235096e-01,-1.828479254061e+00,-2.238350926312e-01
5.771038474540e-01,4.000305484675e-01,-2.565786476286e-01,-4.195673701458e-01,2.635327814415e-01,-1.824538547844e+00,-2.015220099722e-01,-1.828616894598e+00,-2.073928129327e-01
5.777422130874e-01,3.998658935176e-01,-2.592854316837e-01,-4.193983337497e-01,2.660583721839e-01,-1.824661978106e+00,-1.851850904673e-01,-1.828744038698e+00,-1.909497440875e-01
5.783805787208e-01,3.996995117012e-01,-2.619889219322e-01,-4.192276862214e-01,2.685804597551e-01,-1.824774979199e+00,-1.688474174597e-01,-1.828860685905e+00,-1.745060410545e-01
5.790189443542e-01,3.995314050929e-01,-2.646892055402e-01,-4.190554297648e-01,2.710991458390e-01,-1.824877550691e+00,-1.525091432234e-01,-1.828966835864e+00,-1.580618585864e-01
5.796573099876e-01,3.993615757122e-01,-2.673863694539e-01,-4.188815665188e-01,2.736145318921e-01,-1.824969692247e+00,-1.361704198449e-01,-1.829062488318e+00,-1.416173512342e-01
5.802956756210e-01,3.991900255228e-01,-2.700805003895e-01,-4.187060985579e-01,2.761267191322e-01,-1.825051403629e+00,-1.198313992267e-01,-1.829147643109e+00,-1.251726733503e-01
5.809340412544e-01,3.990167564333e-01,-2.727716848216e-01,-4.185290278917e-01,2.786358085280e-01,-1.825122684695e+00,-1.034922330900e-01,-1.829222300178e+00,-1.087279790925e-01
5.815724068878e-01,3.988417702971e-01,-2.754600089735e-01,-4.183503564657e-01,2.811419007882e-01,-1.825183535401e+00,-8.715307297862e-02,-1.829286459564e+00,-9.228342242783e-02
5.822107725212e-01,3.986650689126e-01,-2.781455588062e-01,-4.181700861611e-01,2.836450963505e-01,-1.825233955798e+00,-7.081407026177e-02,-1.829340121402e+00,-7.583915713637e-02
5.828491381546e-01,3.984866540236e-01,-2.808284200076e-01,-4.179882187951e-01,2.861454953710e-01,-1.825273946037e+00,-5.447537613769e-02,-1.829383285929e+00,-5.939533681479e-02
5.834875037880e-01,3.983065273191e-01,-2.835086779825e-01,-4.178047561211e-01,2.886431977137e-01,-1.825303506361e+00,-3.813714163680e-02,-1.829415953477e+00,-4.295211488032e-02
5.841258694214e-01,3.981246904337e-01,-2.861864178416e-01,-4.176196998286e-01,2.911383029396e-01,-1.825322637113e+00,-2.179951762504e-02,-1.829438124477e+00,-2.650964457448e-02
5.847642350548e-01,3.979411449480e-01,-2.888617243915e-01,-4.174330515440e-01,2.936309102960e-01,-1.825331338730e+00,-5.462654807147e-03,-1.829449799458e+00,-1.006807896689e-02
5.854026006882e-01,3.977558923881e-01,-2.915346821239e-01,-4.172448128302e-01,2.961211187061e-01,-1.825329611746e+00,1.087329626997e-02,-1.829450979046e+00,6.372429040989e-03
5.860409663216e-01,3.975689342268e-01,-2.942053752056e-01,-4.170549851872e-01,2.986090267584e-01,-1.825317456791e+00,2.720818521394e-02,-1.829441663965e+00,2.281172671199e-02
5.866793319550e-01,3.973802718828e-01,-2.968738874677e-01,-4.168635700521e-01,3.010947326963e-01,-1.825294874592e+00,4.354186178364e-02,-1.829421855036e+00,3.924966146952e-02
5.873176975884e-01,3.971899067218e-01,-2.995403023955e-01,-4.166705687994e-01,3.035783344073e-01,-1.825261865970e+00,5.987417588583e-02,-1.829391553178e+00,5.568608089370e-02
5.879560632218e-01,3.969978400560e-01,-3.022047031184e-01,-4.164759827411e-01,3.060599294126e-01,-1.825218431842e+00,7.620497757183e-02,-1.829350759408e+00,7.212083271763e-02
5.885944288552e-01,3.968040731448e-01,-3.048671723991e-01,-4.162798131275e-01,3.085396148572e-01,-1.825164573223e+00,9.253411703424e-02,-1.829299474837e+00,8.855376482359e-02
5.892327944886e-01,3.966086071950e-01,-3.075277926242e-01,-4.160820611464e-01,3.110174874987e-01,-1.825100291220e+00,1.088614446036e-01,-1.829237700677e+00,1.049847252392e-01
5.898711601220e-01,3.964114433606e-01,-3.101866457932e-01,-4.158827279245e-01,3.134936436976e-01,-1.825025587039e+00,1.251868107450e-01,-1.829165438234e+00,1.214135621339e-01
5.905095257554e-01,3.962125827437e-01,-3.128438135087e-01,-4.156818145268e-01,3.159681794067e-01,-1.824940461978e+00,1.415100660550e-01,-1.829082688912e+00,1.378401238146e-01
5.911478913888e-01,3.960120263943e-01,-3.154993769665e-01,-4.154793219573e-01,3.184411901609e-01,-1.824844917434e+00,1.578310612579e-01,-1.828989454212e+00,1.542642587226e-01
5.917862570222e-01,3.958097753107e-01,-3.181534169451e-01,-4.152752511591e-01,3.209127710669e-01,-1.824738954897e+00,1.741496472029e-01,-1.828885735732e+00,1.706858154294e-01
5.924246226556e-01,3.956058304399e-01,-3.208060137959e-01,-4.150696030147e-01,3.233830167930e-01,-1.824622575951e+00,1.904656748605e-01,-1.828771535166e+00,1.871046426332e-01
5.930629882890e-01,3.954001926775e-01,-3.234572474331e-01,-4.148623783465e-01,3.258520215589e-01,-1.824495782278e+00,2.067789953194e-01,-1.828646854304e+00,2.035205891549e-01
5.937013539224e-01,3.951928628684e-01,-3.261071973237e-01,-4.146535779166e-01,3.283198791257e-01,-1.824358575654e+00,2.230894597828e-01,-1.828511695034e+00,2.199335039345e-01
5.943397195558e-01,3.949838418068e-01,-3.287559424777e-01,-4.144432024277e-01,3.307866827856e-01,-1.824210957949e+00,2.393969195658e-01,-1.828366059339e+00,2.363432360276e-01
5.949780851892e-01,3.947731302369e-01,-3.314035614379e-01,-4.142312525228e-01,3.332525253519e-01,-1.824052931128e+00,2.557012260916e-01,-1.828209949299e+00,2.527496346011e-01
5.956164508226e-01,3.945607288526e-01,-3.340501322703e-01,-4.140177287861e-01,3.357174991490e-01,-1.823884497252e+00,2.720022308884e-01,-1.828043367090e+00,2.691525489304e-01
5.962548164560e-01,3.943466382981e-01,-3.366957325543e-01,-4.138026317428e-01,3.381816960022e-01,-1.823705658477e+00,2.882997855861e-01,-1.827866314985e+00,2.855518283949e-01
5.968931820894e-01,3.941308591686e-01,-3.393404393723e-01,-4.135859618598e-01,3.406452072280e-01,-1.823516417051e+00,3.045937419131e-01,-1.827678795351e+00,3.019473224747e-01
5.975315477228e-01,3.939133920098e-01,-3.419843293008e-01,-4.133677195457e-01,3.431081236241e-01,-1.823316775318e+00,3.208839516932e-01,-1.827480810653e+00,3.183388807470e-01
5.981699133562e-01,3.936942373191e-01,-3.446274783999e-01,-4.131479051515e-01,3.455705354592e-01,-1.823106735719e+00,3.371702668423e-01,-1.827272363452e+00,3.347263528824e-01
5.988082789896e-01,3.934733955451e-01,-3.472699622041e-01,-4.129265189707e-01,3.480325324635e-01,-1.822886300787e+00,3.534525393649e-01,-1.827053456405e+00,3.511095886411e-01
5.994466446229e-01,3.932508670887e-01,-3.499118557123e-01,-4.127035612394e-01,3.504942038185e-01,-1.822655473149e+00,3.697306213514e-01,-1.826824092263e+00,3.674884378697e-01
6.000850102563e-01,3.930266523030e-01,-3.525532333783e-01,-4.124790321375e-01,3.529556381476e-01,-1.822414255527e+00,3.860043649748e-01,-1.826584273874e+00,3.838627504974e-01
6.007233758897e-01,3.928007514935e-01,-3.551941691012e-01,-4.122529317880e-01,3.554169235060e-01,-1.822162650739e+00,4.022736224872e-01,-1.826334004183e+00,4.002323765323e-01
6.013617415231e-01,3.925731649191e-01,-3.578347362159e-01,-4.120252602581e-01,3.578781473709e-01,-1.821900661694e+00,4.185382462170e-01,-1.826073286229e+00,4.165971660582e-01
6.020001071565e-01,3.923438927919e-01,-3.604750074833e-01,-4.117960175594e-01,3.603393966322e-01,-1.821628291400e+00,4.347980885657e-01,-1.825802123147e+00,4.329569692308e-01
6.026384727899e-01,3.921129352776e-01,-3.631150550812e-01,-4.115652036481e-01,3.628007575824e-01,-1.821345542953e+00,4.510530020049e-01,-1.825520518168e+00,4.493116362743e-01
6.032768384233e-01,3.918802924962e-01,-3.657549505943e-01,-4.113328184256e-01,3.652623159071e-01,-1.821052419549e+00,4.673028390729e-01,-1.825228474619e+00,4.656610174781e-01
6.039152040567e-01,3.916459645221e-01,-3.683947650053e-01,-4.110988617387e-01,3.677241566755e-01,-1.820748924475e+00,4.835474523720e-01,-1.824925995922e+00,4.820049631931e-01
6.045535696901e-01,3.914099513846e-01,-3.710345686852e-01,-4.108633333801e-01,3.701863643305e-01,-1.820435061112e+00,4.997866945652e-01,-1.824613085595e+00,4.983433238285e-01
6.051919353235e-01,3.911722530683e-01,-3.736744313842e-01,-4.106262330889e-01,3.726490226796e-01,-1.820110832937e+00,5.160204183732e-01,-1.824289747250e+00,5.146759498482e-01
6.058303009569e-01,3.909328695135e-01,-3.763144222221e-01,-4.103875605509e-01,3.751122148851e-01,-1.819776243518e+00,5.322484765715e-01,-1.823955984595e+00,5.310026917677e-01
6.064686665903e-01,3.906918006166e-01,-3.789546096789e-01,-4.101473153989e-01,3.775760234545e-01,-1.819431296520e+00,5.484707219875e-01,-1.823611801436e+00,5.473234001504e-01
6.071070322237e-01,3.904490462302e-01,-3.815950615861e-01,-4.099054972133e-01,3.800405302315e-01,-1.819075995701e+00,5.646870074971e-01,-1.823257201671e+00,5.636379256047e-01
6.077453978571e-01,3.902046061643e-01,-3.842358451169e-01,-4.096621055225e-01,3.825058163861e-01,-1.818710344911e+00,5.808971860222e-01,-1.822892189295e+00,5.799461187803e-01
6.083837634905e-01,3.899584801859e-01,-3.868770267777e-01,-4.094171398033e-01,3.849719624055e-01,-1.818334348097e+00,5.971011105279e-01,-1.822516768397e+00,5.962478303654e-01
6.090221291239e-01,3.897106680198e-01,-3.895186723979e-01,-4.091705994814e-01,3.874390480846e-01,-1.817948009297e+00,6.132986340188e-01,-1.822130943163e+00,6.125429110831e-01
6.096604947573e-01,3.894611693490e-01,-3.921608471220e-01,-4.089224839315e-01,3.899071525170e-01,-1.817551332645e+00,6.294896095373e-01,-1.821734717874e+00,6.288312116884e-01
6.102988603907e-01,3.892099838152e-01,-3.948036153998e-01,-4.086727924784e-01,3.923763540851e-01,-1.817144322367e+00,6.456738901596e-01,-1.821328096905e+00,6.451125829648e-01
6.109372260241e-01,3.889571110191e-01,-3.974470409774e-01,-4.084215243969e-01,3.948467304516e-01,-1.816726982785e+00,6.618513289938e-01,-1.820911084728e+00,6.613868757217e-01
6.115755916575e-01,3.887025505211e-01,-4.000911868885e-01,-4.081686789125e-01,3.973183585497e-01,-1.816299318312e+00,6.780217791766e-01,-1.820483685909e+00,6.776539407907e-01
6.122139572909e-01,3.884463018415e-01,-4.027361154453e-01,-4.079142552018e-01,3.997913145742e-01,-1.815861333457e+00,6.941850938706e-01,-1.820045905108e+00,6.939136290229e-01
6.128523229243e-01,3.881883644608e-01,-4.053818882295e-01,-4.076582523931e-01,4.022656739724e-01,-1.815413032822e+00,7.103411262617e-01,-1.819597747084e+00,7.101657912857e-01
6.134906885577e-01,3.879287378209e-01,-4.080285660837e-01,-4.074006695665e-01,4.047415114348e-01,-1.814954421103e+00,7.264897295565e-01,-1.819139216688e+00,7.264102784598e-01
6.141290541911e-01,3.876674213247e-01,-4.106762091022e-01,-4.071415057551e-01,4.072189008860e-01,-1.814485503088e+00,7.426307569792e-01,-1.818670318867e+00,7.426469414366e-01
6.147674198245e-01,3.874044143372e-01,-4.133248766223e-01,-4.068807599446e-01,4.096979154760e-01,-1.814006283660e+00,7.587640617693e-01,-1.818191058662e+00,7.588756311147e-01
6.154057854579e-01,3.871397161857e-01,-4.159746272160e-01,-4.066184310746e-01,4.121786275708e-01,-1.813516767798e+00,7.748894971790e-01,-1.817701441213e+00,7.750961983973e-01
6.160441510913e-01,3.868733261603e-01,-4.186255186806e-01,-4.063545180386e-01,4.146611087437e-01,-1.813016960570e+00,7.910069164704e-01,-1.817201471751e+00,7.913084941896e-01
6.166825167247e-01,3.866052435145e-01,-4.212776080302e-01,-4.060890196847e-01,4.171454297661e-01,-1.812506867140e+00,8.071161729130e-01,-1.816691155605e+00,8.075123693954e-01
6.173208823581e-01,3.863354674658e-01,-4.239309514877e-01,-4.058219348161e-01,4.196316605990e-01,-1.811986492768e+00,8.232171197813e-01,-1.816170498196e+00,8.237076749150e-01
6.179592479915e-01,3.860639971958e-01,-4.265856044751e-01,-4.055532621915e-01,4.221198703837e-01,-1.811455842803e+00,8.393096103522e-01,-1.815639505044e+00,8.398942616418e-01
6.185976136249e-01,3.857908318512e-01,-4.292416216060e-01,-4.052830005258e-01,4.246101274332e-01,-1.810914922692e+00,8.553934979027e-01,-1.815098181762e+00,8.560719804600e-01
6.192359792583e-01,3.855159705439e-01,-4.318990566763e-01,-4.050111484906e-01,4.271024992235e-01,-1.810363737972e+00,8.714686357071e-01,-1.814546534058e+00,8.722406822420e-01
6.198743448917e-01,3.852394123520e-01,-4.345579626562e-01,-4.047377047146e-01,4.295970523844e-01,-1.809802294276e+00,8.875348770349e-01,-1.813984567737e+00,8.884002178456e-01
6.205127105251e-01,3.849611563196e-01,-4.372183916816e-01,-4.044626677844e-01,4.320938526915e-01,-1.809230597331e+00,9.035920751486e-01,-1.813412288696e+00,9.045504381114e-01
6.211510761585e-01,3.846812014584e-01,-4.398803950458e-01,-4.041860362447e-01,4.345929650569e-01,-1.808648652955e+00,9.196400833009e-01,-1.812829702931e+00,9.206911938602e-01
6.217894417919e-01,3.843995467470e-01,-4.425440231910e-01,-4.039078085992e-01,4.370944535208e-01,-1.808056467062e+00,9.356787547327e-01,-1.812236816530e+00,9.368223358910e-01
6.224278074253e-01,3.841161911326e-01,-4.452093257000e-01,-4.036279833108e-01,4.395983812428e-01,-1.807454045660e+00,9.517079426709e-01,-1.811633635679e+00,9.529437149777e-01
6.230661730587e-01,3.838311335307e-01,-4.478763512882e-01,-4.033465588026e-01,4.421048104936e-01,-1.806841394849e+00,9.677275003260e-01,-1.811020166658e+00,9.690551818676e-01
6.237045386921e-01,3.835443728260e-01,-4.505451477951e-01,-4.030635334580e-01,4.446138026462e-01,-1.806218520823e+00,9.837372808901e-01,-1.810396415841e+00,9.851565872784e-01
6.243429043255e-01,3.832559078731e-01,-4.532157621763e-01,-4.027789056218e-01,4.471254181672e-01,-1.805585429871e+00,9.997371375345e-01,-1.809762389699e+00,1.001247781896e+00
6.249812699589e-01,3.829657374969e-01,-4.558882404953e-01,-4.024926736001e-01,4.496397166091e-01,-1.804942128375e+00,1.015726923408e+00,-1.809118094799e+00,1.017328616373e+00
6.256196355923e-01,3.826738604930e-01,-4.585626279153e-01,-4.022048356617e-01,4.521567566012e-01,-1.804288622811e+00,1.031706491633e+00,-1.808463537801e+00,1.033398941324e+00
6.262580012257e-01,3.823802756286e-01,-4.612389686917e-01,-4.019153900380e-01,4.546765958413e-01,-1.803624919748e+00,1.047675695309e+00,-1.807798725461e+00,1.049458607327e+00
6.268963668591e-01,3.820849816429e-01,-4.639173061633e-01,-4.016243349239e-01,4.571992910877e-01,-1.802951025848e+00,1.063634387501e+00,-1.807123664633e+00,1.065507464919e+00
6.275347324925e-01,3.817879772477e-01,-4.665976827451e-01,-4.013316684785e-01,4.597248981508e-01,-1.802266947871e+00,1.079582421248e+00,-1.806438362263e+00,1.081545364594e+00
6.281730981259e-01,3.814892611282e-01,-4.692801399199e-01,-4.010373888254e-01,4.622534718847e-01,-1.801572692665e+00,1.095519649554e+00,-1.805742825395e+00,1.097572156801e+00
6.288114637593e-01,3.811888319432e-01,-4.719647182308e-01,-4.007414940537e-01,4.647850661790e-01,-1.800868267176e+00,1.111445925387e+00,-1.805037061166e+00,1.113587691943e+00
6.294498293927e-01,3.808866883260e-01,-4.746514572731e-01,-4.004439822181e-01,4.673197339508e-01,-1.800153678444e+00,1.127361101682e+00,-1.804321076811e+00,1.129591820374e+00
6.300881950261e-01,3.805828288849e-01,-4.773403956869e-01,-4.001448513402e-01,4.698575271365e-01,-1.799428933599e+00,1.143265031333e+00,-1.803594879659e+00,1.145584392397e+00
6.307265606595e-01,3.802772522039e-01,-4.800315711493e-01,-3.998440994084e-01,4.723984966839e-01,-1.798694039869e+00,1.159157567195e+00,-1.802858477135e+00,1.161565258263e+00
6.313649262929e-01,3.799699568432e-01,-4.827250203664e-01,-3.995417243793e-01,4.749426925436e-01,-1.797949004573e+00,1.175038562079e+00,-1.802111876760e+00,1.177534268169e+00
6.320032919263e-01,3.796609413399e-01,-4.854207790662e-01,-3.992377241775e-01,4.774901636617e-01,-1.797193835127e+00,1.190907868756e+00,-1.801355086149e+00,1.193491272255e+00
6.326416575597e-01,3.793502042088e-01,-4.881188819909e-01,-3.989320966970e-01,4.800409579715e-01,-1.796428539039e+00,1.206765339950e+00,-1.800588113016e+00,1.209436120604e+00
6.332800231931e-01,3.790377439424e-01,-4.908193628893e-01,-3.986248398015e-01,4.825951223857e-01,-1.795653123911e+00,1.222610828337e+00,-1.799810965167e+00,1.225368663240e+00
6.339183888265e-01,3.787235590123e-01,-4.935222545095e-01,-3.983159513248e-01,4.851527027884e-01,-1.794867597439e+00,1.238444186546e+00,-1.799023650506e+00,1.241288750124e+00
6.345567544599e-01,3.784076478696e-01,-4.962275885914e-01,-3.980054290720e-01,4.877137440275e-01,-1.794071967414e+00,1.254265267157e+00,-1.798226177032e+00,1.257196231156e+00
6.351951200933e-01,3.780900089451e-01,-4.989353958596e-01,-3.976932708199e-01,4.902782899069e-01,-1.793266241722e+00,1.270073922696e+00,-1.797418552840e+00,1.273090956172e+00
6.358334857266e-01,3.777706406507e-01,-5.016457060156e-01,-3.973794743176e-01,4.928463831786e-01,-1.792450428339e+00,1.285870005639e+00,-1.796600786122e+00,1.288972774941e+00
6.364718513600e-01,3.774495413794e-01,-5.043585477315e-01,-3.970640372872e-01,4.954180655355e-01,-1.791624535340e+00,1.301653368405e+00,-1.795772885164e+00,1.304841537167e+00
6.371102169934e-01,3.771267095063e-01,-5.070739486420e-01,-3.967469574246e-01,4.979933776030e-01,-1.790788570892e+00,1.317423863359e+00,-1.794934858349e+00,1.320697092482e+00
6.377485826268e-01,3.768021433892e-01,-5.097919353375e-01,-3.964282324002e-01,5.005723589324e-01,-1.789942543257e+00,1.333181342809e+00,-1.794086714155e+00,1.336539290453e+00
6.383869482602e-01,3.764758413694e-01,-5.125125333574e-01,-3.961078598592e-01,5.031550479927e-01,-1.789086460789e+00,1.348925659005e+00,-1.793228461159e+00,1.352367980571e+00
6.390253138936e-01,3.761478017720e-01,-5.152357671828e-01,-3.957858374230e-01,5.057414821633e-01,-1.788220331940e+00,1.364656664136e+00,-1.792360108030e+00,1.368183012259e+00
6.396636795270e-01,3.758180229069e-01,-5.179616602297e-01,-3.954621626891e-01,5.083316977269e-01,-1.787344165253e+00,1.380374210332e+00,-1.791481663536e+00,1.383984234863e+00
6.403020451604e-01,3.754865030694e-01,-5.206902348420e-01,-3.951368332324e-01,5.109257298615e-01,-1.786457969369e+00,1.396078149660e+00,-1.790593136540e+00,1.399771497658e+00
6.409404107938e-01,3.751532405410e-01,-5.234215122850e-01,-3.948098466057e-01,5.135236126340e-01,-1.785561753019e+00,1.411768334124e+00,-1.789694536002e+00,1.415544649840e+00
6.415787764272e-01,3.748182335899e-01,-5.261555127381e-01,-3.944812003403e-01,5.161253789921e-01,-1.784655525033e+00,1.427444615666e+00,-1.788785870978e+00,1.431303540530e+00
6.422171420606e-01,3.744814804715e-01,-5.288922552889e-01,-3.941508919470e-01,5.187310607577e-01,-1.783739294332e+00,1.443106846160e+00,-1.787867150620e+00,1.447048018772e+00
6.428555076940e-01,3.741429794298e-01,-5.316317579260e-01,-3.938189189165e-01,5.213406886193e-01,-1.782813069933e+00,1.458754877415e+00,-1.786938384177e+00,1.462777933529e+00
6.434938733274e-01,3.738027286974e-01,-5.343740375326e-01,-3.934852787203e-01,5.239542921255e-01,-1.781876860949e+00,1.474388561175e+00,-1.785999580993e+00,1.478493133688e+00
6.441322389608e-01,3.734607264965e-01,-5.371191098799e-01,-3.931499688113e-01,5.265718996774e-01,-1.780930676584e+00,1.490007749112e+00,-1.785050750510e+00,1.494193468052e+00
6.447706045942e-01,3.731169710397e-01,-5.398669896212e-01,-3.928129866250e-01,5.291935385219e-01,-1.779974526142e+00,1.505612292834e+00,-1.784091902267e+00,1.509878785346e+00
6.454089702276e-01,3.727714605306e-01,-5.426176902849e-01,-3.924743295795e-01,5.318192347450e-01,-1.779008419016e+00,1.521202043875e+00,-1.783123045897e+00,1.525548934212e+00
6.460473358610e-01,3.724241931643e-01,-5.453712242686e-01,-3.921339950767e-01,5.344490132647e-01,-1.778032364698e+00,1.536776853701e+00,-1.782144191133e+00,1.541203763209e+00
6.466857014944e-01,3.720751671286e-01,-5.481276028326e-01,-3.917919805032e-01,5.370828978241e-01,-1.777046372773e+00,1.552336573706e+00,-1.781155347802e+00,1.556843120815e+00
6.473240671278e-01,3.717243806044e-01,-5.508868360942e-01,-3.914482832304e-01,5.397209109850e-01,-1.776050452922e+00,1.567881055214e+00,-1.780156525830e+00,1.572466855423e+00
6.479624327612e-01,3.713718317664e-01,-5.536489330213e-01,-3.911029006162e-01,5.423630741213e-01,-1.775044614919e+00,1.583410149474e+00,-1.779147735237e+00,1.588074815341e+00
6.486007983946e-01,3.710175187842e-01,-5.564139014263e-01,-3.907558300047e-01,5.450094074118e-01,-1.774028868635e+00,1.598923707664e+00,-1.778128986143e+00,1.603666848795e+00
6.492391640280e-01,3.706614398226e-01,-5.591817479604e-01,-3.904070687279e-01,5.476599298346e-01,-1.773003224034e+00,1.614421580885e+00,-1.777100288762e+00,1.619242803925e+00
6.498775296614e-01,3.703035930424e-01,-5.619524781079e-01,-3.900566141059e-01,5.503146591598e-01,-1.771967691178e+00,1.629903620169e+00,-1.776061653407e+00,1.634802528784e+00
6.505158952948e-01,3.699439766015e-01,-5.647260961799e-01,-3.897044634479e-01,5.529736119436e-01,-1.770922280222e+00,1.645369676469e+00,-1.775013090487e+00,1.650345871342e+00
6.511542609282e-01,3.695825886555e-01,-5.675026053091e-01,-3.893506140529e-01,5.556368035217e-01,-1.769867001416e+00,1.660819600664e+00,-1.773954610509e+00,1.665872679481e+00
6.517926265616e-01,3.692194273580e-01,-5.702820074439e-01,-3.889950632104e-01,5.583042480035e-01,-1.768801865106e+00,1.676253243559e+00,-1.772886224077e+00,1.681382801000e+00
6.524309921950e-01,3.688544908620e-01,-5.730643033428e-01,-3.886378082015e-01,5.609759582652e-01,-1.767726881733e+00,1.691670455881e+00,-1.771807941890e+00,1.696876083609e+00
6.530693578284e-01,3.684877773205e-01,-5.758494925691e-01,-3.882788462993e-01,5.636519459443e-01,-1.766642061834e+00,1.707071088282e+00,-1.770719774748e+00,1.712352374932e+00
6.537077234618e-01,3.681192848869e-01,-5.786375734857e-01,-3.879181747700e-01,5.663322214334e-01,-1.765547416040e+00,1.722454991339e+00,-1.769621733546e+00,1.727811522508e+00
6.543460890952e-01,3.677490117162e-01,-5.814285432491e-01,-3.875557908733e-01,5.690167938740e-01,-1.764442955078e+00,1.737822015548e+00,-1.768513829275e+00,1.743253373790e+00
6.549844547286e-01,3.673769559656e-01,-5.842223978049e-01,-3.871916918639e-01,5.717056711508e-01,-1.763328689772e+00,1.753172011332e+00,-1.767396073027e+00,1.758677776143e+00
6.556228203620e-01,3.670031157951e-01,-5.870191318823e-01,-3.868258749914e-01,5.743988598860e-01,-1.762204631038e+00,1.768504829036e+00,-1.766268475988e+00,1.774084576846e+00
6.562611859954e-01,3.666274893687e-01,-5.898187389889e-01,-3.864583375020e-01,5.770963654333e-01,-1.761070789892e+00,1.783820318927e+00,-1.765131049444e+00,1.789473623094e+00
6.568995516288e-01,3.662500748547e-01,-5.926212114062e-01,-3.860890766386e-01,5.797981918724e-01,-1.759927177441e+00,1.799118331196e+00,-1.763983804778e+00,1.804844761995e+00
6.575379172622e-01,3.658708704270e-01,-5.954265401841e-01,-3.857180896419e-01,5.825043420032e-01,-1.758773804892e+00,1.814398715955e+00,-1.762826753470e+00,1.820197840571e+00
6.581762828956e-01,3.654898742653e-01,-5.982347151366e-01,-3.853453737515e-01,5.852148173405e-01,-1.757610683545e+00,1.829661323240e+00,-1.761659907097e+00,1.835532705760e+00
6.588146485290e-01,3.651070845565e-01,-6.010457248367e-01,-3.849709262062e-01,5.879296181088e-01,-1.756437824795e+00,1.844906003011e+00,-1.760483277335e+00,1.850849204414e+00
6.594530141624e-01,3.647224994949e-01,-6.038595566122e-01,-3.845947442452e-01,5.906487432362e-01,-1.755255240136e+00,1.860132605147e+00,-1.759296875958e+00,1.866147183302e+00
6.600913797958e-01,3.643361172835e-01,-6.066761965405e-01,-3.842168251086e-01,5.933721903499e-01,-1.754062941156e+00,1.875340979454e+00,-1.758100714838e+00,1.881426489107e+00
6.607297454292e-01,3.639479361345e-01,-6.094956294450e-01,-3.838371660386e-01,5.960999557707e-01,-1.752860939538e+00,1.890530975659e+00,-1.756894805943e+00,1.896686968430e+00
6.613681110626e-01,3.635579542702e-01,-6.123178388900e-01,-3.834557642801e-01,5.988320345077e-01,-1.751649247062e+00,1.905702443414e+00,-1.755679161340e+00,1.911928467790e+00
6.620064766960e-01,3.631661699238e-01,-6.151428071766e-01,-3.830726170818e-01,6.015684202537e-01,-1.750427875605e+00,1.920855232292e+00,-1.754453793195e+00,1.927150833621e+00
6.626448423294e-01,3.627725813402e-01,-6.179705153390e-01,-3.826877216966e-01,6.043091053801e-01,-1.749196837138e+00,1.935989191793e+00,-1.753218713771e+00,1.942353912277e+00
6.632832079628e-01,3.623771867768e-01,-6.208009431397e-01,-3.823010753828e-01,6.070540809319e-01,-1.747956143730e+00,1.951104171339e+00,-1.751973935429e+00,1.957537550031e+00
6.639215735962e-01,3.619799845044e-01,-6.236340690663e-01,-3.819126754047e-01,6.098033366232e-01,-1.746705807544e+00,1.966200020277e+00,-1.750719470629e+00,1.972701593076e+00
6.645599392296e-01,3.615809728079e-01,-6.264698703268e-01,-3.815225190339e-01,6.125568608324e-01,-1.745445840842e+00,1.981276587880e+00,-1.749455331929e+00,1.987845887526e+00
6.651983048630e-01,3.611801499870e-01,-6.293083228464e-01,-3.811306035495e-01,6.153146405978e-01,-1.744176255979e+00,1.996333723345e+00,-1.748181531984e+00,2.002970279413e+00
6.658366704964e-01,3.607775143575e-01,-6.321494012636e-01,-3.807369262395e-01,6.180766616128e-01,-1.742897065409e+00,2.011371275795e+00,-1.746898083548e+00,2.018074614697e+00
6.664750361298e-01,3.603730642515e-01,-6.349930789269e-01,-3.803414844016e-01,6.208429082219e-01,-1.741608281680e+00,2.026389094282e+00,-1.745604999475e+00,2.033158739256e+00
6.671134017632e-01,3.599667980187e-01,-6.378393278907e-01,-3.799442753435e-01,6.236133634163e-01,-1.740309917440e+00,2.041387027781e+00,-1.744302292716e+00,2.048222498895e+00
6.677517673966e-01,3.595587140270e-01,-6.406881189126e-01,-3.795452963847e-01,6.263880088294e-01,-1.739001985430e+00,2.056364925196e+00,-1.742989976319e+00,2.063265739344e+00
6.683901330300e-01,3.591488106634e-01,-6.435394214496e-01,-3.791445448564e-01,6.291668247334e-01,-1.737684498488e+00,2.071322635361e+00,-1.741668063433e+00,2.078288306258e+00
6.690284986634e-01,3.587370863348e-01,-6.463932036555e-01,-3.787420181031e-01,6.319497900345e-01,-1.736357469549e+00,2.086260007036e+00,-1.740336567305e+00,2.093290045221e+00
6.696668642968e-01,3.583235394688e-01,-6.492494323772e-01,-3.783377134831e-01,6.347368822698e-01,-1.735020911646e+00,2.101176888912e+00,-1.738995501279e+00,2.108270801744e+00
6.703052299302e-01,3.579081685146e-01,-6.521080731523e-01,-3.779316283697e-01,6.375280776028e-01,-1.733674837906e+00,2.116073129610e+00,-1.737644878800e+00,2.123230421270e+00
6.709435955636e-01,3.574909719440e-01,-6.549690902059e-01,-3.775237601514e-01,6.403233508204e-01,-1.732319261555e+00,2.130948577681e+00,-1.736284713410e+00,2.138168749169e+00
6.715819611970e-01,3.570719482518e-01,-6.578324464482e-01,-3.771141062337e-01,6.431226753289e-01,-1.730954195914e+00,2.145803081608e+00,-1.734915018750e+00,2.153085630748e+00
6.722203268304e-01,3.566510959569e-01,-6.606981034715e-01,-3.767026640393e-01,6.459260231504e-01,-1.729579654402e+00,2.160636489808e+00,-1.733535808560e+00,2.167980911244e+00
6.728586924637e-01,3.562284136034e-01,-6.635660215480e-01,-3.762894310091e-01,6.487333649199e-01,-1.728195650533e+00,2.175448650629e+00,-1.732147096678e+00,2.182854435830e+00
6.734970580971e-01,3.558038997610e-01,-6.664361596273e-01,-3.758744046035e-01,6.515446698818e-01,-1.726802197921e+00,2.190239412355e+00,-1.730748897044e+00,2.197706049617e+00
6.741354237305e-01,3.553775530261e-01,-6.693084753343e-01,-3.754575823026e-01,6.543599058868e-01,-1.725399310272e+00,2.205008623204e+00,-1.729341223693e+00,2.212535597651e+00
6.747737893639e-01,3.549493720223e-01,-6.721829249666e-01,-3.750389616079e-01,6.571790393888e-01,-1.723987001395e+00,2.219756131331e+00,-1.727924090760e+00,2.227342924920e+00
6.754121549973e-01,3.545193554020e-01,-6.750594634930e-01,-3.746185400423e-01,6.600020354421e-01,-1.722565285191e+00,2.234481784826e+00,-1.726497512481e+00,2.242127876350e+00
6.760505206307e-01,3.540875018464e-01,-6.779380445513e-01,-3.741963151518e-01,6.628288576984e-01,-1.721134175659e+00,2.249185431720e+00,-1.725061503188e+00,2.256890296811e+00
6.766888862641e-01,3.536538100669e-01,-6.808186204466e-01,-3.737722845059e-01,6.656594684044e-01,-1.719693686898e+00,2.263866919982e+00,-1.723616077314e+00,2.271630031117e+00
6.773272518975e-01,3.532182788056e-01,-6.837011421495e-01,-3.733464456988e-01,6.684938283991e-01,-1.718243833100e+00,2.278526097519e+00,-1.722161249391e+00,2.286346924028e+00
6.779656175309e-01,3.527809068365e-01,-6.865855592948e-01,-3.729187963498e-01,6.713318971112e-01,-1.716784628557e+00,2.293162812181e+00,-1.720697034049e+00,2.301040820250e+00
6.786039831643e-01,3.523416929662e-01,-6.894718201798e-01,-3.724893341050e-01,6.741736325570e-01,-1.715316087656e+00,2.307776911762e+00,-1.719223446019e+00,2.315711564438e+00
6.792423487977e-01,3.519006360346e-01,-6.923598717632e-01,-3.720580566374e-01,6.770189913380e-01,-1.713838224883e+00,2.322368243996e+00,-1.717740500130e+00,2.330359001199e+00
6.798807144311e-01,3.514577349159e-01,-6.952496596638e-01,-3.716249616483e-01,6.798679286391e-01,-1.712351054821e+00,2.336936656564e+00,-1.716248211309e+00,2.344982975092e+00
6.805190800645e-01,3.510129885194e-01,-6.981411281596e-01,-3.711900468681e-01,6.827203982261e-01,-1.710854592150e+00,2.351481997091e+00,-1.714746594584e+00,2.359583330629e+00
6.811574456979e-01,3.505663957907e-01,-7.010342201868e-01,-3.707533100572e-01,6.855763524446e-01,-1.709348851645e+00,2.366004113152e+00,-1.713235665082e+00,2.374159912280e+00
6.817958113313e-01,3.501179557119e-01,-7.039288773390e-01,-3.703147490066e-01,6.884357422175e-01,-1.707833848183e+00,2.380502852267e+00,-1.711715438029e+00,2.388712564473e+00
6.824341769647e-01,3.496676673029e-01,-7.068250398666e-01,-3.698743615395e-01,6.912985170440e-01,-1.706309596733e+00,2.394978061907e+00,-1.710185928751e+00,2.403241131594e+00
6.830725425981e-01,3.492155296223e-01,-7.097226466764e-01,-3.694321455114e-01,6.941646249980e-01,-1.704776112367e+00,2.409429589495e+00,-1.708647152672e+00,2.417745457993e+00
6.837109082315e-01,3.487615417681e-01,-7.126216353309e-01,-3.689880988116e-01,6.970340127265e-01,-1.703233410249e+00,2.423857282404e+00,-1.707099125317e+00,2.432225387983e+00
6.843492738649e-01,3.483057028784e-01,-7.155219420483e-01,-3.685422193639e-01,6.999066254487e-01,-1.701681505644e+00,2.438260987961e+00,-1.705541862308e+00,2.446680765844e+00
6.849876394983e-01,3.478480121327e-01,-7.184235017026e-01,-3.680945051276e-01,7.027824069549e-01,-1.700120413914e+00,2.452640553449e+00,-1.703975379369e+00,2.461111435821e+00
6.856260051317e-01,3.473884687523e-01,-7.213262478230e-01,-3.676449540982e-01,7.056612996055e-01,-1.698550150517e+00,2.466995826107e+00,-1.702399692323e+00,2.475517242132e+00
6.862643707651e-01,3.469270720015e-01,-7.242301125947e-01,-3.671935643085e-01,7.085432443302e-01,-1.696970731010e+00,2.481326653130e+00,-1.700814817091e+00,2.489898028967e+00
6.869027363985e-01,3.464638211882e-01,-7.271350268590e-01,-3.667403338294e-01,7.114281806274e-01,-1.695382171048e+00,2.495632881675e+00,-1.699220769694e+00,2.504253640488e+00
6.875411020319e-01,3.459987156650e-01,-7.300409201134e-01,-3.662852607711e-01,7.143160465635e-01,-1.693784486380e+00,2.509914358856e+00,-1.697617566253e+00,2.518583920835e+00
6.881794676653e-01,3.455317548299e-01,-7.329477205130e-01,-3.658283432835e-01,7.172067787729e-01,-1.692177692858e+00,2.524170931753e+00,-1.696005222989e+00,2.532888714127e+00
6.888178332987e-01,3.450629381271e-01,-7.358553548704e-01,-3.653695795577e-01,7.201003124574e-01,-1.690561806427e+00,2.538402447405e+00,-1.694383756221e+00,2.547167864463e+00
6.894561989321e-01,3.445922650481e-01,-7.387637486571e-01,-3.649089678263e-01,7.229965813862e-01,-1.688936843132e+00,2.552608752821e+00,-1.692753182369e+00,2.561421215925e+00
6.900945645655e-01,3.441197351323e-01,-7.416728260043e-01,-3.644465063650e-01,7.258955178962e-01,-1.687302819116e+00,2.566789694972e+00,-1.691113517952e+00,2.575648612580e+00
6.907329301989e-01,3.436453479679e-01,-7.445825097042e-01,-3.639821934928e-01,7.287970528917e-01,-1.685659750617e+00,2.580945120799e+00,-1.689464779587e+00,2.589849898483e+00
6.913712958323e-01,3.431691031929e-01,-7.474927212113e-01,-3.635160275735e-01,7.317011158452e-01,-1.684007653975e+00,2.595074877213e+00,-1.687806983994e+00,2.604024917679e+00
6.920096614657e-01,3.426910004960e-01,-7.504033806440e-01,-3.630480070164e-01,7.346076347977e-01,-1.682346545624e+00,2.609178811096e+00,-1.686140147989e+00,2.618173514205e+00
6.926480270991e-01,3.422110396171e-01,-7.533144067858e-01,-3.625781302769e-01,7.375165363593e-01,-1.680676442097e+00,2.623256769301e+00,-1.684464288490e+00,2.632295532092e+00
6.932863927325e-01,3.417292203485e-01,-7.562257170877e-01,-3.621063958580e-01,7.404277457099e-01,-1.678997360026e+00,2.637308598659e+00,-1.682779422513e+00,2.646390815369e+00
6.939247583659e-01,3.412455425354e-01,-7.591372276697e-01,-3.616328023109e-01,7.433411866006e-01,-1.677309316138e+00,2.651334145973e+00,-1.681085567175e+00,2.660459208063e+00
6.945631239993e-01,3.407600060774e-01,-7.620488533231e-01,-3.611573482357e-01,7.462567813542e-01,-1.675612327261e+00,2.665333258025e+00,-1.679382739691e+00,2.674500554204e+00
6.952014896327e-01,3.402726109285e-01,-7.649605075124e-01,-3.606800322828e-01,7.491744508668e-01,-1.673906410318e+00,2.679305781579e+00,-1.677670957377e+00,2.688514697824e+00
6.958398552661e-01,3.397833570985e-01,-7.678721023784e-01,-3.602008531535e-01,7.520941146090e-01,-1.672191582331e+00,2.693251563375e+00,-1.675950237647e+00,2.702501482963e+00
6.964782208995e-01,3.392922446539e-01,-7.707835487400e-01,-3.597198096008e-01,7.550156906277e-01,-1.670467860422e+00,2.707170450138e+00,-1.674220598017e+00,2.716460753671e+00
6.971165865329e-01,3.387992737182e-01,-7.736947560974e-01,-3.592369004306e-01,7.579390955475e-01,-1.668735261807e+00,2.721062288579e+00,-1.672482056100e+00,2.730392354008e+00
6.977549521663e-01,3.383044444734e-01,-7.766056326348e-01,-3.587521245024e-01,7.608642445730e-01,-1.666993803801e+00,2.734926925392e+00,-1.670734629610e+00,2.744296128047e+00
6.983933177997e-01,3.378077571603e-01,-7.795160852237e-01,-3.582654807306e-01,7.637910514904e-01,-1.665243503820e+00,2.748764207260e+00,-1.668978336359e+00,2.758171919879e+00
6.990316834331e-01,3.373092120799e-01,-7.824260194255e-01,-3.577769680845e-01,7.667194286698e-01,-1.663484379373e+00,2.762573980855e+00,-1.667213194262e+00,2.772019573614e+00
6.996700490665e-01,3.368088095934e-01,-7.853353394956e-01,-3.572865855903e-01,7.696492870678e-01,-1.661716448071e+00,2.776356092839e+00,-1.665439221328e+00,2.785838933383e+00
7.003084146999e-01,3.363065501240e-01,-7.882439483864e-01,-3.567943323313e-01,7.725805362299e-01,-1.659939727620e+00,2.790110389869e+00,-1.663656435672e+00,2.799629843340e+00
7.009467803333e-01,3.358024341570e-01,-7.911517477514e-01,-3.563002074490e-01,7.755130842929e-01,-1.658154235825e+00,2.803836718595e+00,-1.661864855502e+00,2.813392147667e+00
7.015851459667e-01,3.352964622411e-01,-7.940586379485e-01,-3.558042101440e-01,7.784468379882e-01,-1.656359990590e+00,2.817534925662e+00,-1.660064499131e+00,2.827125690575e+00
7.022235116001e-01,3.347886349887e-01,-7.969645180448e-01,-3.553063396768e-01,7.813817026445e-01,-1.654557009915e+00,2.831204857715e+00,-1.658255384968e+00,2.840830316307e+00
7.028618772335e-01,3.342789530774e-01,-7.998692858202e-01,-3.548065953690e-01,7.843175821911e-01,-1.652745311899e+00,2.844846361399e+00,-1.656437531522e+00,2.854505869138e+00
7.035002428669e-01,3.337674172502e-01,-8.027728377718e-01,-3.543049766037e-01,7.872543791613e-01,-1.650924914739e+00,2.858459283357e+00,-1.654610957403e+00,2.868152193382e+00
7.041386085003e-01,3.332540283168e-01,-8.056750691188e-01,-3.538014828269e-01,7.901919946959e-01,-1.649095836729e+00,2.872043470240e+00,-1.652775681318e+00,2.881769133392e+00
7.047769741337e-01,3.327387871540e-01,-8.085758738070e-01,-3.532961135480e-01,7.931303285468e-01,-1.647258096262e+00,2.885598768699e+00,-1.650931722075e+00,2.895356533562e+00
7.054153397671e-01,3.322216947067e-01,-8.114751445137e-01,-3.527888683410e-01,7.960692790810e-01,-1.645411711827e+00,2.899125025395e+00,-1.649079098581e+00,2.908914238333e+00
7.060537054005e-01,3.317027519890e-01,-8.143727726525e-01,-3.522797468450e-01,7.990087432846e-01,-1.643556702014e+00,2.912622086996e+00,-1.647217829843e+00,2.922442092191e+00
7.066920710339e-01,3.311819600844e-01,-8.172686483789e-01,-3.517687487654e-01,8.019486167670e-01,-1.641693085508e+00,2.926089800180e+00,-1.645347934964e+00,2.935939939672e+00
7.073304366673e-01,3.306593201470e-01,-8.201626605958e-01,-3.512558738747e-01,8.048887937653e-01,-1.639820881093e+00,2.939528011639e+00,-1.643469433151e+00,2.949407625366e+00
7.079688023007e-01,3.301348334024e-01,-8.230546969584e-01,-3.507411220134e-01,8.078291671490e-01,-1.637940107651e+00,2.952936568075e+00,-1.641582343707e+00,2.962844993917e+00
7.086071679341e-01,3.296085011481e-01,-8.259446438808e-01,-3.502244930907e-01,8.107696284244e-01,-1.636050784162e+00,2.966315316209e+00,-1.639686686035e+00,2.976251890026e+00
7.091173850039e-01,3.291865012432e-01,-8.282528724761e-01,-3.498102250378e-01,8.131197996613e-01,-1.634534597062e+00,2.976986818359e+00,-1.638165423508e+00,2.986945410782e+00
7.096276020738e-01,3.287633240150e-01,-8.305596338235e-01,-3.493947579055e-01,8.154699002054e-01,-1.633012970082e+00,2.987639102557e+00,-1.636638709976e+00,2.997619287080e+00
7.101378191436e-01,3.283389702273e-01,-8.328648682442e-01,-3.489780917444e-01,8.178198728207e-01,-1.631485913047e+00,2.998272090539e+00,-1.635106555481e+00,3.008273439679e+00
7.106480362135e-01,3.279134406745e-01,-8.351685155446e-01,-3.485602266345e-01,8.201696596850e-01,-1.629953435823e+00,3.008885704095e+00,-1.633568970108e+00,3.018907789423e+00
7.111582532833e-01,3.274867361820e-01,-8.374705150428e-01,-3.481411626855e-01,8.225192024453e-01,-1.628415548315e+00,3.019479865009e+00,-1.632025963981e+00,3.029522257160e+00
7.116684703532e-01,3.270588576060e-01,-8.397708055629e-01,-3.477209000370e-01,8.248684422020e-01,-1.626872260467e+00,3.030054495072e+00,-1.630477547262e+00,3.040116763771e+00
7.121786874231e-01,3.266298058342e-01,-8.420693254381e-01,-3.472994388588e-01,8.272173195123e-01,-1.625323582265e+00,3.040609516089e+00,-1.628923730159e+00,3.050691230166e+00
7.126889044929e-01,3.261995817858e-01,-8.443660125127e-01,-3.468767793510e-01,8.295657743926e-01,-1.623769523734e+00,3.051144849875e+00,-1.627364522914e+00,3.061245577284e+00
7.131991215628e-01,3.257681864121e-01,-8.466608041445e-01,-3.464529217447e-01,8.319137463199e-01,-1.622210094937e+00,3.061660418257e+00,-1.625799935814e+00,3.071779726099e+00
7.137093386326e-01,3.253356206962e-01,-8.489536372073e-01,-3.460278663018e-01,8.342611742344e-01,-1.620645305981e+00,3.072156143074e+00,-1.624229979185e+00,3.082293597614e+00
7.142195557025e-01,3.249018856535e-01,-8.512444480932e-01,-3.456016133155e-01,8.366079965414e-01,-1.619075167009e+00,3.082631946177e+00,-1.622654663392e+00,3.092787112869e+00
7.147297727724e-01,3.244669823323e-01,-8.535331727151e-01,-3.451741631109e-01,8.389541511133e-01,-1.617499688205e+00,3.093087749433e+00,-1.621073998841e+00,3.103260192935e+00
7.152399898422e-01,3.240309118134e-01,-8.558197465094e-01,-3.447455160444e-01,8.412995752920e-01,-1.615918879794e+00,3.103523474719e+00,-1.619487995980e+00,3.113712758920e+00
7.157502069121e-01,3.235936752108e-01,-8.581041044381e-01,-3.443156725050e-01,8.436442058910e-01,-1.614332752040e+00,3.113939043931e+00,-1.617896665294e+00,3.124144731967e+00
7.162604239819e-01,3.231552736718e-01,-8.603861809919e-01,-3.438846329136e-01,8.459879791979e-01,-1.612741315247e+00,3.124334378977e+00,-1.616300017311e+00,3.134556033255e+00
7.167706410518e-01,3.227157083772e-01,-8.626659101925e-01,-3.434523977243e-01,8.483308309765e-01,-1.611144579758e+00,3.134709401782e+00,-1.614698062598e+00,3.144946584003e+00
7.172808581217e-01,3.222749805417e-01,-8.649432255956e-01,-3.430189674235e-01,8.506726964695e-01,-1.609542555957e+00,3.145064034286e+00,-1.613090811763e+00,3.155316305466e+00
7.177910751915e-01,3.218330914138e-01,-8.672180602934e-01,-3.425843425313e-01,8.530135104005e-01,-1.607935254267e+00,3.155398198447e+00,-1.611478275453e+00,3.165665118938e+00
7.183012922614e-01,3.213900422764e-01,-8.694903469175e-01,-3.421485236009e-01,8.553532069769e-01,-1.606322685152e+00,3.165711816240e+00,-1.609860464355e+00,3.175992945755e+00
7.188115093312e-01,3.209458344469e-01,-8.717600176420e-01,-3.417115112194e-01,8.576917198924e-01,-1.604704859115e+00,3.176004809657e+00,-1.608237389197e+00,3.186299707293e+00
7.193217264011e-01,3.205004692775e-01,-8.740270041858e-01,-3.412733060076e-01,8.600289823293e-01,-1.603081786698e+00,3.186277100709e+00,-1.606609060748e+00,3.196585324969e+00
7.198319434710e-01,3.200539481551e-01,-8.762912378161e-01,-3.408339086208e-01,8.623649269615e-01,-1.601453478484e+00,3.196528611427e+00,-1.604975489815e+00,3.206849720243e+00
7.203421605408e-01,3.196062725020e-01,-8.785526493511e-01,-3.403933197487e-01,8.646994859568e-01,-1.599819945095e+00,3.206759263860e+00,-1.603336687246e+00,3.217092814618e+00
7.208523776107e-01,3.191574437759e-01,-8.808111691634e-01,-3.399515401157e-01,8.670325909802e-01,-1.598181197194e+00,3.216968980076e+00,-1.601692663930e+00,3.227314529642e+00
7.213625946805e-01,3.187074634700e-01,-8.830667271825e-01,-3.395085704811e-01,8.693641731960e-01,-1.596537245482e+00,3.227157682167e+00,-1.600043430795e+00,3.237514786907e+00
7.218728117504e-01,3.182563331134e-01,-8.853192528985e-01,-3.390644116397e-01,8.716941632714e-01,-1.594888100702e+00,3.237325292243e+00,-1.598388998808e+00,3.247693508052e+00
7.223830288203e-01,3.178040542714e-01,-8.875686753650e-01,-3.386190644215e-01,8.740224913787e-01,-1.593233773633e+00,3.247471732436e+00,-1.596729378978e+00,3.257850614760e+00
7.228932458901e-01,3.173506285456e-01,-8.898149232023e-01,-3.381725296925e-01,8.763490871987e-01,-1.591574275099e+00,3.257596924901e+00,-1.595064582353e+00,3.267986028763e+00
7.234034629600e-01,3.168960575739e-01,-8.920579246009e-01,-3.377248083546e-01,8.786738799235e-01,-1.589909615958e+00,3.267700791816e+00,-1.593394620020e+00,3.278099671843e+00
7.239136800298e-01,3.164403430313e-01,-8.942976073248e-01,-3.372759013459e-01,8.809967982596e-01,-1.588239807112e+00,3.277783255380e+00,-1.591719503108e+00,3.288191465826e+00
7.244238970997e-01,3.159834866295e-01,-8.965338987146e-01,-3.368258096412e-01,8.833177704310e-01,-1.586564859502e+00,3.287844237819e+00,-1.590039242784e+00,3.298261332593e+00
7.249341141696e-01,3.155254901175e-01,-8.987667256914e-01,-3.363745342517e-01,8.856367241824e-01,-1.584884784106e+00,3.297883661380e+00,-1.588353850256e+00,3.308309194073e+00
7.254443312394e-01,3.150663552815e-01,-9.009960147598e-01,-3.359220762259e-01,8.879535867821e-01,-1.583199591945e+00,3.307901448336e+00,-1.586663336771e+00,3.318334972244e+00
7.259545483093e-01,3.146060839457e-01,-9.032216920117e-01,-3.354684366494e-01,8.902682850258e-01,-1.581509294077e+00,3.317897520986e+00,-1.584967713617e+00,3.328338589141e+00
7.264647653791e-01,3.141446779716e-01,-9.054436831299e-01,-3.350136166453e-01,8.925807452394e-01,-1.579813901601e+00,3.327871801653e+00,-1.583266992120e+00,3.338319966847e+00
7.269749824490e-01,3.136821392592e-01,-9.076619133917e-01,-3.345576173744e-01,8.948908932825e-01,-1.578113425657e+00,3.337824212687e+00,-1.581561183647e+00,3.348279027502e+00
7.274851995189e-01,3.132184697465e-01,-9.098763076724e-01,-3.341004400353e-01,8.971986545520e-01,-1.576407877421e+00,3.347754676465e+00,-1.579850299604e+00,3.358215693299e+00
7.279954165887e-01,3.127536714098e-01,-9.120867904493e-01,-3.336420858652e-01,8.995039539852e-01,-1.574697268112e+00,3.357663115390e+00,-1.578134351438e+00,3.368129886485e+00
7.285056336586e-01,3.122877462643e-01,-9.142932858052e-01,-3.331825561392e-01,9.018067160637e-01,-1.572981608987e+00,3.367549451895e+00,-1.576413350634e+00,3.378021529364e+00
7.290158507284e-01,3.118206963640e-01,-9.164957174325e-01,-3.327218521714e-01,9.041068648166e-01,-1.571260911343e+00,3.377413608439e+00,-1.574687308717e+00,3.387890544297e+00
7.295260677983e-01,3.113525238016e-01,-9.186940086368e-01,-3.322599753145e-01,9.064043238242e-01,-1.569535186515e+00,3.387255507510e+00,-1.572956237253e+00,3.397736853701e+00
7.300362848682e-01,3.108832307095e-01,-9.208880823410e-01,-3.317969269607e-01,9.086990162218e-01,-1.567804445881e+00,3.397075071624e+00,-1.571220147846e+00,3.407560380051e+00
7.305465019380e-01,3.104128192592e-01,-9.230778610894e-01,-3.313327085412e-01,9.109908647034e-01,-1.566068700855e+00,3.406872223330e+00,-1.569479052140e+00,3.417361045882e+00
7.310567190079e-01,3.099412916620e-01,-9.252632670513e-01,-3.308673215267e-01,9.132797915253e-01,-1.564327962892e+00,3.416646885205e+00,-1.567732961819e+00,3.427138773788e+00
7.315669360777e-01,3.094686501688e-01,-9.274442220253e-01,-3.304007674281e-01,9.155657185098e-01,-1.562582243487e+00,3.426398979854e+00,-1.565981888605e+00,3.436893486421e+00
7.320771531476e-01,3.089948970707e-01,-9.296206474436e-01,-3.299330477958e-01,9.178485670495e-01,-1.560831554173e+00,3.436128429917e+00,-1.564225844262e+00,3.446625106497e+00
7.325873702175e-01,3.085200346988e-01,-9.317924643758e-01,-3.294641642207e-01,9.201282581109e-01,-1.559075906525e+00,3.445835158063e+00,-1.562464840590e+00,3.456333556792e+00
7.330975872873e-01,3.080440654248e-01,-9.339595935335e-01,-3.289941183340e-01,9.224047122383e-01,-1.557315312154e+00,3.455519086995e+00,-1.560698889432e+00,3.466018760144e+00
7.336078043572e-01,3.075669916606e-01,-9.361219552741e-01,-3.285229118078e-01,9.246778495581e-01,-1.555549782714e+00,3.465180139445e+00,-1.558928002669e+00,3.475680639454e+00
7.341180214270e-01,3.070888158593e-01,-9.382794696056e-01,-3.280505463547e-01,9.269475897825e-01,-1.553779329895e+00,3.474818238180e+00,-1.557152192219e+00,3.485319117688e+00
7.346282384969e-01,3.066095405144e-01,-9.404320561905e-01,-3.275770237287e-01,9.292138522139e-01,-1.552003965430e+00,3.484433306000e+00,-1.555371470043e+00,3.494934117874e+00
7.351384555668e-01,3.061291681607e-01,-9.425796343506e-01,-3.271023457247e-01,9.314765557489e-01,-1.550223701088e+00,3.494025265738e+00,-1.553585848138e+00,3.504525563106e+00
7.356486726366e-01,3.056477013744e-01,-9.447221230711e-01,-3.266265141795e-01,9.337356188829e-01,-1.548438548678e+00,3.503594040261e+00,-1.551795338543e+00,3.514093376544e+00
7.361588897065e-01,3.051651427729e-01,-9.468594410053e-01,-3.261495309713e-01,9.359909597136e-01,-1.546648520052e+00,3.513139552472e+00,-1.549999953335e+00,3.523637481414e+00
7.366691067763e-01,3.046814950153e-01,-9.489915064792e-01,-3.256713980204e-01,9.382424959460e-01,-1.544853627096e+00,3.522661725307e+00,-1.548199704629e+00,3.533157801008e+00
7.371793238462e-01,3.041967608023e-01,-9.511182374960e-01,-3.251921172888e-01,9.404901448965e-01,-1.543053881738e+00,3.532160481737e+00,-1.546394604581e+00,3.542654258686e+00
7.376895409161e-01,3.037109428767e-01,-9.532395517406e-01,-3.247116907813e-01,9.427338234975e-01,-1.541249295946e+00,3.541635744772e+00,-1.544584665385e+00,3.552126777878e+00
7.381997579859e-01,3.032240440233e-01,-9.553553665846e-01,-3.242301205448e-01,9.449734483014e-01,-1.539439881727e+00,3.551087437453e+00,-1.542769899275e+00,3.561575282080e+00
7.387099750558e-01,3.027360670692e-01,-9.574655990906e-01,-3.237474086691e-01,9.472089354856e-01,-1.537625651125e+00,3.560515482862e+00,-1.540950318522e+00,3.570999694858e+00
7.392201921256e-01,3.022470148837e-01,-9.595701660176e-01,-3.232635572866e-01,9.494402008571e-01,-1.535806616225e+00,3.569919804116e+00,-1.539125935439e+00,3.580399939850e+00
7.397304091955e-01,3.017568903789e-01,-9.616689838252e-01,-3.227785685731e-01,9.516671598566e-01,-1.533982789152e+00,3.579300324369e+00,-1.537296762374e+00,3.589775940762e+00
7.402406262653e-01,3.012656965095e-01,-9.637619686788e-01,-3.222924447473e-01,9.538897275636e-01,-1.532154182069e+00,3.588656966813e+00,-1.535462811719e+00,3.599127621372e+00
7.407508433352e-01,3.007734362730e-01,-9.658490364546e-01,-3.218051880716e-01,9.561078187011e-01,-1.530320807179e+00,3.597989654679e+00,-1.533624095900e+00,3.608454905532e+00
7.412610604051e-01,3.002801127100e-01,-9.679301027442e-01,-3.213168008517e-01,9.583213476401e-01,-1.528482676722e+00,3.607298311235e+00,-1.531780627385e+00,3.617757717163e+00
7.417712774749e-01,2.997857289040e-01,-9.700050828600e-01,-3.208272854374e-01,9.605302284047e-01,-1.526639802980e+00,3.616582859790e+00,-1.529932418679e+00,3.627035980261e+00
7.422814945448e-01,2.992902879820e-01,-9.720738918401e-01,-3.203366442222e-01,9.627343746768e-01,-1.524792198272e+00,3.625843223689e+00,-1.528079482327e+00,3.636289618895e+00
7.427917116146e-01,2.987937931145e-01,-9.741364444534e-01,-3.198448796439e-01,9.649336998011e-01,-1.522939874958e+00,3.635079326319e+00,-1.526221830911e+00,3.645518557208e+00
7.433019286845e-01,2.982962475152e-01,-9.761926552046e-01,-3.193519941845e-01,9.671281167900e-01,-1.521082845436e+00,3.644291091107e+00,-1.524359477054e+00,3.654722719417e+00
7.438121457544e-01,2.977976544419e-01,-9.782424383398e-01,-3.188579903704e-01,9.693175383285e-01,-1.519221122142e+00,3.653478441520e+00,-1.522492433417e+00,3.663902029817e+00
7.443223628242e-01,2.972980171959e-01,-9.802857078513e-01,-3.183628707729e-01,9.715018767796e-01,-1.517354717553e+00,3.662641301063e+00,-1.520620712698e+00,3.673056412775e+00
7.448325798941e-01,2.967973391226e-01,-9.823223774831e-01,-3.178666380078e-01,9.736810441891e-01,-1.515483644184e+00,3.671779593287e+00,-1.518744327635e+00,3.682185792736e+00
7.453427969639e-01,2.962956236115e-01,-9.843523607363e-01,-3.173692947359e-01,9.758549522908e-01,-1.513607914590e+00,3.680893241781e+00,-1.516863291004e+00,3.691290094222e+00
7.458530140338e-01,2.957928740961e-01,-9.863755708742e-01,-3.168708436633e-01,9.780235125118e-01,-1.511727541362e+00,3.689982170176e+00,-1.514977615620e+00,3.700369241832e+00
7.463632311037e-01,2.952890940544e-01,-9.883919209280e-01,-3.163712875412e-01,9.801866359776e-01,-1.509842537134e+00,3.699046302146e+00,-1.513087314336e+00,3.709423160243e+00
7.468734481735e-01,2.947842870088e-01,-9.904013237021e-01,-3.158706291664e-01,9.823442335178e-01,-1.507952914576e+00,3.708085561407e+00,-1.511192400044e+00,3.718451774210e+00
7.473836652434e-01,2.942784565263e-01,-9.924036917797e-01,-3.153688713809e-01,9.844962156707e-01,-1.506058686399e+00,3.717099871717e+00,-1.509292885673e+00,3.727455008567e+00
7.478938823132e-01,2.937716062183e-01,-9.943989375281e-01,-3.148660170729e-01,9.866424926895e-01,-1.504159865351e+00,3.726089156879e+00,-1.507388784193e+00,3.736432788226e+00
7.484040993831e-01,2.932637397413e-01,-9.963869731049e-01,-3.143620691761e-01,9.887829745473e-01,-1.502256464219e+00,3.735053340738e+00,-1.505480108608e+00,3.745385038182e+00
7.489143164530e-01,2.927548607964e-01,-9.983677104627e-01,-3.138570306703e-01,9.909175709424e-01,-1.500348495831e+00,3.743992347182e+00,-1.503566871965e+00,3.754311683507e+00
7.494245335228e-01,2.922449731299e-01,-1.000341061356e+00,-3.133509045816e-01,9.930461913044e-01,-1.498435973052e+00,3.752906100145e+00,-1.501649087346e+00,3.763212649355e+00
7.499347505927e-01,2.917340805330e-01,-1.002306937345e+00,-3.128436939821e-01,9.951687447993e-01,-1.496518908785e+00,3.761794523604e+00,-1.499726767873e+00,3.772087860962e+00
7.504449676625e-01,2.912221868421e-01,-1.004265249803e+00,-3.123354019906e-01,9.972851403354e-01,-1.494597315974e+00,3.770657541582e+00,-1.497799926704e+00,3.780937243644e+00
7.509551847324e-01,2.907092959389e-01,-1.006215909924e+00,-3.118260317721e-01,9.993952865686e-01,-1.492671207601e+00,3.779495078145e+00,-1.495868577038e+00,3.789760722800e+00
7.514654018023e-01,2.901954117506e-01,-1.008158828722e+00,-3.113155865387e-01,1.001499091909e+00,-1.490740596686e+00,3.788307057406e+00,-1.493932732109e+00,3.798558223911e+00
7.519756188721e-01,2.896805382495e-01,-1.010093917045e+00,-3.108040695489e-01,1.003596464525e+00,-1.488805496287e+00,3.797093403523e+00,-1.491992405190e+00,3.807329672542e+00
7.524858359420e-01,2.891646794537e-01,-1.012021085575e+00,-3.102914841083e-01,1.005687312351e+00,-1.486865919503e+00,3.805854040700e+00,-1.490047609595e+00,3.816074994340e+00
7.529960530118e-01,2.886478394269e-01,-1.013940244837e+00,-3.097778335696e-01,1.007771543091e+00,-1.484921879471e+00,3.814588893187e+00,-1.488098358671e+00,3.824794115037e+00
7.535062700817e-01,2.881300222783e-01,-1.015851305203e+00,-3.092631213324e-01,1.009849064229e+00,-1.482973389365e+00,3.823297885281e+00,-1.486144665805e+00,3.833486960448e+00
7.540164871516e-01,2.876112321632e-01,-1.017754176901e+00,-3.087473508438e-01,1.011919783028e+00,-1.481020462399e+00,3.831980941326e+00,-1.484186544424e+00,3.842153456474e+00
7.545267042214e-01,2.870914732823e-01,-1.019648770017e+00,-3.082305255982e-01,1.013983606543e+00,-1.479063111826e+00,3.840637985712e+00,-1.482224007989e+00,3.850793529099e+00
7.550369212913e-01,2.865707498826e-01,-1.021534994504e+00,-3.077126491374e-01,1.016040441620e+00,-1.477101350935e+00,3.849268942877e+00,-1.480257070002e+00,3.859407104395e+00
7.555471383611e-01,2.860490662569e-01,-1.023412760189e+00,-3.071937250508e-01,1.018090194910e+00,-1.475135193058e+00,3.857873737308e+00,-1.478285743999e+00,3.867994108518e+00
7.560573554310e-01,2.855264267440e-01,-1.025281976776e+00,-3.066737569757e-01,1.020132772869e+00,-1.473164651561e+00,3.866452293537e+00,-1.476310043558e+00,3.876554467709e+00
7.565675725009e-01,2.850028357290e-01,-1.027142553853e+00,-3.061527485968e-01,1.022168081765e+00,-1.471189739851e+00,3.875004536148e+00,-1.474329982292e+00,3.885088108300e+00
7.570777895707e-01,2.844782976428e-01,-1.028994400902e+00,-3.056307036469e-01,1.024196027688e+00,-1.469210471372e+00,3.883530389770e+00,-1.472345573852e+00,3.893594956704e+00
7.575880066406e-01,2.839528169629e-01,-1.030837427300e+00,-3.051076259067e-01,1.026216516550e+00,-1.467226859609e+00,3.892029779084e+00,-1.470356831926e+00,3.902074939426e+00
7.580982237104e-01,2.834263982129e-01,-1.032671542328e+00,-3.045835192050e-01,1.028229454098e+00,-1.465238918083e+00,3.900502628818e+00,-1.468363770240e+00,3.910527983055e+00
7.586084407803e-01,2.828990459626e-01,-1.034496655179e+00,-3.040583874188e-01,1.030234745916e+00,-1.463246660355e+00,3.908948863750e+00,-1.466366402559e+00,3.918954014271e+00
7.591186578502e-01,2.823707648282e-01,-1.036312674961e+00,-3.035322344730e-01,1.032232297433e+00,-1.461250100021e+00,3.917368408707e+00,-1.464364742682e+00,3.927352959841e+00
7.596288749200e-01,2.818415594725e-01,-1.038119510704e+00,-3.030050643411e-01,1.034222013926e+00,-1.459249250721e+00,3.925761188568e+00,-1.462358804448e+00,3.935724746619e+00
7.601390919899e-01,2.813114346046e-01,-1.039917071370e+00,-3.024768810449e-01,1.036203800532e+00,-1.457244126127e+00,3.934127128260e+00,-1.460348601733e+00,3.944069301551e+00
7.606493090597e-01,2.807803949798e-01,-1.041705265856e+00,-3.019476886546e-01,1.038177562252e+00,-1.455234739955e+00,3.942466152762e+00,-1.458334148449e+00,3.952386551670e+00
7.611595261296e-01,2.802484454004e-01,-1.043484003001e+00,-3.014174912888e-01,1.040143203956e+00,-1.453221105956e+00,3.950778187102e+00,-1.456315458546e+00,3.960676424100e+00
7.616697431995e-01,2.797155907148e-01,-1.045253191593e+00,-3.008862931148e-01,1.042100630391e+00,-1.451203237919e+00,3.959063156363e+00,-1.454292546012e+00,3.968938846052e+00
7.621799602693e-01,2.791818358182e-01,-1.047012740377e+00,-3.003540983486e-01,1.044049746188e+00,-1.449181149673e+00,3.967320985673e+00,-1.452265424871e+00,3.977173744832e+00
7.626901773392e-01,2.786471856523e-01,-1.048762558060e+00,-2.998209112547e-01,1.045990455866e+00,-1.447154855085e+00,3.975551600219e+00,-1.450234109183e+00,3.985381047832e+00
7.632003944090e-01,2.781116452053e-01,-1.050502553316e+00,-2.992867361465e-01,1.047922663843e+00,-1.445124368058e+00,3.983754925233e+00,-1.448198613048e+00,3.993560682537e+00
7.637106114789e-01,2.775752195121e-01,-1.052232634797e+00,-2.987515773860e-01,1.049846274439e+00,-1.443089702536e+00,3.991930886004e+00,-1.446158950601e+00,4.001712576522e+00
7.642208285488e-01,2.770379136543e-01,-1.053952711138e+00,-2.982154393843e-01,1.051761191885e+00,-1.441050872498e+00,4.000079407872e+00,-1.444115136013e+00,4.009836657455e+00
7.647310456186e-01,2.764997327598e-01,-1.055662690962e+00,-2.976783266012e-01,1.053667320327e+00,-1.439007891965e+00,4.008200416229e+00,-1.442067183495e+00,4.017932853095e+00
7.652412626885e-01,2.759606820034e-01,-1.057362482887e+00,-2.971402435454e-01,1.055564563836e+00,-1.436960774993e+00,4.016293836520e+00,-1.440015107291e+00,4.026001091291e+00
7.657514797583e-01,2.754207666065e-01,-1.059051995537e+00,-2.966011947747e-01,1.057452826414e+00,-1.434909535676e+00,4.024359594245e+00,-1.437958921685e+00,4.034041299986e+00
7.662616968282e-01,2.748799918370e-01,-1.060731137543e+00,-2.960611848958e-01,1.059332011999e+00,-1.432854188148e+00,4.032397614955e+00,-1.435898640996e+00,4.042053407216e+00
7.667719138981e-01,2.743383630096e-01,-1.062399817553e+00,-2.955202185644e-01,1.061202024473e+00,-1.430794746580e+00,4.040407824257e+00,-1.433834279581e+00,4.050037341108e+00
7.672821309679e-01,2.737958854854e-01,-1.064057944241e+00,-2.949783004855e-01,1.063062767670e+00,-1.428731225180e+00,4.048390147811e+00,-1.431765851832e+00,4.057993029883e+00
7.677923480378e-01,2.732525646722e-01,-1.065705426309e+00,-2.944354354129e-01,1.064914145382e+00,-1.426663638195e+00,4.056344511332e+00,-1.429693372178e+00,4.065920401855e+00
7.683025651076e-01,2.727084060243e-01,-1.067342172497e+00,-2.938916281495e-01,1.066756061366e+00,-1.424591999910e+00,4.064270840590e+00,-1.427616855087e+00,4.073819385432e+00
7.688127821775e-01,2.721634150427e-01,-1.068968091589e+00,-2.933468835474e-01,1.068588419349e+00,-1.422516324647e+00,4.072169061408e+00,-1.425536315059e+00,4.081689909115e+00
7.693229992473e-01,2.716175972748e-01,-1.070583092422e+00,-2.928012065080e-01,1.070411123041e+00,-1.420436626767e+00,4.080039099667e+00,-1.423451766634e+00,4.089531901499e+00
7.698332163172e-01,2.710709583144e-01,-1.072187083890e+00,-2.922546019814e-01,1.072224076134e+00,-1.418352920667e+00,4.087880881302e+00,-1.421363224388e+00,4.097345291274e+00
7.703434333871e-01,2.705235038020e-01,-1.073779974954e+00,-2.917070749673e-01,1.074027182318e+00,-1.416265220784e+00,4.095694332304e+00,-1.419270702932e+00,4.105130007223e+00
7.708536504569e-01,2.699752394244e-01,-1.075361674646e+00,-2.911586305142e-01,1.075820345278e+00,-1.414173541590e+00,4.103479378721e+00,-1.417174216914e+00,4.112885978225e+00
7.713638675268e-01,2.694261709148e-01,-1.076932092079e+00,-2.906092737199e-01,1.077603468712e+00,-1.412077897599e+00,4.111235946655e+00,-1.415073781018e+00,4.120613133254e+00
7.718740845966e-01,2.688763040529e-01,-1.078491136453e+00,-2.900590097314e-01,1.079376456328e+00,-1.409978303358e+00,4.118963962269e+00,-1.412969409965e+00,4.128311401378e+00
7.723843016665e-01,2.683256446643e-01,-1.080038717061e+00,-2.895078437446e-01,1.081139211859e+00,-1.407874773454e+00,4.126663351779e+00,-1.410861118512e+00,4.135980711761e+00
7.728945187364e-01,2.677741986214e-01,-1.081574743297e+00,-2.889557810046e-01,1.082891639067e+00,-1.405767322512e+00,4.134334041461e+00,-1.408748921451e+00,4.143620993664e+00
7.734047358062e-01,2.672219718423e-01,-1.083099124666e+00,-2.884028268058e-01,1.084633641750e+00,-1.403655965194e+00,4.141975957647e+00,-1.406632833611e+00,4.151232176441e+00
7.739149528761e-01,2.666689702916e-01,-1.084611770786e+00,-2.878489864914e-01,1.086365123749e+00,-1.401540716198e+00,4.149589026730e+00,-1.404512869858e+00,4.158814189544e+00
7.744251699459e-01,2.661151999799e-01,-1.086112591398e+00,-2.872942654538e-01,1.088085988958e+00,-1.399421590263e+00,4.157173175157e+00,-1.402389045091e+00,4.166366962522e+00
7.749353870158e-01,2.655606669636e-01,-1.087601496376e+00,-2.867386691343e-01,1.089796141327e+00,-1.397298602162e+00,4.164728329437e+00,-1.400261374248e+00,4.173890425018e+00
7.754456040857e-01,2.650053773453e-01,-1.089078395727e+00,-2.861822030233e-01,1.091495484875e+00,-1.395171766708e+00,4.172254416138e+00,-1.398129872301e+00,4.181384506774e+00
7.759558211555e-01,2.644493372734e-01,-1.090543199607e+00,-2.856248726600e-01,1.093183923692e+00,-1.393041098751e+00,4.179751361885e+00,-1.395994554259e+00,4.188849137628e+00
7.764660382254e-01,2.638925529421e-01,-1.091995818321e+00,-2.850666836329e-01,1.094861361949e+00,-1.390906613176e+00,4.187219093366e+00,-1.393855435166e+00,4.196284247516e+00
7.769762552952e-01,2.633350305913e-01,-1.093436162335e+00,-2.845076415788e-01,1.096527703907e+00,-1.388768324909e+00,4.194657537326e+00,-1.391712530102e+00,4.203689766471e+00
7.774864723651e-01,2.627767765066e-01,-1.094864142280e+00,-2.839477521838e-01,1.098182853919e+00,-1.386626248911e+00,4.202066620573e+00,-1.389565854182e+00,4.211065624622e+00
7.779966894350e-01,2.622177970191e-01,-1.096279668963e+00,-2.833870211826e-01,1.099826716443e+00,-1.384480400181e+00,4.209446269974e+00,-1.387415422558e+00,4.218411752198e+00
7.785069065048e-01,2.616580985054e-01,-1.097682653371e+00,-2.828254543585e-01,1.101459196050e+00,-1.382330793755e+00,4.216796412458e+00,-1.385261250417e+00,4.225728079526e+00
7.790171235747e-01,2.610976873873e-01,-1.099073006681e+00,-2.822630575436e-01,1.103080197424e+00,-1.380177444707e+00,4.224116975017e+00,-1.383103352981e+00,4.233014537031e+00
7.795273406445e-01,2.605365701322e-01,-1.100450640264e+00,-2.816998366186e-01,1.104689625379e+00,-1.378020368148e+00,4.231407884702e+00,-1.380941745508e+00,4.240271055235e+00
7.800375577144e-01,2.599747532524e-01,-1.101815465697e+00,-2.811357975128e-01,1.106287384859e+00,-1.375859579226e+00,4.238669068629e+00,-1.378776443290e+00,4.247497564761e+00
7.805477747843e-01,2.594122433053e-01,-1.103167394767e+00,-2.805709462037e-01,1.107873380951e+00,-1.373695093125e+00,4.245900453975e+00,-1.376607461657e+00,4.254693996330e+00
7.810579918541e-01,2.588490468934e-01,-1.104506339479e+00,-2.800052887175e-01,1.109447518890e+00,-1.371526925069e+00,4.253101967983e+00,-1.374434815973e+00,4.261860280762e+00
7.815682089240e-01,2.582851706638e-01,-1.105832212064e+00,-2.794388311285e-01,1.111009704065e+00,-1.369355090317e+00,4.260273537956e+00,-1.372258521636e+00,4.268996348977e+00
7.820784259938e-01,2.577206213085e-01,-1.107144924986e+00,-2.788715795593e-01,1.112559842030e+00,-1.367179604164e+00,4.267415091263e+00,-1.370078594082e+00,4.276102131995e+00
7.825886430637e-01,2.571554055641e-01,-1.108444390951e+00,-2.783035401806e-01,1.114097838510e+00,-1.365000481945e+00,4.274526555338e+00,-1.367895048780e+00,4.283177560935e+00
7.830988601336e-01,2.565895302117e-01,-1.109730522912e+00,-2.777347192113e-01,1.115623599409e+00,-1.362817739030e+00,4.281607857679e+00,-1.365707901234e+00,4.290222567017e+00
7.836090772034e-01,2.560230020764e-01,-1.111003234078e+00,-2.771651229180e-01,1.117137030816e+00,-1.360631390827e+00,4.288658925850e+00,-1.363517166984e+00,4.297237081560e+00
7.841192942733e-01,2.554558280281e-01,-1.112262437921e+00,-2.765947576155e-01,1.118638039017e+00,-1.358441452780e+00,4.295679687481e+00,-1.361322861605e+00,4.304221035986e+00
7.846295113431e-01,2.548880149803e-01,-1.113508048184e+00,-2.760236296662e-01,1.120126530496e+00,-1.356247940371e+00,4.302670070267e+00,-1.359125000707e+00,4.311174361816e+00
7.851397284130e-01,2.543195698906e-01,-1.114739978888e+00,-2.754517454799e-01,1.121602411949e+00,-1.354050869117e+00,4.309630001972e+00,-1.356923599935e+00,4.318096990672e+00
7.856499454829e-01,2.537504997606e-01,-1.115958144339e+00,-2.748791115145e-01,1.123065590288e+00,-1.351850254574e+00,4.316559410426e+00,-1.354718674968e+00,4.324988854281e+00
7.861601625527e-01,2.531808116351e-01,-1.117162459136e+00,-2.743057342748e-01,1.124515972651e+00,-1.349646112334e+00,4.323458223527e+00,-1.352510241520e+00,4.331849884466e+00
7.866703796226e-01,2.526105126028e-01,-1.118352838180e+00,-2.737316203133e-01,1.125953466407e+00,-1.347438458024e+00,4.330326369242e+00,-1.350298315341e+00,4.338680013157e+00
7.871805966924e-01,2.520396097955e-01,-1.119529196679e+00,-2.731567762295e-01,1.127377979167e+00,-1.345227307312e+00,4.337163775606e+00,-1.348082912214e+00,4.345479172384e+00
7.876908137623e-01,2.514681103884e-01,-1.120691450156e+00,-2.725812086701e-01,1.128789418788e+00,-1.343012675899e+00,4.343970370724e+00,-1.345864047958e+00,4.352247294279e+00
7.882010308322e-01,2.508960215995e-01,-1.121839514459e+00,-2.720049243286e-01,1.130187693384e+00,-1.340794579522e+00,4.350746082772e+00,-1.343641738426e+00,4.358984311079e+00
7.887112479020e-01,2.503233506897e-01,-1.122973305763e+00,-2.714279299453e-01,1.131572711333e+00,-1.338573033959e+00,4.357490839995e+00,-1.341415999505e+00,4.365690155122e+00
7.892214649719e-01,2.497501049627e-01,-1.124092740585e+00,-2.708502323075e-01,1.132944381282e+00,-1.336348055021e+00,4.364204570710e+00,-1.339186847118e+00,4.372364758850e+00
7.897316820417e-01,2.491762917647e-01,-1.125197735785e+00,-2.702718382487e-01,1.134302612158e+00,-1.334119658556e+00,4.370887203306e+00,-1.336954297221e+00,4.379008054809e+00
7.902418991116e-01,2.486019184840e-01,-1.126288208577e+00,-2.696927546489e-01,1.135647313176e+00,-1.331887860449e+00,4.377538666243e+00,-1.334718365804e+00,4.385619975650e+00
7.907521161815e-01,2.480269925513e-01,-1.127364076536e+00,-2.691129884343e-01,1.136978393845e+00,-1.329652676623e+00,4.384158888057e+00,-1.332479068895e+00,4.392200454127e+00
7.912623332513e-01,2.474515214391e-01,-1.128425257603e+00,-2.685325465774e-01,1.138295763973e+00,-1.327414123034e+00,4.390747797354e+00,-1.330236422551e+00,4.398749423098e+00
7.917725503212e-01,2.468755126619e-01,-1.129471670097e+00,-2.679514360963e-01,1.139599333682e+00,-1.325172215678e+00,4.397305322816e+00,-1.327990442867e+00,4.405266815528e+00
7.922827673910e-01,2.462989737755e-01,-1.130503232717e+00,-2.673696640551e-01,1.140889013410e+00,-1.322926970585e+00,4.403831393201e+00,-1.325741145970e+00,4.411752564487e+00
7.927929844609e-01,2.457219123771e-01,-1.131519864555e+00,-2.667872375636e-01,1.142164713920e+00,-1.320678403821e+00,4.410325937342e+00,-1.323488548024e+00,4.418206603150e+00
7.933032015308e-01,2.451443361054e-01,-1.132521485100e+00,-2.662041637768e-01,1.143426346309e+00,-1.318426531492e+00,4.416788884147e+00,-1.321232665223e+00,4.424628864797e+00
7.938134186006e-01,2.445662526397e-01,-1.133508014246e+00,-2.656204498950e-01,1.144673822013e+00,-1.316171369735e+00,4.423220162602e+00,-1.318973513798e+00,4.431019282818e+00
7.943236356705e-01,2.439876697003e-01,-1.134479372298e+00,-2.650361031639e-01,1.145907052819e+00,-1.313912934727e+00,4.429619701771e+00,-1.316711110013e+00,4.437377790706e+00
7.948338527403e-01,2.434085950479e-01,-1.135435479985e+00,-2.644511308738e-01,1.147125950870e+00,-1.311651242680e+00,4.435987430797e+00,-1.314445470167e+00,4.443704322063e+00
7.953440698102e-01,2.428290364837e-01,-1.136376258461e+00,-2.638655403598e-01,1.148330428671e+00,-1.309386309842e+00,4.442323278901e+00,-1.312176610591e+00,4.449998810600e+00
7.958542868801e-01,2.422490018488e-01,-1.137301629315e+00,-2.632793390017e-01,1.149520399101e+00,-1.307118152498e+00,4.448627175384e+00,-1.309904547650e+00,4.456261190133e+00
7.963645039499e-01,2.416684990245e-01,-1.138211514578e+00,-2.626925342234e-01,1.150695775417e+00,-1.304846786967e+00,4.454899049630e+00,-1.307629297745e+00,4.462491394588e+00
7.968747210198e-01,2.410875359314e-01,-1.139105836733e+00,-2.621051334931e-01,1.151856471265e+00,-1.302572229606e+00,4.461138831101e+00,-1.305350877308e+00,4.468689358001e+00
7.973849380896e-01,2.405061205299e-01,-1.139984518717e+00,-2.615171443231e-01,1.153002400683e+00,-1.300294496807e+00,4.467346449345e+00,-1.303069302806e+00,4.474855014516e+00
7.978951551595e-01,2.399242608193e-01,-1.140847483933e+00,-2.609285742691e-01,1.154133478114e+00,-1.298013604998e+00,4.473521833992e+00,-1.300784590739e+00,4.480988298386e+00
7.984053722293e-01,2.393419648380e-01,-1.141694656256e+00,-2.603394309308e-01,1.155249618411e+00,-1.295729570644e+00,4.479664914755e+00,-1.298496757642e+00,4.487089143977e+00
7.989155892992e-01,2.387592406631e-01,-1.142525960039e+00,-2.597497219508e-01,1.156350736844e+00,-1.293442410243e+00,4.485775621433e+00,-1.296205820081e+00,4.493157485763e+00
7.994258063691e-01,2.381760964102e-01,-1.143341320122e+00,-2.591594550151e-01,1.157436749109e+00,-1.291152140333e+00,4.491853883911e+00,-1.293911794657e+00,4.499193258331e+00
7.999360234389e-01,2.375925402331e-01,-1.144140661840e+00,-2.585686378526e-01,1.158507571335e+00,-1.288858777484e+00,4.497899632162e+00,-1.291614698004e+00,4.505196396378e+00
8.004462405088e-01,2.370085803236e-01,-1.144923911025e+00,-2.579772782346e-01,1.159563120092e+00,-1.286562338304e+00,4.503912796243e+00,-1.289314546790e+00,4.511166834715e+00
8.009564575786e-01,2.364242249110e-01,-1.145690994021e+00,-2.573853839752e-01,1.160603312398e+00,-1.284262839435e+00,4.509893306305e+00,-1.287011357715e+00,4.517104508265e+00
8.014666746485e-01,2.358394822625e-01,-1.146441837685e+00,-2.567929629306e-01,1.161628065729e+00,-1.281960297556e+00,4.515841092583e+00,-1.284705147512e+00,4.523009352065e+00
8.019768917184e-01,2.352543606820e-01,-1.147176369397e+00,-2.562000229989e-01,1.162637298021e+00,-1.279654729380e+00,4.521756085407e+00,-1.282395932949e+00,4.528881301264e+00
8.024871087882e-01,2.346688685106e-01,-1.147894517069e+00,-2.556065721200e-01,1.163630927684e+00,-1.277346151658e+00,4.527638215197e+00,-1.280083730826e+00,4.534720291128e+00
8.029973258581e-01,2.340830141259e-01,-1.148596209145e+00,-2.550126182753e-01,1.164608873606e+00,-1.275034581175e+00,4.533487412466e+00,-1.277768557975e+00,4.540526257036e+00
8.035075429279e-01,2.334968059421e-01,-1.149281374617e+00,-2.544181694875e-01,1.165571055160e+00,-1.272720034750e+00,4.539303607820e+00,-1.275450431262e+00,4.546299134484e+00
8.040177599978e-01,2.329102524092e-01,-1.149949943027e+00,-2.538232338204e-01,1.166517392215e+00,-1.270402529239e+00,4.545086731961e+00,-1.273129367586e+00,4.552038859083e+00
8.045279770677e-01,2.323233620131e-01,-1.150601844474e+00,-2.532278193783e-01,1.167447805139e+00,-1.268082081535e+00,4.550836715686e+00,-1.270805383879e+00,4.557745366562e+00
8.050381941375e-01,2.317361432754e-01,-1.151237009623e+00,-2.526319343063e-01,1.168362214810e+00,-1.265758708563e+00,4.556553489890e+00,-1.268478497104e+00,4.563418592767e+00
8.055484112074e-01,2.311486047527e-01,-1.151855369712e+00,-2.520355867894e-01,1.169260542621e+00,-1.263432427284e+00,4.562236985564e+00,-1.266148724260e+00,4.569058473663e+00
8.060586282772e-01,2.305607550367e-01,-1.152456856556e+00,-2.514387850529e-01,1.170142710489e+00,-1.261103254696e+00,4.567887133801e+00,-1.263816082374e+00,4.574664945333e+00
8.065688453471e-01,2.299726027535e-01,-1.153041402557e+00,-2.508415373616e-01,1.171008640863e+00,-1.258771207831e+00,4.573503865793e+00,-1.261480588511e+00,4.580237943980e+00
8.070790624170e-01,2.293841565638e-01,-1.153608940712e+00,-2.502438520198e-01,1.171858256728e+00,-1.256436303756e+00,4.579087112833e+00,-1.259142259764e+00,4.585777405926e+00
8.075892794868e-01,2.287954251623e-01,-1.154159404614e+00,-2.496457373710e-01,1.172691481617e+00,-1.254098559572e+00,4.584636806320e+00,-1.256801113260e+00,4.591283267616e+00
8.080994965567e-01,2.282064172773e-01,-1.154692728467e+00,-2.490472017974e-01,1.173508239613e+00,-1.251757992418e+00,4.590152877752e+00,-1.254457166160e+00,4.596755465616e+00
8.086097136265e-01,2.276171416705e-01,-1.155208847085e+00,-2.484482537201e-01,1.174308455362e+00,-1.249414619464e+00,4.595635258738e+00,-1.252110435655e+00,4.602193936614e+00
8.091199306964e-01,2.270276071369e-01,-1.155707695904e+00,-2.478489015982e-01,1.175092054075e+00,-1.247068457918e+00,4.601083880989e+00,-1.249760938970e+00,4.607598617423e+00
8.096301477663e-01,2.264378225040e-01,-1.156189210988e+00,-2.472491539289e-01,1.175858961541e+00,-1.244719525022e+00,4.606498676328e+00,-1.247408693360e+00,4.612969444977e+00
8.101403648361e-01,2.258477966321e-01,-1.156653329032e+00,-2.466490192472e-01,1.176609104126e+00,-1.242367838051e+00,4.611879576684e+00,-1.245053716115e+00,4.618306356339e+00
8.106505819060e-01,2.252575384134e-01,-1.157099987376e+00,-2.460485061254e-01,1.177342408789e+00,-1.240013414317e+00,4.617226514098e+00,-1.242696024555e+00,4.623609288694e+00
8.111607989758e-01,2.246670567719e-01,-1.157529124002e+00,-2.454476231731e-01,1.178058803084e+00,-1.237656271167e+00,4.622539420724e+00,-1.240335636033e+00,4.628878179357e+00
8.116710160457e-01,2.240763606631e-01,-1.157940677550e+00,-2.448463790365e-01,1.178758215167e+00,-1.235296425979e+00,4.627818228828e+00,-1.237972567932e+00,4.634112965767e+00
8.121812331156e-01,2.234854590738e-01,-1.158334587318e+00,-2.442447823984e-01,1.179440573806e+00,-1.232933896170e+00,4.633062870792e+00,-1.235606837671e+00,4.639313585495e+00
8.126914501854e-01,2.228943610214e-01,-1.158710793272e+00,-2.436428419777e-01,1.180105808385e+00,-1.230568699188e+00,4.638273279114e+00,-1.233238462697e+00,4.644479976239e+00
8.132016672553e-01,2.223030755538e-01,-1.159069236051e+00,-2.430405665293e-01,1.180753848913e+00,-1.228200852517e+00,4.643449386409e+00,-1.230867460490e+00,4.649612075828e+00
8.137118843251e-01,2.217116117491e-01,-1.159409856973e+00,-2.424379648437e-01,1.181384626029e+00,-1.225830373675e+00,4.648591125413e+00,-1.228493848562e+00,4.654709822222e+00
8.142221013950e-01,2.211199787152e-01,-1.159732598044e+00,-2.418350457464e-01,1.181998071013e+00,-1.223457280216e+00,4.653698428981e+00,-1.226117644457e+00,4.659773153514e+00
8.147323184649e-01,2.205281855891e-01,-1.160037401961e+00,-2.412318180979e-01,1.182594115787e+00,-1.221081589724e+00,4.658771230093e+00,-1.223738865748e+00,4.664802007929e+00
8.152425355347e-01,2.199362415372e-01,-1.160324212121e+00,-2.406282907933e-01,1.183172692925e+00,-1.218703319822e+00,4.663809461850e+00,-1.221357530044e+00,4.669796323828e+00
8.157527526046e-01,2.193441557545e-01,-1.160592972625e+00,-2.400244727620e-01,1.183733735663e+00,-1.216322488164e+00,4.668813057481e+00,-1.218973654981e+00,4.674756039705e+00
8.162629696744e-01,2.187519374643e-01,-1.160843628288e+00,-2.394203729672e-01,1.184277177899e+00,-1.213939112439e+00,4.673781950341e+00,-1.216587258228e+00,4.679681094193e+00
8.167731867443e-01,2.181595959179e-01,-1.161076124638e+00,-2.388160004055e-01,1.184802954203e+00,-1.211553210371e+00,4.678716073914e+00,-1.214198357487e+00,4.684571426061e+00
8.172834038142e-01,2.175671403942e-01,-1.161290407932e+00,-2.382113641071e-01,1.185310999827e+00,-1.209164799714e+00,4.683615361816e+00,-1.211806970489e+00,4.689426974215e+00
8.177936208840e-01,2.169745801994e-01,-1.161486425153e+00,-2.376064731347e-01,1.185801250705e+00,-1.206773898262e+00,4.688479747793e+00,-1.209413114996e+00,4.694247677705e+00
8.183038379539e-01,2.163819246664e-01,-1.161664124021e+00,-2.370013365837e-01,1.186273643466e+00,-1.204380523837e+00,4.693309165727e+00,-1.207016808803e+00,4.699033475717e+00
8.188140550237e-01,2.157891831547e-01,-1.161823452998e+00,-2.363959635816e-01,1.186728115435e+00,-1.201984694298e+00,4.698103549635e+00,-1.204618069734e+00,4.703784307582e+00
8.193242720936e-01,2.151963650499e-01,-1.161964361294e+00,-2.357903632877e-01,1.187164604643e+00,-1.199586427537e+00,4.702862833671e+00,-1.202216915645e+00,4.708500112774e+00
8.198344891635e-01,2.146034797633e-01,-1.162086798872e+00,-2.351845448928e-01,1.187583049833e+00,-1.197185741479e+00,4.707586952130e+00,-1.199813364423e+00,4.713180830911e+00
8.203447062333e-01,2.140105367316e-01,-1.162190716455e+00,-2.345785176186e-01,1.187983390465e+00,-1.194782654083e+00,4.712275839448e+00,-1.197407433985e+00,4.717826401756e+00
8.208549233032e-01,2.134175454163e-01,-1.162276065531e+00,-2.339722907176e-01,1.188365566725e+00,-1.192377183342e+00,4.716929430202e+00,-1.194999142279e+00,4.722436765220e+00
8.213651403730e-01,2.128245153037e-01,-1.162342798359e+00,-2.333658734728e-01,1.188729519527e+00,-1.189969347279e+00,4.721547659116e+00,-1.192588507284e+00,4.727011861362e+00
8.218753574429e-01,2.122314559040e-01,-1.162390867974e+00,-2.327592751968e-01,1.189075190523e+00,-1.187559163956e+00,4.726130461060e+00,-1.190175547009e+00,4.731551630391e+00
8.223855745128e-01,2.116383767512e-01,-1.162420228194e+00,-2.321525052322e-01,1.189402522109e+00,-1.185146651462e+00,4.730677771055e+00,-1.187760279494e+00,4.736056012666e+00
8.228957915826e-01,2.110452874029e-01,-1.162430833625e+00,-2.315455729505e-01,1.189711457429e+00,-1.182731827925e+00,4.735189524270e+00,-1.185342722809e+00,4.740524948700e+00
8.234060086525e-01,2.104521974394e-01,-1.162422639665e+00,-2.309384877520e-01,1.190001940382e+00,-1.180314711501e+00,4.739665656029e+00,-1.182922895054e+00,4.744958379157e+00
8.239162257223e-01,2.098591164637e-01,-1.162395602512e+00,-2.303312590656e-01,1.190273915629e+00,-1.177895320382e+00,4.744106101810e+00,-1.180500814360e+00,4.749356244858e+00
8.244264427922e-01,2.092660541008e-01,-1.162349679168e+00,-2.297238963483e-01,1.190527328598e+00,-1.175473672793e+00,4.748510797247e+00,-1.178076498888e+00,4.753718486781e+00
8.249366598621e-01,2.086730199976e-01,-1.162284827445e+00,-2.291164090844e-01,1.190762125490e+00,-1.173049786989e+00,4.752879678135e+00,-1.175649966829e+00,4.758045046062e+00
8.254468769319e-01,2.080800238222e-01,-1.162201005966e+00,-2.285088067858e-01,1.190978253285e+00,-1.170623681260e+00,4.757212680430e+00,-1.173221236403e+00,4.762335863994e+00
8.259570940018e-01,2.074870752636e-01,-1.162098174179e+00,-2.279010989910e-01,1.191175659749e+00,-1.168195373929e+00,4.761509740250e+00,-1.170790325861e+00,4.766590882034e+00
8.264673110716e-01,2.068941840313e-01,-1.161976292354e+00,-2.272932952653e-01,1.191354293438e+00,-1.165764883350e+00,4.765770793880e+00,-1.168357253484e+00,4.770810041801e+00
8.269775281415e-01,2.063013598551e-01,-1.161835321592e+00,-2.266854051995e-01,1.191514103702e+00,-1.163332227910e+00,4.769995777771e+00,-1.165922037583e+00,4.774993285076e+00
8.274877452113e-01,2.057086124839e-01,-1.161675223828e+00,-2.260774384106e-01,1.191655040698e+00,-1.160897426030e+00,4.774184628545e+00,-1.163484696497e+00,4.779140553810e+00
8.279979622812e-01,2.051159516864e-01,-1.161495961839e+00,-2.254694045405e-01,1.191777055385e+00,-1.158460496160e+00,4.778337282998e+00,-1.161045248595e+00,4.783251790117e+00
8.285081793511e-01,2.045233872495e-01,-1.161297499245e+00,-2.248613132559e-01,1.191880099540e+00,-1.156021456785e+00,4.782453678097e+00,-1.158603712278e+00,4.787326936283e+00
8.290183964209e-01,2.039309289791e-01,-1.161079800516e+00,-2.242531742481e-01,1.191964125754e+00,-1.153580326421e+00,4.786533750987e+00,-1.156160105973e+00,4.791365934763e+00
8.295286134908e-01,2.033385866983e-01,-1.160842830978e+00,-2.236449972322e-01,1.192029087446e+00,-1.151137123617e+00,4.790577438995e+00,-1.153714448139e+00,4.795368728185e+00
8.300388305606e-01,2.027463702482e-01,-1.160586556815e+00,-2.230367919469e-01,1.192074938862e+00,-1.148691866952e+00,4.794584679625e+00,-1.151266757261e+00,4.799335259352e+00
8.305490476305e-01,2.021542894868e-01,-1.160310945075e+00,-2.224285681541e-01,1.192101635084e+00,-1.146244575038e+00,4.798555410567e+00,-1.148817051857e+00,4.803265471241e+00
8.310592647004e-01,2.015623542886e-01,-1.160015963674e+00,-2.218203356384e-01,1.192109132031e+00,-1.143795266519e+00,4.802489569700e+00,-1.146365350472e+00,4.807159307009e+00
8.315694817702e-01,2.009705745442e-01,-1.159701581401e+00,-2.212121042065e-01,1.192097386470e+00,-1.141343960071e+00,4.806387095086e+00,-1.143911671680e+00,4.811016709992e+00
8.320796988401e-01,2.003789601601e-01,-1.159367767922e+00,-2.206038836871e-01,1.192066356017e+00,-1.138890674400e+00,4.810247924984e+00,-1.141456034083e+00,4.814837623705e+00
8.325899159099e-01,1.997875210579e-01,-1.159014493785e+00,-2.199956839303e-01,1.192015999141e+00,-1.136435428245e+00,4.814071997844e+00,-1.138998456314e+00,4.818621991848e+00
8.331001329798e-01,1.991962671741e-01,-1.158641730424e+00,-2.193875148072e-01,1.191946275175e+00,-1.133978240375e+00,4.817859252311e+00,-1.136538957034e+00,4.822369758308e+00
8.336103500497e-01,1.986052084594e-01,-1.158249450161e+00,-2.187793862093e-01,1.191857144312e+00,-1.131519129592e+00,4.821609627232e+00,-1.134077554930e+00,4.826080867155e+00
8.341205671195e-01,1.980143548786e-01,-1.157837626216e+00,-2.181713080482e-01,1.191748567619e+00,-1.129058114727e+00,4.825323061654e+00,-1.131614268722e+00,4.829755262650e+00
8.346307841894e-01,1.974237164097e-01,-1.157406232703e+00,-2.175632902554e-01,1.191620507034e+00,-1.126595214644e+00,4.828999494828e+00,-1.129149117154e+00,4.833392889246e+00
8.351410012592e-01,1.968333030439e-01,-1.156955244641e+00,-2.169553427813e-01,1.191472925376e+00,-1.124130448236e+00,4.832638866212e+00,-1.126682119001e+00,4.836993691587e+00
8.356512183291e-01,1.962431247848e-01,-1.156484637953e+00,-2.163474755951e-01,1.191305786346e+00,-1.121663834430e+00,4.836241115474e+00,-1.124213293066e+00,4.840557614513e+00
8.361614353990e-01,1.956531916481e-01,-1.155994389473e+00,-2.157396986843e-01,1.191119054535e+00,-1.119195392180e+00,4.839806182492e+00,-1.121742658178e+00,4.844084603061e+00
8.366716524688e-01,1.950635136610e-01,-1.155484476948e+00,-2.151320220544e-01,1.190912695425e+00,-1.116725140472e+00,4.843334007361e+00,-1.119270233197e+00,4.847574602466e+00
8.371818695387e-01,1.944741008618e-01,-1.154954879044e+00,-2.145244557282e-01,1.190686675396e+00,-1.114253098325e+00,4.846824530394e+00,-1.116796037009e+00,4.851027558166e+00
8.376920866085e-01,1.938849632997e-01,-1.154405575345e+00,-2.139170097452e-01,1.190440961727e+00,-1.111779284784e+00,4.850277692123e+00,-1.114320088528e+00,4.854443415800e+00
8.382023036784e-01,1.932961110337e-01,-1.153836546361e+00,-2.133096941616e-01,1.190175522606e+00,-1.109303718927e+00,4.853693433303e+00,-1.111842406696e+00,4.857822121215e+00
8.387125207483e-01,1.927075541329e-01,-1.153247773530e+00,-2.127025190497e-01,1.189890327128e+00,-1.106826419862e+00,4.857071694917e+00,-1.109363010483e+00,4.861163620464e+00
8.392227378181e-01,1.921193026754e-01,-1.152639239220e+00,-2.120954944970e-01,1.189585345301e+00,-1.104347406727e+00,4.860412418174e+00,-1.106881918884e+00,4.864467859809e+00
8.397329548880e-01,1.915313667480e-01,-1.152010926735e+00,-2.114886306063e-01,1.189260548054e+00,-1.101866698689e+00,4.863715544519e+00,-1.104399150926e+00,4.867734785727e+00
8.402431719578e-01,1.909437564460e-01,-1.151362820315e+00,-2.108819374950e-01,1.188915907234e+00,-1.099384314945e+00,4.866981015627e+00,-1.101914725659e+00,4.870964344907e+00
8.407533890277e-01,1.903564818724e-01,-1.150694905141e+00,-2.102754252945e-01,1.188551395616e+00,-1.096900274724e+00,4.870208773414e+00,-1.099428662161e+00,4.874156484256e+00
8.412636060976e-01,1.897695531373e-01,-1.150007167339e+00,-2.096691041500e-01,1.188166986903e+00,-1.094414597281e+00,4.873398760037e+00,-1.096940979539e+00,4.877311150899e+00
8.417738231674e-01,1.891829803581e-01,-1.149299593981e+00,-2.090629842198e-01,1.187762655730e+00,-1.091927301903e+00,4.876550917893e+00,-1.094451696926e+00,4.880428292183e+00
8.422840402373e-01,1.885967736582e-01,-1.148572173088e+00,-2.084570756748e-01,1.187338377671e+00,-1.089438407905e+00,4.879665189629e+00,-1.091960833480e+00,4.883507855678e+00
8.427942573071e-01,1.880109431668e-01,-1.147824893634e+00,-2.078513886984e-01,1.186894129237e+00,-1.086947934633e+00,4.882741518141e+00,-1.089468408388e+00,4.886549789181e+00
8.433044743770e-01,1.874254990189e-01,-1.147057745548e+00,-2.072459334855e-01,1.186429887885e+00,-1.084455901459e+00,4.885779846577e+00,-1.086974440863e+00,4.889554040717e+00
8.438146914469e-01,1.868404513540e-01,-1.146270719716e+00,-2.066407202423e-01,1.185945632017e+00,-1.081962327787e+00,4.888780118343e+00,-1.084478950143e+00,4.892520558543e+00
8.443249085167e-01,1.862558103162e-01,-1.145463807985e+00,-2.060357591859e-01,1.185441340986e+00,-1.079467233048e+00,4.891742277101e+00,-1.081981955495e+00,4.895449291147e+00
8.448351255866e-01,1.856715860535e-01,-1.144637003165e+00,-2.054310605435e-01,1.184916995099e+00,-1.076970636702e+00,4.894666266778e+00,-1.079483476210e+00,4.898340187256e+00
8.453453426564e-01,1.850877887171e-01,-1.143790299031e+00,-2.048266345523e-01,1.184372575617e+00,-1.074472558238e+00,4.897552031564e+00,-1.076983531605e+00,4.901193195835e+00
8.458555597263e-01,1.845044284615e-01,-1.142923690323e+00,-2.042224914587e-01,1.183808064763e+00,-1.071973017173e+00,4.900399515919e+00,-1.074482141026e+00,4.904008266087e+00
8.463657767962e-01,1.839215154433e-01,-1.142037172754e+00,-2.036186415179e-01,1.183223445721e+00,-1.069472033053e+00,4.903208664575e+00,-1.071979323840e+00,4.906785347463e+00
8.468759938660e-01,1.833390598213e-01,-1.141130743006e+00,-2.030150949935e-01,1.182618702641e+00,-1.066969625452e+00,4.905979422538e+00,-1.069475099445e+00,4.909524389657e+00
8.473862109359e-01,1.827570717556e-01,-1.140204398735e+00,-2.024118621570e-01,1.181993820641e+00,-1.064465813970e+00,4.908711735093e+00,-1.066969487260e+00,4.912225342613e+00
8.478964280057e-01,1.821755614073e-01,-1.139258138575e+00,-2.018089532872e-01,1.181348785808e+00,-1.061960618237e+00,4.911405547806e+00,-1.064462506733e+00,4.914888156529e+00
8.484066450756e-01,1.815945389379e-01,-1.138291962134e+00,-2.012063786696e-01,1.180683585204e+00,-1.059454057910e+00,4.914060806528e+00,-1.061954177335e+00,4.917512781852e+00
8.489168621455e-01,1.810140145089e-01,-1.137305870002e+00,-2.006041485961e-01,1.179998206867e+00,-1.056946152674e+00,4.916677457400e+00,-1.059444518563e+00,4.920099169292e+00
8.494270792153e-01,1.804339982811e-01,-1.136299863747e+00,-2.000022733648e-01,1.179292639813e+00,-1.054436922242e+00,4.919255446851e+00,-1.056933549939e+00,4.922647269814e+00
8.499372962852e-01,1.798545004145e-01,-1.135273945922e+00,-1.994007632786e-01,1.178566874039e+00,-1.051926386351e+00,4.921794721609e+00,-1.054421291010e+00,4.925157034647e+00
8.504475133550e-01,1.792755310675e-01,-1.134228120062e+00,-1.987996286457e-01,1.177820900523e+00,-1.049414564769e+00,4.924295228697e+00,-1.051907761349e+00,4.927628415287e+00
8.509577304249e-01,1.786971003962e-01,-1.133162390689e+00,-1.981988797785e-01,1.177054711230e+00,-1.046901477289e+00,4.926756915442e+00,-1.049392980552e+00,4.930061363495e+00
8.514679474948e-01,1.781192185543e-01,-1.132076763310e+00,-1.975985269931e-01,1.176268299112e+00,-1.044387143731e+00,4.929179729475e+00,-1.046876968240e+00,4.932455831306e+00
8.519781645646e-01,1.775418956926e-01,-1.130971244421e+00,-1.969985806092e-01,1.175461658109e+00,-1.041871583942e+00,4.931563618737e+00,-1.044359744058e+00,4.934811771027e+00
8.524883816345e-01,1.769651419580e-01,-1.129845841506e+00,-1.963990509491e-01,1.174634783154e+00,-1.039354817795e+00,4.933908531479e+00,-1.041841327676e+00,4.937129135242e+00
8.529985987043e-01,1.763889674937e-01,-1.128700563039e+00,-1.957999483376e-01,1.173787670170e+00,-1.036836865191e+00,4.936214416271e+00,-1.039321738789e+00,4.939407876814e+00
8.535088157742e-01,1.758133824380e-01,-1.127535418485e+00,-1.952012831013e-01,1.172920316078e+00,-1.034317746054e+00,4.938481221998e+00,-1.036800997114e+00,4.941647948889e+00
8.540190328441e-01,1.752383969243e-01,-1.126350418303e+00,-1.946030655681e-01,1.172032718793e+00,-1.031797480336e+00,4.940708897871e+00,-1.034279122392e+00,4.943849304899e+00
8.545292499139e-01,1.746640210803e-01,-1.125145573940e+00,-1.940053060667e-01,1.171124877228e+00,-1.029276088015e+00,4.942897393428e+00,-1.031756134390e+00,4.946011898564e+00
8.550394669838e-01,1.740902650277e-01,-1.123920897841e+00,-1.934080149260e-01,1.170196791295e+00,-1.026753589094e+00,4.945046658532e+00,-1.029232052896e+00,4.948135683895e+00
8.555496840536e-01,1.735171388816e-01,-1.122676403440e+00,-1.928112024749e-01,1.169248461908e+00,-1.024230003603e+00,4.947156643386e+00,-1.026706897722e+00,4.950220615198e+00
8.560599011235e-01,1.729446527499e-01,-1.121412105170e+00,-1.922148790415e-01,1.168279890982e+00,-1.021705351594e+00,4.949227298524e+00,-1.024180688705e+00,4.952266647076e+00
8.565701181934e-01,1.723728167330e-01,-1.120128018455e+00,-1.916190549525e-01,1.167291081435e+00,-1.019179653148e+00,4.951258574826e+00,-1.021653445702e+00,4.954273734433e+00
8.570803352632e-01,1.718016409231e-01,-1.118824159715e+00,-1.910237405330e-01,1.166282037188e+00,-1.016652928368e+00,4.953250423513e+00,-1.019125188595e+00,4.956241832476e+00
8.575905523331e-01,1.712311354037e-01,-1.117500546366e+00,-1.904289461060e-01,1.165252763170e+00,-1.014125197384e+00,4.955202796154e+00,-1.016595937289e+00,4.958170896719e+00
8.581007694029e-01,1.706613102493e-01,-1.116157196819e+00,-1.898346819914e-01,1.164203265313e+00,-1.011596480349e+00,4.957115644673e+00,-1.014065711711e+00,4.960060882986e+00
8.586109864728e-01,1.700921755247e-01,-1.114794130478e+00,-1.892409585060e-01,1.163133550558e+00,-1.009066797441e+00,4.958988921345e+00,-1.011534531809e+00,4.961911747415e+00
8.591212035426e-01,1.695237412845e-01,-1.113411367745e+00,-1.886477859628e-01,1.162043626851e+00,-1.006536168862e+00,4.960822578808e+00,-1.009002417557e+00,4.963723446457e+00
8.596314206125e-01,1.689560175727e-01,-1.112008930016e+00,-1.880551746705e-01,1.160933503150e+00,-1.004004614839e+00,4.962616570060e+00,-1.006469388947e+00,4.965495936885e+00
8.601416376824e-01,1.683890144222e-01,-1.110586839681e+00,-1.874631349329e-01,1.159803189418e+00,-1.001472155623e+00,4.964370848468e+00,-1.003935465995e+00,4.967229175794e+00
8.606518547522e-01,1.678227418540e-01,-1.109145120125e+00,-1.868716770485e-01,1.158652696629e+00,-9.989388114863e-01,4.966085367767e+00,-1.001400668740e+00,4.968923120605e+00
8.611620718221e-01,1.672572098771e-01,-1.107683795726e+00,-1.862808113100e-01,1.157482036765e+00,-9.964046027274e-01,4.967760082067e+00,-9.988650172405e-01,4.970577729067e+00
8.616722888919e-01,1.666924284877e-01,-1.106202891858e+00,-1.856905480036e-01,1.156291222820e+00,-9.938695496669e-01,4.969394945858e+00,-9.963285315771e-01,4.972192959261e+00
8.621825059618e-01,1.661284076689e-01,-1.104702434884e+00,-1.851008974087e-01,1.155080268797e+00,-9.913336726486e-01,4.970989914008e+00,-9.937912318520e-01,4.973768769605e+00
8.626927230317e-01,1.655651573901e-01,-1.103182452161e+00,-1.845118697972e-01,1.153849189706e+00,-9.887969920396e-01,4.972544941772e+00,-9.912531381884e-01,4.975305118855e+00
8.632029401015e-01,1.650026876063e-01,-1.101642972037e+00,-1.839234754334e-01,1.152598001572e+00,-9.862595282292e-01,4.974059984797e+00,-9.887142707305e-01,4.976801966108e+00
8.637131571714e-01,1.644410082581e-01,-1.100084023849e+00,-1.833357245727e-01,1.151326721425e+00,-9.837213016297e-01,4.975534999118e+00,-9.861746496432e-01,4.978259270809e+00
8.642233742412e-01,1.638801292706e-01,-1.098505637925e+00,-1.827486274619e-01,1.150035367307e+00,-9.811823326755e-01,4.976969941171e+00,-9.836342951121e-01,4.979676992748e+00
8.647335913111e-01,1.633200605532e-01,-1.096907845580e+00,-1.821621943382e-01,1.148723958268e+00,-9.786426418232e-01,4.978364767790e+00,-9.810932273431e-01,4.981055092071e+00
8.652438083810e-01,1.627608119993e-01,-1.095290679114e+00,-1.815764354288e-01,1.147392514369e+00,-9.761022495512e-01,4.979719436217e+00,-9.785514665624e-01,4.982393529277e+00
8.657540254508e-01,1.622023934854e-01,-1.093654171816e+00,-1.809913609506e-01,1.146041056676e+00,-9.735611763597e-01,4.981033904098e+00,-9.760090330164e-01,4.983692265224e+00
8.662642425207e-01,1.616448148706e-01,-1.091998357956e+00,-1.804069811092e-01,1.144669607265e+00,-9.710194427705e-01,4.982308129495e+00,-9.734659469712e-01,4.984951261134e+00
8.667744595905e-01,1.610880859967e-01,-1.090323272788e+00,-1.798233060988e-01,1.143278189217e+00,-9.684770693266e-01,4.983542070885e+00,-9.709222287125e-01,4.986170478591e+00
8.672846766604e-01,1.605322166868e-01,-1.088628952547e+00,-1.792403461017e-01,1.141866826620e+00,-9.659340765920e-01,4.984735687165e+00,-9.683778985459e-01,4.987349879552e+00
8.677948937303e-01,1.599772167455e-01,-1.086915434447e+00,-1.786581112875e-01,1.140435544568e+00,-9.633904851516e-01,4.985888937655e+00,-9.658329767959e-01,4.988489426344e+00
8.683051108001e-01,1.594230959583e-01,-1.085182756678e+00,-1.780766118128e-01,1.138984369158e+00,-9.608463156111e-01,4.987001782105e+00,-9.632874838063e-01,4.989589081671e+00
8.688153278700e-01,1.588698640906e-01,-1.083430958408e+00,-1.774958578207e-01,1.137513327491e+00,-9.583015885964e-01,4.988074180694e+00,-9.607414399398e-01,4.990648808615e+00
8.693255449398e-01,1.583175308879e-01,-1.081660079777e+00,-1.769158594400e-01,1.136022447668e+00,-9.557563247538e-01,4.989106094039e+00,-9.581948655780e-01,4.991668570644e+00
8.698357620097e-01,1.577661060747e-01,-1.079870161897e+00,-1.763366267851e-01,1.134511758793e+00,-9.532105447494e-01,4.990097483195e+00,-9.556477811208e-01,4.992648331608e+00
8.703459790796e-01,1.572155993545e-01,-1.078061246850e+00,-1.757581699552e-01,1.132981290968e+00,-9.506642692693e-01,4.991048309662e+00,-9.531002069865e-01,4.993588055749e+00
8.708561961494e-01,1.566660204091e-01,-1.076233377683e+00,-1.751804990339e-01,1.131431075293e+00,-9.481175190188e-01,4.991958535385e+00,-9.505521636118e-01,4.994487707704e+00
8.713664132193e-01,1.561173788978e-01,-1.074386598409e+00,-1.746036240889e-01,1.129861143863e+00,-9.455703147229e-01,4.992828122762e+00,-9.480036714509e-01,4.995347252503e+00
8.718766302891e-01,1.555696844574e-01,-1.072520954005e+00,-1.740275551708e-01,1.128271529770e+00,-9.430226771253e-01,4.993657034646e+00,-9.454547509760e-01,4.996166655579e+00
8.723868473590e-01,1.550229467017e-01,-1.070636490404e+00,-1.734523023135e-01,1.126662267097e+00,-9.404746269887e-01,4.994445234348e+00,-9.429054226770e-01,4.996945882769e+00
8.728970644289e-01,1.544771752204e-01,-1.068733254499e+00,-1.728778755331e-01,1.125033390918e+00,-9.379261850945e-01,4.995192685644e+00,-9.403557070608e-01,4.997684900314e+00
8.734072814987e-01,1.539323795793e-01,-1.066811294136e+00,-1.723042848275e-01,1.123384937296e+00,-9.353773722422e-01,4.995899352773e+00,-9.378056246515e-01,4.998383674871e+00
8.739174985686e-01,1.533885693195e-01,-1.064870658113e+00,-1.717315401760e-01,1.121716943281e+00,-9.328282092497e-01,4.996565200449e+00,-9.352551959902e-01,4.999042173506e+00
8.744277156384e-01,1.528457539570e-01,-1.062911396176e+00,-1.711596515387e-01,1.120029446908e+00,-9.302787169526e-01,4.997190193858e+00,-9.327044416348e-01,4.999660363708e+00
8.749379327083e-01,1.523039429821e-01,-1.060933559018e+00,-1.705886288561e-01,1.118322487194e+00,-9.277289162042e-01,4.997774298666e+00,-9.301533821593e-01,5.000238213384e+00
8.754481497782e-01,1.517631458589e-01,-1.058937198272e+00,-1.700184820486e-01,1.116596104137e+00,-9.251788278753e-01,4.998317481019e+00,-9.276020381544e-01,5.000775690867e+00
8.759583668480e-01,1.512233720252e-01,-1.056922366513e+00,-1.694492210158e-01,1.114850338713e+00,-9.226284728536e-01,4.998819707553e+00,-9.250504302265e-01,5.001272764918e+00
8.764685839179e-01,1.506846308916e-01,-1.054889117249e+00,-1.688808556362e-01,1.113085232870e+00,-9.200778720440e-01,4.999280945391e+00,-9.224985789981e-01,5.001729404733e+00
8.769788009877e-01,1.501469318410e-01,-1.052837504924e+00,-1.683133957667e-01,1.111300829534e+00,-9.175270463677e-01,4.999701162152e+00,-9.199465051072e-01,5.002145579940e+00
8.774890180576e-01,1.496102842284e-01,-1.050767584909e+00,-1.677468512420e-01,1.109497172595e+00,-9.149760167627e-01,5.000080325951e+00,-9.173942292070e-01,5.002521260608e+00
8.779992351275e-01,1.490746973805e-01,-1.048679413500e+00,-1.671812318742e-01,1.107674306915e+00,-9.124248041828e-01,5.000418405408e+00,-9.148417719662e-01,5.002856417250e+00
8.785094521973e-01,1.485401805948e-01,-1.046573047916e+00,-1.666165474521e-01,1.105832278318e+00,-9.098734295978e-01,5.000715369644e+00,-9.122891540682e-01,5.003151020824e+00
8.790196692672e-01,1.480067431393e-01,-1.044448546294e+00,-1.660528077413e-01,1.103971133590e+00,-9.073219139931e-01,5.000971188294e+00,-9.097363962111e-01,5.003405042737e+00
8.795298863370e-01,1.474743942525e-01,-1.042305967686e+00,-1.654900224827e-01,1.102090920473e+00,-9.047702783697e-01,5.001185831504e+00,-9.071835191076e-01,5.003618454851e+00
8.800401034069e-01,1.469431431422e-01,-1.040145372052e+00,-1.649282013930e-01,1.100191687667e+00,-9.022185437433e-01,5.001359269937e+00,-9.046305434846e-01,5.003791229486e+00
8.805503204768e-01,1.464129989854e-01,-1.037966820260e+00,-1.643673541638e-01,1.098273484822e+00,-8.996667311447e-01,5.001491474779e+00,-9.020774900830e-01,5.003923339421e+00
8.810605375466e-01,1.458839709279e-01,-1.035770374082e+00,-1.638074904609e-01,1.096336362536e+00,-8.971148616192e-01,5.001582417738e+00,-8.995243796573e-01,5.004014757900e+00
8.815707546165e-01,1.453560680838e-01,-1.033556096184e+00,-1.632486199242e-01,1.094380372353e+00,-8.945629562263e-01,5.001632071052e+00,-8.969712329758e-01,5.004065458634e+00
8.820809716863e-01,1.448292995349e-01,-1.031324050129e+00,-1.626907521670e-01,1.092405566758e+00,-8.920110360398e-01,5.001640407493e+00,-8.944180708199e-01,5.004075415807e+00
8.825911887562e-01,1.443036743303e-01,-1.029074300368e+00,-1.621338967758e-01,1.090411999174e+00,-8.894591221470e-01,5.001607400366e+00,-8.918649139843e-01,5.004044604077e+00
8.831014058261e-01,1.437792014861e-01,-1.026806912238e+00,-1.615780633092e-01,1.088399723956e+00,-8.869072356488e-01,5.001533023517e+00,-8.893117832761e-01,5.003972998579e+00
8.836116228959e-01,1.432558899849e-01,-1.024521951955e+00,-1.610232612982e-01,1.086368796393e+00,-8.843553976592e-01,5.001417251338e+00,-8.867586995153e-01,5.003860574932e+00
8.841218399658e-01,1.427337487752e-01,-1.022219486612e+00,-1.604695002451e-01,1.084319272696e+00,-8.818036293052e-01,5.001260058764e+00,-8.842056835342e-01,5.003707309241e+00
8.846320570356e-01,1.422127867709e-01,-1.019899584172e+00,-1.599167896234e-01,1.082251210001e+00,-8.792519517266e-01,5.001061421286e+00,-8.816527561769e-01,5.003513178098e+00
8.851422741055e-01,1.416930128512e-01,-1.017562313465e+00,-1.593651388773e-01,1.080164666362e+00,-8.767003860752e-01,5.000821314945e+00,-8.790999382997e-01,5.003278158588e+00
8.856524911754e-01,1.411744358599e-01,-1.015207744182e+00,-1.588145574209e-01,1.078059700747e+00,-8.741489535152e-01,5.000539716344e+00,-8.765472507701e-01,5.003002228293e+00
8.861627082452e-01,1.406570646051e-01,-1.012835946871e+00,-1.582650546383e-01,1.075936373032e+00,-8.715976752225e-01,5.000216602646e+00,-8.739947144671e-01,5.002685365295e+00
8.866729253151e-01,1.401409078586e-01,-1.010446992930e+00,-1.577166398826e-01,1.073794744000e+00,-8.690465723844e-01,4.999851951580e+00,-8.714423502808e-01,5.002327548177e+00
8.871831423849e-01,1.396259743555e-01,-1.008040954605e+00,-1.571693224756e-01,1.071634875336e+00,-8.664956661996e-01,4.999445741447e+00,-8.688901791120e-01,5.001928756031e+00
8.876933594548e-01,1.391122727940e-01,-1.005617904981e+00,-1.566231117076e-01,1.069456829620e+00,-8.639449778776e-01,4.998997951116e+00,-8.663382218720e-01,5.001488968457e+00
8.882035765246e-01,1.385998118347e-01,-1.003177917981e+00,-1.560780168366e-01,1.067260670324e+00,-8.613945286386e-01,4.998508560037e+00,-8.637864994825e-01,5.001008165570e+00
8.887137935945e-01,1.380886001001e-01,-1.000721068356e+00,-1.555340470881e-01,1.065046461807e+00,-8.588443397131e-01,4.997977548239e+00,-8.612350328751e-01,5.000486328000e+00
8.892240106644e-01,1.375786461747e-01,-9.982474316828e-01,-1.549912116545e-01,1.062814269311e+00,-8.562944323416e-01,4.997404896332e+00,-8.586838429913e-01,4.999923436900e+00
8.897342277342e-01,1.370699586040e-01,-9.957570843583e-01,-1.544495196945e-01,1.060564158956e+00,-8.537448277744e-01,4.996790585517e+00,-8.561329507819e-01,4.999319473945e+00
8.902444448041e-01,1.365625458943e-01,-9.932501035921e-01,-1.539089803332e-01,1.058296197734e+00,-8.511955472713e-01,4.996134597582e+00,-8.535823772071e-01,4.998674421338e+00
8.907546618739e-01,1.360564165124e-01,-9.907265674019e-01,-1.533696026610e-01,1.056010453504e+00,-8.486466121011e-01,4.995436914912e+00,-8.510321432358e-01,4.997988261811e+00
8.912648789438e-01,1.355515788851e-01,-9.881865546077e-01,-1.528313957336e-01,1.053706994989e+00,-8.460980435415e-01,4.994697520488e+00,-8.484822698458e-01,4.997260978633e+00
8.917750960137e-01,1.350480413987e-01,-9.856301448257e-01,-1.522943685714e-01,1.051385891768e+00,-8.435498628788e-01,4.993916397893e+00,-8.459327780232e-01,4.996492555606e+00
8.922853130835e-01,1.345458123987e-01,-9.830574184626e-01,-1.517585301590e-01,1.049047214272e+00,-8.410020914075e-01,4.993093531313e+00,-8.433836887623e-01,4.995682977077e+00
8.927955301534e-01,1.340449001894e-01,-9.804684567096e-01,-1.512238894449e-01,1.046691033781e+00,-8.384547504298e-01,4.992228905541e+00,-8.408350230652e-01,4.994832227935e+00
8.933057472232e-01,1.335453130334e-01,-9.778633415360e-01,-1.506904553411e-01,1.044317422412e+00,-8.359078612558e-01,4.991322505984e+00,-8.382868019415e-01,4.993940293616e+00
8.938159642931e-01,1.330470591515e-01,-9.752421556832e-01,-1.501582367225e-01,1.041926453122e+00,-8.333614452027e-01,4.990374318661e+00,-8.357390464081e-01,4.993007160108e+00
8.943261813630e-01,1.325501467217e-01,-9.726049826587e-01,-1.496272424266e-01,1.039518199696e+00,-8.308155235949e-01,4.989384330209e+00,-8.331917774891e-01,4.992032813950e+00
8.948363984328e-01,1.320545838797e-01,-9.699519067295e-01,-1.490974812530e-01,1.037092736743e+00,-8.282701177631e-01,4.988352527885e+00,-8.306450162152e-01,4.991017242241e+00
8.953466155027e-01,1.315603787175e-01,-9.672830129156e-01,-1.485689619631e-01,1.034650139692e+00,-8.257252490446e-01,4.987278899572e+00,-8.280987836233e-01,4.989960432640e+00
8.958568325725e-01,1.310675392839e-01,-9.645983869842e-01,-1.480416932794e-01,1.032190484784e+00,-8.231809387828e-01,4.986163433779e+00,-8.255531007570e-01,4.988862373368e+00
8.963670496424e-01,1.305760735836e-01,-9.618981154423e-01,-1.475156838856e-01,1.029713849069e+00,-8.206372083265e-01,4.985006119646e+00,-8.230079886652e-01,4.987723053214e+00
8.968772667123e-01,1.300859895770e-01,-9.591822855307e-01,-1.469909424258e-01,1.027220310394e+00,-8.180940790301e-01,4.983806946944e+00,-8.204634684027e-01,4.986542461536e+00
8.973874837821e-01,1.295972951799e-01,-9.564509852172e-01,-1.464674775039e-01,1.024709947405e+00,-8.155515722530e-01,4.982565906084e+00,-8.179195610296e-01,4.985320588266e+00
8.978977008520e-01,1.291099982628e-01,-9.537043031898e-01,-1.459452976839e-01,1.022182839534e+00,-8.130097093593e-01,4.981282988114e+00,-8.153762876107e-01,4.984057423911e+00
8.984079179218e-01,1.286241066509e-01,-9.509423288501e-01,-1.454244114887e-01,1.019639066998e+00,-8.104685117176e-01,4.979958184726e+00,-8.128336692159e-01,4.982752959558e+00
8.989181349917e-01,1.281396281237e-01,-9.481651523059e-01,-1.449048274004e-01,1.017078710788e+00,-8.079280007005e-01,4.978591488258e+00,-8.102917269191e-01,4.981407186876e+00
8.994283520616e-01,1.276565704144e-01,-9.453728643650e-01,-1.443865538592e-01,1.014501852667e+00,-8.053881976843e-01,4.977182891695e+00,-8.077504817986e-01,4.980020098120e+00
8.999385691314e-01,1.271749412099e-01,-9.425655565276e-01,-1.438695992638e-01,1.011908575161e+00,-8.028491240489e-01,4.975732388673e+00,-8.052099549364e-01,4.978591686132e+00
9.004487862013e-01,1.266947481498e-01,-9.397433209797e-01,-1.433539719703e-01,1.009298961552e+00,-8.003108011770e-01,4.974239973485e+00,-8.026701674180e-01,4.977121944346e+00
9.009590032711e-01,1.262159988271e-01,-9.369062505855e-01,-1.428396802923e-01,1.006673095874e+00,-7.977732504542e-01,4.972705641079e+00,-8.001311403320e-01,4.975610866790e+00
9.014692203410e-01,1.257387007867e-01,-9.340544388806e-01,-1.423267325002e-01,1.004031062904e+00,-7.952364932686e-01,4.971129387063e+00,-7.975928947700e-01,4.974058448090e+00
9.019794374109e-01,1.252628615259e-01,-9.311879800647e-01,-1.418151368210e-01,1.001372948156e+00,-7.927005510102e-01,4.969511207708e+00,-7.950554518263e-01,4.972464683471e+00
9.024896544807e-01,1.247884884937e-01,-9.283069689940e-01,-1.413049014379e-01,9.986988378761e-01,-7.901654450708e-01,4.967851099951e+00,-7.925188325972e-01,4.970829568762e+00
9.029998715506e-01,1.243155890906e-01,-9.254115011741e-01,-1.407960344899e-01,9.960088190324e-01,-7.876311968437e-01,4.966149061395e+00,-7.899830581813e-01,4.969153100396e+00
9.035100886204e-01,1.238441706681e-01,-9.225016727525e-01,-1.402885440715e-01,9.933029793102e-01,-7.850978277230e-01,4.964405090316e+00,-7.874481496785e-01,4.967435275417e+00
9.040203056903e-01,1.233742405286e-01,-9.195775805112e-01,-1.397824382322e-01,9.905814071047e-01,-7.825653591037e-01,4.962619185663e+00,-7.849141281904e-01,4.965676091478e+00
9.045305227602e-01,1.229058059248e-01,-9.166393218588e-01,-1.392777249763e-01,9.878441915139e-01,-7.800338123812e-01,4.960791347059e+00,-7.823810148194e-01,4.963875546848e+00
9.050407398300e-01,1.224388740597e-01,-9.136869948234e-01,-1.387744122624e-01,9.850914223312e-01,-7.775032089508e-01,4.958921574806e+00,-7.798488306688e-01,4.962033640411e+00
9.055509568999e-01,1.219734520861e-01,-9.107206980445e-01,-1.382725080030e-01,9.823231900387e-01,-7.749735702075e-01,4.957009869888e+00,-7.773175968422e-01,4.960150371671e+00
9.060611739697e-01,1.215095471062e-01,-9.077405307657e-01,-1.377720200645e-01,9.795395857998e-01,-7.724449175456e-01,4.955056233971e+00,-7.747873344433e-01,4.958225740755e+00
9.065713910396e-01,1.210471661715e-01,-9.047465928264e-01,-1.372729562665e-01,9.767407014518e-01,-7.699172723585e-01,4.953060669406e+00,-7.722580645756e-01,4.956259748414e+00
9.070816081095e-01,1.205863162825e-01,-9.017389846547e-01,-1.367753243816e-01,9.739266294989e-01,-7.673906560380e-01,4.951023179234e+00,-7.697298083420e-01,4.954252396026e+00
9.075918251793e-01,1.201270043881e-01,-8.987178072587e-01,-1.362791321349e-01,9.710974631046e-01,-7.648650899745e-01,4.948943767183e+00,-7.672025868447e-01,4.952203685599e+00
9.081020422492e-01,1.196692373857e-01,-8.956831622192e-01,-1.357843872040e-01,9.682532960840e-01,-7.623405955559e-01,4.946822437676e+00,-7.646764211845e-01,4.950113619772e+00
9.086122593190e-01,1.192130221206e-01,-8.926351516816e-01,-1.352910972184e-01,9.653942228968e-01,-7.598171941681e-01,4.944659195830e+00,-7.621513324608e-01,4.947982201822e+00
9.091224763889e-01,1.187583653860e-01,-8.895738783476e-01,-1.347992697591e-01,9.625203386396e-01,-7.572949071940e-01,4.942454047457e+00,-7.596273417713e-01,4.945809435659e+00
9.096326934588e-01,1.183052739225e-01,-8.864994454675e-01,-1.343089123587e-01,9.596317390378e-01,-7.547737560132e-01,4.940206999070e+00,-7.571044702113e-01,4.943595325835e+00
9.101429105286e-01,1.178537544177e-01,-8.834119568319e-01,-1.338200325005e-01,9.567285204387e-01,-7.522537620020e-01,4.937918057882e+00,-7.545827388736e-01,4.941339877544e+00
9.106531275985e-01,1.174038135063e-01,-8.803115167634e-01,-1.333326376187e-01,9.538107798032e-01,-7.497349465330e-01,4.935587231808e+00,-7.520621688486e-01,4.939043096622e+00
9.111633446683e-01,1.169554577697e-01,-8.771982301087e-01,-1.328467350978e-01,9.508786146984e-01,-7.472173309741e-01,4.933214529469e+00,-7.495427812230e-01,4.936704989552e+00
9.116735617382e-01,1.165086937354e-01,-8.740722022303e-01,-1.323623322723e-01,9.479321232893e-01,-7.447009366891e-01,4.930799960191e+00,-7.470245970803e-01,4.934325563469e+00
9.121837788081e-01,1.160635278773e-01,-8.709335389979e-01,-1.318794364266e-01,9.449714043314e-01,-7.421857850367e-01,4.928343534010e+00,-7.445076375004e-01,4.931904826153e+00
9.126939958779e-01,1.156199666150e-01,-8.677823467803e-01,-1.313980547945e-01,9.419965571627e-01,-7.396718973701e-01,4.925845261671e+00,-7.419919235586e-01,4.929442786041e+00
9.132042129478e-01,1.151780163138e-01,-8.646187324373e-01,-1.309181945589e-01,9.390076816954e-01,-7.371592950371e-01,4.923305154634e+00,-7.394774763261e-01,4.926939452223e+00
9.137144300176e-01,1.147376832842e-01,-8.614428033105e-01,-1.304398628517e-01,9.360048784083e-01,-7.346479993793e-01,4.920723225067e+00,-7.369643168691e-01,4.924394834447e+00
9.142246470875e-01,1.142989737820e-01,-8.582546672159e-01,-1.299630667534e-01,9.329882483385e-01,-7.321380317321e-01,4.918099485859e+00,-7.344524662488e-01,4.921808943120e+00
9.147348641574e-01,1.138618940077e-01,-8.550544324344e-01,-1.294878132926e-01,9.299578930731e-01,-7.296294134240e-01,4.915433950613e+00,-7.319419455208e-01,4.919181789309e+00
9.152450812272e-01,1.134264501065e-01,-8.518422077041e-01,-1.290141094461e-01,9.269139147416e-01,-7.271221657762e-01,4.912726633651e+00,-7.294327757349e-01,4.916513384744e+00
9.157552982971e-01,1.129926481682e-01,-8.486181022110e-01,-1.285419621385e-01,9.238564160071e-01,-7.246163101029e-01,4.909977550015e+00,-7.269249779348e-01,4.913803741820e+00
9.162655153669e-01,1.125604942264e-01,-8.453822255810e-01,-1.280713782419e-01,9.207855000586e-01,-7.221118677100e-01,4.907186715467e+00,-7.244185731578e-01,4.911052873599e+00
9.167757324368e-01,1.121299942589e-01,-8.421346878711e-01,-1.276023645753e-01,9.177012706022e-01,-7.196088598953e-01,4.904354146495e+00,-7.219135824341e-01,4.908260793810e+00
9.172859495066e-01,1.117011541873e-01,-8.388755995606e-01,-1.271349279051e-01,9.146038318530e-01,-7.171073079480e-01,4.901479860307e+00,-7.194100267869e-01,4.905427516854e+00
9.177961665765e-01,1.112739798765e-01,-8.356050715425e-01,-1.266690749441e-01,9.114932885271e-01,-7.146072331485e-01,4.898563874839e+00,-7.169079272319e-01,4.902553057801e+00
9.183063836464e-01,1.108484771349e-01,-8.323232151147e-01,-1.262048123516e-01,9.083697458325e-01,-7.121086567676e-01,4.895606208752e+00,-7.144073047768e-01,4.899637432397e+00
9.188166007162e-01,1.104246517140e-01,-8.290301419717e-01,-1.257421467332e-01,9.052333094612e-01,-7.096116000666e-01,4.892606881435e+00,-7.119081804213e-01,4.896680657060e+00
9.193268177861e-01,1.100025093081e-01,-8.257259641950e-01,-1.252810846404e-01,9.020840855805e-01,-7.071160842966e-01,4.889565913006e+00,-7.094105751564e-01,4.893682748887e+00
9.198370348559e-01,1.095820555543e-01,-8.224107942450e-01,-1.248216325704e-01,8.989221808246e-01,-7.046221306983e-01,4.886483324313e+00,-7.069145099642e-01,4.890643725652e+00
9.203472519258e-01,1.091632960322e-01,-8.190847449519e-01,-1.243637969658e-01,8.957477022860e-01,-7.021297605015e-01,4.883359136933e+00,-7.044200058176e-01,4.887563605808e+00
9.208574689957e-01,1.087462362638e-01,-8.157479295070e-01,-1.239075842147e-01,8.925607575068e-01,-6.996389949249e-01,4.880193373177e+00,-7.019270836800e-01,4.884442408488e+00
9.213676860655e-01,1.083308817131e-01,-8.124004614534e-01,-1.234530006498e-01,8.893614544705e-01,-6.971498551757e-01,4.876986056086e+00,-6.994357645047e-01,4.881280153509e+00
9.217755309746e-01,1.080000955273e-01,-8.097170566445e-01,-1.230908024137e-01,8.867952560339e-01,-6.951613301456e-01,4.874392400778e+00,-6.974454807312e-01,4.878722873202e+00
9.221833758837e-01,1.076704051157e-01,-8.070269762466e-01,-1.227296523735e-01,8.842212859020e-01,-6.931738683334e-01,4.871772221822e+00,-6.954562452764e-01,4.876139382179e+00
9.225912207928e-01,1.073418131891e-01,-8.043302786600e-01,-1.223695536873e-01,8.816395997502e-01,-6.911874805541e-01,4.869125531936e+00,-6.934680688279e-01,4.873529691448e+00
9.229990657018e-01,1.070143224344e-01,-8.016270225066e-01,-1.220105094908e-01,8.790502535260e-01,-6.892021776172e-01,4.866452344240e+00,-6.914809620690e-01,4.870893812387e+00
9.234069106109e-01,1.066879355144e-01,-7.989172664981e-01,-1.216525228965e-01,8.764533032972e-01,-6.872179703271e-01,4.863752672110e+00,-6.894949356779e-01,4.868231756619e+00
9.238147555200e-01,1.063626550681e-01,-7.962010694744e-01,-1.212955969943e-01,8.738488052979e-01,-6.852348694826e-01,4.861026529228e+00,-6.875100003283e-01,4.865543536050e+00
9.242226004291e-01,1.060384837103e-01,-7.934784903975e-01,-1.209397348511e-01,8.712368159207e-01,-6.832528858766e-01,4.858273929576e+00,-6.855261666889e-01,4.862829162868e+00
9.246304453381e-01,1.057154240319e-01,-7.907495883483e-01,-1.205849395105e-01,8.686173917145e-01,-6.812720302966e-01,4.855494887438e+00,-6.835434454233e-01,4.860088649541e+00
9.250382902472e-01,1.053934785997e-01,-7.880144225235e-01,-1.202312139933e-01,8.659905893808e-01,-6.792923135241e-01,4.852689417396e+00,-6.815618471901e-01,4.857322008821e+00
9.254461351563e-01,1.050726499561e-01,-7.852730522332e-01,-1.198785612971e-01,8.633564657717e-01,-6.773137463344e-01,4.849857534337e+00,-6.795813826425e-01,4.854529253742e+00
9.258539800654e-01,1.047529406196e-01,-7.825255368971e-01,-1.195269843961e-01,8.607150778862e-01,-6.753363394969e-01,4.846999253446e+00,-6.776020624285e-01,4.851710397618e+00
9.262618249744e-01,1.044343530842e-01,-7.797719360424e-01,-1.191764862414e-01,8.580664828679e-01,-6.733601037747e-01,4.844114590210e+00,-6.756238971904e-01,4.848865454048e+00
9.266696698835e-01,1.041168898197e-01,-7.770123093003e-01,-1.188270697608e-01,8.554107380019e-01,-6.713850499245e-01,4.841203560418e+00,-6.736468975650e-01,4.845994436915e+00
9.270775147926e-01,1.038005532716e-01,-7.742467164034e-01,-1.184787378584e-01,8.527479007117e-01,-6.694111886963e-01,4.838266180160e+00,-6.716710741834e-01,4.843097360382e+00
9.274853597017e-01,1.034853458608e-01,-7.714752171823e-01,-1.181314934153e-01,8.500780285566e-01,-6.674385308339e-01,4.835302465827e+00,-6.696964376709e-01,4.840174238897e+00
9.278932046107e-01,1.031712699842e-01,-7.686978715631e-01,-1.177853392887e-01,8.474011792286e-01,-6.654670870740e-01,4.832312434112e+00,-6.677229986468e-01,4.837225087193e+00
9.283010495198e-01,1.028583280137e-01,-7.659147395641e-01,-1.174402783125e-01,8.447174105497e-01,-6.634968681465e-01,4.829296102009e+00,-6.657507677243e-01,4.834249920285e+00
9.287088944289e-01,1.025465222972e-01,-7.631258812931e-01,-1.170963132969e-01,8.420267804685e-01,-6.615278847744e-01,4.826253486813e+00,-6.637797555104e-01,4.831248753472e+00
9.291167393380e-01,1.022358551578e-01,-7.603313569442e-01,-1.167534470284e-01,8.393293470580e-01,-6.595601476736e-01,4.823184606121e+00,-6.618099726059e-01,4.828221602337e+00
9.295245842470e-01,1.019263288941e-01,-7.575312267948e-01,-1.164116822699e-01,8.366251685118e-01,-6.575936675526e-01,4.820089477832e+00,-6.598414296052e-01,4.825168482750e+00
9.299324291561e-01,1.016179457801e-01,-7.547255512031e-01,-1.160710217604e-01,8.339143031422e-01,-6.556284551127e-01,4.816968120144e+00,-6.578741370959e-01,4.822089410861e+00
9.303402740652e-01,1.013107080650e-01,-7.519143906045e-01,-1.157314682153e-01,8.311968093762e-01,-6.536645210477e-01,4.813820551558e+00,-6.559081056594e-01,4.818984403109e+00
9.307481189743e-01,1.010046179737e-01,-7.490978055090e-01,-1.153930243259e-01,8.284727457533e-01,-6.517018760436e-01,4.810646790876e+00,-6.539433458700e-01,4.815853476214e+00
9.311559638834e-01,1.006996777061e-01,-7.462758564982e-01,-1.150556927597e-01,8.257421709224e-01,-6.497405307789e-01,4.807446857200e+00,-6.519798682952e-01,4.812696647182e+00
9.315638087924e-01,1.003958894375e-01,-7.434486042223e-01,-1.147194761604e-01,8.230051436385e-01,-6.477804959242e-01,4.804220769934e+00,-6.500176834955e-01,4.809513933306e+00
9.319716537015e-01,1.000932553184e-01,-7.406161093969e-01,-1.143843771476e-01,8.202617227604e-01,-6.458217821420e-01,4.800968548782e+00,-6.480568020244e-01,4.806305352160e+00
9.323794986106e-01,9.979177747455e-02,-7.377784328006e-01,-1.140503983167e-01,8.175119672472e-01,-6.438644000868e-01,4.797690213749e+00,-6.460972344281e-01,4.803070921606e+00
9.327873435197e-01,9.949145800696e-02,-7.349356352712e-01,-1.137175422394e-01,8.147559361555e-01,-6.419083604050e-01,4.794385785140e+00,-6.441389912454e-01,4.799810659789e+00
9.331951884287e-01,9.919229899172e-02,-7.320877777037e-01,-1.133858114630e-01,8.119936886367e-01,-6.399536737345e-01,4.791055283560e+00,-6.421820830077e-01,4.796524585140e+00
9.336030333378e-01,9.889430248012e-02,-7.292349210464e-01,-1.130552085108e-01,8.092252839335e-01,-6.380003507046e-01,4.787698729914e+00,-6.402265202388e-01,4.793212716375e+00
9.340108782469e-01,9.859747049857e-02,-7.263771262987e-01,-1.127257358818e-01,8.064507813777e-01,-6.360484019364e-01,4.784316145407e+00,-6.382723134548e-01,4.789875072493e+00
9.344187231560e-01,9.830180504860e-02,-7.235144545075e-01,-1.123973960509e-01,8.036702403866e-01,-6.340978380419e-01,4.780907551545e+00,-6.363194731641e-01,4.786511672782e+00
9.348265680650e-01,9.800730810682e-02,-7.206469667648e-01,-1.120701914688e-01,8.008837204603e-01,-6.321486696245e-01,4.777472970130e+00,-6.343680098670e-01,4.783122536810e+00
9.352344129741e-01,9.771398162494e-02,-7.177747242043e-01,-1.117441245617e-01,7.980912811789e-01,-6.302009072786e-01,4.774012423267e+00,-6.324179340560e-01,4.779707684432e+00
9.356422578832e-01,9.742182752970e-02,-7.148977879987e-01,-1.114191977317e-01,7.952929821993e-01,-6.282545615895e-01,4.770525933355e+00,-6.304692562152e-01,4.776267135790e+00
9.360501027923e-01,9.713084772291e-02,-7.120162193566e-01,-1.110954133564e-01,7.924888832521e-01,-6.263096431333e-01,4.767013523096e+00,-6.285219868204e-01,4.772800911306e+00
9.364579477013e-01,9.684104408138e-02,-7.091300795198e-01,-1.107727737892e-01,7.896790441393e-01,-6.243661624767e-01,4.763475215488e+00,-6.265761363394e-01,4.769309031690e+00
9.368657926104e-01,9.655241845697e-02,-7.062394297599e-01,-1.104512813589e-01,7.868635247307e-01,-6.224241301773e-01,4.759911033826e+00,-6.246317152310e-01,4.765791517935e+00
9.372736375195e-01,9.626497267652e-02,-7.033443313757e-01,-1.101309383699e-01,7.840423849611e-01,-6.204835567826e-01,4.756321001704e+00,-6.226887339458e-01,4.762248391319e+00
9.376814824286e-01,9.597870854188e-02,-7.004448456903e-01,-1.098117471023e-01,7.812156848276e-01,-6.185444528309e-01,4.752705143012e+00,-6.207472029254e-01,4.758679673402e+00
9.380893273377e-01,9.569362782988e-02,-6.975410340478e-01,-1.094937098117e-01,7.783834843864e-01,-6.166068288505e-01,4.749063481937e+00,-6.188071326026e-01,4.755085386031e+00
9.384971722467e-01,9.540973229231e-02,-6.946329578107e-01,-1.091768287289e-01,7.755458437498e-01,-6.146706953597e-01,4.745396042963e+00,-6.168685334012e-01,4.751465551335e+00
9.389050171558e-01,9.512702365597e-02,-6.917206783570e-01,-1.088611060605e-01,7.727028230837e-01,-6.127360628668e-01,4.741702850868e+00,-6.149314157361e-01,4.747820191726e+00
9.393128620649e-01,9.484550362258e-02,-6.888042570770e-01,-1.085465439885e-01,7.698544826041e-01,-6.108029418700e-01,4.737983930727e+00,-6.129957900129e-01,4.744149329900e+00
9.397207069740e-01,9.456517386886e-02,-6.858837553704e-01,-1.082331446701e-01,7.670008825745e-01,-6.088713428573e-01,4.734239307910e+00,-6.110616666277e-01,4.740452988837e+00
9.401285518830e-01,9.428603604646e-02,-6.829592346436e-01,-1.079209102383e-01,7.641420833027e-01,-6.069412763060e-01,4.730469008080e+00,-6.091290559675e-01,4.736731191799e+00
9.405363967921e-01,9.400809178199e-02,-6.800307563068e-01,-1.076098428011e-01,7.612781451383e-01,-6.050127526831e-01,4.726673057197e+00,-6.071979684095e-01,4.732983962329e+00
9.409442417012e-01,9.373134267703e-02,-6.770983817707e-01,-1.072999444421e-01,7.584091284691e-01,-6.030857824450e-01,4.722851481511e+00,-6.052684143213e-01,4.729211324256e+00
9.413520866103e-01,9.345579030809e-02,-6.741621724440e-01,-1.069912172203e-01,7.555350937191e-01,-6.011603760371e-01,4.719004307567e+00,-6.033404040609e-01,4.725413301687e+00
9.417599315193e-01,9.318143622666e-02,-6.712221897305e-01,-1.066836631699e-01,7.526561013445e-01,-5.992365438941e-01,4.715131562203e+00,-6.014139479761e-01,4.721589919013e+00
9.421677764284e-01,9.290828195917e-02,-6.682784950259e-01,-1.063772843005e-01,7.497722118316e-01,-5.973142964396e-01,4.711233272546e+00,-5.994890564049e-01,4.717741200907e+00
9.425756213375e-01,9.263632900702e-02,-6.653311497151e-01,-1.060720825971e-01,7.468834856935e-01,-5.953936440862e-01,4.707309466019e+00,-5.975657396752e-01,4.713867172321e+00
9.429834662466e-01,9.236557884658e-02,-6.623802151694e-01,-1.057680600198e-01,7.439899834674e-01,-5.934745972351e-01,4.703360170332e+00,-5.956440081046e-01,4.709967858489e+00
9.433913111556e-01,9.209603292918e-02,-6.594257527433e-01,-1.054652185044e-01,7.410917657113e-01,-5.915571662762e-01,4.699385413487e+00,-5.937238720002e-01,4.706043284925e+00
9.437991560647e-01,9.182769268114e-02,-6.564678237723e-01,-1.051635599615e-01,7.381888930016e-01,-5.896413615880e-01,4.695385223775e+00,-5.918053416590e-01,4.702093477423e+00
9.442070009738e-01,9.156055950378e-02,-6.535064895692e-01,-1.048630862774e-01,7.352814259299e-01,-5.877271935374e-01,4.691359629776e+00,-5.898884273671e-01,4.698118462057e+00
9.446148458829e-01,9.129463477341e-02,-6.505418114218e-01,-1.045637993134e-01,7.323694251000e-01,-5.858146724794e-01,4.687308660359e+00,-5.879731394001e-01,4.694118265179e+00
9.450226907919e-01,9.102991984134e-02,-6.475738505900e-01,-1.042657009063e-01,7.294529511253e-01,-5.839038087573e-01,4.683232344680e+00,-5.860594880227e-01,4.690092913420e+00
9.454305357010e-01,9.076641603391e-02,-6.446026683028e-01,-1.039687928682e-01,7.265320646257e-01,-5.819946127024e-01,4.679130712182e+00,-5.841474834886e-01,4.686042433691e+00
9.458383806101e-01,9.050412465250e-02,-6.416283257555e-01,-1.036730769861e-01,7.236068262249e-01,-5.800870946341e-01,4.675003792596e+00,-5.822371360407e-01,4.681966853178e+00
9.462462255192e-01,9.024304697353e-02,-6.386508841069e-01,-1.033785550228e-01,7.206772965472e-01,-5.781812648595e-01,4.670851615936e+00,-5.803284559106e-01,4.677866199347e+00
9.466540704283e-01,8.998318424849e-02,-6.356704044767e-01,-1.030852287159e-01,7.177435362151e-01,-5.762771336732e-01,4.666674212503e+00,-5.784214533186e-01,4.673740499939e+00
9.470619153373e-01,8.972453770395e-02,-6.326869479424e-01,-1.027930997786e-01,7.148056058459e-01,-5.743747113578e-01,4.662471612881e+00,-5.765161384737e-01,4.669589782973e+00
9.474697602464e-01,8.946710854159e-02,-6.297005755365e-01,-1.025021698992e-01,7.118635660494e-01,-5.724740081829e-01,4.658243847939e+00,-5.746125215735e-01,4.665414076741e+00
9.478776051555e-01,8.921089793818e-02,-6.267113482439e-01,-1.022124407415e-01,7.089174774245e-01,-5.705750344060e-01,4.653990948827e+00,-5.727106128039e-01,4.661213409813e+00
9.482854500646e-01,8.895590704565e-02,-6.237193269990e-01,-1.019239139443e-01,7.059674005568e-01,-5.686778002712e-01,4.649712946977e+00,-5.708104223391e-01,4.656987811033e+00
9.486932949736e-01,8.870213699109e-02,-6.207245726832e-01,-1.016365911219e-01,7.030133960154e-01,-5.667823160103e-01,4.645409874104e+00,-5.689119603414e-01,4.652737309519e+00
9.491011398827e-01,8.844958887677e-02,-6.177271461215e-01,-1.013504738637e-01,7.000555243504e-01,-5.648885918418e-01,4.641081762202e+00,-5.670152369614e-01,4.648461934663e+00
9.495089847918e-01,8.819826378015e-02,-6.147271080804e-01,-1.010655637347e-01,6.970938460900e-01,-5.629966379711e-01,4.636728643545e+00,-5.651202623374e-01,4.644161716129e+00
9.499168297009e-01,8.794816275393e-02,-6.117245192649e-01,-1.007818622751e-01,6.941284217372e-01,-5.611064645905e-01,4.632350550684e+00,-5.632270465958e-01,4.639836683855e+00
9.503246746099e-01,8.769928682606e-02,-6.087194403159e-01,-1.004993710002e-01,6.911593117679e-01,-5.592180818789e-01,4.627947516450e+00,-5.613355998504e-01,4.635486868048e+00
9.507325195190e-01,8.745163699979e-02,-6.057119318070e-01,-1.002180914010e-01,6.881865766273e-01,-5.573315000018e-01,4.623519573951e+00,-5.594459322030e-01,4.631112299190e+00
9.511403644281e-01,8.720521425366e-02,-6.027020542425e-01,-9.993802494362e-02,6.852102767274e-01,-5.554467291110e-01,4.619066756569e+00,-5.575580537427e-01,4.626713008030e+00
9.515482093372e-01,8.696001954155e-02,-5.996898680541e-01,-9.965917306961e-02,6.822304724444e-01,-5.535637793447e-01,4.614589097964e+00,-5.556719745460e-01,4.622289025590e+00
9.519560542462e-01,8.671605379271e-02,-5.966754335987e-01,-9.938153719593e-02,6.792472241155e-01,-5.516826608276e-01,4.610086632067e+00,-5.537877046767e-01,4.617840383157e+00
9.523638991553e-01,8.647331791180e-02,-5.936588111553e-01,-9.910511871491e-02,6.762605920365e-01,-5.498033836700e-01,4.605559393086e+00,-5.519052541859e-01,4.613367112292e+00
9.527717440644e-01,8.623181277890e-02,-5.906400609225e-01,-9.882991899432e-02,6.732706364589e-01,-5.479259579685e-01,4.601007415498e+00,-5.500246331116e-01,4.608869244818e+00
9.531795889735e-01,8.599153924955e-02,-5.876192430159e-01,-9.855593937735e-02,6.702774175871e-01,-5.460503938056e-01,4.596430734054e+00,-5.481458514789e-01,4.604346812829e+00
9.535874338825e-01,8.575249815482e-02,-5.845964174653e-01,-9.828318118265e-02,6.672809955760e-01,-5.441767012494e-01,4.591829383774e+00,-5.462689192998e-01,4.599799848684e+00
9.539952787916e-01,8.551469030128e-02,-5.815716442125e-01,-9.801164570435e-02,6.642814305275e-01,-5.423048903539e-01,4.587203399950e+00,-5.443938465728e-01,4.595228385007e+00
9.544031237007e-01,8.527811647109e-02,-5.785449831079e-01,-9.774133421207e-02,6.612787824887e-01,-5.404349711583e-01,4.582552818138e+00,-5.425206432833e-01,4.590632454688e+00
9.548109686098e-01,8.504277742201e-02,-5.755164939087e-01,-9.747224795097e-02,6.582731114485e-01,-5.385669536877e-01,4.577877674166e+00,-5.406493194032e-01,4.586012090879e+00
9.552188135189e-01,8.480867388745e-02,-5.724862362756e-01,-9.720438814174e-02,6.552644773353e-01,-5.367008479522e-01,4.573178004127e+00,-5.387798848906e-01,4.581367326998e+00
9.556266584279e-01,8.457580657652e-02,-5.694542697708e-01,-9.693775598064e-02,6.522529400142e-01,-5.348366639472e-01,4.568453844378e+00,-5.369123496902e-01,4.576698196723e+00
9.560345033370e-01,8.434417617405e-02,-5.664206538551e-01,-9.667235263954e-02,6.492385592840e-01,-5.329744116532e-01,4.563705231543e+00,-5.350467237327e-01,4.572004733995e+00
9.564423482461e-01,8.411378334063e-02,-5.633854478854e-01,-9.640817926594e-02,6.462213948751e-01,-5.311141010358e-01,4.558932202508e+00,-5.331830169351e-01,4.567286973015e+00
9.568501931552e-01,8.388462871268e-02,-5.603487111122e-01,-9.614523698296e-02,6.432015064465e-01,-5.292557420454e-01,4.554134794420e+00,-5.313212392002e-01,4.562544948243e+00
9.572580380642e-01,8.365671290246e-02,-5.573105026769e-01,-9.588352688945e-02,6.401789535831e-01,-5.273993446173e-01,4.549313044690e+00,-5.294614004168e-01,4.557778694401e+00
9.576658829733e-01,8.343003649816e-02,-5.542708816095e-01,-9.562305005993e-02,6.371537957932e-01,-5.255449186714e-01,4.544466990987e+00,-5.276035104595e-01,4.552988246465e+00
9.580737278824e-01,8.320460006389e-02,-5.512299068260e-01,-9.536380754470e-02,6.341260925060e-01,-5.236924741122e-01,4.539596671241e+00,-5.257475791885e-01,4.548173639673e+00
9.584815727915e-01,8.298040413976e-02,-5.481876371259e-01,-9.510580036983e-02,6.310959030685e-01,-5.218420208287e-01,4.534702123637e+00,-5.238936164497e-01,4.543334909514e+00
9.588894177005e-01,8.275744924194e-02,-5.451441311897e-01,-9.484902953719e-02,6.280632867435e-01,-5.199935686943e-01,4.529783386619e+00,-5.220416320744e-01,4.538472091737e+00
9.592972626096e-01,8.253573586268e-02,-5.420994475763e-01,-9.459349602451e-02,6.250283027066e-01,-5.181471275667e-01,4.524840498886e+00,-5.201916358792e-01,4.533585222343e+00
9.597051075187e-01,8.231526447037e-02,-5.390536447210e-01,-9.433920078540e-02,6.219910100438e-01,-5.163027072876e-01,4.519873499392e+00,-5.183436376661e-01,4.528674337588e+00
9.601129524278e-01,8.209603550959e-02,-5.360067809324e-01,-9.408614474938e-02,6.189514677488e-01,-5.144603176828e-01,4.514882427343e+00,-5.164976472221e-01,4.523739473980e+00
9.605207973368e-01,8.187804940119e-02,-5.329589143905e-01,-9.383432882196e-02,6.159097347207e-01,-5.126199685623e-01,4.509867322198e+00,-5.146536743195e-01,4.518780668277e+00
9.609286422459e-01,8.166130654228e-02,-5.299101031441e-01,-9.358375388462e-02,6.128658697610e-01,-5.107816697197e-01,4.504828223666e+00,-5.128117287153e-01,4.513797957491e+00
9.613364871550e-01,8.144580730635e-02,-5.268604051084e-01,-9.333442079488e-02,6.098199315716e-01,-5.089454309324e-01,4.499765171707e+00,-5.109718201516e-01,4.508791378880e+00
9.617443320641e-01,8.123155204330e-02,-5.238098780625e-01,-9.308633038636e-02,6.067719787519e-01,-5.071112619615e-01,4.494678206527e+00,-5.091339583549e-01,4.503760969954e+00
9.621521769731e-01,8.101854107947e-02,-5.207585796474e-01,-9.283948346877e-02,6.037220697966e-01,-5.052791725516e-01,4.489567368583e+00,-5.072981530368e-01,4.498706768468e+00
9.625600218822e-01,8.080677471774e-02,-5.177065673632e-01,-9.259388082803e-02,6.006702630926e-01,-5.034491724309e-01,4.484432698574e+00,-5.054644138931e-01,4.493628812426e+00
9.629678667913e-01,8.059625323756e-02,-5.146538985669e-01,-9.234952322621e-02,5.976166169175e-01,-5.016212713108e-01,4.479274237445e+00,-5.036327506042e-01,4.488527140075e+00
9.633757117004e-01,8.038697689501e-02,-5.116006304703e-01,-9.210641140170e-02,5.945611894363e-01,-4.997954788859e-01,4.474092026387e+00,-5.018031728349e-01,4.483401789908e+00
9.637835566095e-01,8.017894592290e-02,-5.085468201375e-01,-9.186454606913e-02,5.915040386993e-01,-4.979718048341e-01,4.468886106829e+00,-4.999756902341e-01,4.478252800661e+00
9.641914015185e-01,7.997216053074e-02,-5.054925244825e-01,-9.162392791953e-02,5.884452226394e-01,-4.961502588162e-01,4.463656520442e+00,-4.981503124349e-01,4.473080211313e+00
9.645992464276e-01,7.976662090492e-02,-5.024378002673e-01,-9.138455762029e-02,5.853847990703e-01,-4.943308504763e-01,4.458403309139e+00,-4.963270490545e-01,4.467884061083e+00
9.650070913367e-01,7.956232720866e-02,-4.993827040990e-01,-9.114643581527e-02,5.823228256833e-01,-4.925135894408e-01,4.453126515069e+00,-4.945059096941e-01,4.462664389431e+00
9.654149362458e-01,7.935927958216e-02,-4.963272924284e-01,-9.090956312481e-02,5.792593600454e-01,-4.906984853194e-01,4.447826180617e+00,-4.926869039387e-01,4.457421236056e+00
9.658227811548e-01,7.915747814261e-02,-4.932716215469e-01,-9.067394014580e-02,5.761944595968e-01,-4.888855477041e-01,4.442502348405e+00,-4.908700413570e-01,4.452154640895e+00
9.662306260639e-01,7.895692298429e-02,-4.902157475849e-01,-9.043956745174e-02,5.731281816485e-01,-4.870747861697e-01,4.437155061290e+00,-4.890553315014e-01,4.446864644122e+00
9.666384709730e-01,7.875761417861e-02,-4.871597265095e-01,-9.020644559278e-02,5.700605833800e-01,-4.852662102732e-01,4.431784362359e+00,-4.872427839079e-01,4.441551286144e+00
9.670463158821e-01,7.855955177419e-02,-4.841036141220e-01,-8.997457509576e-02,5.669917218368e-01,-4.834598295544e-01,4.426390294934e+00,-4.854324080960e-01,4.436214607606e+00
9.674541607911e-01,7.836273579692e-02,-4.810474660560e-01,-8.974395646430e-02,5.639216539283e-01,-4.816556535350e-01,4.420972902563e+00,-4.836242135686e-01,4.430854649385e+00
9.678620057002e-01,7.816716625004e-02,-4.779913377753e-01,-8.951459017884e-02,5.608504364255e-01,-4.798536917190e-01,4.415532229026e+00,-4.818182098117e-01,4.425471452589e+00
9.682698506093e-01,7.797284311422e-02,-4.749352845716e-01,-8.928647669668e-02,5.577781259585e-01,-4.780539535926e-01,4.410068318329e+00,-4.800144062946e-01,4.420065058558e+00
9.686776955184e-01,7.777976634758e-02,-4.718793615624e-01,-8.905961645207e-02,5.547047790141e-01,-4.762564486239e-01,4.404581214703e+00,-4.782128124698e-01,4.414635508861e+00
9.690855404274e-01,7.758793588584e-02,-4.688236236891e-01,-8.883400985623e-02,5.516304519342e-01,-4.744611862630e-01,4.399070962605e+00,-4.764134377726e-01,4.409182845296e+00
9.694933853365e-01,7.739735164231e-02,-4.657681257146e-01,-8.860965729746e-02,5.485552009129e-01,-4.726681759418e-01,4.393537606714e+00,-4.746162916214e-01,4.403707109887e+00
9.699012302456e-01,7.720801350802e-02,-4.627129222216e-01,-8.838655914114e-02,5.454790819943e-01,-4.708774270738e-01,4.387981191931e+00,-4.728213834172e-01,4.398208344887e+00
9.703090751547e-01,7.701992135178e-02,-4.596580676101e-01,-8.816471572984e-02,5.424021510707e-01,-4.690889490543e-01,4.382401763377e+00,-4.710287225440e-01,4.392686592770e+00
9.707169200637e-01,7.683307502024e-02,-4.566036160958e-01,-8.794412738338e-02,5.393244638801e-01,-4.673027512601e-01,4.376799366390e+00,-4.692383183681e-01,4.387141896236e+00
9.711247649728e-01,7.664747433798e-02,-4.535496217079e-01,-8.772479439886e-02,5.362460760041e-01,-4.655188430495e-01,4.371174046529e+00,-4.674501802385e-01,4.381574298205e+00
9.715326098819e-01,7.646311910759e-02,-4.504961382872e-01,-8.750671705075e-02,5.331670428657e-01,-4.637372337622e-01,4.365525849565e+00,-4.656643174869e-01,4.375983841820e+00
9.719404547910e-01,7.628000910973e-02,-4.474432194838e-01,-8.728989559094e-02,5.300874197271e-01,-4.619579327189e-01,4.359854821484e+00,-4.638807394269e-01,4.370370570443e+00
9.723482997001e-01,7.609814410322e-02,-4.443909187555e-01,-8.707433024882e-02,5.270072616877e-01,-4.601809492220e-01,4.354161008487e+00,-4.620994553546e-01,4.364734527653e+00
9.727561446091e-01,7.591752382512e-02,-4.413392893660e-01,-8.686002123136e-02,5.239266236818e-01,-4.584062925546e-01,4.348444456982e+00,-4.603204745484e-01,4.359075757248e+00
9.731639895182e-01,7.573814799081e-02,-4.382883843822e-01,-8.664696872314e-02,5.208455604766e-01,-4.566339719810e-01,4.342705213591e+00,-4.585438062686e-01,4.353394303240e+00
9.735718344273e-01,7.556001629406e-02,-4.352382566731e-01,-8.643517288643e-02,5.177641266704e-01,-4.548639967465e-01,4.336943325142e+00,-4.567694597575e-01,4.347690209856e+00
9.739796793364e-01,7.538312840712e-02,-4.321889589077e-01,-8.622463386128e-02,5.146823766898e-01,-4.530963760771e-01,4.331158838670e+00,-4.549974442395e-01,4.341963521536e+00
9.743875242454e-01,7.520748398082e-02,-4.291405435530e-01,-8.601535176559e-02,5.116003647883e-01,-4.513311191796e-01,4.325351801414e+00,-4.532277689207e-01,4.336214282932e+00
9.747953691545e-01,7.503308264459e-02,-4.260930628719e-01,-8.580732669514e-02,5.085181450442e-01,-4.495682352417e-01,4.319522260818e+00,-4.514604429890e-01,4.330442538906e+00
9.752032140636e-01,7.485992400663e-02,-4.230465689220e-01,-8.560055872372e-02,5.054357713581e-01,-4.478077334314e-01,4.313670264529e+00,-4.496954756138e-01,4.324648334528e+00
9.756110589727e-01,7.468800765393e-02,-4.200011135534e-01,-8.539504790315e-02,5.023532974515e-01,-4.460496228975e-01,4.307795860390e+00,-4.479328759463e-01,4.318831715077e+00
9.760189038817e-01,7.451733315237e-02,-4.169567484068e-01,-8.519079426339e-02,4.992707768645e-01,-4.442939127691e-01,4.301899096449e+00,-4.461726531192e-01,4.312992726037e+00
9.764267487908e-01,7.434790004683e-02,-4.139135249119e-01,-8.498779781260e-02,4.961882629537e-01,-4.425406121556e-01,4.295980020946e+00,-4.444148162463e-01,4.307131413097e+00
9.768345936999e-01,7.417970786125e-02,-4.108714942857e-01,-8.478605853721e-02,4.931058088906e-01,-4.407897301469e-01,4.290038682320e+00,-4.426593744230e-01,4.301247822151e+00
9.772424386090e-01,7.401275609872e-02,-4.078307075306e-01,-8.458557640201e-02,4.900234676595e-01,-4.390412758130e-01,4.284075129202e+00,-4.409063367260e-01,4.295341999291e+00
9.776502835180e-01,7.384704424158e-02,-4.047912154328e-01,-8.438635135021e-02,4.869412920555e-01,-4.372952582039e-01,4.278089410418e+00,-4.391557122129e-01,4.289413990814e+00
9.780581284271e-01,7.368257175149e-02,-4.017530685604e-01,-8.418838330354e-02,4.838593346827e-01,-4.355516863499e-01,4.272081574982e+00,-4.374075099225e-01,4.283463843214e+00
9.784659733362e-01,7.351933806956e-02,-3.987163172619e-01,-8.399167216230e-02,4.807776479523e-01,-4.338105692609e-01,4.266051672100e+00,-4.356617388747e-01,4.277491603182e+00
9.788738182453e-01,7.335734261636e-02,-3.956810116646e-01,-8.379621780547e-02,4.776962840807e-01,-4.320719159272e-01,4.259999751164e+00,-4.339184080701e-01,4.271497317606e+00
9.792816631543e-01,7.319658479212e-02,-3.926472016728e-01,-8.360202009076e-02,4.746152950877e-01,-4.303357353184e-01,4.253925861753e+00,-4.321775264904e-01,4.265481033568e+00
9.796895080634e-01,7.303706397671e-02,-3.896149369661e-01,-8.340907885472e-02,4.715347327948e-01,-4.286020363843e-01,4.247830053629e+00,-4.304391030979e-01,4.259442798346e+00
9.800973529725e-01,7.287877952983e-02,-3.865842669980e-01,-8.321739391278e-02,4.684546488232e-01,-4.268708280540e-01,4.241712376739e+00,-4.287031468355e-01,4.253382659406e+00
9.805051978816e-01,7.272173079102e-02,-3.835552409941e-01,-8.302696505938e-02,4.653750945919e-01,-4.251421192364e-01,4.235572881209e+00,-4.269696666268e-01,4.247300664406e+00
9.809130427907e-01,7.256591707982e-02,-3.805279079508e-01,-8.283779206803e-02,4.622961213162e-01,-4.234159188198e-01,4.229411617347e+00,-4.252386713761e-01,4.241196861195e+00
9.813208876997e-01,7.241133769581e-02,-3.775023166334e-01,-8.264987469138e-02,4.592177800060e-01,-4.216922356721e-01,4.223228635636e+00,-4.235101699678e-01,4.235071297805e+00
9.817287326088e-01,7.225799191874e-02,-3.744785155748e-01,-8.246321266133e-02,4.561401214637e-01,-4.199710786404e-01,4.217023986738e+00,-4.217841712669e-01,4.228924022457e+00
9.821365775179e-01,7.210587900861e-02,-3.714565530742e-01,-8.227780568910e-02,4.530631962827e-01,-4.182524565513e-01,4.210797721488e+00,-4.200606841186e-01,4.222755083557e+00
9.825444224270e-01,7.195499820579e-02,-3.684364771949e-01,-8.209365346532e-02,4.499870548458e-01,-4.165363782104e-01,4.204549890894e+00,-4.183397173484e-01,4.216564529691e+00
9.829522673360e-01,7.180534873105e-02,-3.654183357636e-01,-8.191075566011e-02,4.469117473235e-01,-4.148228524026e-01,4.198280546136e+00,-4.166212797620e-01,4.210352409628e+00
9.833601122451e-01,7.165692978576e-02,-3.624021763685e-01,-8.172911192317e-02,4.438373236719e-01,-4.131118878919e-01,4.191989738563e+00,-4.149053801449e-01,4.204118772318e+00
9.837679571542e-01,7.150974055188e-02,-3.593880463580e-01,-8.154872188389e-02,4.407638336317e-01,-4.114034934213e-01,4.185677519691e+00,-4.131920272629e-01,4.197863666886e+00
9.841758020633e-01,7.136378019213e-02,-3.563759928392e-01,-8.136958515139e-02,4.376913267262e-01,-4.096976777127e-01,4.179343941205e+00,-4.114812298616e-01,4.191587142637e+00
9.845836469723e-01,7.121904785008e-02,-3.533660626767e-01,-8.119170131465e-02,4.346198522598e-01,-4.079944494670e-01,4.172989054951e+00,-4.097729966665e-01,4.185289249051e+00
9.849914918814e-01,7.107554265022e-02,-3.503583024909e-01,-8.101506994258e-02,4.315494593163e-01,-4.062938173638e-01,4.166612912941e+00,-4.080673363827e-01,4.178970035779e+00
9.853993367905e-01,7.093326369807e-02,-3.473527586569e-01,-8.083969058414e-02,4.284801967576e-01,-4.045957900616e-01,4.160215567345e+00,-4.063642576953e-01,4.172629552646e+00
9.858071816996e-01,7.079221008031e-02,-3.443494773033e-01,-8.066556276838e-02,4.254121132218e-01,-4.029003761974e-01,4.153797070496e+00,-4.046637692689e-01,4.166267849649e+00
9.862150266086e-01,7.065238086482e-02,-3.413485043103e-01,-8.049268600457e-02,4.223452571218e-01,-4.012075843871e-01,4.147357474882e+00,-4.029658797476e-01,4.159884976951e+00
9.866228715177e-01,7.051377510087e-02,-3.383498853091e-01,-8.032105978227e-02,4.192796766441e-01,-3.995174232247e-01,4.140896833148e+00,-4.012705977552e-01,4.153480984885e+00
9.870307164268e-01,7.037639181912e-02,-3.353536656801e-01,-8.015068357146e-02,4.162154197468e-01,-3.978299012832e-01,4.134415198094e+00,-3.995779318948e-01,4.147055923948e+00
9.874385613359e-01,7.024023003180e-02,-3.323598905518e-01,-7.998155682259e-02,4.131525341585e-01,-3.961450271138e-01,4.127912622670e+00,-3.978878907488e-01,4.140609844802e+00
9.878464062449e-01,7.010528873279e-02,-3.293686047999e-01,-7.981367896668e-02,4.100910673766e-01,-3.944628092461e-01,4.121389159980e+00,-3.962004828792e-01,4.134142798273e+00
9.882542511540e-01,6.997156689771e-02,-3.263798530455e-01,-7.964704941545e-02,4.070310666659e-01,-3.927832561879e-01,4.114844863277e+00,-3.945157168268e-01,4.127654835346e+00
9.886620960631e-01,6.983906348403e-02,-3.233936796542e-01,-7.948166756137e-02,4.039725790577e-01,-3.911063764255e-01,4.108279785958e+00,-3.928336011120e-01,4.121146007167e+00
9.890699409722e-01,6.970777743118e-02,-3.204101287350e-01,-7.931753277780e-02,4.009156513473e-01,-3.894321784231e-01,4.101693981569e+00,-3.911541442341e-01,4.114616365039e+00
9.894777858813e-01,6.957770766066e-02,-3.174292441389e-01,-7.915464441904e-02,3.978603300939e-01,-3.877606706233e-01,4.095087503800e+00,-3.894773546714e-01,4.108065960423e+00
9.898856307903e-01,6.944885307614e-02,-3.144510694581e-01,-7.899300182046e-02,3.948066616183e-01,-3.860918614466e-01,4.088460406482e+00,-3.878032408813e-01,4.101494844932e+00
9.902934756994e-01,6.932121256355e-02,-3.114756480244e-01,-7.883260429858e-02,3.917546920019e-01,-3.844257592916e-01,4.081812743587e+00,-3.861318113000e-01,4.094903070336e+00
9.907013206085e-01,6.919478499121e-02,-3.085030229086e-01,-7.867345115119e-02,3.887044670856e-01,-3.827623725348e-01,4.075144569225e+00,-3.844630743428e-01,4.088290688552e+00
9.911091655176e-01,6.906956920993e-02,-3.055332369192e-01,-7.851554165743e-02,3.856560324679e-01,-3.811017095307e-01,4.068455937645e+00,-3.827970384034e-01,4.081657751651e+00
9.915170104266e-01,6.894556405311e-02,-3.025663326010e-01,-7.835887507787e-02,3.826094335043e-01,-3.794437786115e-01,4.061746903229e+00,-3.811337118546e-01,4.075004311849e+00
9.919248553357e-01,6.882276833685e-02,-2.996023522348e-01,-7.820345065466e-02,3.795647153055e-01,-3.777885880873e-01,4.055017520494e+00,-3.794731030476e-01,4.068330421511e+00
9.923327002448e-01,6.870118086007e-02,-2.966413378358e-01,-7.804926761159e-02,3.765219227367e-01,-3.761361462459e-01,4.048267844090e+00,-3.778152203125e-01,4.061636133147e+00
9.927405451539e-01,6.858080040460e-02,-2.936833311526e-01,-7.789632515419e-02,3.734811004158e-01,-3.744864613529e-01,4.041497928794e+00,-3.761600719576e-01,4.054921499409e+00
9.931483900629e-01,6.846162573529e-02,-2.907283736667e-01,-7.774462246988e-02,3.704422927125e-01,-3.728395416513e-01,4.034707829515e+00,-3.745076662701e-01,4.048186573092e+00
9.935562349720e-01,6.834365560014e-02,-2.877765065910e-01,-7.759415872799e-02,3.674055437471e-01,-3.711953953618e-01,4.027897601285e+00,-3.728580115153e-01,4.041431407129e+00
9.939640798811e-01,6.822688873041e-02,-2.848277708690e-01,-7.744493307994e-02,3.643708973894e-01,-3.695540306828e-01,4.021067299264e+00,-3.712111159370e-01,4.034656054596e+00
9.943719247902e-01,6.811132384067e-02,-2.818822071742e-01,-7.729694465930e-02,3.613383972573e-01,-3.679154557900e-01,4.014216978733e+00,-3.695669877575e-01,4.027860568701e+00
9.947797696992e-01,6.799695962901e-02,-2.789398559088e-01,-7.715019258189e-02,3.583080867159e-01,-3.662796788364e-01,4.007346695097e+00,-3.679256351770e-01,4.021045002790e+00
9.951876146083e-01,6.788379477706e-02,-2.760007572030e-01,-7.700467594590e-02,3.552800088764e-01,-3.646467079526e-01,4.000456503877e+00,-3.662870663742e-01,4.014209410342e+00
9.955954595174e-01,6.777182795016e-02,-2.730649509140e-01,-7.686039383201e-02,3.522542065949e-01,-3.630165512464e-01,3.993546460715e+00,-3.646512895060e-01,4.007353844969e+00
9.960033044265e-01,6.766105779744e-02,-2.701324766253e-01,-7.671734530346e-02,3.492307224715e-01,-3.613892168031e-01,3.986616621368e+00,-3.630183127071e-01,4.000478360411e+00
9.964111493355e-01,6.755148295194e-02,-2.672033736460e-01,-7.657552940615e-02,3.462095988488e-01,-3.597647126850e-01,3.979667041707e+00,-3.613881440906e-01,3.993583010538e+00
9.968189942446e-01,6.744310203073e-02,-2.642776810095e-01,-7.643494516879e-02,3.431908778116e-01,-3.581430469316e-01,3.972697777717e+00,-3.597607917474e-01,3.986667849348e+00
9.972268391537e-01,6.733591363502e-02,-2.613554374734e-01,-7.629559160297e-02,3.401746011852e-01,-3.565242275598e-01,3.965708885494e+00,-3.581362637465e-01,3.979732930962e+00
9.976346840628e-01,6.722991635027e-02,-2.584366815181e-01,-7.615746770326e-02,3.371608105349e-01,-3.549082625632e-01,3.958700421240e+00,-3.565145681346e-01,3.972778309628e+00
9.980425289719e-01,6.712510874629e-02,-2.555214513465e-01,-7.602057244736e-02,3.341495471646e-01,-3.532951599127e-01,3.951672441269e+00,-3.548957129363e-01,3.965804039713e+00
9.984503738809e-01,6.702148937737e-02,-2.526097848828e-01,-7.588490479616e-02,3.311408521165e-01,-3.516849275563e-01,3.944625001998e+00,-3.532797061543e-01,3.958810175705e+00
9.988582187900e-01,6.691905678239e-02,-2.497017197725e-01,-7.575046369386e-02,3.281347661693e-01,-3.500775734188e-01,3.937558159949e+00,-3.516665557685e-01,3.951796772213e+00
9.992660636991e-01,6.681780948496e-02,-2.467972933810e-01,-7.561724806810e-02,3.251313298380e-01,-3.484731054020e-01,3.930471971745e+00,-3.500562697371e-01,3.944763883960e+00
9.996739086082e-01,6.671774599346e-02,-2.438965427934e-01,-7.548525683003e-02,3.221305833726e-01,-3.468715313845e-01,3.923366494111e+00,-3.484488559956e-01,3.937711565787e+00
1.000081753517e+00,6.661886480123e-02,-2.409995048135e-01,-7.535448887445e-02,3.191325667575e-01,-3.452728592218e-01,3.916241783870e+00,-3.468443224571e-01,3.930639872648e+00
1.000489598426e+00,6.652116438667e-02,-2.381062159636e-01,-7.522494307991e-02,3.161373197104e-01,-3.436770967463e-01,3.909097897943e+00,-3.452426770124e-01,3.923548859608e+00
1.000897443335e+00,6.642464321331e-02,-2.352167124834e-01,-7.509661830880e-02,3.131448816818e-01,-3.420842517670e-01,3.901934893344e+00,-3.436439275298e-01,3.916438581843e+00
1.001305288244e+00,6.632929972998e-02,-2.323310303298e-01,-7.496951340750e-02,3.101552918537e-01,-3.404943320698e-01,3.894752827184e+00,-3.420480818550e-01,3.909309094639e+00
1.001713133154e+00,6.623513237090e-02,-2.294492051761e-01,-7.484362720644e-02,3.071685891392e-01,-3.389073454171e-01,3.887551756662e+00,-3.404551478112e-01,3.902160453389e+00
1.002120978063e+00,6.614213955579e-02,-2.265712724116e-01,-7.471895852025e-02,3.041848121817e-01,-3.373232995481e-01,3.880331739071e+00,-3.388651331990e-01,3.894992713589e+00
1.002528822972e+00,6.605031969001e-02,-2.236972671409e-01,-7.459550614786e-02,3.012039993538e-01,-3.357422021785e-01,3.873092831789e+00,-3.372780457963e-01,3.887805930843e+00
1.002936667881e+00,6.595967116463e-02,-2.208272241836e-01,-7.447326887257e-02,2.982261887569e-01,-3.341640610008e-01,3.865835092282e+00,-3.356938933582e-01,3.880600160853e+00
1.003344512790e+00,6.587019235662e-02,-2.179611780735e-01,-7.435224546224e-02,2.952514182205e-01,-3.325888836837e-01,3.858558578103e+00,-3.341126836173e-01,3.873375459424e+00
1.003752357699e+00,6.578188162889e-02,-2.150991630585e-01,-7.423243466934e-02,2.922797253012e-01,-3.310166778727e-01,3.851263346884e+00,-3.325344242832e-01,3.866131882459e+00
1.004160202608e+00,6.569473733046e-02,-2.122412130997e-01,-7.411383523107e-02,2.893111472824e-01,-3.294474511896e-01,3.843949456343e+00,-3.309591230428e-01,3.858869485959e+00
1.004568047517e+00,6.560875779655e-02,-2.093873618715e-01,-7.399644586948e-02,2.863457211732e-01,-3.278812112329e-01,3.836616964274e+00,-3.293867875602e-01,3.851588326021e+00
1.004975892426e+00,6.552394134870e-02,-2.065376427605e-01,-7.388026529160e-02,2.833834837082e-01,-3.263179655772e-01,3.829265928551e+00,-3.278174254764e-01,3.844288458833e+00
1.005383737335e+00,6.544028629491e-02,-2.036920888659e-01,-7.376529218951e-02,2.804244713465e-01,-3.247577217736e-01,3.821896407125e+00,-3.262510444096e-01,3.836969940680e+00
1.005791582244e+00,6.535779092971e-02,-2.008507329985e-01,-7.365152524051e-02,2.774687202713e-01,-3.232004873497e-01,3.814508458021e+00,-3.246876519551e-01,3.829632827932e+00
1.006199427153e+00,6.527645353433e-02,-1.980136076804e-01,-7.353896310716e-02,2.745162663894e-01,-3.216462698092e-01,3.807102139335e+00,-3.231272556850e-01,3.822277177053e+00
1.006607272062e+00,6.519627237679e-02,-1.951807451450e-01,-7.342760443746e-02,2.715671453304e-01,-3.200950766321e-01,3.799677509238e+00,-3.215698631484e-01,3.814903044592e+00
1.007015116972e+00,6.511724571202e-02,-1.923521773364e-01,-7.331744786492e-02,2.686213924462e-01,-3.185469152748e-01,3.792234625968e+00,-3.200154818715e-01,3.807510487183e+00
1.007504621817e+00,6.502391790299e-02,-1.889629817461e-01,-7.318682062773e-02,2.650903302039e-01,-3.166927903305e-01,3.783277489801e+00,-3.181538645916e-01,3.798613524163e+00
1.007994126663e+00,6.493224758299e-02,-1.855800726182e-01,-7.305792064800e-02,2.615642305512e-01,-3.148430563381e-01,3.774294244221e+00,-3.162966088703e-01,3.789690199284e+00
1.008483631508e+00,6.484223166165e-02,-1.822035035563e-01,-7.293074548196e-02,2.580431530431e-01,-3.129977260536e-01,3.765284990274e+00,-3.144437275879e-01,3.780740610908e+00
1.008973136354e+00,6.475386702253e-02,-1.788333274957e-01,-7.280529265682e-02,2.545271565984e-01,-3.111568121833e-01,3.756249829192e+00,-3.125952335762e-01,3.771764857622e+00
1.009462641200e+00,6.466715052340e-02,-1.754695968028e-01,-7.268155967109e-02,2.510162995835e-01,-3.093203273842e-01,3.747188862299e+00,-3.107511396191e-01,3.762763038141e+00
1.009952146045e+00,6.458207899656e-02,-1.721123632437e-01,-7.255954399484e-02,2.475106397845e-01,-3.074882842635e-01,3.738102191039e+00,-3.089114584517e-01,3.753735251327e+00
1.010441650891e+00,6.449864924910e-02,-1.687616779803e-01,-7.243924307003e-02,2.440102344037e-01,-3.056606953788e-01,3.728989916973e+00,-3.070762027611e-01,3.744681596197e+00
1.010931155736e+00,6.441685806322e-02,-1.654175915696e-01,-7.232065431072e-02,2.405151400587e-01,-3.038375732378e-01,3.719852141773e+00,-3.052453851856e-01,3.735602171912e+00
1.011420660582e+00,6.433670219654e-02,-1.620801539637e-01,-7.220377510342e-02,2.370254127813e-01,-3.020189302987e-01,3.710688967219e+00,-3.034190183150e-01,3.726497077778e+00
1.011910165428e+00,6.425817838235e-02,-1.587494145094e-01,-7.208860280737e-02,2.335411080168e-01,-3.002047789695e-01,3.701500495198e+00,-3.015971146906e-01,3.717366413236e+00
1.012399670273e+00,6.418128332994e-02,-1.554254219477e-01,-7.197513475478e-02,2.300622806232e-01,-2.983951316085e-01,3.692286827695e+00,-2.997796868047e-01,3.708210277865e+00
1.012889175119e+00,6.410601372490e-02,-1.521082244142e-01,-7.186336825117e-02,2.265889848703e-01,-2.965900005241e-01,3.683048066791e+00,-2.979667471012e-01,3.699028771374e+00
1.013378679964e+00,6.403236622940e-02,-1.487978694382e-01,-7.175330057565e-02,2.231212744394e-01,-2.947893979746e-01,3.673784314660e+00,-2.961583079747e-01,3.689821993596e+00
1.013868184810e+00,6.396033748248e-02,-1.454944039431e-01,-7.164492898117e-02,2.196592024222e-01,-2.929933361683e-01,3.664495673564e+00,-2.943543817713e-01,3.680590044489e+00
1.014357689656e+00,6.388992410037e-02,-1.421978742463e-01,-7.153825069485e-02,2.162028213207e-01,-2.912018272633e-01,3.655182245849e+00,-2.925549807880e-01,3.671333024131e+00
1.014847194501e+00,6.382112267678e-02,-1.389083260593e-01,-7.143326291826e-02,2.127521830463e-01,-2.894148833679e-01,3.645844133940e+00,-2.907601172728e-01,3.662051032710e+00
1.015336699347e+00,6.375392978318e-02,-1.356258044872e-01,-7.132996282769e-02,2.093073389195e-01,-2.876325165400e-01,3.636481440341e+00,-2.889698034245e-01,3.652744170529e+00
1.015826204192e+00,6.368834196913e-02,-1.323503540297e-01,-7.122834757446e-02,2.058683396696e-01,-2.858547387873e-01,3.627094267625e+00,-2.871840513929e-01,3.643412537996e+00
1.016315709038e+00,6.362435576254e-02,-1.290820185806e-01,-7.112841428522e-02,2.024352354341e-01,-2.840815620672e-01,3.617682718434e+00,-2.854028732787e-01,3.634056235623e+00
1.016805213884e+00,6.356196766997e-02,-1.258208414282e-01,-7.103016006219e-02,1.990080757586e-01,-2.823129982872e-01,3.608246895475e+00,-2.836262811332e-01,3.624675364019e+00
1.017294718729e+00,6.350117417697e-02,-1.225668652556e-01,-7.093358198349e-02,1.955869095964e-01,-2.805490593042e-01,3.598786901516e+00,-2.818542869586e-01,3.615270023890e+00
1.017784223575e+00,6.344197174831e-02,-1.193201321411e-01,-7.083867710345e-02,1.921717853083e-01,-2.787897569248e-01,3.589302839380e+00,-2.800869027075e-01,3.605840316032e+00
1.018273728420e+00,6.338435682834e-02,-1.160806835582e-01,-7.074544245285e-02,1.887627506627e-01,-2.770351029053e-01,3.579794811943e+00,-2.783241402836e-01,3.596386341329e+00
1.018763233266e+00,6.332832584123e-02,-1.128485603766e-01,-7.065387503921e-02,1.853598528351e-01,-2.752851089517e-01,3.570262922130e+00,-2.765660115407e-01,3.586908200750e+00
1.019252738112e+00,6.327387519132e-02,-1.096238028620e-01,-7.056397184716e-02,1.819631384082e-01,-2.735397867196e-01,3.560707272911e+00,-2.748125282835e-01,3.577405995340e+00
1.019742242957e+00,6.322100126337e-02,-1.064064506773e-01,-7.047572983861e-02,1.785726533723e-01,-2.717991478139e-01,3.551127967298e+00,-2.730637022670e-01,3.567879826222e+00
1.020231747803e+00,6.316970042287e-02,-1.031965428824e-01,-7.038914595315e-02,1.751884431245e-01,-2.700632037896e-01,3.541525108337e+00,-2.713195451969e-01,3.558329794593e+00
1.020721252648e+00,6.311996901634e-02,-9.999411793544e-02,-7.030421710827e-02,1.718105524697e-01,-2.683319661507e-01,3.531898799112e+00,-2.695800687292e-01,3.548756001715e+00
1.021210757494e+00,6.307180337164e-02,-9.679921369310e-02,-7.022094019967e-02,1.684390256201e-01,-2.666054463511e-01,3.522249142735e+00,-2.678452844703e-01,3.539158548916e+00
1.021700262340e+00,6.302519979821e-02,-9.361186741142e-02,-7.013931210157e-02,1.650739061957e-01,-2.648836557941e-01,3.512576242343e+00,-2.661152039771e-01,3.529537537586e+00
1.022189767185e+00,6.298015458743e-02,-9.043211574648e-02,-7.005932966698e-02,1.617152372245e-01,-2.631666058325e-01,3.502880201096e+00,-2.643898387567e-01,3.519893069169e+00
1.022679272031e+00,6.293666401287e-02,-8.725999475525e-02,-6.998098972796e-02,1.583630611427e-01,-2.614543077686e-01,3.493161122175e+00,-2.626692002667e-01,3.510225245164e+00
1.023168776877e+00,6.289472433060e-02,-8.409553989635e-02,-6.990428909600e-02,1.550174197951e-01,-2.597467728542e-01,3.483419108773e+00,-2.609532999148e-01,3.500534167122e+00
1.023658281722e+00,6.285433177949e-02,-8.093878603098e-02,-6.982922456219e-02,1.516783544356e-01,-2.580440122906e-01,3.473654264096e+00,-2.592421490593e-01,3.490819936636e+00
1.024147786568e+00,6.281548258146e-02,-7.778976742383e-02,-6.975579289761e-02,1.483459057274e-01,-2.563460372285e-01,3.463866691357e+00,-2.575357590083e-01,3.481082655343e+00
1.024637291413e+00,6.277817294184e-02,-7.464851774403e-02,-6.968399085358e-02,1.450201137437e-01,-2.546528587682e-01,3.454056493775e+00,-2.558341410206e-01,3.471322424920e+00
1.025126796259e+00,6.274239904960e-02,-7.151507006615e-02,-6.961381516193e-02,1.417010179682e-01,-2.529644879593e-01,3.444223774569e+00,-2.541373063050e-01,3.461539347078e+00
1.025616301105e+00,6.270815707767e-02,-6.838945687131e-02,-6.954526253530e-02,1.383886572954e-01,-2.512809358011e-01,3.434368636953e+00,-2.524452660204e-01,3.451733523558e+00
1.026105805950e+00,6.267544318323e-02,-6.527171004820e-02,-6.947832966747e-02,1.350830700317e-01,-2.496022132423e-01,3.424491184138e+00,-2.507580312761e-01,3.441905056131e+00
1.026595310796e+00,6.264425350799e-02,-6.216186089425e-02,-6.941301323358e-02,1.317842938956e-01,-2.479283311808e-01,3.414591519323e+00,-2.490756131315e-01,3.432054046592e+00
1.027084815641e+00,6.261458417850e-02,-5.905994011685e-02,-6.934930989047e-02,1.284923660188e-01,-2.462593004645e-01,3.404669745695e+00,-2.473980225960e-01,3.422180596757e+00
1.027574320487e+00,6.258643130640e-02,-5.596597783449e-02,-6.928721627693e-02,1.252073229465e-01,-2.445951318904e-01,3.394725966423e+00,-2.457252706295e-01,3.412284808457e+00
1.028063825333e+00,6.255979098873e-02,-5.288000357810e-02,-6.922672901402e-02,1.219292006388e-01,-2.429358362051e-01,3.384760284657e+00,-2.440573681418e-01,3.402366783540e+00
1.028553330178e+00,6.253465930825e-02,-4.980204629232e-02,-6.916784470533e-02,1.186580344711e-01,-2.412814241047e-01,3.374772803523e+00,-2.423943259929e-01,3.392426623863e+00
1.029042835024e+00,6.251103233366e-02,-4.673213433682e-02,-6.911055993729e-02,1.153938592350e-01,-2.396319062350e-01,3.364763626120e+00,-2.407361549930e-01,3.382464431289e+00
1.029633486969e+00,6.248452069436e-02,-4.303863338132e-02,-6.904356275400e-02,1.114645598320e-01,-2.376480773051e-01,3.352657505071e+00,-2.387418544380e-01,3.370414553703e+00
1.030224138915e+00,6.246018714322e-02,-3.935693416850e-02,-6.897888338096e-02,1.075455476755e-01,-2.356714081105e-01,3.340520126193e+00,-2.367546805437e-01,3.358332924380e+00
1.030814790860e+00,6.243802469580e-02,-3.568708319600e-02,-6.891651572492e-02,1.036368805588e-01,-2.337019170601e-01,3.328351670385e+00,-2.347746520116e-01,3.346219722238e+00
1.031405442806e+00,6.241802634056e-02,-3.202912559476e-02,-6.885645365889e-02,9.973861492062e-02,-2.317396224563e-01,3.316152318526e+00,-2.328017874373e-01,3.334075126257e+00
1.031996094751e+00,6.240018503970e-02,-2.838310534753e-02,-6.879869102289e-02,9.585080604176e-02,-2.297845424943e-01,3.303922251362e+00,-2.308361053108e-01,3.321899315351e+00
1.032586746697e+00,6.238449372974e-02,-2.474906522642e-02,-6.874322162464e-02,9.197350798778e-02,-2.278366952631e-01,3.291661649534e+00,-2.288776240165e-01,3.309692468394e+00
1.033177398642e+00,6.237094532233e-02,-2.112704678955e-02,-6.869003924031e-02,8.810677360545e-02,-2.258960987445e-01,3.279370693567e+00,-2.269263618330e-01,3.297454764220e+00
1.033768050588e+00,6.235953270493e-02,-1.751709038537e-02,-6.863913761519e-02,8.425065452590e-02,-2.239627708140e-01,3.267049563869e+00,-2.249823369335e-01,3.285186381610e+00
1.034358702533e+00,6.235024874151e-02,-1.391923515711e-02,-6.859051046444e-02,8.040520116809e-02,-2.220367292406e-01,3.254698440718e+00,-2.230455673853e-01,3.272887499288e+00
1.034949354478e+00,6.234308627328e-02,-1.033351904735e-02,-6.854415147380e-02,7.657046274222e-02,-2.201179916868e-01,3.242317504258e+00,-2.211160711506e-01,3.260558295910e+00
1.035540006424e+00,6.233803811940e-02,-6.759978802700e-03,-6.850005430030e-02,7.274648725344e-02,-2.182065757086e-01,3.229906934486e+00,-2.191938660856e-01,3.248198950057e+00
1.036130658369e+00,6.233509707767e-02,-3.198649978585e-03,-6.845821257296e-02,6.893332150552e-02,-2.163024987561e-01,3.217466911253e+00,-2.172789699415e-01,3.235809640227e+00
1.036721310315e+00,6.233425592524e-02,3.504330558554e-04,-6.841861989352e-02,6.513101110476e-02,-2.144057781727e-01,3.204997614246e+00,-2.153714003637e-01,3.223390544828e+00
1.037311962260e+00,6.233550741930e-02,3.887237112775e-03,-6.838126983714e-02,6.133960046396e-02,-2.125164311962e-01,3.192499222990e+00,-2.134711748926e-01,3.210941842168e+00
1.037902614206e+00,6.233884429781e-02,7.411730180520e-03,-6.834615595308e-02,5.755913280649e-02,-2.106344749581e-01,3.179971916833e+00,-2.115783109631e-01,3.198463710450e+00
1.038493266151e+00,6.234425928014e-02,1.092388141842e-02,-6.831327176543e-02,5.378965017051e-02,-2.087599264842e-01,3.167415874945e+00,-2.096928259050e-01,3.185956327760e+00
1.039083918097e+00,6.235174506781e-02,1.442366115151e-02,-6.828261077381e-02,5.003119341332e-02,-2.068928026944e-01,3.154831276307e+00,-2.078147369428e-01,3.173419872066e+00
1.039674570042e+00,6.236129434513e-02,1.791104086507e-02,-6.825416645404e-02,4.628380221570e-02,-2.050331204030e-01,3.142218299704e+00,-2.059440611960e-01,3.160854521204e+00
1.040265221988e+00,6.237289977994e-02,2.138599319921e-02,-6.822793225884e-02,4.254751508655e-02,-2.031808963187e-01,3.129577123720e+00,-2.040808156792e-01,3.148260452876e+00
1.040855873933e+00,6.238655402424e-02,2.484849194319e-02,-6.820390161857e-02,3.882236936745e-02,-2.013361470450e-01,3.116907926731e+00,-2.022250173019e-01,3.135637844636e+00
1.041446525879e+00,6.240224971489e-02,2.829851202980e-02,-6.818206794182e-02,3.510840123746e-02,-1.994988890799e-01,3.104210886893e+00,-2.003766828690e-01,3.122986873891e+00
1.042037177824e+00,6.241997947427e-02,3.173602952954e-02,-6.816242461621e-02,3.140564571797e-02,-1.976691388162e-01,3.091486182145e+00,-1.985358290803e-01,3.110307717888e+00
1.042627829770e+00,6.243973591098e-02,3.516102164475e-02,-6.814496500896e-02,2.771413667762e-02,-1.958469125418e-01,3.078733990192e+00,-1.967024725313e-01,3.097600553707e+00
1.043218481715e+00,6.246151162048e-02,3.857346670366e-02,-6.812968246767e-02,2.403390683740e-02,-1.940322264397e-01,3.065954488507e+00,-1.948766297129e-01,3.084865558259e+00
1.043809133661e+00,6.248529918575e-02,4.197334415437e-02,-6.811657032093e-02,2.036498777578e-02,-1.922250965881e-01,3.053147854318e+00,-1.930583170114e-01,3.072102908271e+00
1.044399785606e+00,6.251109117796e-02,4.536063455864e-02,-6.810562187902e-02,1.670740993399e-02,-1.904255389605e-01,3.040314264606e+00,-1.912475507090e-01,3.059312780289e+00
1.044990437551e+00,6.253888015715e-02,4.873531958575e-02,-6.809683043456e-02,1.306120262135e-02,-1.886335694261e-01,3.027453896096e+00,-1.894443469834e-01,3.046495350661e+00
1.045581089497e+00,6.256865867283e-02,5.209738200614e-02,-6.809018926321e-02,9.426394020734e-03,-1.868492037497e-01,3.014566925253e+00,-1.876487219084e-01,3.033650795540e+00
1.046171741442e+00,6.260041926467e-02,5.544680568507e-02,-6.808569162430e-02,5.803011194096e-03,-1.850724575921e-01,3.001653528274e+00,-1.858606914538e-01,3.020779290870e+00
1.046762393388e+00,6.263415446313e-02,5.878357557612e-02,-6.808333076151e-02,2.191080088123e-03,-1.833033465099e-01,2.988713881084e+00,-1.840802714854e-01,3.007881012382e+00
1.047353045333e+00,6.266985679011e-02,6.210767771466e-02,-6.808309990354e-02,-1.409374460053e-03,-1.815418859560e-01,2.975748159328e+00,-1.823074777655e-01,2.994956135590e+00
1.047943697279e+00,6.270751875955e-02,6.541909921127e-02,-6.808499226471e-02,-4.998328717037e-03,-1.797880912795e-01,2.962756538367e+00,-1.805423259526e-01,2.982004835782e+00
1.048534349224e+00,6.274713287813e-02,6.871782824498e-02,-6.808900104568e-02,-8.575760047269e-03,-1.780419777263e-01,2.949739193271e+00,-1.787848316019e-01,2.969027288013e+00
1.049125001170e+00,6.278869164584e-02,7.200385405654e-02,-6.809511943404e-02,-1.214164690704e-02,-1.763035604386e-01,2.936696298814e+00,-1.770350101651e-01,2.956023667103e+00
1.049715653115e+00,6.283218755664e-02,7.527716694159e-02,-6.810334060499e-02,-1.569596883841e-02,-1.745728544558e-01,2.923628029467e+00,-1.752928769908e-01,2.942994147625e+00
1.050306305061e+00,6.287761309904e-02,7.853775824372e-02,-6.811365772195e-02,-1.923870646306e-02,-1.728498747142e-01,2.910534559397e+00,-1.735584473245e-01,2.929938903905e+00
1.050896957006e+00,6.292496075677e-02,8.178562034752e-02,-6.812606393724e-02,-2.276984147606e-02,-1.711346360472e-01,2.897416062456e+00,-1.718317363090e-01,2.916858110012e+00
1.051487608952e+00,6.297422300937e-02,8.502074667151e-02,-6.814055239264e-02,-2.628935663955e-02,-1.694271531858e-01,2.884272712179e+00,-1.701127589841e-01,2.903751939755e+00
1.052078260897e+00,6.302539233278e-02,8.824313166105e-02,-6.815711622011e-02,-2.979723577631e-02,-1.677274407585e-01,2.871104681779e+00,-1.684015302873e-01,2.890620566675e+00
1.052668912843e+00,6.307846119996e-02,9.145277078113e-02,-6.817574854232e-02,-3.329346376334e-02,-1.660355132915e-01,2.857912144140e+00,-1.666980650534e-01,2.877464164039e+00
1.053259564788e+00,6.313342208151e-02,9.464966050918e-02,-6.819644247335e-02,-3.677802652529e-02,-1.643513852093e-01,2.844695271813e+00,-1.650023780151e-01,2.864282904839e+00
1.053850216734e+00,6.319026744623e-02,9.783379832772e-02,-6.821919111926e-02,-4.025091102781e-02,-1.626750708342e-01,2.831454237013e+00,-1.633144838029e-01,2.851076961782e+00
1.054440868679e+00,6.324898976172e-02,1.010051827170e-01,-6.824398757872e-02,-4.371210527090e-02,-1.610065843871e-01,2.818189211612e+00,-1.616343969456e-01,2.837846507285e+00
1.055031520624e+00,6.330958149500e-02,1.041638131477e-01,-6.827082494362e-02,-4.716159828212e-02,-1.593459399875e-01,2.804900367134e+00,-1.599621318700e-01,2.824591713473e+00
1.055622172570e+00,6.337203511305e-02,1.073096900732e-01,-6.829969629966e-02,-5.059938010973e-02,-1.576931516536e-01,2.791587874751e+00,-1.582977029014e-01,2.811312752170e+00
1.056212824515e+00,6.343634308340e-02,1.104428149222e-01,-6.833059472697e-02,-5.402544181583e-02,-1.560482333026e-01,2.778251905280e+00,-1.566411242638e-01,2.798009794897e+00
1.056803476461e+00,6.350249787473e-02,1.135631900914e-01,-6.836351330069e-02,-5.743977546936e-02,-1.544111987509e-01,2.764892629178e+00,-1.549924100799e-01,2.784683012865e+00
1.057394128406e+00,6.357049195741e-02,1.166708189372e-01,-6.839844509158e-02,-6.084237413907e-02,-1.527820617145e-01,2.751510216535e+00,-1.533515743713e-01,2.771332576971e+00
1.057984780352e+00,6.364031780405e-02,1.197657057688e-01,-6.843538316659e-02,-6.423323188642e-02,-1.511608358088e-01,2.738104837074e+00,-1.517186310589e-01,2.757958657793e+00
1.058575432297e+00,6.371196789013e-02,1.228478558396e-01,-6.847432058947e-02,-6.761234375841e-02,-1.495475345493e-01,2.724676660144e+00,-1.500935939628e-01,2.744561425587e+00
1.059166084243e+00,6.378543469448e-02,1.259172753404e-01,-6.851525042131e-02,-7.097970578036e-02,-1.479421713514e-01,2.711225854716e+00,-1.484764768027e-01,2.731141050278e+00
1.059756736188e+00,6.386071069987e-02,1.289739713906e-01,-6.855816572116e-02,-7.433531494864e-02,-1.463447595309e-01,2.697752589380e+00,-1.468672931980e-01,2.717697701460e+00
1.060347388134e+00,6.393778839353e-02,1.320179520311e-01,-6.860305954657e-02,-7.767916922330e-02,-1.447553123041e-01,2.684257032343e+00,-1.452660566682e-01,2.704231548389e+00
1.060938040079e+00,6.401666026773e-02,1.350492262157e-01,-6.864992495417e-02,-8.101126752069e-02,-1.431738427881e-01,2.670739351422e+00,-1.436727806327e-01,2.690742759981e+00
1.061528692025e+00,6.409731882029e-02,1.380678038037e-01,-6.869875500022e-02,-8.433160970600e-02,-1.416003640009e-01,2.657199714039e+00,-1.420874784113e-01,2.677231504805e+00
1.062119343970e+00,6.417975655512e-02,1.410736955516e-01,-6.874954274119e-02,-8.764019658574e-02,-1.400348888619e-01,2.643638287226e+00,-1.405101632245e-01,2.663697951080e+00
1.062709995916e+00,6.426396598273e-02,1.440669131051e-01,-6.880228123431e-02,-9.093702990021e-02,-1.384774301918e-01,2.630055237609e+00,-1.389408481932e-01,2.650142266672e+00
1.063300647861e+00,6.434993962080e-02,1.470474689910e-01,-6.885696353810e-02,-9.422211231587e-02,-1.369280007130e-01,2.616450731416e+00,-1.373795463396e-01,2.636564619088e+00
1.063891299807e+00,6.443766999464e-02,1.500153766091e-01,-6.891358271292e-02,-9.749544741767e-02,-1.353866130500e-01,2.602824934467e+00,-1.358262705869e-01,2.622965175474e+00
1.064481951752e+00,6.452714963774e-02,1.529706502242e-01,-6.897213182152e-02,-1.007570397013e-01,-1.338532797293e-01,2.589178012172e+00,-1.342810337597e-01,2.609344102609e+00
1.065072603697e+00,6.461837109227e-02,1.559133049574e-01,-6.903260392959e-02,-1.040068945657e-01,-1.323280131800e-01,2.575510129532e+00,-1.327438485842e-01,2.595701566906e+00
1.065663255643e+00,6.471132690957e-02,1.588433567785e-01,-6.909499210625e-02,-1.072450183046e-01,-1.308108257337e-01,2.561821451127e+00,-1.312147276885e-01,2.582037734401e+00
1.066253907588e+00,6.480600965068e-02,1.617608224974e-01,-6.915928942462e-02,-1.104714180996e-01,-1.293017296250e-01,2.548112141124e+00,-1.296936836026e-01,2.568352770755e+00
1.066844559534e+00,6.490241188680e-02,1.646657197557e-01,-6.922548896229e-02,-1.136861020115e-01,-1.278007369915e-01,2.534382363267e+00,-1.281807287589e-01,2.554646841250e+00
1.067435211479e+00,6.500052619979e-02,1.675580670188e-01,-6.929358380190e-02,-1.168890789727e-01,-1.263078598746e-01,2.520632280874e+00,-1.266758754921e-01,2.540920110785e+00
1.068025863425e+00,6.510034518268e-02,1.704378835671e-01,-6.936356703161e-02,-1.200803587792e-01,-1.248231102189e-01,2.506862056839e+00,-1.251791360399e-01,2.527172743870e+00
1.068616515370e+00,6.520186144010e-02,1.733051894879e-01,-6.943543174562e-02,-1.232599520827e-01,-1.233464998731e-01,2.493071853626e+00,-1.236905225427e-01,2.513404904628e+00
1.069207167316e+00,6.530506758880e-02,1.761600056669e-01,-6.950917104467e-02,-1.264278703822e-01,-1.218780405903e-01,2.479261833268e+00,-1.222100470442e-01,2.499616756786e+00
1.069797819261e+00,6.540995625808e-02,1.790023537797e-01,-6.958477803654e-02,-1.295841260164e-01,-1.204177440276e-01,2.465432157362e+00,-1.207377214915e-01,2.485808463679e+00
1.070388471207e+00,6.551652009029e-02,1.818322562837e-01,-6.966224583654e-02,-1.327287321550e-01,-1.189656217472e-01,2.451582987071e+00,-1.192735577352e-01,2.471980188240e+00
1.070979123152e+00,6.562475174127e-02,1.846497364091e-01,-6.974156756801e-02,-1.358617027913e-01,-1.175216852158e-01,2.437714483117e+00,-1.178175675301e-01,2.458132093002e+00
1.071569775098e+00,6.573464388081e-02,1.874548181508e-01,-6.982273636279e-02,-1.389830527331e-01,-1.160859458056e-01,2.423826805785e+00,-1.163697625348e-01,2.444264340094e+00
1.072160427043e+00,6.584618919308e-02,1.902475262598e-01,-6.990574536170e-02,-1.420927975953e-01,-1.146584147943e-01,2.409920114912e+00,-1.149301543123e-01,2.430377091236e+00
1.072751078989e+00,6.595938037710e-02,1.930278862347e-01,-6.999058771503e-02,-1.451909537912e-01,-1.132391033652e-01,2.395994569894e+00,-1.134987543304e-01,2.416470507740e+00
1.073341730934e+00,6.607421014717e-02,1.957959243129e-01,-7.007725658299e-02,-1.482775385243e-01,-1.118280226074e-01,2.382050329680e+00,-1.120755739617e-01,2.402544750506e+00
1.073932382880e+00,6.619067123331e-02,1.985516674624e-01,-7.016574513618e-02,-1.513525697802e-01,-1.104251835167e-01,2.368087552770e+00,-1.106606244836e-01,2.388599980018e+00
1.074523034825e+00,6.630875638166e-02,2.012951433732e-01,-7.025604655607e-02,-1.544160663178e-01,-1.090305969949e-01,2.354106397212e+00,-1.092539170792e-01,2.374636356345e+00
1.075113686770e+00,6.642845835495e-02,2.040263804481e-01,-7.034815403541e-02,-1.574680476616e-01,-1.076442738511e-01,2.340107020605e+00,-1.078554628370e-01,2.360654039135e+00
1.075704338716e+00,6.654976993289e-02,2.067454077952e-01,-7.044206077872e-02,-1.605085340926e-01,-1.062662248010e-01,2.326089580093e+00,-1.064652727513e-01,2.346653187617e+00
1.076294990661e+00,6.667268391257e-02,2.094522552181e-01,-7.053776000273e-02,-1.635375466404e-01,-1.048964604679e-01,2.312054232366e+00,-1.050833577225e-01,2.332633960594e+00
1.076885642607e+00,6.679719310890e-02,2.121469532082e-01,-7.063524493678e-02,-1.665551070749e-01,-1.035349913826e-01,2.298001133656e+00,-1.037097285575e-01,2.318596516446e+00
1.077476294552e+00,6.692329035501e-02,2.148295329356e-01,-7.073450882331e-02,-1.695612378971e-01,-1.021818279837e-01,2.283930439739e+00,-1.023443959695e-01,2.304541013123e+00
1.078066946498e+00,6.705096850261e-02,2.175000262404e-01,-7.083554491826e-02,-1.725559623314e-01,-1.008369806179e-01,2.269842305933e+00,-1.009873705787e-01,2.290467608149e+00
1.078657598443e+00,6.718022042245e-02,2.201584656245e-01,-7.093834649148e-02,-1.755393043169e-01,-9.950045954057e-02,2.255736887093e+00,-9.963866291233e-02,2.276376458616e+00
1.079248250389e+00,6.731103900463e-02,2.228048842425e-01,-7.104290682720e-02,-1.785112884985e-01,-9.817227491540e-02,2.241614337616e+00,-9.829828340503e-02,2.262267721182e+00
1.079838902334e+00,6.744341715906e-02,2.254393158931e-01,-7.114921922439e-02,-1.814719402190e-01,-9.685243681522e-02,2.227474811434e+00,-9.696624239898e-02,2.248141552073e+00
1.080429554280e+00,6.757734781577e-02,2.280617950107e-01,-7.125727699720e-02,-1.844212855102e-01,-9.554095522202e-02,2.213318462019e+00,-9.564255014420e-02,2.233998107078e+00
1.081020206225e+00,6.771282392534e-02,2.306723566564e-01,-7.136707347535e-02,-1.873593510844e-01,-9.423784002730e-02,2.199145442376e+00,-9.432721679887e-02,2.219837541548e+00
1.081610858171e+00,6.784983845922e-02,2.332710365097e-01,-7.147860200453e-02,-1.902861643259e-01,-9.294310103230e-02,2.184955905049e+00,-9.302025242951e-02,2.205660010398e+00
1.082201510116e+00,6.798838441013e-02,2.358578708595e-01,-7.159185594683e-02,-1.932017532822e-01,-9.165674794832e-02,2.170750002113e+00,-9.172166701127e-02,2.191465668103e+00
1.082792162062e+00,6.812845479239e-02,2.384328965954e-01,-7.170682868108e-02,-1.961061466559e-01,-9.037879039696e-02,2.156527885180e+00,-9.043147042819e-02,2.177254668693e+00
1.083382814007e+00,6.827004264229e-02,2.409961511996e-01,-7.182351360324e-02,-1.989993737957e-01,-8.910923791042e-02,2.142289705393e+00,-8.914967247349e-02,2.163027165762e+00
1.083973465952e+00,6.841314101842e-02,2.435476727373e-01,-7.194190412681e-02,-2.018814646877e-01,-8.784809993174e-02,2.128035613430e+00,-8.787628284976e-02,2.148783312456e+00
1.084564117898e+00,6.855774300205e-02,2.460874998489e-01,-7.206199368320e-02,-2.047524499473e-01,-8.659538581513e-02,2.113765759500e+00,-8.661131116929e-02,2.134523261479e+00
1.085154769843e+00,6.870384169742e-02,2.486156717409e-01,-7.218377572206e-02,-2.076123608101e-01,-8.535110482620e-02,2.099480293346e+00,-8.535476695430e-02,2.120247165090e+00
1.085745421789e+00,6.885143023208e-02,2.511322281772e-01,-7.230724371168e-02,-2.104612291236e-01,-8.411526614226e-02,2.085179364242e+00,-8.410665963721e-02,2.105955175101e+00
1.086336073734e+00,6.900050175726e-02,2.536372094707e-01,-7.243239113935e-02,-2.132990873381e-01,-8.288787885258e-02,2.070863120993e+00,-8.286699856090e-02,2.091647442879e+00
1.086926725680e+00,6.915104944814e-02,2.561306564746e-01,-7.255921151168e-02,-2.161259684988e-01,-8.166895195868e-02,2.056531711937e+00,-8.163579297898e-02,2.077324119342e+00
1.087517377625e+00,6.930306650419e-02,2.586126105734e-01,-7.268769835499e-02,-2.189419062365e-01,-8.045849437462e-02,2.042185284944e+00,-8.041305205606e-02,2.062985354962e+00
1.088108029571e+00,6.945654614948e-02,2.610831136748e-01,-7.281784521563e-02,-2.217469347592e-01,-7.925651492722e-02,2.027823987414e+00,-7.919878486799e-02,2.048631299760e+00
1.088698681516e+00,6.961148163299e-02,2.635422082008e-01,-7.294964566032e-02,-2.245410888437e-01,-7.806302235640e-02,2.013447966281e+00,-7.799300040215e-02,2.034262103311e+00
1.089289333462e+00,6.976786622888e-02,2.659899370789e-01,-7.308309327649e-02,-2.273244038264e-01,-7.687802531545e-02,1.999057368008e+00,-7.679570755772e-02,2.019877914737e+00
1.089879985407e+00,6.992569323686e-02,2.684263437339e-01,-7.321818167260e-02,-2.300969155952e-01,-7.570153237125e-02,1.984652338593e+00,-7.560691514591e-02,2.005478882715e+00
1.090470637353e+00,7.008495598239e-02,2.708514720792e-01,-7.335490447846e-02,-2.328586605806e-01,-7.453355200462e-02,1.970233023565e+00,-7.442663189025e-02,1.991065155468e+00
1.091061289298e+00,7.024564781703e-02,2.732653665078e-01,-7.349325534558e-02,-2.356096757472e-01,-7.337409261053e-02,1.955799567986e+00,-7.325486642688e-02,1.976636880771e+00
1.091651941244e+00,7.040776211869e-02,2.756680718845e-01,-7.363322794744e-02,-2.383499985848e-01,-7.222316249843e-02,1.941352116452e+00,-7.209162730475e-02,1.962194205947e+00
1.092242593189e+00,7.057129229192e-02,2.780596335364e-01,-7.377481597982e-02,-2.410796671002e-01,-7.108076989249e-02,1.926890813091e+00,-7.093692298597e-02,1.947737277872e+00
1.092833245135e+00,7.073623176819e-02,2.804400972453e-01,-7.391801316109e-02,-2.437987198080e-01,-6.994692293188e-02,1.912415801566e+00,-6.979076184599e-02,1.933266242968e+00
1.093423897080e+00,7.090257400611e-02,2.828095092386e-01,-7.406281323253e-02,-2.465071957225e-01,-6.882162967109e-02,1.897927225077e+00,-6.865315217393e-02,1.918781247209e+00
1.094014549025e+00,7.107031249177e-02,2.851679161807e-01,-7.420920995861e-02,-2.492051343489e-01,-6.770489808011e-02,1.883425226356e+00,-6.752410217282e-02,1.904282436118e+00
1.094605200971e+00,7.123944073890e-02,2.875153651651e-01,-7.435719712726e-02,-2.518925756746e-01,-6.659673604482e-02,1.868909947673e+00,-6.640361995988e-02,1.889769954769e+00
1.095195852916e+00,7.140995228921e-02,2.898519037054e-01,-7.450676855018e-02,-2.545695601608e-01,-6.549715136715e-02,1.854381530836e+00,-6.529171356674e-02,1.875243947786e+00
1.095786504862e+00,7.158184071256e-02,2.921775797268e-01,-7.465791806310e-02,-2.572361287335e-01,-6.440615176545e-02,1.839840117189e+00,-6.418839093979e-02,1.860704559344e+00
1.096377156807e+00,7.175509960727e-02,2.944924415580e-01,-7.481063952607e-02,-2.598923227757e-01,-6.332374487470e-02,1.825285847617e+00,-6.309365994035e-02,1.846151933167e+00
1.096967808753e+00,7.192972260030e-02,2.967965379228e-01,-7.496492682371e-02,-2.625381841178e-01,-6.224993824680e-02,1.810718862543e+00,-6.200752834500e-02,1.831586212534e+00
1.097558460698e+00,7.210570334752e-02,2.990899179312e-01,-7.512077386546e-02,-2.651737550299e-01,-6.118473935086e-02,1.796139301931e+00,-6.093000384584e-02,1.817007540274e+00
1.098149112644e+00,7.228303553389e-02,3.013726310715e-01,-7.527817458588e-02,-2.677990782129e-01,-6.012815557344e-02,1.781547305288e+00,-5.986109405071e-02,1.802416058770e+00
1.098739764589e+00,7.246171287375e-02,3.036447272018e-01,-7.543712294486e-02,-2.704141967898e-01,-5.908019421884e-02,1.766943011664e+00,-5.880080648351e-02,1.787811909956e+00
1.099330416535e+00,7.264172911095e-02,3.059062565414e-01,-7.559761292788e-02,-2.730191542976e-01,-5.804086250938e-02,1.752326559652e+00,-5.774914858441e-02,1.773195235324e+00
1.099921068480e+00,7.282307801915e-02,3.081572696631e-01,-7.575963854628e-02,-2.756139946784e-01,-5.701016758562e-02,1.737698087392e+00,-5.670612771017e-02,1.758566175917e+00
1.100511720426e+00,7.300575340195e-02,3.103978174841e-01,-7.592319383744e-02,-2.781987622712e-01,-5.598811650669e-02,1.723057732569e+00,-5.567175113435e-02,1.743924872335e+00
1.101102372371e+00,7.318974909314e-02,3.126279512583e-01,-7.608827286506e-02,-2.807735018030e-01,-5.497471625052e-02,1.708405632420e+00,-5.464602604760e-02,1.729271464735e+00
1.101693024317e+00,7.337505895688e-02,3.148477225678e-01,-7.625486971937e-02,-2.833382583809e-01,-5.396997371412e-02,1.693741923726e+00,-5.362895955794e-02,1.714606092831e+00
1.102283676262e+00,7.356167688789e-02,3.170571833150e-01,-7.642297851734e-02,-2.858930774831e-01,-5.297389571382e-02,1.679066742825e+00,-5.262055869095e-02,1.699928895896e+00
1.102874328208e+00,7.374959681163e-02,3.192563857137e-01,-7.659259340293e-02,-2.884380049510e-01,-5.198648898558e-02,1.664380225604e+00,-5.162083039013e-02,1.685240012762e+00
1.103464980153e+00,7.393881268449e-02,3.214453822818e-01,-7.676370854727e-02,-2.909730869803e-01,-5.100776018522e-02,1.649682507504e+00,-5.062978151708e-02,1.670539581821e+00
1.104055632098e+00,7.412931849399e-02,3.236242258323e-01,-7.693631814887e-02,-2.934983701128e-01,-5.003771588869e-02,1.634973723525e+00,-4.964741885178e-02,1.655827741028e+00
1.104646284044e+00,7.432110825891e-02,3.257929694660e-01,-7.711041643385e-02,-2.960139012282e-01,-4.907636259234e-02,1.620254008221e+00,-4.867374909289e-02,1.641104627900e+00
1.105236935989e+00,7.451417602946e-02,3.279516665626e-01,-7.728599765608e-02,-2.985197275353e-01,-4.812370671316e-02,1.605523495707e+00,-4.770877885793e-02,1.626370379519e+00
1.105827587935e+00,7.470851588750e-02,3.301003707732e-01,-7.746305609746e-02,-3.010158965642e-01,-4.717975458908e-02,1.590782319660e+00,-4.675251468362e-02,1.611625132532e+00
1.106418239880e+00,7.490412194662e-02,3.322391360120e-01,-7.764158606801e-02,-3.035024561574e-01,-4.624451247918e-02,1.576030613317e+00,-4.580496302608e-02,1.596869023153e+00
1.107008891826e+00,7.510098835235e-02,3.343680164483e-01,-7.782158190613e-02,-3.059794544621e-01,-4.531798656398e-02,1.561268509482e+00,-4.486613026110e-02,1.582102187164e+00
1.107599543771e+00,7.529910928229e-02,3.364870664986e-01,-7.800303797873e-02,-3.084469399214e-01,-4.440018294568e-02,1.546496140525e+00,-4.393602268439e-02,1.567324759917e+00
1.108190195717e+00,7.549847894623e-02,3.385963408187e-01,-7.818594868141e-02,-3.109049612664e-01,-4.349110764845e-02,1.531713638385e+00,-4.301464651187e-02,1.552536876336e+00
1.108780847662e+00,7.569909158634e-02,3.406958942953e-01,-7.837030843866e-02,-3.133535675077e-01,-4.259076661861e-02,1.516921134571e+00,-4.210200787986e-02,1.537738670916e+00
1.109371499608e+00,7.590094147725e-02,3.427857820387e-01,-7.855611170398e-02,-3.157928079273e-01,-4.169916572497e-02,1.502118760164e+00,-4.119811284538e-02,1.522930277729e+00
1.109962151553e+00,7.610402292621e-02,3.448660593747e-01,-7.874335296006e-02,-3.182227320706e-01,-4.081631075903e-02,1.487306645820e+00,-4.030296738639e-02,1.508111830421e+00
1.110552803499e+00,7.630833027324e-02,3.469367818365e-01,-7.893202671893e-02,-3.206433897378e-01,-3.994220743524e-02,1.472484921774e+00,-3.941657740203e-02,1.493283462217e+00
1.111143455444e+00,7.651385789117e-02,3.489980051574e-01,-7.912212752211e-02,-3.230548309762e-01,-3.907686139125e-02,1.457653717837e+00,-3.853894871287e-02,1.478445305921e+00
1.111734107390e+00,7.672060018583e-02,3.510497852624e-01,-7.931364994075e-02,-3.254571060719e-01,-3.822027818816e-02,1.442813163404e+00,-3.767008706118e-02,1.463597493918e+00
1.112324759335e+00,7.692855159615e-02,3.530921782611e-01,-7.950658857576e-02,-3.278502655414e-01,-3.737246331077e-02,1.427963387450e+00,-3.680999811115e-02,1.448740158179e+00
1.112915411281e+00,7.713770659424e-02,3.551252404394e-01,-7.970093805798e-02,-3.302343601243e-01,-3.653342216783e-02,1.413104518540e+00,-3.595868744912e-02,1.433873430256e+00
1.113506063226e+00,7.734805968549e-02,3.571490282522e-01,-7.989669304825e-02,-3.326094407743e-01,-3.570316009226e-02,1.398236684823e+00,-3.511616058390e-02,1.418997441290e+00
1.114096715171e+00,7.755960540872e-02,3.591635983156e-01,-8.009384823759e-02,-3.349755586519e-01,-3.488168234141e-02,1.383360014042e+00,-3.428242294691e-02,1.404112322011e+00
1.114687367117e+00,7.777233833619e-02,3.611690073992e-01,-8.029239834728e-02,-3.373327651164e-01,-3.406899409731e-02,1.368474633530e+00,-3.345747989252e-02,1.389218202741e+00
1.115278019062e+00,7.798625307378e-02,3.631653124187e-01,-8.049233812902e-02,-3.396811117172e-01,-3.326510046689e-02,1.353580670218e+00,-3.264133669821e-02,1.374315213393e+00
1.115868671008e+00,7.820134426099e-02,3.651525704282e-01,-8.069366236496e-02,-3.420206501868e-01,-3.247000648223e-02,1.338678250633e+00,-3.183399856488e-02,1.359403483477e+00
1.116459322953e+00,7.841760657108e-02,3.671308386128e-01,-8.089636586792e-02,-3.443514324323e-01,-3.168371710081e-02,1.323767500903e+00,-3.103547061701e-02,1.344483142099e+00
1.117049974899e+00,7.863503471112e-02,3.691001742809e-01,-8.110044348139e-02,-3.466735105277e-01,-3.090623720569e-02,1.308848546760e+00,-3.024575790299e-02,1.329554317965e+00
1.117640626844e+00,7.885362342206e-02,3.710606348568e-01,-8.130589007966e-02,-3.489869367061e-01,-3.013757160583e-02,1.293921513538e+00,-2.946486539527e-02,1.314617139383e+00
1.118231278790e+00,7.907336747880e-02,3.730122778736e-01,-8.151270056794e-02,-3.512917633517e-01,-2.937772503624e-02,1.278986526184e+00,-2.869279799065e-02,1.299671734265e+00
1.118821930735e+00,7.929426169025e-02,3.749551609654e-01,-8.172086988241e-02,-3.535880429923e-01,-2.862670215827e-02,1.264043709252e+00,-2.792956051049e-02,1.284718230127e+00
1.119412582681e+00,7.951630089939e-02,3.768893418602e-01,-8.193039299032e-02,-3.558758282912e-01,-2.788450755979e-02,1.249093186912e+00,-2.717515770094e-02,1.269756754097e+00
1.120003234626e+00,7.973947998333e-02,3.788148783723e-01,-8.214126489005e-02,-3.581551720396e-01,-2.715114575547e-02,1.234135082948e+00,-2.642959423320e-02,1.254787432913e+00
1.120593886572e+00,7.996379385335e-02,3.807318283954e-01,-8.235348061122e-02,-3.604261271491e-01,-2.642662118696e-02,1.219169520764e+00,-2.569287470371e-02,1.239810392923e+00
1.121184538517e+00,8.018923745493e-02,3.826402498951e-01,-8.256703521473e-02,-3.626887466437e-01,-2.571093822315e-02,1.204196623387e+00,-2.496500363438e-02,1.224825760096e+00
1.121775190463e+00,8.041580576782e-02,3.845402009017e-01,-8.278192379280e-02,-3.649430836523e-01,-2.500410116035e-02,1.189216513467e+00,-2.424598547285e-02,1.209833660015e+00
1.122365842408e+00,8.064349380607e-02,3.864317395032e-01,-8.299814146910e-02,-3.671891914012e-01,-2.430611422256e-02,1.174229313281e+00,-2.353582459271e-02,1.194834217886e+00
1.122956494354e+00,8.087229661805e-02,3.883149238379e-01,-8.321568339875e-02,-3.694271232063e-01,-2.361698156165e-02,1.159235144738e+00,-2.283452529367e-02,1.179827558536e+00
1.123547146299e+00,8.110220928646e-02,3.901898120874e-01,-8.343454476837e-02,-3.716569324657e-01,-2.293670725761e-02,1.144234129380e+00,-2.214209180185e-02,1.164813806421e+00
1.124137798244e+00,8.133322692842e-02,3.920564624697e-01,-8.365472079616e-02,-3.738786726521e-01,-2.226529531873e-02,1.129226388383e+00,-2.145852826996e-02,1.149793085623e+00
1.124728450190e+00,8.156534469539e-02,3.939149332320e-01,-8.387620673191e-02,-3.760923973053e-01,-2.160274968184e-02,1.114212042564e+00,-2.078383877752e-02,1.134765519855e+00
1.125319102135e+00,8.179855777330e-02,3.957652826436e-01,-8.409899785708e-02,-3.782981600251e-01,-2.094907421251e-02,1.099191212382e+00,-2.011802733112e-02,1.119731232465e+00
1.125909754081e+00,8.203286138245e-02,3.976075689892e-01,-8.432308948477e-02,-3.804960144631e-01,-2.030427270529e-02,1.084164017941e+00,-1.946109786456e-02,1.104690346436e+00
1.126500406026e+00,8.226825077759e-02,3.994418505617e-01,-8.454847695979e-02,-3.826860143162e-01,-1.966834888387e-02,1.069130578992e+00,-1.881305423913e-02,1.089642984391e+00
1.127091057972e+00,8.250472124792e-02,4.012681856557e-01,-8.477515565869e-02,-3.848682133185e-01,-1.904130640131e-02,1.054091014939e+00,-1.817390024379e-02,1.074589268594e+00
1.127681709917e+00,8.274226811703e-02,4.030866325603e-01,-8.500312098977e-02,-3.870426652346e-01,-1.842314884026e-02,1.039045444839e+00,-1.754363959540e-02,1.059529320954e+00
1.128272361863e+00,8.298088674297e-02,4.048972495522e-01,-8.523236839306e-02,-3.892094238518e-01,-1.781387971314e-02,1.023993987406e+00,-1.692227593891e-02,1.044463263027e+00
1.128863013808e+00,8.322057251819e-02,4.067000948895e-01,-8.546289334041e-02,-3.913685429731e-01,-1.721350246236e-02,1.008936761016e+00,-1.630981284757e-02,1.029391216021e+00
1.129453665754e+00,8.346132086953e-02,4.084952268043e-01,-8.569469133542e-02,-3.935200764099e-01,-1.662202046050e-02,9.938738837066e-01,-1.570625382316e-02,1.014313300793e+00
1.130044317699e+00,8.370312725825e-02,4.102827034965e-01,-8.592775791348e-02,-3.956640779751e-01,-1.603943701053e-02,9.788054731845e-01,-1.511160229616e-02,9.992296378603e-01
1.130634969645e+00,8.394598717995e-02,4.120625831267e-01,-8.616208864177e-02,-3.978006014752e-01,-1.546575534599e-02,9.637316468248e-01,-1.452586162597e-02,9.841403473960e-01
1.131225621590e+00,8.418989616457e-02,4.138349238102e-01,-8.639767911924e-02,-3.999297007041e-01,-1.490097863119e-02,9.486525216764e-01,-1.394903510111e-02,9.690455492362e-01
1.131816273536e+00,8.443484977636e-02,4.155997836095e-01,-8.663452497661e-02,-4.020514294353e-01,-1.434510996139e-02,9.335682144644e-01,-1.338112593943e-02,9.539453628811e-01
1.132406925481e+00,8.468084361385e-02,4.173572205288e-01,-8.687262187636e-02,-4.041658414154e-01,-1.379815236300e-02,9.184788415939e-01,-1.282213728828e-02,9.388399074989e-01
1.132997577427e+00,8.492787330982e-02,4.191072925065e-01,-8.711196551270e-02,-4.062729903565e-01,-1.326010879380e-02,9.033845191528e-01,-1.227207222472e-02,9.237293019281e-01
1.133588229372e+00,8.517593453124e-02,4.208500574097e-01,-8.735255161154e-02,-4.083729299296e-01,-1.273098214306e-02,8.882853629151e-01,-1.173093375572e-02,9.086136646808e-01
1.134178881317e+00,8.542502297924e-02,4.225855730267e-01,-8.759437593050e-02,-4.104657137578e-01,-1.221077523177e-02,8.731814883447e-01,-1.119872481835e-02,8.934931139458e-01
1.134769533263e+00,8.567513438905e-02,4.243138970616e-01,-8.783743425884e-02,-4.125513954088e-01,-1.169949081282e-02,8.580730105982e-01,-1.067544827996e-02,8.783677675917e-01
1.135360185208e+00,8.592626452997e-02,4.260350871274e-01,-8.808172241746e-02,-4.146300283886e-01,-1.119713157116e-02,8.429600445284e-01,-1.016110693837e-02,8.632377431695e-01
1.135950837154e+00,8.617840920529e-02,4.277492007397e-01,-8.832723625881e-02,-4.167016661344e-01,-1.070370012400e-02,8.278427046877e-01,-9.655703522078e-03,8.481031579164e-01
1.136541489099e+00,8.643156425224e-02,4.294562953105e-01,-8.857397166691e-02,-4.187663620078e-01,-1.021919902097e-02,8.127211053316e-01,-9.159240690408e-03,8.329641287581e-01
1.137132141045e+00,8.668572554195e-02,4.311564281420e-01,-8.882192455726e-02,-4.208241692881e-01,-9.743630744310e-03,7.975953604217e-01,-8.671721033723e-03,8.178207723129e-01
1.137722792990e+00,8.694088897932e-02,4.328496564206e-01,-8.907109087682e-02,-4.228751411653e-01,-9.276997709028e-03,7.824655836294e-01,-8.193147073593e-03,8.026732048937e-01
1.138313444936e+00,8.719705050303e-02,4.345360372100e-01,-8.932146660391e-02,-4.249193307339e-01,-8.819302263076e-03,7.673318883395e-01,-7.723521262977e-03,7.875215425123e-01
1.138904096881e+00,8.745420608540e-02,4.362156274459e-01,-8.957304774821e-02,-4.269567909859e-01,-8.370546687522e-03,7.521943876531e-01,-7.262845986400e-03,7.723659008816e-01
1.139494748827e+00,8.771235173237e-02,4.378884839296e-01,-8.982583035064e-02,-4.289875748040e-01,-7.930733196712e-03,7.370531943913e-01,-6.811123560126e-03,7.572063954195e-01
1.140085400772e+00,8.797148348335e-02,4.395546633218e-01,-9.007981048335e-02,-4.310117349553e-01,-7.499863938434e-03,7.219084210988e-01,-6.368356232337e-03,7.420431412516e-01
1.140676052718e+00,8.823159741120e-02,4.412142221366e-01,-9.033498424959e-02,-4.330293240850e-01,-7.077940994085e-03,7.067601800473e-01,-5.934546183296e-03,7.268762532149e-01
1.141266704663e+00,8.849268962211e-02,4.428672167360e-01,-9.059134778369e-02,-4.350403947090e-01,-6.664966378825e-03,6.916085832386e-01,-5.509695525528e-03,7.117058458606e-01
1.141857356609e+00,8.875475625551e-02,4.445137033231e-01,-9.084889725096e-02,-4.370449992083e-01,-6.260942041741e-03,6.764537424087e-01,-5.093806303976e-03,6.965320334575e-01
1.142448008554e+00,8.901779348399e-02,4.461537379372e-01,-9.110762884759e-02,-4.390431898221e-01,-5.865869866000e-03,6.612957690308e-01,-4.686880496175e-03,6.813549299955e-01
1.143038660499e+00,8.928179751316e-02,4.477873764470e-01,-9.136753880059e-02,-4.410350186416e-01,-5.479751669001e-03,6.461347743190e-01,-4.288920012413e-03,6.661746491884e-01
1.143629312445e+00,8.954676458161e-02,4.494146745455e-01,-9.162862336769e-02,-4.430205376034e-01,-5.102589202534e-03,6.309708692318e-01,-3.899926695894e-03,6.509913044776e-01
1.144219964390e+00,8.981269096075e-02,4.510356877438e-01,-9.189087883725e-02,-4.449997984833e-01,-4.734384152923e-03,6.158041644757e-01,-3.519902322894e-03,6.358050090352e-01
1.144810616336e+00,9.007957295474e-02,4.526504713656e-01,-9.215430152817e-02,-4.469728528900e-01,-4.375138141176e-03,6.006347705085e-01,-3.148848602925e-03,6.206158757674e-01
1.145401268281e+00,9.034740690034e-02,4.542590805413e-01,-9.241888778977e-02,-4.489397522587e-01,-4.024852723132e-03,5.854627975431e-01,-2.786767178887e-03,6.054240173176e-01
1.145991920227e+00,9.061618916683e-02,4.558615702024e-01,-9.268463400170e-02,-4.509005478451e-01,-3.683529389605e-03,5.702883555509e-01,-2.433659627226e-03,5.902295460702e-01
1.146582572172e+00,9.088591615586e-02,4.574579950758e-01,-9.295153657384e-02,-4.528552907191e-01,-3.351169566523e-03,5.551115542653e-01,-2.089527458080e-03,5.750325741533e-01
1.147173224118e+00,9.115658430136e-02,4.590484096785e-01,-9.321959194617e-02,-4.548040317586e-01,-3.027774615069e-03,5.399325031854e-01,-1.754372115434e-03,5.598332134426e-01
1.147763876063e+00,9.142819006939e-02,4.606328683118e-01,-9.348879658864e-02,-4.567468216432e-01,-2.713345831818e-03,5.247513115795e-01,-1.428194977269e-03,5.446315755644e-01
1.148354528009e+00,9.170072995801e-02,4.622114250555e-01,-9.375914700112e-02,-4.586837108486e-01,-2.407884448874e-03,5.095680884886e-01,-1.110997355704e-03,5.294277718993e-01
1.148945179954e+00,9.197420049717e-02,4.637841337632e-01,-9.403063971320e-02,-4.606147496402e-01,-2.111391634001e-03,4.943829427301e-01,-8.027804971440e-04,5.142219135851e-01
1.149535831900e+00,9.224859824854e-02,4.653510480561e-01,-9.430327128410e-02,-4.625399880670e-01,-1.823868490755e-03,4.791959829013e-01,-5.035455824195e-04,4.990141115206e-01
1.150126483845e+00,9.252391980542e-02,4.669122213179e-01,-9.457703830254e-02,-4.644594759560e-01,-1.545316058611e-03,4.640073173830e-01,-2.132937269290e-04,4.838044763688e-01
1.150717135791e+00,9.280016179253e-02,4.684677066896e-01,-9.485193738659e-02,-4.663732629059e-01,-1.275735313095e-03,4.488170543430e-01,6.797401922391e-05,4.685931185603e-01
1.151307787736e+00,9.307732086595e-02,4.700175570640e-01,-9.512796518358e-02,-4.682813982814e-01,-1.015127165903e-03,4.336253017397e-01,3.402566710941e-04,4.533801482967e-01
1.151898439682e+00,9.335539371289e-02,4.715618250802e-01,-9.540511836989e-02,-4.701839312074e-01,-7.634924650246e-04,4.184321673261e-01,6.035533087607e-04,4.381656755540e-01
1.152489091627e+00,9.363437705159e-02,4.731005631188e-01,-9.568339365086e-02,-4.720809105629e-01,-5.208319948678e-04,4.032377586527e-01,8.578630771945e-04,4.229498100861e-01
1.153079743572e+00,9.391426763115e-02,4.746338232963e-01,-9.596278776062e-02,-4.739723849755e-01,-2.871464763724e-04,3.880421830714e-01,1.103185186128e-03,4.077326614279e-01
1.153670395518e+00,9.419506223138e-02,4.761616574603e-01,-9.624329746196e-02,-4.758584028154e-01,-6.243656712852e-05,3.728455477395e-01,1.339518909928e-03,3.925143388993e-01
1.154261047463e+00,9.447675766261e-02,4.776841171838e-01,-9.652491954615e-02,-4.777390121899e-01,1.532971385098e-04,3.576479596226e-01,1.566863587468e-03,3.772949516079e-01
1.154851699409e+00,9.475935076558e-02,4.792012537609e-01,-9.680765083278e-02,-4.796142609377e-01,3.600541093126e-04,3.424495254987e-01,1.785218622003e-03,3.620746084530e-01
1.155442351354e+00,9.504283841122e-02,4.807131182008e-01,-9.709148816966e-02,-4.814841966231e-01,5.578338770640e-04,3.272503519614e-01,1.994583481053e-03,3.468534181285e-01
1.156033003300e+00,9.532721750052e-02,4.822197612236e-01,-9.737642843256e-02,-4.833488665304e-01,7.466360364547e-04,3.120505454240e-01,2.194957696274e-03,3.316314891269e-01
1.156623655245e+00,9.561248496432e-02,4.837212332550e-01,-9.766246852513e-02,-4.852083176587e-01,9.264602449763e-04,2.968502121225e-01,2.386340863348e-03,3.164089297423e-01
1.157214307191e+00,9.589863776317e-02,4.852175844211e-01,-9.794960537868e-02,-4.870625967158e-01,1.097306222817e-03,2.816494581199e-01,2.568732641863e-03,3.011858480740e-01
1.157804959136e+00,9.618567288714e-02,4.867088645438e-01,-9.823783595202e-02,-4.889117501132e-01,1.259173752763e-03,2.664483893090e-01,2.742132755198e-03,2.859623520299e-01
1.158395611082e+00,9.647358735562e-02,4.881951231359e-01,-9.852715723129e-02,-4.907558239604e-01,1.412062680096e-03,2.512471114165e-01,2.906540990414e-03,2.707385493297e-01
1.158986263027e+00,9.676237821717e-02,4.896764093962e-01,-9.881756622977e-02,-4.925948640595e-01,1.555972912496e-03,2.360457300067e-01,3.061957198143e-03,2.555145475088e-01
1.159576914973e+00,9.705204254932e-02,4.911527722047e-01,-9.910905998770e-02,-4.944289158999e-01,1.690904419950e-03,2.208443504846e-01,3.208381292477e-03,2.402904539213e-01
1.160167566918e+00,9.734257745834e-02,4.926242601178e-01,-9.940163557209e-02,-4.962580246529e-01,1.816857234656e-03,2.056430780999e-01,3.345813250867e-03,2.250663757436e-01
1.160758218864e+00,9.763398007913e-02,4.940909213637e-01,-9.969529007655e-02,-4.980822351664e-01,1.933831450933e-03,1.904420179501e-01,3.474253114014e-03,2.098424199779e-01
1.161348870809e+00,9.792624757493e-02,4.955528038375e-01,-9.999002062107e-02,-4.999015919596e-01,2.041827225132e-03,1.752412749849e-01,3.593700985773e-03,1.946186934554e-01
1.161939522755e+00,9.821937713722e-02,4.970099550967e-01,-1.002858243518e-01,-5.017161392179e-01,2.140844775550e-03,1.600409540089e-01,3.704157033045e-03,1.793953028398e-01
1.162530174700e+00,9.851336598542e-02,4.984624223568e-01,-1.005826984410e-01,-5.035259207876e-01,2.230884382346e-03,1.448411596856e-01,3.805621485688e-03,1.641723546309e-01
1.163120826645e+00,9.880821136677e-02,4.999102524862e-01,-1.008806400867e-01,-5.053309801706e-01,2.311946387458e-03,1.296419965409e-01,3.898094636414e-03,1.489499551678e-01
1.163711478591e+00,9.910391055607e-02,5.013534920021e-01,-1.011796465123e-01,-5.071313605197e-01,2.384031194522e-03,1.144435689667e-01,3.981576840700e-03,1.337282106324e-01
1.164302130536e+00,9.940046085551e-02,5.027921870658e-01,-1.014797149669e-01,-5.089271046329e-01,2.447139268796e-03,9.924598122426e-02,4.056068516693e-03,1.185072270525e-01
1.164892782482e+00,9.969785959442e-02,5.042263834782e-01,-1.017808427245e-01,-5.107182549492e-01,2.501271137081e-03,8.404933744807e-02,4.121570145120e-03,1.032871103060e-01
1.165483434427e+00,9.999610412908e-02,5.056561266756e-01,-1.020830270844e-01,-5.125048535426e-01,2.546427387649e-03,6.885374164904e-02,4.178082269204e-03,8.806796612333e-02
1.166074086373e+00,1.002951918425e-01,5.070814617252e-01,-1.023862653702e-01,-5.142869421179e-01,2.582608670173e-03,5.365929771823e-02,4.225605494575e-03,7.284990009146e-02
1.166664738318e+00,1.005951201442e-01,5.085024333204e-01,-1.026905549304e-01,-5.160645620054e-01,2.609815695653e-03,3.846610943033e-02,4.264140489184e-03,5.763301765710e-02
1.167255390264e+00,1.008958864700e-01,5.099190857770e-01,-1.029958931377e-01,-5.178377541563e-01,2.628049236350e-03,2.327428044717e-02,4.293687983228e-03,4.241742413006e-02
1.167846042209e+00,1.011974882817e-01,5.113314630287e-01,-1.033022773887e-01,-5.196065591374e-01,2.637310125723e-03,8.083914321241e-03,4.314248769062e-03,2.720322468669e-02
1.168436694155e+00,1.014999230671e-01,5.127396086228e-01,-1.036097051040e-01,-5.213710171267e-01,2.637599258362e-03,-7.104885500834e-03,4.325823701128e-03,1.199052437318e-02
1.169027346100e+00,1.018031883394e-01,5.141435657161e-01,-1.039181737278e-01,-5.231311679082e-01,2.628917589927e-03,-2.229201567478e-02,4.328413695876e-03,-3.220571891029e-03
1.169617998046e+00,1.021072816374e-01,5.155433770704e-01,-1.042276807277e-01,-5.248870508677e-01,2.611266137090e-03,-3.747737295518e-02,4.322019731688e-03,-1.842995930993e-02
1.170208649991e+00,1.024122005249e-01,5.169390850491e-01,-1.045382235944e-01,-5.266387049876e-01,2.584645977477e-03,-5.266085419205e-02,4.306642848813e-03,-3.363753320756e-02
1.170799301937e+00,1.027179425905e-01,5.183307316122e-01,-1.048497998415e-01,-5.283861688424e-01,2.549058249613e-03,-6.784235632732e-02,4.282284149288e-03,-4.884318902470e-02
1.171389953882e+00,1.030245054478e-01,5.197183583128e-01,-1.051624070053e-01,-5.301294805942e-01,2.504504152867e-03,-8.302177639140e-02,4.248944796877e-03,-6.404682231553e-02
1.171980605828e+00,1.033318867344e-01,5.211020062929e-01,-1.054760426446e-01,-5.318686779878e-01,2.450984947403e-03,-9.819901149974e-02,4.206626017002e-03,-7.924832874429e-02
1.172571257773e+00,1.036400841124e-01,5.224817162796e-01,-1.057907043401e-01,-5.336037983465e-01,2.388501954130e-03,-1.133739588494e-01,4.155329096680e-03,-9.444760408199e-02
1.173161909718e+00,1.039490952677e-01,5.238575285808e-01,-1.061063896946e-01,-5.353348785673e-01,2.317056554655e-03,-1.285465157156e-01,4.095055384460e-03,-1.096445442031e-01
1.173752561664e+00,1.042589179099e-01,5.252294830815e-01,-1.064230963327e-01,-5.370619551166e-01,2.236650191236e-03,-1.437165794484e-01,4.025806290364e-03,-1.248390450823e-01
1.174343213609e+00,1.045695497720e-01,5.265976192399e-01,-1.067408219001e-01,-5.387850640255e-01,2.147284366741e-03,-1.588840474690e-01,3.947583285827e-03,-1.400310027910e-01
1.174933865555e+00,1.048809886103e-01,5.279619760834e-01,-1.070595640640e-01,-5.405042408858e-01,2.048960644608e-03,-1.740488172669e-01,3.860387903644e-03,-1.552203134943e-01
1.175524517500e+00,1.051932322039e-01,5.293225922052e-01,-1.073793205121e-01,-5.422195208451e-01,1.941680648801e-03,-1.892107863959e-01,3.764221737911e-03,-1.704068734477e-01
1.176115169446e+00,1.055062783546e-01,5.306795057600e-01,-1.077000889531e-01,-5.439309386030e-01,1.825446063778e-03,-2.043698524712e-01,3.659086443978e-03,-1.855905789937e-01
1.176705821391e+00,1.058201248866e-01,5.320327544604e-01,-1.080218671158e-01,-5.456385284065e-01,1.700258634453e-03,-2.195259131658e-01,3.544983738393e-03,-2.007713265586e-01
1.177296473337e+00,1.061347696462e-01,5.333823755737e-01,-1.083446527492e-01,-5.473423240457e-01,1.566120166163e-03,-2.346788662073e-01,3.421915398858e-03,-2.159490126494e-01
1.177887125282e+00,1.064502105018e-01,5.347284059173e-01,-1.086684436222e-01,-5.490423588497e-01,1.423032524640e-03,-2.498286093743e-01,3.289883264180e-03,-2.311235338504e-01
1.178477777228e+00,1.067664453430e-01,5.360708818561e-01,-1.089932375230e-01,-5.507386656826e-01,1.270997635975e-03,-2.649750404935e-01,3.148889234226e-03,-2.462947868201e-01
1.179068429173e+00,1.070834720812e-01,5.374098392980e-01,-1.093190322594e-01,-5.524312769388e-01,1.110017486598e-03,-2.801180574362e-01,2.998935269883e-03,-2.614626682879e-01
1.179659081119e+00,1.074012886486e-01,5.387453136910e-01,-1.096458256580e-01,-5.541202245396e-01,9.400941232472e-04,-2.952575581148e-01,2.840023393013e-03,-2.766270750511e-01
1.180249733064e+00,1.077198929982e-01,5.400773400192e-01,-1.099736155640e-01,-5.558055399284e-01,7.612296529493e-04,-3.103934404798e-01,2.672155686416e-03,-2.917879039715e-01
1.180840385010e+00,1.080392831036e-01,5.414059527996e-01,-1.103023998414e-01,-5.574872540674e-01,5.734262429958e-04,-3.255256025165e-01,2.495334293793e-03,-3.069450519725e-01
1.181431036955e+00,1.083594569588e-01,5.427311860786e-01,-1.106321763719e-01,-5.591653974331e-01,3.766861209239e-04,-3.406539422416e-01,2.309561419711e-03,-3.220984160356e-01
1.182021688901e+00,1.086804125774e-01,5.440530734286e-01,-1.109629430554e-01,-5.608400000123e-01,1.710115744994e-04,-3.557783577003e-01,2.114839329567e-03,-3.372478931976e-01
1.182612340846e+00,1.090021479929e-01,5.453716479444e-01,-1.112946978091e-01,-5.625110912988e-01,-4.359504829940e-05,-3.708987469626e-01,1.911170349560e-03,-3.523933805473e-01
1.183324436780e+00,1.093910693793e-01,5.469569778313e-01,-1.116959753472e-01,-5.645211497867e-01,-3.141990816193e-04,-3.891225380694e-01,1.653733122211e-03,-3.706474771400e-01
1.184036532713e+00,1.097811179951e-01,5.485375960961e-01,-1.120986824553e-01,-5.665261965604e-01,-5.977780025635e-04,-4.073401504565e-01,1.383299409064e-03,-3.888954448935e-01
1.184748628647e+00,1.101722905048e-01,5.501135579240e-01,-1.125028155820e-01,-5.685262803944e-01,-8.943273477327e-04,-4.255514056147e-01,1.099873638555e-03,-4.071371037365e-01
1.185460724581e+00,1.105645836118e-01,5.516849174577e-01,-1.129083712102e-01,-5.705214489831e-01,-1.203842526619e-03,-4.437561250519e-01,8.034603673214e-04,-4.253722736732e-01
1.186172820515e+00,1.109579940579e-01,5.532517277944e-01,-1.133153458564e-01,-5.725117489344e-01,-1.526318821616e-03,-4.619541302949e-01,4.940642801460e-04,-4.436007747843e-01
1.186884916449e+00,1.113525186220e-01,5.548140409759e-01,-1.137237360698e-01,-5.744972257600e-01,-1.861751388031e-03,-4.801452428781e-01,1.716901899091e-04,-4.618224272165e-01
1.187597012382e+00,1.117481541200e-01,5.563719079810e-01,-1.141335384318e-01,-5.764779238654e-01,-2.210135254088e-03,-4.983292843354e-01,-1.636569624573e-04,-4.800370511749e-01
1.188309108316e+00,1.121448974034e-01,5.579253787174e-01,-1.145447495548e-01,-5.784538865412e-01,-2.571465320920e-03,-5.165060761926e-01,-5.119721080078e-04,-4.982444669148e-01
1.189021204250e+00,1.125427453591e-01,5.594745020140e-01,-1.149573660817e-01,-5.804251559541e-01,-2.945736362566e-03,-5.346754399594e-01,-8.732500498170e-04,-5.164444947346e-01
1.189733300184e+00,1.129416949084e-01,5.610193256137e-01,-1.153713846852e-01,-5.823917731379e-01,-3.332943025954e-03,-5.528371971220e-01,-1.247485463007e-03,-5.346369549682e-01
1.190445396117e+00,1.133417430059e-01,5.625598961655e-01,-1.157868020665e-01,-5.843537779849e-01,-3.733079830880e-03,-5.709911691350e-01,-1.634672894771e-03,-5.528216679774e-01
1.191157492051e+00,1.137428866394e-01,5.640962592177e-01,-1.162036149551e-01,-5.863112092373e-01,-4.146141169986e-03,-5.891371774139e-01,-2.034806764390e-03,-5.709984541446e-01
1.191869587985e+00,1.141451228285e-01,5.656284592101e-01,-1.166218201075e-01,-5.882641044786e-01,-4.572121308730e-03,-6.072750433280e-01,-2.447881363243e-03,-5.891671338655e-01
1.192581683919e+00,1.145484486242e-01,5.671565394674e-01,-1.170414143066e-01,-5.902125001255e-01,-5.011014385345e-03,-6.254045881924e-01,-2.873890854818e-03,-6.073275275418e-01
1.193293779852e+00,1.149528611079e-01,5.686805421917e-01,-1.174623943608e-01,-5.921564314193e-01,-5.462814410804e-03,-6.435256332606e-01,-3.312829274710e-03,-6.254794555736e-01
1.194005875786e+00,1.153583573905e-01,5.702005084562e-01,-1.178847571031e-01,-5.940959324182e-01,-5.927515268769e-03,-6.616379997175e-01,-3.764690530618e-03,-6.436227383527e-01
1.194717971720e+00,1.157649346119e-01,5.717164781980e-01,-1.183084993905e-01,-5.960310359888e-01,-6.405110715544e-03,-6.797415086718e-01,-4.229468402339e-03,-6.617571962553e-01
1.195430067654e+00,1.161725899401e-01,5.732284902115e-01,-1.187336181029e-01,-5.979617737989e-01,-6.895594380012e-03,-6.978359811487e-01,-4.707156541751e-03,-6.798826496348e-01
1.196142163587e+00,1.165813205701e-01,5.747365821419e-01,-1.191601101423e-01,-5.998881763089e-01,-7.398959763579e-03,-7.159212380827e-01,-5.197748472797e-03,-6.979989188148e-01
1.196854259521e+00,1.169911237236e-01,5.762407904791e-01,-1.195879724319e-01,-6.018102727652e-01,-7.915200240103e-03,-7.339971003109e-01,-5.701237591458e-03,-7.161058240822e-01
1.197566355455e+00,1.174019966475e-01,5.777411505507e-01,-1.200172019154e-01,-6.037280911917e-01,-8.444309055826e-03,-7.520633885652e-01,-6.217617165730e-03,-7.342031856803e-01
1.198278451389e+00,1.178139366137e-01,5.792376965163e-01,-1.204477955559e-01,-6.056416583831e-01,-8.986279329291e-03,-7.701199234659e-01,-6.746880335583e-03,-7.522908238018e-01
1.198990547322e+00,1.182269409180e-01,5.807304613613e-01,-1.208797503353e-01,-6.075509998975e-01,-9.541104051264e-03,-7.881665255143e-01,-7.289020112929e-03,-7.703685585823e-01
1.199702643256e+00,1.186410068791e-01,5.822194768909e-01,-1.213130632532e-01,-6.094561400491e-01,-1.010877608465e-02,-8.062030150864e-01,-7.844029381576e-03,-7.884362100931e-01
1.200414739190e+00,1.190561318380e-01,5.837047737242e-01,-1.217477313259e-01,-6.113571019013e-01,-1.068928816439e-02,-8.242292124252e-01,-8.411900897181e-03,-8.064935983351e-01
1.201126835124e+00,1.194723131573e-01,5.851863812884e-01,-1.221837515859e-01,-6.132539072601e-01,-1.128263289737e-02,-8.422449376348e-01,-8.992627287195e-03,-8.245405432316e-01
1.201838931057e+00,1.198895482197e-01,5.866643278136e-01,-1.226211210807e-01,-6.151465766668e-01,-1.188880276234e-02,-8.602500106733e-01,-9.586201050808e-03,-8.425768646221e-01
1.202551026991e+00,1.203078344280e-01,5.881386403265e-01,-1.230598368720e-01,-6.170351293919e-01,-1.250779010976e-02,-8.782442513461e-01,-1.019261455889e-02,-8.606023822559e-01
1.203263122925e+00,1.207271692036e-01,5.896093446458e-01,-1.234998960347e-01,-6.189195834286e-01,-1.313958716174e-02,-8.962274792995e-01,-1.081186005391e-02,-8.786169157852e-01
1.203975218859e+00,1.211475499858e-01,5.910764653763e-01,-1.239412956560e-01,-6.207999554861e-01,-1.378418601189e-02,-9.141995140141e-01,-1.144392964989e-02,-8.966202847592e-01
1.204687314792e+00,1.215689742310e-01,5.925400259042e-01,-1.243840328347e-01,-6.226762609836e-01,-1.444157862522e-02,-9.321601747987e-01,-1.208881533231e-02,-9.146123086176e-01
1.205399410726e+00,1.219914394121e-01,5.940000483918e-01,-1.248281046801e-01,-6.245485140442e-01,-1.511175683799e-02,-9.501092807834e-01,-1.274650895802e-02,-9.325928066842e-01
1.206111506660e+00,1.224149430170e-01,5.954565537726e-01,-1.252735083110e-01,-6.264167274890e-01,-1.579471235763e-02,-9.680466509135e-01,-1.341700225518e-02,-9.505615981610e-01
1.206823602594e+00,1.228394825482e-01,5.969095617465e-01,-1.257202408549e-01,-6.282809128312e-01,-1.649043676254e-02,-9.859721039437e-01,-1.410028682316e-02,-9.685185021221e-01
1.207535698527e+00,1.232650555218e-01,5.983590907753e-01,-1.261682994470e-01,-6.301410802704e-01,-1.719892150200e-02,-1.003885458431e+00,-1.479635413245e-02,-9.864633375072e-01
1.208247794461e+00,1.236916594666e-01,5.998051580777e-01,-1.266176812294e-01,-6.319972386871e-01,-1.792015789602e-02,-1.021786532730e+00,-1.550519552453e-02,-1.004395923116e+00
1.208959890395e+00,1.241192919232e-01,6.012477796254e-01,-1.270683833499e-01,-6.338493956372e-01,-1.865413713516e-02,-1.039675144986e+00,-1.622680221184e-02,-1.022316077603e+00
1.209671986329e+00,1.245479504431e-01,6.026869701383e-01,-1.275204029614e-01,-6.356975573470e-01,-1.940085028045e-02,-1.057551113128e+00,-1.696116527759e-02,-1.040223619469e+00
1.210384082262e+00,1.249776325879e-01,6.041227430806e-01,-1.279737372205e-01,-6.375417287075e-01,-2.016028826315e-02,-1.075414254865e+00,-1.770827567571e-02,-1.058118367058e+00
1.211096178196e+00,1.254083359283e-01,6.055551106564e-01,-1.284283832871e-01,-6.393819132701e-01,-2.093244188464e-02,-1.093264387680e+00,-1.846812423071e-02,-1.076000138553e+00
1.211808274130e+00,1.258400580432e-01,6.069840838063e-01,-1.288843383229e-01,-6.412181132410e-01,-2.171730181625e-02,-1.111101328821e+00,-1.924070163757e-02,-1.093868751963e+00
1.212520370064e+00,1.262727965190e-01,6.084096722030e-01,-1.293415994909e-01,-6.430503294770e-01,-2.251485859911e-02,-1.128924895300e+00,-2.002599846161e-02,-1.111724025127e+00
1.213232465998e+00,1.267065489484e-01,6.098318842478e-01,-1.298001639540e-01,-6.448785614809e-01,-2.332510264391e-02,-1.146734903884e+00,-2.082400513838e-02,-1.129565775702e+00
1.213944561931e+00,1.271413129295e-01,6.112507270670e-01,-1.302600288745e-01,-6.467028073965e-01,-2.414802423082e-02,-1.164531171092e+00,-2.163471197351e-02,-1.147393821159e+00
1.214656657865e+00,1.275770860653e-01,6.126662065085e-01,-1.307211914126e-01,-6.485230640050e-01,-2.498361350924e-02,-1.182313513186e+00,-2.245810914257e-02,-1.165207978778e+00
1.215368753799e+00,1.280138659624e-01,6.140783271385e-01,-1.311836487261e-01,-6.503393267204e-01,-2.583186049763e-02,-1.200081746169e+00,-2.329418669098e-02,-1.183008065643e+00
1.216080849733e+00,1.284516502301e-01,6.154870922381e-01,-1.316473979687e-01,-6.521515895857e-01,-2.669275508336e-02,-1.217835685781e+00,-2.414293453380e-02,-1.200793898637e+00
1.216792945666e+00,1.288904364797e-01,6.168925038004e-01,-1.321124362896e-01,-6.539598452686e-01,-2.756628702246e-02,-1.235575147486e+00,-2.500434245565e-02,-1.218565294435e+00
1.217505041600e+00,1.293302223234e-01,6.182945625274e-01,-1.325787608322e-01,-6.557640850586e-01,-2.845244593948e-02,-1.253299946478e+00,-2.587840011049e-02,-1.236322069502e+00
1.218217137534e+00,1.297710053734e-01,6.196932678275e-01,-1.330463687331e-01,-6.575642988624e-01,-2.935122132726e-02,-1.271009897667e+00,-2.676509702155e-02,-1.254064040083e+00
1.218929233468e+00,1.302127832412e-01,6.210886178123e-01,-1.335152571215e-01,-6.593604752012e-01,-3.026260254673e-02,-1.288704815676e+00,-2.766442258111e-02,-1.271791022205e+00
1.219641329401e+00,1.306555535361e-01,6.224806092945e-01,-1.339854231175e-01,-6.611526012074e-01,-3.118657882673e-02,-1.306384514840e+00,-2.857636605036e-02,-1.289502831665e+00
1.220353425335e+00,1.310993138652e-01,6.238692377853e-01,-1.344568638321e-01,-6.629406626207e-01,-3.212313926376e-02,-1.324048809198e+00,-2.950091655924e-02,-1.307199284029e+00
1.221065521269e+00,1.315440618315e-01,6.252544974919e-01,-1.349295763651e-01,-6.647246437862e-01,-3.307227282181e-02,-1.341697512486e+00,-3.043806310628e-02,-1.324880194628e+00
1.221777617203e+00,1.319897950337e-01,6.266363813157e-01,-1.354035578051e-01,-6.665045276507e-01,-3.403396833212e-02,-1.359330438139e+00,-3.138779455841e-02,-1.342545378551e+00
1.222489713136e+00,1.324365110647e-01,6.280148808502e-01,-1.358788052277e-01,-6.682802957605e-01,-3.500821449294e-02,-1.376947399278e+00,-3.235009965080e-02,-1.360194650640e+00
1.223201809070e+00,1.328842075112e-01,6.293899863788e-01,-1.363553156950e-01,-6.700519282585e-01,-3.599499986938e-02,-1.394548208714e+00,-3.332496698669e-02,-1.377827825489e+00
1.223913905004e+00,1.333328819525e-01,6.307616868734e-01,-1.368330862547e-01,-6.718194038823e-01,-3.699431289310e-02,-1.412132678936e+00,-3.431238503720e-02,-1.395444717435e+00
1.224626000938e+00,1.337825319593e-01,6.321299699927e-01,-1.373121139384e-01,-6.735826999614e-01,-3.800614186215e-02,-1.429700622111e+00,-3.531234214114e-02,-1.413045140558e+00
1.225338096871e+00,1.342331550933e-01,6.334948220805e-01,-1.377923957613e-01,-6.753417924159e-01,-3.903047494068e-02,-1.447251850080e+00,-3.632482650483e-02,-1.430628908672e+00
1.226050192805e+00,1.346847489061e-01,6.348562281647e-01,-1.382739287211e-01,-6.770966557537e-01,-4.006730015875e-02,-1.464786174351e+00,-3.734982620193e-02,-1.448195835325e+00
1.226762288739e+00,1.351373109378e-01,6.362141719557e-01,-1.387567097966e-01,-6.788472630694e-01,-4.111660541208e-02,-1.482303406096e+00,-3.838732917322e-02,-1.465745733792e+00
1.227474384673e+00,1.355908387167e-01,6.375686358458e-01,-1.392407359471e-01,-6.805935860426e-01,-4.217837846179e-02,-1.499803356148e+00,-3.943732322641e-02,-1.483278417073e+00
1.228186480606e+00,1.360453297582e-01,6.389196009079e-01,-1.397260041109e-01,-6.823355949362e-01,-4.325260693419e-02,-1.517285834996e+00,-4.049979603596e-02,-1.500793697885e+00
1.228898576540e+00,1.365007815634e-01,6.402670468949e-01,-1.402125112052e-01,-6.840732585955e-01,-4.433927832050e-02,-1.534750652782e+00,-4.157473514286e-02,-1.518291388665e+00
1.229610672474e+00,1.369571916188e-01,6.416109522391e-01,-1.407002541239e-01,-6.858065444470e-01,-4.543837997663e-02,-1.552197619295e+00,-4.266212795443e-02,-1.535771301557e+00
1.230322768408e+00,1.374145573949e-01,6.429512940515e-01,-1.411892297376e-01,-6.875354184973e-01,-4.654989912291e-02,-1.569626543969e+00,-4.376196174413e-02,-1.553233248417e+00
1.231034864341e+00,1.378728763456e-01,6.442880481217e-01,-1.416794348921e-01,-6.892598453323e-01,-4.767382284385e-02,-1.587037235881e+00,-4.487422365131e-02,-1.570677040804e+00
1.231746960275e+00,1.383321459069e-01,6.456211889175e-01,-1.421708664074e-01,-6.909797881172e-01,-4.881013808785e-02,-1.604429503742e+00,-4.599890068106e-02,-1.588102489975e+00
1.232459056209e+00,1.387923634962e-01,6.469506895851e-01,-1.426635210768e-01,-6.926952085951e-01,-4.995883166699e-02,-1.621803155901e+00,-4.713597970394e-02,-1.605509406888e+00
1.233171152143e+00,1.392535265116e-01,6.482765219490e-01,-1.431573956659e-01,-6.944060670877e-01,-5.111989025674e-02,-1.639158000334e+00,-4.828544745578e-02,-1.622897602191e+00
1.233883248076e+00,1.397156323301e-01,6.495986565122e-01,-1.436524869114e-01,-6.961123224946e-01,-5.229330039568e-02,-1.656493844646e+00,-4.944729053747e-02,-1.640266886223e+00
1.234595344010e+00,1.401786783077e-01,6.509170624567e-01,-1.441487915204e-01,-6.978139322936e-01,-5.347904848528e-02,-1.673810496065e+00,-5.062149541473e-02,-1.657617069010e+00
1.235307439944e+00,1.406426617779e-01,6.522317076442e-01,-1.446463061691e-01,-6.995108525409e-01,-5.467712078957e-02,-1.691107761440e+00,-5.180804841789e-02,-1.674947960259e+00
1.236019535878e+00,1.411075800506e-01,6.535425586165e-01,-1.451450275020e-01,-7.012030378716e-01,-5.588750343494e-02,-1.708385447238e+00,-5.300693574166e-02,-1.692259369360e+00
1.236731631811e+00,1.415734304116e-01,6.548495805965e-01,-1.456449521306e-01,-7.028904415002e-01,-5.711018240980e-02,-1.725643359540e+00,-5.421814344489e-02,-1.709551105376e+00
1.237443727745e+00,1.420402101216e-01,6.561527374893e-01,-1.461460766328e-01,-7.045730152216e-01,-5.834514356433e-02,-1.742881304038e+00,-5.544165745037e-02,-1.726822977044e+00
1.238155823679e+00,1.425079164147e-01,6.574519918833e-01,-1.466483975516e-01,-7.062507094118e-01,-5.959237261023e-02,-1.760099086033e+00,-5.667746354456e-02,-1.744074792774e+00
1.238867919613e+00,1.429765464984e-01,6.587473050513e-01,-1.471519113941e-01,-7.079234730293e-01,-6.085185512040e-02,-1.777296510434e+00,-5.792554737737e-02,-1.761306360640e+00
1.239580015547e+00,1.434460975518e-01,6.600386369524e-01,-1.476566146305e-01,-7.095912536161e-01,-6.212357652867e-02,-1.794473381749e+00,-5.918589446192e-02,-1.778517488383e+00
1.240292111480e+00,1.439165667252e-01,6.613259462334e-01,-1.481625036934e-01,-7.112539972997e-01,-6.340752212952e-02,-1.811629504089e+00,-6.045849017431e-02,-1.795707983402e+00
1.241004207414e+00,1.443879511388e-01,6.626091902304e-01,-1.486695749762e-01,-7.129116487943e-01,-6.470367707782e-02,-1.828764681164e+00,-6.174331975337e-02,-1.812877652759e+00
1.241716303348e+00,1.448602478821e-01,6.638883249712e-01,-1.491778248326e-01,-7.145641514027e-01,-6.601202638848e-02,-1.845878716278e+00,-6.304036830042e-02,-1.830026303168e+00
1.242428399282e+00,1.453334540129e-01,6.651633051772e-01,-1.496872495755e-01,-7.162114470191e-01,-6.733255493623e-02,-1.862971412327e+00,-6.434962077899e-02,-1.847153740999e+00
1.243140495215e+00,1.458075665561e-01,6.664340842656e-01,-1.501978454757e-01,-7.178534761302e-01,-6.866524745527e-02,-1.880042571800e+00,-6.567106201463e-02,-1.864259772272e+00
1.243852591149e+00,1.462825825031e-01,6.677006143519e-01,-1.507096087614e-01,-7.194901778185e-01,-7.001008853904e-02,-1.897091996774e+00,-6.700467669464e-02,-1.881344202654e+00
1.244564687083e+00,1.467584988107e-01,6.689628462527e-01,-1.512225356167e-01,-7.211214897647e-01,-7.136706263986e-02,-1.914119488910e+00,-6.835044936777e-02,-1.898406837459e+00
1.245276783017e+00,1.472353124001e-01,6.702207294882e-01,-1.517366221809e-01,-7.227473482504e-01,-7.273615406869e-02,-1.931124849457e+00,-6.970836444406e-02,-1.915447481644e+00
1.245988878950e+00,1.477130201563e-01,6.714742122853e-01,-1.522518645475e-01,-7.243676881612e-01,-7.411734699479e-02,-1.948107879244e+00,-7.107840619449e-02,-1.932465939808e+00
1.246700974884e+00,1.481916189268e-01,6.727232415808e-01,-1.527682587629e-01,-7.259824429900e-01,-7.551062544546e-02,-1.965068378681e+00,-7.246055875079e-02,-1.949462016187e+00
1.247413070818e+00,1.486711055210e-01,6.739677630245e-01,-1.532858008260e-01,-7.275915448401e-01,-7.691597330572e-02,-1.982006147757e+00,-7.385480610515e-02,-1.966435514655e+00
1.248125166752e+00,1.491514767091e-01,6.752077209827e-01,-1.538044866866e-01,-7.291949244290e-01,-7.833337431799e-02,-1.998920986036e+00,-7.526113210998e-02,-1.983386238721e+00
1.248837262685e+00,1.496327292210e-01,6.764430585421e-01,-1.543243122447e-01,-7.307925110925e-01,-7.976281208185e-02,-2.015812692659e+00,-7.667952047761e-02,-2.000313991524e+00
1.249549358619e+00,1.501148597461e-01,6.776737175130e-01,-1.548452733495e-01,-7.323842327881e-01,-8.120427005366e-02,-2.032681066340e+00,-7.810995478008e-02,-2.017218575836e+00
1.250261454553e+00,1.505978649314e-01,6.788996384340e-01,-1.553673657985e-01,-7.339700160994e-01,-8.265773154632e-02,-2.049525905365e+00,-7.955241844886e-02,-2.034099794057e+00
1.250973550487e+00,1.510817413814e-01,6.801207605755e-01,-1.558905853365e-01,-7.355497862409e-01,-8.412317972890e-02,-2.066347007592e+00,-8.100689477455e-02,-2.050957448215e+00
1.251685646420e+00,1.515664856568e-01,6.813370219447e-01,-1.564149276542e-01,-7.371234670620e-01,-8.560059762642e-02,-2.083144170444e+00,-8.247336690667e-02,-2.067791339960e+00
1.252397742354e+00,1.520520942739e-01,6.825483592893e-01,-1.569403883879e-01,-7.386909810521e-01,-8.708996811946e-02,-2.099917190918e+00,-8.395181785332e-02,-2.084601270568e+00
1.253109838288e+00,1.525385637032e-01,6.837547081030e-01,-1.574669631182e-01,-7.402522493456e-01,-8.859127394390e-02,-2.116665865572e+00,-8.544223048101e-02,-2.101387040936e+00
1.253821934222e+00,1.530258903690e-01,6.849560026296e-01,-1.579946473690e-01,-7.418071917270e-01,-9.010449769059e-02,-2.133389990534e+00,-8.694458751429e-02,-2.118148451581e+00
1.254534030155e+00,1.535140706483e-01,6.861521758688e-01,-1.585234366066e-01,-7.433557266366e-01,-9.162962180504e-02,-2.150089361494e+00,-8.845887153555e-02,-2.134885302640e+00
1.255246126089e+00,1.540031008700e-01,6.873431595806e-01,-1.590533262387e-01,-7.448977711757e-01,-9.316662858714e-02,-2.166763773708e+00,-8.998506498470e-02,-2.151597393866e+00
1.255958222023e+00,1.544929773139e-01,6.885288842915e-01,-1.595843116135e-01,-7.464332411127e-01,-9.471550019081e-02,-2.183413021993e+00,-9.152315015893e-02,-2.168284524627e+00
1.256670317957e+00,1.549836962099e-01,6.897092792995e-01,-1.601163880190e-01,-7.479620508891e-01,-9.627621862371e-02,-2.200036900728e+00,-9.307310921243e-02,-2.184946493907e+00
1.257382413890e+00,1.554752537372e-01,6.908842726803e-01,-1.606495506814e-01,-7.494841136258e-01,-9.784876574692e-02,-2.216635203855e+00,-9.463492415611e-02,-2.201583100305e+00
1.258094509824e+00,1.559676460232e-01,6.920537912927e-01,-1.611837947648e-01,-7.509993411293e-01,-9.943312327462e-02,-2.233207724875e+00,-9.620857685729e-02,-2.218194142028e+00
1.258806605758e+00,1.564608691429e-01,6.932177607855e-01,-1.617191153700e-01,-7.525076438990e-01,-1.010292727738e-01,-2.249754256850e+00,-9.779404903951e-02,-2.234779416898e+00
1.259518701692e+00,1.569549191179e-01,6.943761056030e-01,-1.622555075336e-01,-7.540089311333e-01,-1.026371956639e-01,-2.266274592401e+00,-9.939132228217e-02,-2.251338722346e+00
1.260230797625e+00,1.574497919155e-01,6.955287489922e-01,-1.627929662271e-01,-7.555031107373e-01,-1.042568732167e-01,-2.282768523710e+00,-1.010003780203e-01,-2.267871855411e+00
1.260942893559e+00,1.579454834481e-01,6.966756130091e-01,-1.633314863559e-01,-7.569900893299e-01,-1.058882865555e-01,-2.299235842515e+00,-1.026211975442e-01,-2.284378612742e+00
1.261654989493e+00,1.584419895719e-01,6.978166185259e-01,-1.638710627585e-01,-7.584697722514e-01,-1.075314166554e-01,-2.315676340117e+00,-1.042537619993e-01,-2.300858790594e+00
1.262367085427e+00,1.589393060867e-01,6.989516852376e-01,-1.644116902055e-01,-7.599420635711e-01,-1.091862443428e-01,-2.332089807372e+00,-1.058980523858e-01,-2.317312184829e+00
1.263079181360e+00,1.594374287343e-01,7.000807316698e-01,-1.649533633988e-01,-7.614068660956e-01,-1.108527502947e-01,-2.348476034695e+00,-1.075540495583e-01,-2.333738590915e+00
1.263791277294e+00,1.599363531984e-01,7.012036751860e-01,-1.654960769706e-01,-7.628640813769e-01,-1.125309150389e-01,-2.364834812061e+00,-1.092217342258e-01,-2.350137803927e+00
1.264503373228e+00,1.604360751032e-01,7.023204319950e-01,-1.660398254826e-01,-7.643136097205e-01,-1.142207189536e-01,-2.381165929002e+00,-1.109010869511e-01,-2.366509618541e+00
1.265215469162e+00,1.609365900130e-01,7.034309171590e-01,-1.665846034250e-01,-7.657553501946e-01,-1.159221422667e-01,-2.397469174611e+00,-1.125920881506e-01,-2.382853829040e+00
1.265927565096e+00,1.614378934311e-01,7.045350446017e-01,-1.671304052156e-01,-7.671892006385e-01,-1.176351650559e-01,-2.413744337538e+00,-1.142947180941e-01,-2.399170229311e+00
1.266639661029e+00,1.619399807992e-01,7.056327271164e-01,-1.676772251993e-01,-7.686150576721e-01,-1.193597672483e-01,-2.429991205993e+00,-1.160089569046e-01,-2.415458612842e+00
1.267351756963e+00,1.624428474964e-01,7.067238763745e-01,-1.682250576467e-01,-7.700328167048e-01,-1.210959286199e-01,-2.446209567746e+00,-1.177347845579e-01,-2.431718772727e+00
1.268063852897e+00,1.629464888385e-01,7.078084029342e-01,-1.687738967537e-01,-7.714423719454e-01,-1.228436287954e-01,-2.462399210125e+00,-1.194721808820e-01,-2.447950501660e+00
1.268775948831e+00,1.634509000774e-01,7.088862162489e-01,-1.693237366401e-01,-7.728436164118e-01,-1.246028472482e-01,-2.478559920024e+00,-1.212211255577e-01,-2.464153591938e+00
1.269488044764e+00,1.639560763998e-01,7.099572246771e-01,-1.698745713495e-01,-7.742364419408e-01,-1.263735632993e-01,-2.494691483892e+00,-1.229815981172e-01,-2.480327835463e+00
1.270200140698e+00,1.644620129272e-01,7.110213354908e-01,-1.704263948478e-01,-7.756207391986e-01,-1.281557561179e-01,-2.510793687744e+00,-1.247535779446e-01,-2.496473023736e+00
1.270912236632e+00,1.649687047142e-01,7.120784548852e-01,-1.709792010227e-01,-7.769963976912e-01,-1.299494047205e-01,-2.526866317159e+00,-1.265370442756e-01,-2.512588947862e+00
1.271624332566e+00,1.654761467486e-01,7.131284879886e-01,-1.715329836829e-01,-7.783633057750e-01,-1.317544879707e-01,-2.542909157275e+00,-1.283319761966e-01,-2.528675398549e+00
1.272336428499e+00,1.659843339501e-01,7.141713388719e-01,-1.720877365570e-01,-7.797213506678e-01,-1.335709845790e-01,-2.558921992799e+00,-1.301383526452e-01,-2.544732166105e+00
1.273048524433e+00,1.664932611697e-01,7.152069105586e-01,-1.726434532931e-01,-7.810704184599e-01,-1.353988731025e-01,-2.574904608002e+00,-1.319561524092e-01,-2.560759040443e+00
1.273760620367e+00,1.670029231890e-01,7.162351050353e-01,-1.732001274577e-01,-7.824103941255e-01,-1.372381319445e-01,-2.590856786722e+00,-1.337853541269e-01,-2.576755811077e+00
1.274472716301e+00,1.675133147196e-01,7.172558232621e-01,-1.737577525349e-01,-7.837411615344e-01,-1.390887393541e-01,-2.606778312365e+00,-1.356259362864e-01,-2.592722267126e+00
1.275184812234e+00,1.680244304019e-01,7.182689651828e-01,-1.743163219259e-01,-7.850626034638e-01,-1.409506734261e-01,-2.622668967906e+00,-1.374778772258e-01,-2.608658197312e+00
1.275896908168e+00,1.685362648050e-01,7.192744297365e-01,-1.748758289478e-01,-7.863746016105e-01,-1.428239121007e-01,-2.638528535892e+00,-1.393411551321e-01,-2.624563389959e+00
1.276609004102e+00,1.690488124254e-01,7.202721148680e-01,-1.754362668334e-01,-7.876770366029e-01,-1.447084331629e-01,-2.654356798439e+00,-1.412157480420e-01,-2.640437632997e+00
1.277321100036e+00,1.695620676868e-01,7.212619175391e-01,-1.759976287298e-01,-7.889697880138e-01,-1.466042142426e-01,-2.670153537240e+00,-1.431016338405e-01,-2.656280713961e+00
1.277889119935e+00,1.699719814212e-01,7.220457381855e-01,-1.764460701441e-01,-7.899939601699e-01,-1.481244868320e-01,-2.682731430940e+00,-1.446140369637e-01,-2.668895836659e+00
1.278457139834e+00,1.703823389230e-01,7.228244239998e-01,-1.768950915192e-01,-7.910118314733e-01,-1.496518981476e-01,-2.695289016260e+00,-1.461336000271e-01,-2.681490887833e+00
1.279025159733e+00,1.707931372603e-01,7.235979213421e-01,-1.773446892581e-01,-7.920233393543e-01,-1.511864366221e-01,-2.707826181792e+00,-1.476603115989e-01,-2.694065759083e+00
1.279593179632e+00,1.712043734705e-01,7.243661762355e-01,-1.777948597284e-01,-7.930284208912e-01,-1.527280906250e-01,-2.720342816001e+00,-1.491941601856e-01,-2.706620341891e+00
1.280161199531e+00,1.716160445604e-01,7.251291343074e-01,-1.782455992620e-01,-7.940270127343e-01,-1.542768484623e-01,-2.732838807164e+00,-1.507351342322e-01,-2.719154527561e+00
1.280729219430e+00,1.720281475058e-01,7.258867408141e-01,-1.786969041543e-01,-7.950190511369e-01,-1.558326983767e-01,-2.745314043389e+00,-1.522832221218e-01,-2.731668207242e+00
1.281297239329e+00,1.724406792513e-01,7.266389406432e-01,-1.791487706648e-01,-7.960044719575e-01,-1.573956285471e-01,-2.757768412617e+00,-1.538384121756e-01,-2.744161271923e+00
1.281865259227e+00,1.728536367098e-01,7.273856783172e-01,-1.796011950160e-01,-7.969832106640e-01,-1.589656270887e-01,-2.770201802623e+00,-1.554006926529e-01,-2.756633612438e+00
1.282433279126e+00,1.732670167631e-01,7.281268979980e-01,-1.800541733942e-01,-7.979552023385e-01,-1.605426820531e-01,-2.782614101012e+00,-1.569700517509e-01,-2.769085119462e+00
1.283001299025e+00,1.736808162608e-01,7.288625434912e-01,-1.805077019481e-01,-7.989203816825e-01,-1.621267814277e-01,-2.795005195223e+00,-1.585464776046e-01,-2.781515683510e+00
1.283569318924e+00,1.740950320206e-01,7.295925582498e-01,-1.809617767897e-01,-7.998786830206e-01,-1.637179131361e-01,-2.807374972531e+00,-1.601299582868e-01,-2.793925194946e+00
1.284137338823e+00,1.745096608279e-01,7.303168853792e-01,-1.814163939934e-01,-8.008300403065e-01,-1.653160650380e-01,-2.819723320044e+00,-1.617204818082e-01,-2.806313543971e+00
1.284705358722e+00,1.749246994359e-01,7.310354676411e-01,-1.818715495959e-01,-8.017743871269e-01,-1.669212249286e-01,-2.832050124708e+00,-1.633180361168e-01,-2.818680620635e+00
1.285273378621e+00,1.753401445650e-01,7.317482474577e-01,-1.823272395962e-01,-8.027116567073e-01,-1.685333805390e-01,-2.844355273302e+00,-1.649226090982e-01,-2.831026314829e+00
1.285841398520e+00,1.757559929027e-01,7.324551669170e-01,-1.827834599551e-01,-8.036417819160e-01,-1.701525195359e-01,-2.856638652447e+00,-1.665341885754e-01,-2.843350516291e+00
1.286409418419e+00,1.761722411039e-01,7.331561677763e-01,-1.832402065955e-01,-8.045646952704e-01,-1.717786295216e-01,-2.868900148598e+00,-1.681527623087e-01,-2.855653114602e+00
1.286977438318e+00,1.765888857899e-01,7.338511914676e-01,-1.836974754015e-01,-8.054803289409e-01,-1.734116980338e-01,-2.881139648051e+00,-1.697783179958e-01,-2.867933999189e+00
1.287545458217e+00,1.770059235489e-01,7.345401791015e-01,-1.841552622188e-01,-8.063886147569e-01,-1.750517125456e-01,-2.893357036941e+00,-1.714108432714e-01,-2.880193059326e+00
1.288113478116e+00,1.774233509354e-01,7.352230714727e-01,-1.846135628542e-01,-8.072894842119e-01,-1.766986604655e-01,-2.905552201244e+00,-1.730503257072e-01,-2.892430184133e+00
1.288681498015e+00,1.778411644704e-01,7.358998090637e-01,-1.850723730755e-01,-8.081828684686e-01,-1.783525291369e-01,-2.917725026778e+00,-1.746967528120e-01,-2.904645262575e+00
1.289249517914e+00,1.782593606408e-01,7.365703320506e-01,-1.855316886113e-01,-8.090686983642e-01,-1.800133058385e-01,-2.929875399201e+00,-1.763501120315e-01,-2.916838183468e+00
1.289817537813e+00,1.786779358995e-01,7.372345803072e-01,-1.859915051508e-01,-8.099469044163e-01,-1.816809777840e-01,-2.942003204019e+00,-1.780103907481e-01,-2.929008835472e+00
1.290385557712e+00,1.790968866652e-01,7.378924934101e-01,-1.864518183439e-01,-8.108174168279e-01,-1.833555321220e-01,-2.954108326577e+00,-1.796775762809e-01,-2.941157107099e+00
1.290953577611e+00,1.795162093222e-01,7.385440106438e-01,-1.869126238003e-01,-8.116801654933e-01,-1.850369559359e-01,-2.966190652070e+00,-1.813516558859e-01,-2.953282886708e+00
1.291521597510e+00,1.799359002201e-01,7.391890710054e-01,-1.873739170901e-01,-8.125350800033e-01,-1.867252362439e-01,-2.978250065535e+00,-1.830326167552e-01,-2.965386062507e+00
1.292089617409e+00,1.803559556738e-01,7.398276132099e-01,-1.878356937433e-01,-8.133820896514e-01,-1.884203599987e-01,-2.990286451859e+00,-1.847204460177e-01,-2.977466522555e+00
1.292657637308e+00,1.807763719636e-01,7.404595756952e-01,-1.882979492497e-01,-8.142211234390e-01,-1.901223140878e-01,-3.002299695777e+00,-1.864151307386e-01,-2.989524154763e+00
1.293225657207e+00,1.811971453343e-01,7.410848966269e-01,-1.887606790584e-01,-8.150521100817e-01,-1.918310853331e-01,-3.014289681871e+00,-1.881166579193e-01,-3.001558846890e+00
1.293793677106e+00,1.816182719959e-01,7.417035139043e-01,-1.892238785783e-01,-8.158749780146e-01,-1.935466604908e-01,-3.026256294577e+00,-1.898250144975e-01,-3.013570486551e+00
1.294361697005e+00,1.820397481228e-01,7.423153651647e-01,-1.896875431774e-01,-8.166896553988e-01,-1.952690262514e-01,-3.038199418180e+00,-1.915401873469e-01,-3.025558961209e+00
1.294929716904e+00,1.824615698540e-01,7.429203877893e-01,-1.901516681828e-01,-8.174960701268e-01,-1.969981692399e-01,-3.050118936818e+00,-1.932621632774e-01,-3.037524158185e+00
1.295497736803e+00,1.828837332928e-01,7.435185189084e-01,-1.906162488805e-01,-8.182941498289e-01,-1.987340760152e-01,-3.062014734483e+00,-1.949909290347e-01,-3.049465964651e+00
1.296065756702e+00,1.833062345068e-01,7.441096954068e-01,-1.910812805156e-01,-8.190838218792e-01,-2.004767330703e-01,-3.073886695020e+00,-1.967264713006e-01,-3.061384267633e+00
1.296633776601e+00,1.837290695277e-01,7.446938539291e-01,-1.915467582915e-01,-8.198650134016e-01,-2.022261268322e-01,-3.085734702134e+00,-1.984687766923e-01,-3.073278954014e+00
1.297201796500e+00,1.841522343509e-01,7.452709308855e-01,-1.920126773704e-01,-8.206376512763e-01,-2.039822436618e-01,-3.097558639382e+00,-2.002178317630e-01,-3.085149910532e+00
1.297769816399e+00,1.845757249361e-01,7.458408624571e-01,-1.924790328729e-01,-8.214016621458e-01,-2.057450698538e-01,-3.109358390184e+00,-2.019736230016e-01,-3.096997023782e+00
1.298337836298e+00,1.849995372061e-01,7.464035846014e-01,-1.929458198777e-01,-8.221569724211e-01,-2.075145916368e-01,-3.121133837816e+00,-2.037361368323e-01,-3.108820180217e+00
1.298905856197e+00,1.854236670477e-01,7.469590330585e-01,-1.934130334217e-01,-8.229035082887e-01,-2.092907951728e-01,-3.132884865416e+00,-2.055053596148e-01,-3.120619266147e+00
1.299473876096e+00,1.858481103110e-01,7.475071433561e-01,-1.938806685000e-01,-8.236411957162e-01,-2.110736665576e-01,-3.144611355985e+00,-2.072812776443e-01,-3.132394167741e+00
1.300041895995e+00,1.862728628093e-01,7.480478508157e-01,-1.943487200652e-01,-8.243699604594e-01,-2.128631918203e-01,-3.156313192387e+00,-2.090638771513e-01,-3.144144771028e+00
1.300609915894e+00,1.866979203194e-01,7.485810905583e-01,-1.948171830280e-01,-8.250897280686e-01,-2.146593569237e-01,-3.167990257349e+00,-2.108531443014e-01,-3.155870961900e+00
1.301177935793e+00,1.871232785808e-01,7.491067975102e-01,-1.952860522567e-01,-8.258004238953e-01,-2.164621477636e-01,-3.179642433465e+00,-2.126490651954e-01,-3.167572626105e+00
1.301745955692e+00,1.875489332964e-01,7.496249064088e-01,-1.957553225770e-01,-8.265019730987e-01,-2.182715501693e-01,-3.191269603196e+00,-2.144516258693e-01,-3.179249649258e+00
1.302313975591e+00,1.879748801316e-01,7.501353518088e-01,-1.962249887722e-01,-8.271943006528e-01,-2.200875499034e-01,-3.202871648873e+00,-2.162608122938e-01,-3.190901916836e+00
1.302881995490e+00,1.884011147147e-01,7.506380680882e-01,-1.966950455828e-01,-8.278773313525e-01,-2.219101326613e-01,-3.214448452694e+00,-2.180766103748e-01,-3.202529314178e+00
1.303450015389e+00,1.888276326369e-01,7.511329894538e-01,-1.971654877066e-01,-8.285509898211e-01,-2.237392840717e-01,-3.225999896731e+00,-2.198990059529e-01,-3.214131726489e+00
1.304018035288e+00,1.892544294518e-01,7.516200499482e-01,-1.976363097986e-01,-8.292152005170e-01,-2.255749896962e-01,-3.237525862929e+00,-2.217279848034e-01,-3.225709038840e+00
1.304586055187e+00,1.896815006753e-01,7.520991834550e-01,-1.981075064707e-01,-8.298698877403e-01,-2.274172350294e-01,-3.249026233104e+00,-2.235635326364e-01,-3.237261136168e+00
1.305154075086e+00,1.901088417860e-01,7.525703237057e-01,-1.985790722919e-01,-8.305149756402e-01,-2.292660054986e-01,-3.260500888950e+00,-2.254056350965e-01,-3.248787903279e+00
1.305722094985e+00,1.905364482248e-01,7.530334042855e-01,-1.990510017880e-01,-8.311503882219e-01,-2.311212864638e-01,-3.271949712039e+00,-2.272542777628e-01,-3.260289224845e+00
1.306290114884e+00,1.909643153946e-01,7.534883586399e-01,-1.995232894415e-01,-8.317760493538e-01,-2.329830632179e-01,-3.283372583819e+00,-2.291094461492e-01,-3.271764985410e+00
1.306858134783e+00,1.913924386606e-01,7.539351200806e-01,-1.999959296919e-01,-8.323918827743e-01,-2.348513209864e-01,-3.294769385621e+00,-2.309711257035e-01,-3.283215069386e+00
1.307426154682e+00,1.918208133502e-01,7.543736217924e-01,-2.004689169350e-01,-8.329978120994e-01,-2.367260449273e-01,-3.306139998654e+00,-2.328393018080e-01,-3.294639361058e+00
1.307994174581e+00,1.922494347526e-01,7.548037968393e-01,-2.009422455234e-01,-8.335937608300e-01,-2.386072201309e-01,-3.317484304015e+00,-2.347139597794e-01,-3.306037744583e+00
1.308562194480e+00,1.926782981192e-01,7.552255781708e-01,-2.014159097663e-01,-8.341796523587e-01,-2.404948316203e-01,-3.328802182681e+00,-2.365950848683e-01,-3.317410103992e+00
1.309130214379e+00,1.931073986629e-01,7.556388986289e-01,-2.018899039290e-01,-8.347554099777e-01,-2.423888643507e-01,-3.340093515518e+00,-2.384826622596e-01,-3.328756323189e+00
1.309698234278e+00,1.935367315588e-01,7.560436909543e-01,-2.023642222336e-01,-8.353209568862e-01,-2.442893032097e-01,-3.351358183280e+00,-2.403766770721e-01,-3.340076285956e+00
1.310266254177e+00,1.939662919436e-01,7.564398877929e-01,-2.028388588584e-01,-8.358762161972e-01,-2.461961330171e-01,-3.362596066609e+00,-2.422771143586e-01,-3.351369875949e+00
1.310834274076e+00,1.943960749158e-01,7.568274217028e-01,-2.033138079378e-01,-8.364211109460e-01,-2.481093385249e-01,-3.373807046040e+00,-2.441839591057e-01,-3.362636976703e+00
1.311402293975e+00,1.948260755353e-01,7.572062251608e-01,-2.037890635627e-01,-8.369555640970e-01,-2.500289044171e-01,-3.384991002001e+00,-2.460971962339e-01,-3.373877471632e+00
1.311970313874e+00,1.952562888241e-01,7.575762305690e-01,-2.042646197803e-01,-8.374794985517e-01,-2.519548153100e-01,-3.396147814812e+00,-2.480168105975e-01,-3.385091244030e+00
1.312538333773e+00,1.956867097653e-01,7.579373702618e-01,-2.047404705937e-01,-8.379928371561e-01,-2.538870557516e-01,-3.407277364693e+00,-2.499427869842e-01,-3.396278177071e+00
1.313106353672e+00,1.961173333039e-01,7.582895765124e-01,-2.052166099625e-01,-8.384955027087e-01,-2.558256102220e-01,-3.418379531759e+00,-2.518751101157e-01,-3.407438153814e+00
1.313674373571e+00,1.965481543462e-01,7.586327815402e-01,-2.056930318020e-01,-8.389874179681e-01,-2.577704631332e-01,-3.429454196026e+00,-2.538137646470e-01,-3.418571057198e+00
1.314242393470e+00,1.969791677601e-01,7.589669175171e-01,-2.061697299841e-01,-8.394685056609e-01,-2.597215988288e-01,-3.440501237413e+00,-2.557587351665e-01,-3.429676770048e+00
1.314810413368e+00,1.974103683748e-01,7.592919165746e-01,-2.066466983365e-01,-8.399386884894e-01,-2.616790015845e-01,-3.451520535739e+00,-2.577100061962e-01,-3.440755175078e+00
1.315378433267e+00,1.978417509813e-01,7.596077108111e-01,-2.071239306431e-01,-8.403978891395e-01,-2.636426556074e-01,-3.462511970732e+00,-2.596675621914e-01,-3.451806154883e+00
1.315946453166e+00,1.982733103316e-01,7.599142322985e-01,-2.076014206437e-01,-8.408460302890e-01,-2.656125450365e-01,-3.473475422025e+00,-2.616313875406e-01,-3.462829591952e+00
1.316514473065e+00,1.987050411394e-01,7.602114130894e-01,-2.080791620345e-01,-8.412830346152e-01,-2.675886539423e-01,-3.484410769159e+00,-2.636014665656e-01,-3.473825368662e+00
1.317082492964e+00,1.991369380796e-01,7.604991852243e-01,-2.085571484675e-01,-8.417088248030e-01,-2.695709663267e-01,-3.495317891588e+00,-2.655777835213e-01,-3.484793367278e+00
1.317650512863e+00,1.995689957887e-01,7.607774807385e-01,-2.090353735509e-01,-8.421233235531e-01,-2.715594661233e-01,-3.506196668677e+00,-2.675603225958e-01,-3.495733469961e+00
1.318218532762e+00,2.000012088644e-01,7.610462316697e-01,-2.095138308490e-01,-8.425264535902e-01,-2.735541371971e-01,-3.517046979707e+00,-2.695490679101e-01,-3.506645558765e+00
1.318786552661e+00,2.004335718659e-01,7.613053700644e-01,-2.099925138822e-01,-8.429181376708e-01,-2.755549633446e-01,-3.527868703874e+00,-2.715440035182e-01,-3.517529515638e+00
1.319354572560e+00,2.008660793138e-01,7.615548279862e-01,-2.104714161271e-01,-8.432982985919e-01,-2.775619282934e-01,-3.538661720293e+00,-2.735451134070e-01,-3.528385222423e+00
1.319922592459e+00,2.012987256902e-01,7.617945375220e-01,-2.109505310164e-01,-8.436668591989e-01,-2.795750157027e-01,-3.549425908001e+00,-2.755523814965e-01,-3.539212560864e+00
1.320490612358e+00,2.017315054384e-01,7.620244307901e-01,-2.114298519389e-01,-8.440237423939e-01,-2.815942091628e-01,-3.560161145954e+00,-2.775657916391e-01,-3.550011412602e+00
1.321058632257e+00,2.021644129634e-01,7.622444399473e-01,-2.119093722398e-01,-8.443688711443e-01,-2.836194921953e-01,-3.570867313037e+00,-2.795853276203e-01,-3.560781659179e+00
1.321626652156e+00,2.025974426315e-01,7.624544971962e-01,-2.123890852204e-01,-8.447021684907e-01,-2.856508482529e-01,-3.581544288057e+00,-2.816109731580e-01,-3.571523182038e+00
1.322194672055e+00,2.030305887706e-01,7.626545347924e-01,-2.128689841385e-01,-8.450235575560e-01,-2.876882607194e-01,-3.592191949753e+00,-2.836427119029e-01,-3.582235862528e+00
1.322762691954e+00,2.034638456702e-01,7.628444850525e-01,-2.133490622082e-01,-8.453329615532e-01,-2.897317129100e-01,-3.602810176794e+00,-2.856805274383e-01,-3.592919581900e+00
1.323330711853e+00,2.038972075812e-01,7.630242803611e-01,-2.138293125997e-01,-8.456303037940e-01,-2.917811880706e-01,-3.613398847781e+00,-2.877244032799e-01,-3.603574221313e+00
1.323898731752e+00,2.043306687162e-01,7.631938531786e-01,-2.143097284402e-01,-8.459155076978e-01,-2.938366693783e-01,-3.623957841249e+00,-2.897743228758e-01,-3.614199661833e+00
1.324466751651e+00,2.047642232495e-01,7.633531360486e-01,-2.147903028131e-01,-8.461884967995e-01,-2.958981399412e-01,-3.634487035673e+00,-2.918302696069e-01,-3.624795784438e+00
1.325034771550e+00,2.051978653171e-01,7.635020616053e-01,-2.152710287584e-01,-8.464491947589e-01,-2.979655827982e-01,-3.644986309466e+00,-2.938922267861e-01,-3.635362470014e+00
1.325602791449e+00,2.056315890167e-01,7.636405625813e-01,-2.157518992728e-01,-8.466975253686e-01,-3.000389809194e-01,-3.655455540980e+00,-2.959601776586e-01,-3.645899599361e+00
1.326170811348e+00,2.060653884078e-01,7.637685718155e-01,-2.162329073100e-01,-8.469334125631e-01,-3.021183172056e-01,-3.665894608515e+00,-2.980341054022e-01,-3.656407053193e+00
1.326738831247e+00,2.064992575119e-01,7.638860222601e-01,-2.167140457801e-01,-8.471567804273e-01,-3.042035744884e-01,-3.676303390313e+00,-3.001139931266e-01,-3.666884712141e+00
1.327306851146e+00,2.069331903124e-01,7.639928469887e-01,-2.171953075505e-01,-8.473675532053e-01,-3.062947355304e-01,-3.686681764568e+00,-3.021998238738e-01,-3.677332456753e+00
1.327874871045e+00,2.073671807546e-01,7.640889792041e-01,-2.176766854455e-01,-8.475656553092e-01,-3.083917830247e-01,-3.697029609421e+00,-3.042915806179e-01,-3.687750167494e+00
1.328442890944e+00,2.078012227462e-01,7.641743522456e-01,-2.181581722463e-01,-8.477510113276e-01,-3.104946995956e-01,-3.707346802967e+00,-3.063892462651e-01,-3.698137724753e+00
1.329010910843e+00,2.082353101568e-01,7.642488995973e-01,-2.186397606917e-01,-8.479235460349e-01,-3.126034677979e-01,-3.717633223258e+00,-3.084928036537e-01,-3.708495008840e+00
1.329578930742e+00,2.086694368183e-01,7.643125548952e-01,-2.191214434776e-01,-8.480831843996e-01,-3.147180701169e-01,-3.727888748302e+00,-3.106022355538e-01,-3.718821899991e+00
1.330146950641e+00,2.091035965250e-01,7.643652519359e-01,-2.196032132572e-01,-8.482298515936e-01,-3.168384889691e-01,-3.738113256065e+00,-3.127175246677e-01,-3.729118278366e+00
1.330714970540e+00,2.095377830336e-01,7.644069246835e-01,-2.200850626417e-01,-8.483634730008e-01,-3.189647067013e-01,-3.748306624479e+00,-3.148386536293e-01,-3.739384024054e+00
1.331282990439e+00,2.099719900635e-01,7.644375072780e-01,-2.205669841994e-01,-8.484839742263e-01,-3.210967055909e-01,-3.758468731437e+00,-3.169656050048e-01,-3.749619017074e+00
1.331851010338e+00,2.104062112966e-01,7.644569340432e-01,-2.210489704570e-01,-8.485912811048e-01,-3.232344678463e-01,-3.768599454802e+00,-3.190983612918e-01,-3.759823137376e+00
1.332419030237e+00,2.108404403775e-01,7.644651394941e-01,-2.215310138987e-01,-8.486853197104e-01,-3.253779756062e-01,-3.778698672406e+00,-3.212369049199e-01,-3.769996264843e+00
1.332987050136e+00,2.112746709137e-01,7.644620583455e-01,-2.220131069669e-01,-8.487660163648e-01,-3.275272109400e-01,-3.788766262052e+00,-3.233812182504e-01,-3.780138279296e+00
1.333555070035e+00,2.117088964758e-01,7.644476255193e-01,-2.224952420623e-01,-8.488332976467e-01,-3.296821558477e-01,-3.798802101518e+00,-3.255312835764e-01,-3.790249060489e+00
1.334123089934e+00,2.121431105973e-01,7.644217761527e-01,-2.229774115440e-01,-8.488870904008e-01,-3.318427922599e-01,-3.808806068560e+00,-3.276870831226e-01,-3.800328488119e+00
1.334691109833e+00,2.125773067752e-01,7.643844456062e-01,-2.234596077294e-01,-8.489273217468e-01,-3.340091020375e-01,-3.818778040913e+00,-3.298485990454e-01,-3.810376441821e+00
1.335259129732e+00,2.130114784694e-01,7.643355694717e-01,-2.239418228949e-01,-8.489539190886e-01,-3.361810669724e-01,-3.828717896295e+00,-3.320158134327e-01,-3.820392801176e+00
1.335827149631e+00,2.134456191038e-01,7.642750835801e-01,-2.244240492754e-01,-8.489668101229e-01,-3.383586687867e-01,-3.838625512407e+00,-3.341887083040e-01,-3.830377445707e+00
1.336395169530e+00,2.138797220655e-01,7.642029240097e-01,-2.249062790651e-01,-8.489659228491e-01,-3.405418891330e-01,-3.848500766941e+00,-3.363672656107e-01,-3.840330254886e+00
1.336963189429e+00,2.143137807057e-01,7.641190270938e-01,-2.253885044173e-01,-8.489511855777e-01,-3.427307095946e-01,-3.858343537575e+00,-3.385514672351e-01,-3.850251108135e+00
1.337531209328e+00,2.147477883392e-01,7.640233294292e-01,-2.258707174447e-01,-8.489225269399e-01,-3.449251116854e-01,-3.868153701983e+00,-3.407412949916e-01,-3.860139884824e+00
1.338099229227e+00,2.151817382450e-01,7.639157678839e-01,-2.263529102194e-01,-8.488798758963e-01,-3.471250768495e-01,-3.877931137834e+00,-3.429367306257e-01,-3.869996464280e+00
1.338667249126e+00,2.156156236665e-01,7.637962796054e-01,-2.268350747733e-01,-8.488231617467e-01,-3.493305864618e-01,-3.887675722795e+00,-3.451377558144e-01,-3.879820725783e+00
1.339235269025e+00,2.160494378111e-01,7.636648020285e-01,-2.273172030985e-01,-8.487523141386e-01,-3.515416218275e-01,-3.897387334533e+00,-3.473443521662e-01,-3.889612548571e+00
1.339803288924e+00,2.164831738511e-01,7.635212728836e-01,-2.277992871469e-01,-8.486672630768e-01,-3.537581641824e-01,-3.907065850721e+00,-3.495565012210e-01,-3.899371811843e+00
1.340371308823e+00,2.169168249233e-01,7.633656302045e-01,-2.282813188309e-01,-8.485679389325e-01,-3.559801946930e-01,-3.916711149038e+00,-3.517741844500e-01,-3.909098394758e+00
1.340939328722e+00,2.173503841296e-01,7.631978123368e-01,-2.287632900234e-01,-8.484542724523e-01,-3.582076944559e-01,-3.926323107171e+00,-3.539973832557e-01,-3.918792176441e+00
1.341507348621e+00,2.177838445366e-01,7.630177579458e-01,-2.292451925582e-01,-8.483261947677e-01,-3.604406444987e-01,-3.935901602821e+00,-3.562260789722e-01,-3.928453035983e+00
1.342075368520e+00,2.182171991765e-01,7.628254060248e-01,-2.297270182300e-01,-8.481836374042e-01,-3.626790257792e-01,-3.945446513704e+00,-3.584602528645e-01,-3.938080852443e+00
1.342643388419e+00,2.186504410469e-01,7.626206959028e-01,-2.302087587946e-01,-8.480265322904e-01,-3.649228191859e-01,-3.954957717553e+00,-3.606998861292e-01,-3.947675504852e+00
1.343211408318e+00,2.190835631108e-01,7.624035672529e-01,-2.306904059694e-01,-8.478548117675e-01,-3.671720055378e-01,-3.964435092124e+00,-3.629449598942e-01,-3.957236872214e+00
1.343779428217e+00,2.195165582974e-01,7.621739601004e-01,-2.311719514336e-01,-8.476684085982e-01,-3.694265655844e-01,-3.973878515195e+00,-3.651954552184e-01,-3.966764833508e+00
1.344347448116e+00,2.199494195015e-01,7.619318148309e-01,-2.316533868281e-01,-8.474672559761e-01,-3.716864800060e-01,-3.983287864573e+00,-3.674513530922e-01,-3.976259267693e+00
1.344915468015e+00,2.203821395846e-01,7.616770721982e-01,-2.321347037560e-01,-8.472512875349e-01,-3.739517294134e-01,-3.992663018093e+00,-3.697126344371e-01,-3.985720053707e+00
1.345483487914e+00,2.208147113742e-01,7.614096733326e-01,-2.326158937831e-01,-8.470204373576e-01,-3.762222943478e-01,-4.002003853624e+00,-3.719792801059e-01,-3.995147070473e+00
1.346051507813e+00,2.212471276649e-01,7.611295597489e-01,-2.330969484374e-01,-8.467746399858e-01,-3.784981552814e-01,-4.011310249071e+00,-3.742512708827e-01,-4.004540196897e+00
1.346619527712e+00,2.216793812179e-01,7.608366733548e-01,-2.335778592104e-01,-8.465138304287e-01,-3.807792926167e-01,-4.020582082379e+00,-3.765285874826e-01,-4.013899311875e+00
1.347187547611e+00,2.221114647616e-01,7.605309564583e-01,-2.340586175564e-01,-8.462379441727e-01,-3.830656866873e-01,-4.029819231534e+00,-3.788112105520e-01,-4.023224294292e+00
1.347755567509e+00,2.225433709918e-01,7.602123517766e-01,-2.345392148934e-01,-8.459469171902e-01,-3.853573177571e-01,-4.039021574568e+00,-3.810991206686e-01,-4.032515023029e+00
1.348323587408e+00,2.229750925717e-01,7.598808024435e-01,-2.350196426031e-01,-8.456406859491e-01,-3.876541660209e-01,-4.048188989561e+00,-3.833922983413e-01,-4.041771376959e+00
1.348891607307e+00,2.234066221326e-01,7.595362520180e-01,-2.354998920313e-01,-8.453191874218e-01,-3.899562116044e-01,-4.057321354646e+00,-3.856907240100e-01,-4.050993234957e+00
1.349459627206e+00,2.238379522737e-01,7.591786444919e-01,-2.359799544882e-01,-8.449823590944e-01,-3.922634345638e-01,-4.066418548009e+00,-3.879943780459e-01,-4.060180475898e+00
1.350027647105e+00,2.242690755624e-01,7.588079242982e-01,-2.364598212484e-01,-8.446301389761e-01,-3.945758148864e-01,-4.075480447897e+00,-3.903032407515e-01,-4.069332978658e+00
1.350595667004e+00,2.246999845349e-01,7.584240363189e-01,-2.369394835518e-01,-8.442624656081e-01,-3.968933324902e-01,-4.084506932616e+00,-3.926172923604e-01,-4.078450622124e+00
1.351163686903e+00,2.251306716961e-01,7.580269258934e-01,-2.374189326031e-01,-8.438792780728e-01,-3.992159672241e-01,-4.093497880537e+00,-3.949365130375e-01,-4.087533285190e+00
1.351731706802e+00,2.255611295200e-01,7.576165388259e-01,-2.378981595730e-01,-8.434805160029e-01,-4.015436988680e-01,-4.102453170101e+00,-3.972608828787e-01,-4.096580846762e+00
1.352299726701e+00,2.259913504498e-01,7.571928213940e-01,-2.383771555978e-01,-8.430661195908e-01,-4.038765071328e-01,-4.111372679818e+00,-3.995903819114e-01,-4.105593185760e+00
1.352867746600e+00,2.264213268987e-01,7.567557203564e-01,-2.388559117800e-01,-8.426360295973e-01,-4.062143716603e-01,-4.120256288275e+00,-4.019249900941e-01,-4.114570181125e+00
1.353435766499e+00,2.268510512494e-01,7.563051829608e-01,-2.393344191888e-01,-8.421901873610e-01,-4.085572720233e-01,-4.129103874135e+00,-4.042646873164e-01,-4.123511711816e+00
1.354003786398e+00,2.272805158551e-01,7.558411569519e-01,-2.398126688601e-01,-8.417285348071e-01,-4.109051877260e-01,-4.137915316144e+00,-4.066094533994e-01,-4.132417656816e+00
1.354571806297e+00,2.277097130391e-01,7.553635905796e-01,-2.402906517968e-01,-8.412510144567e-01,-4.132580982035e-01,-4.146690493134e+00,-4.089592680953e-01,-4.141287895134e+00
1.355139826196e+00,2.281386350957e-01,7.548724326067e-01,-2.407683589698e-01,-8.407575694354e-01,-4.156159828220e-01,-4.155429284022e+00,-4.113141110877e-01,-4.150122305810e+00
1.355707846095e+00,2.285672742904e-01,7.543676323164e-01,-2.412457813174e-01,-8.402481434831e-01,-4.179788208794e-01,-4.164131567821e+00,-4.136739619914e-01,-4.158920767916e+00
1.356275865994e+00,2.289956228595e-01,7.538491395210e-01,-2.417229097464e-01,-8.397226809619e-01,-4.203465916043e-01,-4.172797223638e+00,-4.160388003525e-01,-4.167683160558e+00
1.356843885893e+00,2.294236730116e-01,7.533169045690e-01,-2.421997351321e-01,-8.391811268659e-01,-4.227192741572e-01,-4.181426130678e+00,-4.184086056487e-01,-4.176409362884e+00
1.357411905792e+00,2.298514169268e-01,7.527708783533e-01,-2.426762483186e-01,-8.386234268297e-01,-4.250968476298e-01,-4.190018168251e+00,-4.207833572886e-01,-4.185099254080e+00
1.357979925691e+00,2.302788467575e-01,7.522110123189e-01,-2.431524401196e-01,-8.380495271375e-01,-4.274792910450e-01,-4.198573215771e+00,-4.231630346127e-01,-4.193752713380e+00
1.358547945590e+00,2.307059546289e-01,7.516372584708e-01,-2.436283013182e-01,-8.374593747317e-01,-4.298665833578e-01,-4.207091152764e+00,-4.255476168926e-01,-4.202369620064e+00
1.359115965489e+00,2.311327326390e-01,7.510495693812e-01,-2.441038226677e-01,-8.368529172220e-01,-4.322587034543e-01,-4.215571858869e+00,-4.279370833313e-01,-4.210949853465e+00
1.359683985388e+00,2.315591728590e-01,7.504478981982e-01,-2.445789948917e-01,-8.362301028939e-01,-4.346556301525e-01,-4.224015213841e+00,-4.303314130635e-01,-4.219493292968e+00
1.360252005287e+00,2.319852673335e-01,7.498321986522e-01,-2.450538086848e-01,-8.355908807178e-01,-4.370573422022e-01,-4.232421097558e+00,-4.327305851553e-01,-4.227999818020e+00
1.360820025186e+00,2.324110080813e-01,7.492024250649e-01,-2.455282547127e-01,-8.349352003575e-01,-4.394638182848e-01,-4.240789390023e+00,-4.351345786043e-01,-4.236469308125e+00
1.361388045085e+00,2.328363870951e-01,7.485585323557e-01,-2.460023236128e-01,-8.342630121787e-01,-4.418750370137e-01,-4.249119971365e+00,-4.375433723397e-01,-4.244901642854e+00
1.361956064984e+00,2.332613963425e-01,7.479004760500e-01,-2.464760059942e-01,-8.335742672581e-01,-4.442909769343e-01,-4.257412721848e+00,-4.399569452223e-01,-4.253296701846e+00
1.362524084883e+00,2.336860277658e-01,7.472282122868e-01,-2.469492924389e-01,-8.328689173918e-01,-4.467116165238e-01,-4.265667521872e+00,-4.423752760447e-01,-4.261654364811e+00
1.363092104782e+00,2.341102732825e-01,7.465416978255e-01,-2.474221735014e-01,-8.321469151035e-01,-4.491369341918e-01,-4.273884251975e+00,-4.447983435309e-01,-4.269974511533e+00
1.363660124681e+00,2.345341247859e-01,7.458408900542e-01,-2.478946397095e-01,-8.314082136538e-01,-4.515669082798e-01,-4.282062792842e+00,-4.472261263370e-01,-4.278257021875e+00
1.364228144580e+00,2.349575741452e-01,7.451257469966e-01,-2.483666815647e-01,-8.306527670478e-01,-4.540015170619e-01,-4.290203025304e+00,-4.496586030505e-01,-4.286501775783e+00
1.364796164479e+00,2.353806132059e-01,7.443962273194e-01,-2.488382895425e-01,-8.298805300441e-01,-4.564407387442e-01,-4.298304830345e+00,-4.520957521911e-01,-4.294708653287e+00
1.365364184378e+00,2.358032337902e-01,7.436522903401e-01,-2.493094540931e-01,-8.290914581632e-01,-4.588845514654e-01,-4.306368089103e+00,-4.545375522100e-01,-4.302877534507e+00
1.365932204277e+00,2.362254276975e-01,7.428938960338e-01,-2.497801656415e-01,-8.282855076955e-01,-4.613329332968e-01,-4.314392682878e+00,-4.569839814907e-01,-4.311008299655e+00
1.366500224176e+00,2.366471867046e-01,7.421210050405e-01,-2.502504145881e-01,-8.274626357097e-01,-4.637858622423e-01,-4.322378493133e+00,-4.594350183484e-01,-4.319100829040e+00
1.367068244075e+00,2.370685025660e-01,7.413335786728e-01,-2.507201913091e-01,-8.266228000611e-01,-4.662433162384e-01,-4.330325401500e+00,-4.618906410306e-01,-4.327155003072e+00
1.367636263974e+00,2.374893670145e-01,7.405315789223e-01,-2.511894861573e-01,-8.257659593999e-01,-4.687052731545e-01,-4.338233289780e+00,-4.643508277166e-01,-4.335170702263e+00
1.368204283873e+00,2.379097717617e-01,7.397149684675e-01,-2.516582894617e-01,-8.248920731791e-01,-4.711717107928e-01,-4.346102039955e+00,-4.668155565182e-01,-4.343147807234e+00
1.368772303772e+00,2.383297084979e-01,7.388837106803e-01,-2.521265915290e-01,-8.240011016624e-01,-4.736426068888e-01,-4.353931534183e+00,-4.692848054791e-01,-4.351086198719e+00
1.369340323671e+00,2.387491688929e-01,7.380377696332e-01,-2.525943826433e-01,-8.230930059330e-01,-4.761179391108e-01,-4.361721654808e+00,-4.717585525755e-01,-4.358985757564e+00
1.369908343570e+00,2.391681445964e-01,7.371771101066e-01,-2.530616530669e-01,-8.221677479004e-01,-4.785976850604e-01,-4.369472284364e+00,-4.742367757158e-01,-4.366846364737e+00
1.370476363469e+00,2.395866272381e-01,7.363016975949e-01,-2.535283930407e-01,-8.212252903095e-01,-4.810818222728e-01,-4.377183305576e+00,-4.767194527410e-01,-4.374667901329e+00
1.371044383368e+00,2.400046084286e-01,7.354114983143e-01,-2.539945927846e-01,-8.202655967473e-01,-4.835703282162e-01,-4.384854601367e+00,-4.792065614244e-01,-4.382450248557e+00
1.371612403267e+00,2.404220797591e-01,7.345064792090e-01,-2.544602424982e-01,-8.192886316517e-01,-4.860631802926e-01,-4.392486054863e+00,-4.816980794721e-01,-4.390193287772e+00
1.372180423166e+00,2.408390328027e-01,7.335866079580e-01,-2.549253323611e-01,-8.182943603183e-01,-4.885603558377e-01,-4.400077549392e+00,-4.841939845226e-01,-4.397896900457e+00
1.372863346372e+00,2.413396317518e-01,7.324609498677e-01,-2.554837485457e-01,-8.170759997361e-01,-4.915683693570e-01,-4.409151637101e+00,-4.872005550942e-01,-4.407106488493e+00
1.373546269578e+00,2.418394545984e-01,7.313137239831e-01,-2.560413241054e-01,-8.158325170319e-01,-4.945825599319e-01,-4.418167594012e+00,-4.902133955185e-01,-4.416258709127e+00
1.374229192784e+00,2.423384865954e-01,7.301448782621e-01,-2.565980418647e-01,-8.145638567143e-01,-4.976028877947e-01,-4.427125218554e+00,-4.932324665478e-01,-4.425353357190e+00
1.374912115990e+00,2.428367129612e-01,7.289543626735e-01,-2.571538846111e-01,-8.132699656317e-01,-5.006293130403e-01,-4.436024309738e+00,-4.962577287945e-01,-4.434390227908e+00
1.375595039196e+00,2.433341188802e-01,7.277421285801e-01,-2.577088350963e-01,-8.119507922616e-01,-5.036617956264e-01,-4.444864666999e+00,-4.992891427315e-01,-4.443369116801e+00
1.376277962402e+00,2.438306895043e-01,7.265081289509e-01,-2.582628760376e-01,-8.106062869549e-01,-5.067002953739e-01,-4.453646090256e+00,-5.023266686917e-01,-4.452289819727e+00
1.376960885608e+00,2.443264099538e-01,7.252523183985e-01,-2.588159901187e-01,-8.092364019791e-01,-5.097447719673e-01,-4.462368379936e+00,-5.053702668692e-01,-4.461152132898e+00
1.377643808814e+00,2.448212653187e-01,7.239746531954e-01,-2.593681599919e-01,-8.078410915363e-01,-5.127951849549e-01,-4.471031336981e+00,-5.084198973186e-01,-4.469955852890e+00
1.378326732020e+00,2.453152406594e-01,7.226750912886e-01,-2.599193682783e-01,-8.064203117806e-01,-5.158514937493e-01,-4.479634762858e+00,-5.114755199560e-01,-4.478700776658e+00
1.379009655226e+00,2.458083210085e-01,7.213535923154e-01,-2.604695975702e-01,-8.049740208351e-01,-5.189136576277e-01,-4.488178459575e+00,-5.145370945590e-01,-4.487386701542e+00
1.379692578432e+00,2.463004913714e-01,7.200101176175e-01,-2.610188304317e-01,-8.035021788096e-01,-5.219816357322e-01,-4.496662229692e+00,-5.176045807668e-01,-4.496013425281e+00
1.380375501638e+00,2.467917367278e-01,7.186446302562e-01,-2.615670494005e-01,-8.020047478163e-01,-5.250553870703e-01,-4.505085876330e+00,-5.206779380805e-01,-4.504580746027e+00
1.381058424844e+00,2.472820420326e-01,7.172570950270e-01,-2.621142369890e-01,-8.004816919873e-01,-5.281348705153e-01,-4.513449203183e+00,-5.237571258637e-01,-4.513088462352e+00
1.381741348050e+00,2.477713922176e-01,7.158474784731e-01,-2.626603756860e-01,-7.989329774901e-01,-5.312200448066e-01,-4.521752014535e+00,-5.268421033426e-01,-4.521536373262e+00
1.382424271256e+00,2.482597721919e-01,7.144157489001e-01,-2.632054479575e-01,-7.973585725441e-01,-5.343108685501e-01,-4.529994115264e+00,-5.299328296062e-01,-4.529924278212e+00
1.383107194462e+00,2.487471668439e-01,7.129618763894e-01,-2.637494362489e-01,-7.957584474358e-01,-5.374073002186e-01,-4.538175310864e+00,-5.330292636067e-01,-4.538251977111e+00
1.383790117668e+00,2.492335610421e-01,7.114858328116e-01,-2.642923229859e-01,-7.941325745347e-01,-5.405092981525e-01,-4.546295407447e+00,-5.361313641598e-01,-4.546519270340e+00
1.384473040874e+00,2.497189396363e-01,7.099875918400e-01,-2.648340905759e-01,-7.924809283079e-01,-5.436168205599e-01,-4.554354211762e+00,-5.392390899450e-01,-4.554725958765e+00
1.385155964080e+00,2.502032874591e-01,7.084671289637e-01,-2.653747214098e-01,-7.908034853355e-01,-5.467298255170e-01,-4.562351531205e+00,-5.423523995062e-01,-4.562871843742e+00
1.385838887286e+00,2.506865893268e-01,7.069244214998e-01,-2.659141978631e-01,-7.891002243246e-01,-5.498482709689e-01,-4.570287173834e+00,-5.454712512516e-01,-4.570956727138e+00
1.386521810492e+00,2.511688300410e-01,7.053594486067e-01,-2.664525022975e-01,-7.873711261242e-01,-5.529721147297e-01,-4.578160948376e+00,-5.485956034543e-01,-4.578980411339e+00
1.387204733698e+00,2.516499943896e-01,7.037721912954e-01,-2.669896170624e-01,-7.856161737385e-01,-5.561013144832e-01,-4.585972664245e+00,-5.517254142527e-01,-4.586942699264e+00
1.387887656904e+00,2.521300671482e-01,7.021626324424e-01,-2.675255244964e-01,-7.838353523408e-01,-5.592358277833e-01,-4.593722131553e+00,-5.548606416506e-01,-4.594843394376e+00
1.388570580110e+00,2.526090330814e-01,7.005307568007e-01,-2.680602069284e-01,-7.820286492873e-01,-5.623756120543e-01,-4.601409161120e+00,-5.580012435181e-01,-4.602682300698e+00
1.389253503316e+00,2.530868769440e-01,6.988765510117e-01,-2.685936466799e-01,-7.801960541292e-01,-5.655206245918e-01,-4.609033564492e+00,-5.611471775915e-01,-4.610459222825e+00
1.389936426522e+00,2.535635834823e-01,6.972000036157e-01,-2.691258260657e-01,-7.783375586264e-01,-5.686708225627e-01,-4.616595153949e+00,-5.642984014736e-01,-4.618173965936e+00
1.390619349728e+00,2.540391374353e-01,6.955011050638e-01,-2.696567273957e-01,-7.764531567591e-01,-5.718261630061e-01,-4.624093742521e+00,-5.674548726348e-01,-4.625826335808e+00
1.391302272934e+00,2.545135235365e-01,6.937798477274e-01,-2.701863329766e-01,-7.745428447403e-01,-5.749866028338e-01,-4.631529144000e+00,-5.706165484128e-01,-4.633416138829e+00
1.391985196140e+00,2.549867265145e-01,6.920362259091e-01,-2.707146251133e-01,-7.726066210274e-01,-5.781520988303e-01,-4.638901172952e+00,-5.737833860134e-01,-4.640943182015e+00
1.392668119346e+00,2.554587310948e-01,6.902702358527e-01,-2.712415861102e-01,-7.706444863337e-01,-5.813226076542e-01,-4.646209644734e+00,-5.769553425106e-01,-4.648407273016e+00
1.393351042552e+00,2.559295220009e-01,6.884818757527e-01,-2.717671982733e-01,-7.686564436391e-01,-5.844980858379e-01,-4.653454375501e+00,-5.801323748476e-01,-4.655808220138e+00
1.394033965758e+00,2.563990839560e-01,6.866711457637e-01,-2.722914439110e-01,-7.666424982014e-01,-5.876784897889e-01,-4.660635182224e+00,-5.833144398367e-01,-4.663145832352e+00
1.394716888964e+00,2.568674016839e-01,6.848380480096e-01,-2.728143053365e-01,-7.646026575661e-01,-5.908637757895e-01,-4.667751882704e+00,-5.865014941600e-01,-4.670419919309e+00
1.395399812170e+00,2.573344599104e-01,6.829825865926e-01,-2.733357648686e-01,-7.625369315768e-01,-5.940538999983e-01,-4.674804295582e+00,-5.896934943699e-01,-4.677630291355e+00
1.396082735376e+00,2.578002433650e-01,6.811047676012e-01,-2.738558048338e-01,-7.604453323844e-01,-5.972488184501e-01,-4.681792240353e+00,-5.928903968895e-01,-4.684776759544e+00
1.396765658582e+00,2.582647367819e-01,6.792045991188e-01,-2.743744075677e-01,-7.583278744569e-01,-6.004484870568e-01,-4.688715537382e+00,-5.960921580130e-01,-4.691859135652e+00
1.397448581788e+00,2.587279249017e-01,6.772820912314e-01,-2.748915554163e-01,-7.561845745882e-01,-6.036528616080e-01,-4.695574007916e+00,-5.992987339066e-01,-4.698877232192e+00
1.398131504994e+00,2.591897924722e-01,6.753372560350e-01,-2.754072307382e-01,-7.540154519064e-01,-6.068618977714e-01,-4.702367474098e+00,-6.025100806083e-01,-4.705830862431e+00
1.398814428200e+00,2.596503242506e-01,6.733701076433e-01,-2.759214159057e-01,-7.518205278822e-01,-6.100755510936e-01,-4.709095758979e+00,-6.057261540293e-01,-4.712719840399e+00
1.399497351406e+00,2.601095050041e-01,6.713806621938e-01,-2.764340933066e-01,-7.495998263365e-01,-6.132937770007e-01,-4.715758686535e+00,-6.089469099537e-01,-4.719543980908e+00
1.400180274612e+00,2.605673195118e-01,6.693689378553e-01,-2.769452453459e-01,-7.473533734484e-01,-6.165165307987e-01,-4.722356081679e+00,-6.121723040395e-01,-4.726303099566e+00
1.400863197818e+00,2.610237525657e-01,6.673349548334e-01,-2.774548544469e-01,-7.450811977614e-01,-6.197437676748e-01,-4.728887770274e+00,-6.154022918192e-01,-4.732997012790e+00
1.401546121024e+00,2.614787889726e-01,6.652787353767e-01,-2.779629030537e-01,-7.427833301909e-01,-6.229754426972e-01,-4.735353579149e+00,-6.186368287000e-01,-4.739625537825e+00
1.402229044230e+00,2.619324135548e-01,6.632003037823e-01,-2.784693736319e-01,-7.404598040298e-01,-6.262115108163e-01,-4.741753336110e+00,-6.218758699646e-01,-4.746188492752e+00
1.402911967436e+00,2.623846111524e-01,6.610996864011e-01,-2.789742486710e-01,-7.381106549549e-01,-6.294519268654e-01,-4.748086869959e+00,-6.251193707720e-01,-4.752685696511e+00
1.403594890642e+00,2.628353666236e-01,6.589769116427e-01,-2.794775106854e-01,-7.357359210321e-01,-6.326966455608e-01,-4.754354010501e+00,-6.283672861576e-01,-4.759116968913e+00
1.404277813848e+00,2.632846648472e-01,6.568320099798e-01,-2.799791422165e-01,-7.333356427215e-01,-6.359456215035e-01,-4.760554588566e+00,-6.316195710342e-01,-4.765482130652e+00
1.404960737054e+00,2.637324907234e-01,6.546650139524e-01,-2.804791258341e-01,-7.309098628822e-01,-6.391988091789e-01,-4.766688436017e+00,-6.348761801922e-01,-4.771781003325e+00
1.405643660260e+00,2.641788291751e-01,6.524759581718e-01,-2.809774441379e-01,-7.284586267765e-01,-6.424561629581e-01,-4.772755385766e+00,-6.381370683007e-01,-4.778013409447e+00
1.406326583466e+00,2.646236651497e-01,6.502648793240e-01,-2.814740797597e-01,-7.259819820740e-01,-6.457176370983e-01,-4.778755271791e+00,-6.414021899080e-01,-4.784179172463e+00
1.407009506672e+00,2.650669836205e-01,6.480318161728e-01,-2.819690153644e-01,-7.234799788546e-01,-6.489831857439e-01,-4.784687929145e+00,-6.446714994418e-01,-4.790278116769e+00
1.407692429878e+00,2.655087695879e-01,6.457768095627e-01,-2.824622336519e-01,-7.209526696121e-01,-6.522527629270e-01,-4.790553193975e+00,-6.479449512106e-01,-4.796310067722e+00
1.408375353084e+00,2.659490080807e-01,6.434999024210e-01,-2.829537173591e-01,-7.184001092565e-01,-6.555263225680e-01,-4.796350903534e+00,-6.512224994038e-01,-4.802274851660e+00
1.409058276290e+00,2.663876841579e-01,6.412011397603e-01,-2.834434492608e-01,-7.158223551163e-01,-6.588038184766e-01,-4.802080896196e+00,-6.545040980924e-01,-4.808172295916e+00
1.409741199496e+00,2.668247829100e-01,6.388805686800e-01,-2.839314121722e-01,-7.132194669403e-01,-6.620852043527e-01,-4.807743011470e+00,-6.577897012300e-01,-4.814002228834e+00
1.410424122702e+00,2.672602894604e-01,6.365382383675e-01,-2.844175889497e-01,-7.105915068991e-01,-6.653704337868e-01,-4.813337090016e+00,-6.610792626533e-01,-4.819764479786e+00
1.411107045908e+00,2.676941889666e-01,6.341742000994e-01,-2.849019624933e-01,-7.079385395857e-01,-6.686594602610e-01,-4.818862973655e+00,-6.643727360828e-01,-4.825458879187e+00
1.411789969114e+00,2.681264666220e-01,6.317885072420e-01,-2.853845157478e-01,-7.052606320167e-01,-6.719522371498e-01,-4.824320505390e+00,-6.676700751235e-01,-4.831085258512e+00
1.412472892320e+00,2.685571076571e-01,6.293812152514e-01,-2.858652317046e-01,-7.025578536318e-01,-6.752487177210e-01,-4.829709529416e+00,-6.709712332658e-01,-4.836643450309e+00
1.413155815526e+00,2.689860973410e-01,6.269523816736e-01,-2.863440934035e-01,-6.998302762936e-01,-6.785488551361e-01,-4.835029891134e+00,-6.742761638861e-01,-4.842133288222e+00
1.413838738732e+00,2.694134209828e-01,6.245020661440e-01,-2.868210839340e-01,-6.970779742870e-01,-6.818526024518e-01,-4.840281437169e+00,-6.775848202474e-01,-4.847554607001e+00
1.414521661938e+00,2.698390639333e-01,6.220303307123e-01,-2.872961864373e-01,-6.943010246899e-01,-6.851599126204e-01,-4.845464015505e+00,-6.808971555005e-01,-4.852907242629e+00
1.415204585144e+00,2.702630115859e-01,6.195372391891e-01,-2.877693841082e-01,-6.914995066276e-01,-6.884707384906e-01,-4.850577475255e+00,-6.842131226843e-01,-4.858191032125e+00
1.415887508350e+00,2.706852493786e-01,6.170228571448e-01,-2.882406601959e-01,-6.886735012705e-01,-6.917850328087e-01,-4.855621666676e+00,-6.875326747270e-01,-4.863405813553e+00
1.416570431556e+00,2.711057627948e-01,6.144872525591e-01,-2.887099980062e-01,-6.858230925763e-01,-6.951027482190e-01,-4.860596441423e+00,-6.908557644464e-01,-4.868551426259e+00
1.417253354762e+00,2.715245373650e-01,6.119304954927e-01,-2.891773809029e-01,-6.829483669141e-01,-6.984238372651e-01,-4.865501652450e+00,-6.941823445513e-01,-4.873627710780e+00
1.417936277968e+00,2.719415586684e-01,6.093526580850e-01,-2.896427923097e-01,-6.800494130620e-01,-7.017482523906e-01,-4.870337154019e+00,-6.975123676418e-01,-4.878634508861e+00
1.418619201174e+00,2.723568123339e-01,6.067538145503e-01,-2.901062157118e-01,-6.771263222026e-01,-7.050759459399e-01,-4.875102801714e+00,-7.008457862102e-01,-4.883571663469e+00
1.419302124380e+00,2.727702840422e-01,6.041340411747e-01,-2.905676346575e-01,-6.741791879190e-01,-7.084068701593e-01,-4.879798452461e+00,-7.041825526424e-01,-4.888439018812e+00
1.419985047586e+00,2.731819595265e-01,6.014934163122e-01,-2.910270327596e-01,-6.712081061902e-01,-7.117409771979e-01,-4.884423964535e+00,-7.075226192179e-01,-4.893236420354e+00
1.420667970792e+00,2.735918245742e-01,5.988320203801e-01,-2.914843936975e-01,-6.682131753857e-01,-7.150782191084e-01,-4.888979197582e+00,-7.108659381114e-01,-4.897963714832e+00
1.421350893998e+00,2.739998650285e-01,5.961499358547e-01,-2.919397012185e-01,-6.651944962602e-01,-7.184185478482e-01,-4.893464012627e+00,-7.142124613932e-01,-4.902620750276e+00
1.422033817204e+00,2.744060667896e-01,5.934472472660e-01,-2.923929391396e-01,-6.621521719472e-01,-7.217619152804e-01,-4.897878272093e+00,-7.175621410304e-01,-4.907207376019e+00
1.422716740410e+00,2.748104158160e-01,5.907240411923e-01,-2.928440913489e-01,-6.590863079531e-01,-7.251082731742e-01,-4.902221839813e+00,-7.209149288876e-01,-4.911723442721e+00
1.423399663616e+00,2.752128981261e-01,5.879804062547e-01,-2.932931418074e-01,-6.559970121496e-01,-7.284575732066e-01,-4.906494581047e+00,-7.242707767277e-01,-4.916168802380e+00
1.424082586822e+00,2.756134997995e-01,5.852164331104e-01,-2.937400745508e-01,-6.528843947669e-01,-7.318097669632e-01,-4.910696362492e+00,-7.276296362134e-01,-4.920543308352e+00
1.424765510028e+00,2.760122069784e-01,5.824322144466e-01,-2.941848736905e-01,-6.497485683857e-01,-7.351648059388e-01,-4.914827052301e+00,-7.309914589072e-01,-4.924846815367e+00
1.425448433234e+00,2.764090058691e-01,5.796278449732e-01,-2.946275234159e-01,-6.465896479287e-01,-7.385226415387e-01,-4.918886520096e+00,-7.343561962733e-01,-4.929079179546e+00
1.426131356440e+00,2.768038827431e-01,5.768034214156e-01,-2.950680079955e-01,-6.434077506525e-01,-7.418832250798e-01,-4.922874636981e+00,-7.377237996779e-01,-4.933240258416e+00
1.426814279646e+00,2.771968239387e-01,5.739590425073e-01,-2.955063117787e-01,-6.402029961378e-01,-7.452465077913e-01,-4.926791275557e+00,-7.410942203905e-01,-4.937329910931e+00
1.427360311343e+00,2.775095989674e-01,5.716705263792e-01,-2.958551788732e-01,-6.376242674737e-01,-7.479375328927e-01,-4.929871322278e+00,-7.437910376958e-01,-4.940548319558e+00
1.427906343040e+00,2.778211209427e-01,5.693693697353e-01,-2.962026339492e-01,-6.350310676276e-01,-7.506302272824e-01,-4.932905529987e+00,-7.464895998443e-01,-4.943720906579e+00
1.428452374737e+00,2.781313829770e-01,5.670556258079e-01,-2.965486691226e-01,-6.324234609232e-01,-7.533245659138e-01,-4.935893835673e+00,-7.491898817966e-01,-4.946847601910e+00
1.428998406433e+00,2.784403782120e-01,5.647293487678e-01,-2.968932765446e-01,-6.298015127671e-01,-7.560205237058e-01,-4.938836177022e+00,-7.518918584756e-01,-4.949928336135e+00
1.429544438130e+00,2.787480998192e-01,5.623905934271e-01,-2.972364484025e-01,-6.271652893120e-01,-7.587180755435e-01,-4.941732492278e+00,-7.545955047662e-01,-4.952963040377e+00
1.430090469827e+00,2.790545410003e-01,5.600394154161e-01,-2.975781769197e-01,-6.245148576567e-01,-7.614171962787e-01,-4.944582720337e+00,-7.573007955160e-01,-4.955951646386e+00
1.430636501524e+00,2.793596949876e-01,5.576758711636e-01,-2.979184543568e-01,-6.218502858241e-01,-7.641178607296e-01,-4.947386800739e+00,-7.600077055353e-01,-4.958894086532e+00
1.431182533221e+00,2.796635550441e-01,5.553000178935e-01,-2.982572730115e-01,-6.191716427567e-01,-7.668200436820e-01,-4.950144673678e+00,-7.627162095980e-01,-4.961790293814e+00
1.431728564917e+00,2.799661144648e-01,5.529119136211e-01,-2.985946252195e-01,-6.164789983127e-01,-7.695237198889e-01,-4.952856280002e+00,-7.654262824412e-01,-4.964640201868e+00
1.432274596614e+00,2.802673665762e-01,5.505116171500e-01,-2.989305033551e-01,-6.137724232621e-01,-7.722288640714e-01,-4.955521561219e+00,-7.681378987661e-01,-4.967443744965e+00
1.432820628311e+00,2.805673047372e-01,5.480991880679e-01,-2.992648998312e-01,-6.110519892819e-01,-7.749354509185e-01,-4.958140459502e+00,-7.708510332383e-01,-4.970200858022e+00
1.433366660008e+00,2.808659223396e-01,5.456746867433e-01,-2.995978071003e-01,-6.083177689520e-01,-7.776434550883e-01,-4.960712917694e+00,-7.735656604879e-01,-4.972911476608e+00
1.433912691704e+00,2.811632128082e-01,5.432381743214e-01,-2.999292176545e-01,-6.055698357504e-01,-7.803528512075e-01,-4.963238879310e+00,-7.762817551101e-01,-4.975575536946e+00
1.434458723401e+00,2.814591696014e-01,5.407897127201e-01,-3.002591240266e-01,-6.028082640489e-01,-7.830636138722e-01,-4.965718288545e+00,-7.789992916652e-01,-4.978192975918e+00
1.435004755098e+00,2.817537862118e-01,5.383293646265e-01,-3.005875187900e-01,-6.000331291080e-01,-7.857757176484e-01,-4.968151090275e+00,-7.817182446796e-01,-4.980763731076e+00
1.435550786795e+00,2.820470561663e-01,5.358571934917e-01,-3.009143945596e-01,-5.972445070723e-01,-7.884891370720e-01,-4.970537230063e+00,-7.844385886455e-01,-4.983287740640e+00
1.436096818491e+00,2.823389730266e-01,5.333732635278e-01,-3.012397439920e-01,-5.944424749654e-01,-7.912038466494e-01,-4.972876654165e+00,-7.871602980216e-01,-4.985764943508e+00
1.436642850188e+00,2.826295303899e-01,5.308776397026e-01,-3.015635597862e-01,-5.916271106846e-01,-7.939198208580e-01,-4.975169309531e+00,-7.898833472336e-01,-4.988195279260e+00
1.437188881885e+00,2.829187218887e-01,5.283703877357e-01,-3.018858346838e-01,-5.887984929960e-01,-7.966370341461e-01,-4.977415143812e+00,-7.926077106741e-01,-4.990578688165e+00
1.437734913582e+00,2.832065411920e-01,5.258515740938e-01,-3.022065614699e-01,-5.859567015292e-01,-7.993554609339e-01,-4.979614105363e+00,-7.953333627036e-01,-4.992915111182e+00
1.438280945279e+00,2.834929820051e-01,5.233212659863e-01,-3.025257329731e-01,-5.831018167716e-01,-8.020750756136e-01,-4.981766143247e+00,-7.980602776502e-01,-4.995204489969e+00
1.438826976975e+00,2.837780380701e-01,5.207795313603e-01,-3.028433420662e-01,-5.802339200630e-01,-8.047958525495e-01,-4.983871207242e+00,-8.007884298107e-01,-4.997446766888e+00
1.439373008672e+00,2.840617031665e-01,5.182264388959e-01,-3.031593816668e-01,-5.773530935903e-01,-8.075177660790e-01,-4.985929247842e+00,-8.035177934504e-01,-4.999641885009e+00
1.439919040369e+00,2.843439711116e-01,5.156620580015e-01,-3.034738447375e-01,-5.744594203810e-01,-8.102407905124e-01,-4.987940216262e+00,-8.062483428037e-01,-5.001789788113e+00
1.440465072066e+00,2.846248357607e-01,5.130864588087e-01,-3.037867242864e-01,-5.715529842982e-01,-8.129649001337e-01,-4.989904064443e+00,-8.089800520745e-01,-5.003890420703e+00
1.441011103762e+00,2.849042910076e-01,5.104997121672e-01,-3.040980133678e-01,-5.686338700341e-01,-8.156900692009e-01,-4.991820745057e+00,-8.117128954368e-01,-5.005943728004e+00
1.441557135459e+00,2.851823307849e-01,5.079018896398e-01,-3.044077050822e-01,-5.657021631040e-01,-8.184162719462e-01,-4.993690211509e+00,-8.144468470347e-01,-5.007949655971e+00
1.442103167156e+00,2.854589490646e-01,5.052930634968e-01,-3.047157925773e-01,-5.627579498405e-01,-8.211434825768e-01,-4.995512417942e+00,-8.171818809829e-01,-5.009908151292e+00
1.442649198853e+00,2.857341398583e-01,5.026733067112e-01,-3.050222690480e-01,-5.598013173867e-01,-8.238716752748e-01,-4.997287319241e+00,-8.199179713674e-01,-5.011819161395e+00
1.443195230549e+00,2.860078972176e-01,5.000426929530e-01,-3.053271277371e-01,-5.568323536902e-01,-8.266008241979e-01,-4.999014871039e+00,-8.226550922457e-01,-5.013682634451e+00
1.443741262246e+00,2.862802152346e-01,4.974012965836e-01,-3.056303619354e-01,-5.538511474967e-01,-8.293309034801e-01,-5.000695029717e+00,-8.253932176470e-01,-5.015498519380e+00
1.444287293943e+00,2.865510880422e-01,4.947491926504e-01,-3.059319649828e-01,-5.508577883430e-01,-8.320618872313e-01,-5.002327752412e+00,-8.281323215730e-01,-5.017266765858e+00
1.444833325640e+00,2.868205098143e-01,4.920864568810e-01,-3.062319302678e-01,-5.478523665508e-01,-8.347937495387e-01,-5.003912997018e+00,-8.308723779980e-01,-5.018987324319e+00
1.445379357336e+00,2.870884747664e-01,4.894131656776e-01,-3.065302512289e-01,-5.448349732197e-01,-8.375264644662e-01,-5.005450722193e+00,-8.336133608696e-01,-5.020660145959e+00
1.445925389033e+00,2.873549771561e-01,4.867293961109e-01,-3.068269213543e-01,-5.418057002202e-01,-8.402600060559e-01,-5.006940887359e+00,-8.363552441087e-01,-5.022285182746e+00
1.446471420730e+00,2.876200112829e-01,4.840352259147e-01,-3.071219341825e-01,-5.387646401871e-01,-8.429943483274e-01,-5.008383452710e+00,-8.390980016106e-01,-5.023862387419e+00
1.447017452427e+00,2.878835714893e-01,4.813307334790e-01,-3.074152833030e-01,-5.357118865122e-01,-8.457294652792e-01,-5.009778379211e+00,-8.418416072446e-01,-5.025391713498e+00
1.447563484124e+00,2.881456521606e-01,4.786159978450e-01,-3.077069623564e-01,-5.326475333371e-01,-8.484653308884e-01,-5.011125628608e+00,-8.445860348550e-01,-5.026873115285e+00
1.448109515820e+00,2.884062477253e-01,4.758910986980e-01,-3.079969650349e-01,-5.295716755461e-01,-8.512019191117e-01,-5.012425163425e+00,-8.473312582614e-01,-5.028306547869e+00
1.448655547517e+00,2.886653526559e-01,4.731561163615e-01,-3.082852850827e-01,-5.264844087587e-01,-8.539392038854e-01,-5.013676946975e+00,-8.500772512590e-01,-5.029691967133e+00
1.449201579214e+00,2.889229614687e-01,4.704111317913e-01,-3.085719162964e-01,-5.233858293223e-01,-8.566771591259e-01,-5.014880943355e+00,-8.528239876192e-01,-5.031029329757e+00
1.449747610911e+00,2.891790687243e-01,4.676562265683e-01,-3.088568525255e-01,-5.202760343046e-01,-8.594157587303e-01,-5.016037117459e+00,-8.555714410900e-01,-5.032318593224e+00
1.450293642607e+00,2.894336690284e-01,4.648914828925e-01,-3.091400876727e-01,-5.171551214860e-01,-8.621549765769e-01,-5.017145434973e+00,-8.583195853962e-01,-5.033559715822e+00
1.450839674304e+00,2.896867570313e-01,4.621169835764e-01,-3.094216156940e-01,-5.140231893519e-01,-8.648947865251e-01,-5.018205862386e+00,-8.610683942404e-01,-5.034752656652e+00
1.451385706001e+00,2.899383274290e-01,4.593328120383e-01,-3.097014305998e-01,-5.108803370848e-01,-8.676351624167e-01,-5.019218366988e+00,-8.638178413027e-01,-5.035897375630e+00
1.451931737698e+00,2.901883749631e-01,4.565390522956e-01,-3.099795264545e-01,-5.077266645566e-01,-8.703760780755e-01,-5.020182916875e+00,-8.665679002418e-01,-5.036993833490e+00
1.452477769394e+00,2.904368944211e-01,4.537357889580e-01,-3.102558973774e-01,-5.045622723203e-01,-8.731175073082e-01,-5.021099480955e+00,-8.693185446952e-01,-5.038041991795e+00
1.453023801091e+00,2.906838806372e-01,4.509231072206e-01,-3.105305375429e-01,-5.013872616023e-01,-8.758594239047e-01,-5.021968028949e+00,-8.720697482794e-01,-5.039041812933e+00
1.453569832788e+00,2.909293284919e-01,4.481010928572e-01,-3.108034411806e-01,-4.982017342941e-01,-8.786018016389e-01,-5.022788531393e+00,-8.748214845907e-01,-5.039993260127e+00
1.454115864485e+00,2.911732329129e-01,4.452698322128e-01,-3.110746025763e-01,-4.950057929440e-01,-8.813446142683e-01,-5.023560959646e+00,-8.775737272057e-01,-5.040896297439e+00
1.454661896181e+00,2.914155888752e-01,4.424294121971e-01,-3.113440160717e-01,-4.917995407489e-01,-8.840878355355e-01,-5.024285285887e+00,-8.803264496815e-01,-5.041750889771e+00
1.455207927878e+00,2.916563914014e-01,4.395799202770e-01,-3.116116760650e-01,-4.885830815459e-01,-8.868314391677e-01,-5.024961483124e+00,-8.830796255562e-01,-5.042557002872e+00
1.455753959575e+00,2.918956355619e-01,4.367214444695e-01,-3.118775770116e-01,-4.853565198036e-01,-8.895753988780e-01,-5.025589525194e+00,-8.858332283494e-01,-5.043314603340e+00
1.456299991272e+00,2.921333164755e-01,4.338540733344e-01,-3.121417134237e-01,-4.821199606139e-01,-8.923196883651e-01,-5.026169386767e+00,-8.885872315629e-01,-5.044023658630e+00
1.456846022969e+00,2.923694293093e-01,4.309778959670e-01,-3.124040798712e-01,-4.788735096831e-01,-8.950642813142e-01,-5.026701043349e+00,-8.913416086809e-01,-5.044684137052e+00
1.457392054665e+00,2.926039692793e-01,4.280930019906e-01,-3.126646709821e-01,-4.756172733234e-01,-8.978091513976e-01,-5.027184471284e+00,-8.940963331703e-01,-5.045296007783e+00
1.457938086362e+00,2.928369316507e-01,4.251994815491e-01,-3.129234814424e-01,-4.723513584438e-01,-9.005542722744e-01,-5.027619647759e+00,-8.968513784816e-01,-5.045859240861e+00
1.458484118059e+00,2.930683117377e-01,4.222974252994e-01,-3.131805059965e-01,-4.690758725415e-01,-9.032996175921e-01,-5.028006550806e+00,-8.996067180493e-01,-5.046373807200e+00
1.459030149756e+00,2.932981049045e-01,4.193869244040e-01,-3.134357394480e-01,-4.657909236931e-01,-9.060451609859e-01,-5.028345159306e+00,-9.023623252921e-01,-5.046839678583e+00
1.459576181452e+00,2.935263065651e-01,4.164680705230e-01,-3.136891766595e-01,-4.624966205452e-01,-9.087908760799e-01,-5.028635452987e+00,-9.051181736134e-01,-5.047256827675e+00
1.460122213149e+00,2.937529121835e-01,4.135409558066e-01,-3.139408125529e-01,-4.591930723056e-01,-9.115367364875e-01,-5.028877412433e+00,-9.078742364022e-01,-5.047625228020e+00
1.460668244846e+00,2.939779172746e-01,4.106056728873e-01,-3.141906421102e-01,-4.558803887341e-01,-9.142827158115e-01,-5.029071019085e+00,-9.106304870330e-01,-5.047944854050e+00
1.461214276543e+00,2.942013174035e-01,4.076623148721e-01,-3.144386603733e-01,-4.525586801331e-01,-9.170287876450e-01,-5.029216255241e+00,-9.133868988669e-01,-5.048215681084e+00
1.461760308239e+00,2.944231081865e-01,4.047109753343e-01,-3.146848624445e-01,-4.492280573387e-01,-9.197749255715e-01,-5.029313104062e+00,-9.161434452516e-01,-5.048437685335e+00
1.462306339936e+00,2.946432852912e-01,4.017517483062e-01,-3.149292434868e-01,-4.458886317110e-01,-9.225211031657e-01,-5.029361549571e+00,-9.189000995220e-01,-5.048610843910e+00
1.462852371633e+00,2.948618444365e-01,3.987847282703e-01,-3.151717987240e-01,-4.425405151251e-01,-9.252672939936e-01,-5.029361576659e+00,-9.216568350008e-01,-5.048735134819e+00
1.463398403330e+00,2.950787813931e-01,3.958100101519e-01,-3.154125234414e-01,-4.391838199611e-01,-9.280134716135e-01,-5.029313171088e+00,-9.244136249990e-01,-5.048810536973e+00
1.463944435027e+00,2.952940919837e-01,3.928276893106e-01,-3.156514129856e-01,-4.358186590949e-01,-9.307596095758e-01,-5.029216319488e+00,-9.271704428162e-01,-5.048837030190e+00
1.464490466723e+00,2.955077720831e-01,3.898378615322e-01,-3.158884627649e-01,-4.324451458886e-01,-9.335056814242e-01,-5.029071009364e+00,-9.299272617414e-01,-5.048814595196e+00
1.465036498420e+00,2.957198176184e-01,3.868406230207e-01,-3.161236682498e-01,-4.290633941808e-01,-9.362516606955e-01,-5.028877229098e+00,-9.326840550531e-01,-5.048743213633e+00
1.465582530117e+00,2.959302245697e-01,3.838360703899e-01,-3.163570249731e-01,-4.256735182769e-01,-9.389975209206e-01,-5.028634967950e+00,-9.354407960204e-01,-5.048622868057e+00
1.466128561814e+00,2.961389889696e-01,3.808243006549e-01,-3.165885285301e-01,-4.222756329393e-01,-9.417432356247e-01,-5.028344216062e+00,-9.381974579026e-01,-5.048453541944e+00
1.466674593510e+00,2.963461069040e-01,3.778054112241e-01,-3.168181745786e-01,-4.188698533775e-01,-9.444887783279e-01,-5.028004964455e+00,-9.409540139508e-01,-5.048235219691e+00
1.467220625207e+00,2.965515745120e-01,3.747794998907e-01,-3.170459588399e-01,-4.154562952386e-01,-9.472341225455e-01,-5.027617205039e+00,-9.437104374073e-01,-5.047967886623e+00
1.467766656904e+00,2.967553879862e-01,3.717466648238e-01,-3.172718770983e-01,-4.120350745970e-01,-9.499792417888e-01,-5.027180930608e+00,-9.464667015070e-01,-5.047651528989e+00
1.468312688601e+00,2.969575435730e-01,3.687070045609e-01,-3.174959252015e-01,-4.086063079445e-01,-9.527241095654e-01,-5.026696134846e+00,-9.492227794774e-01,-5.047286133972e+00
1.468858720297e+00,2.971580375725e-01,3.656606179984e-01,-3.177180990613e-01,-4.051701121805e-01,-9.554686993795e-01,-5.026162812329e+00,-9.519786445394e-01,-5.046871689689e+00
1.469404751994e+00,2.973568663390e-01,3.626076043834e-01,-3.179383946530e-01,-4.017266046015e-01,-9.582129847329e-01,-5.025580958522e+00,-9.547342699074e-01,-5.046408185190e+00
1.469950783691e+00,2.975540262813e-01,3.595480633053e-01,-3.181568080163e-01,-3.982759028916e-01,-9.609569391248e-01,-5.024950569788e+00,-9.574896287903e-01,-5.045895610469e+00
1.470496815388e+00,2.977495138624e-01,3.564820946871e-01,-3.183733352552e-01,-3.948181251117e-01,-9.637005360529e-01,-5.024271643385e+00,-9.602446943917e-01,-5.045333956458e+00
1.471042847084e+00,2.979433255999e-01,3.534097987761e-01,-3.185879725383e-01,-3.913533896899e-01,-9.664437490136e-01,-5.023544177467e+00,-9.629994399106e-01,-5.044723215033e+00
1.471588878781e+00,2.981354580665e-01,3.503312761363e-01,-3.188007160989e-01,-3.878818154107e-01,-9.691865515026e-01,-5.022768171089e+00,-9.657538385418e-01,-5.044063379019e+00
1.472134910478e+00,2.983259078898e-01,3.472466276386e-01,-3.190115622353e-01,-3.844035214053e-01,-9.719289170151e-01,-5.021943624207e+00,-9.685078634762e-01,-5.043354442189e+00
1.472680942175e+00,2.985146717523e-01,3.441559544528e-01,-3.192205073110e-01,-3.809186271406e-01,-9.746708190469e-01,-5.021070537678e+00,-9.712614879019e-01,-5.042596399267e+00
1.473117660660e+00,2.986644303174e-01,3.416797503430e-01,-3.193862518783e-01,-3.781267209387e-01,-9.768634532587e-01,-5.020337304305e+00,-9.734635428573e-01,-5.041954766626e+00
1.473554379146e+00,2.988131066624e-01,3.391998092733e-01,-3.195507762769e-01,-3.753307307153e-01,-9.790557604744e-01,-5.019573023189e+00,-9.756653107396e-01,-5.041281716914e+00
1.473991097631e+00,2.989606991666e-01,3.367161833373e-01,-3.197140787364e-01,-3.725307179694e-01,-9.812477271352e-01,-5.018777695951e+00,-9.778667778281e-01,-5.040577248674e+00
1.474427816116e+00,2.991072062323e-01,3.342289248305e-01,-3.198761575138e-01,-3.697267444212e-01,-9.834393396831e-01,-5.017951324691e+00,-9.800679304016e-01,-5.039841360966e+00
1.474864534602e+00,2.992526262845e-01,3.317380861153e-01,-3.200370108927e-01,-3.669188718679e-01,-9.856305845612e-01,-5.017093911838e+00,-9.822687547385e-01,-5.039074053190e+00
1.475301253087e+00,2.993969577710e-01,3.292437196615e-01,-3.201966371839e-01,-3.641071622265e-01,-9.878214482136e-01,-5.016205460194e+00,-9.844692371170e-01,-5.038275325145e+00
1.475737971572e+00,2.995401991628e-01,3.267458780394e-01,-3.203550347252e-01,-3.612916775256e-01,-9.900119170859e-01,-5.015285972935e+00,-9.866693638153e-01,-5.037445177024e+00
1.476174690058e+00,2.996823489536e-01,3.242446139165e-01,-3.205122018815e-01,-3.584724799025e-01,-9.922019776250e-01,-5.014335453610e+00,-9.888691211118e-01,-5.036583609415e+00
1.476611408543e+00,2.998234056603e-01,3.217399800551e-01,-3.206681370449e-01,-3.556496315994e-01,-9.943916162794e-01,-5.013353906140e+00,-9.910684952853e-01,-5.035690623303e+00
1.477048127028e+00,2.999633678229e-01,3.192320293087e-01,-3.208228386348e-01,-3.528231949601e-01,-9.965808194996e-01,-5.012341334820e+00,-9.932674726151e-01,-5.034766220065e+00
1.477484845514e+00,3.001022340043e-01,3.167208146199e-01,-3.209763050976e-01,-3.499932324265e-01,-9.987695737378e-01,-5.011297744318e+00,-9.954660393810e-01,-5.033810401479e+00
1.477921563999e+00,3.002400027906e-01,3.142063890164e-01,-3.211285349072e-01,-3.471598065351e-01,-1.000957865449e+00,-5.010223139676e+00,-9.976641818640e-01,-5.032823169718e+00
1.478358282484e+00,3.003766727913e-01,3.116888056091e-01,-3.212795265648e-01,-3.443229799136e-01,-1.003145681088e+00,-5.009117526310e+00,-9.998618863457e-01,-5.031804527351e+00
1.478795000970e+00,3.005122426389e-01,3.091681175883e-01,-3.214292785989e-01,-3.414828152771e-01,-1.005333007117e+00,-5.007980910010e+00,-1.002059139109e+00,-5.030754477348e+00
1.479231719455e+00,3.006467109891e-01,3.066443782212e-01,-3.215777895654e-01,-3.386393754252e-01,-1.007519829996e+00,-5.006813296942e+00,-1.004255926439e+00,-5.029673023074e+00
1.479668437941e+00,3.007800765210e-01,3.041176408488e-01,-3.217250580477e-01,-3.357927232380e-01,-1.009706136189e+00,-5.005614693645e+00,-1.006452234622e+00,-5.028560168296e+00
1.480105156426e+00,3.009123379371e-01,3.015879588829e-01,-3.218710826566e-01,-3.329429216728e-01,-1.011891912165e+00,-5.004385107034e+00,-1.008648049944e+00,-5.027415917179e+00
1.480541874911e+00,3.010434939630e-01,2.990553858031e-01,-3.220158620307e-01,-3.300900337605e-01,-1.014077144393e+00,-5.003124544399e+00,-1.010843358696e+00,-5.026240274286e+00
1.480978593397e+00,3.011735433477e-01,2.965199751539e-01,-3.221593948356e-01,-3.272341226023e-01,-1.016261819349e+00,-5.001833013404e+00,-1.013038147170e+00,-5.025033244583e+00
1.481415311882e+00,3.013024848639e-01,2.939817805417e-01,-3.223016797651e-01,-3.243752513661e-01,-1.018445923508e+00,-5.000510522089e+00,-1.015232401659e+00,-5.023794833433e+00
1.481852030367e+00,3.014303173074e-01,2.914408556317e-01,-3.224427155400e-01,-3.215134832828e-01,-1.020629443352e+00,-4.999157078871e+00,-1.017426108460e+00,-5.022525046602e+00
1.482288748853e+00,3.015570394975e-01,2.888972541450e-01,-3.225825009092e-01,-3.186488816430e-01,-1.022812365366e+00,-4.997772692541e+00,-1.019619253871e+00,-5.021223890257e+00
1.482725467338e+00,3.016826502772e-01,2.863510298558e-01,-3.227210346490e-01,-3.157815097935e-01,-1.024994676039e+00,-4.996357372265e+00,-1.021811824195e+00,-5.019891370965e+00
1.483162185823e+00,3.018071485127e-01,2.838022365879e-01,-3.228583155635e-01,-3.129114311337e-01,-1.027176361862e+00,-4.994911127587e+00,-1.024003805737e+00,-5.018527495694e+00
1.483598904309e+00,3.019305330938e-01,2.812509282123e-01,-3.229943424843e-01,-3.100387091121e-01,-1.029357409332e+00,-4.993433968424e+00,-1.026195184803e+00,-5.017132271815e+00
1.484035622794e+00,3.020528029340e-01,2.786971586438e-01,-3.231291142710e-01,-3.071634072227e-01,-1.031537804952e+00,-4.991925905070e+00,-1.028385947706e+00,-5.015705707101e+00
1.484472341279e+00,3.021739569701e-01,2.761409818381e-01,-3.232626298108e-01,-3.042855890016e-01,-1.033717535227e+00,-4.990386948196e+00,-1.030576080760e+00,-5.014247809727e+00
1.484909059765e+00,3.022939941628e-01,2.735824517889e-01,-3.233948880185e-01,-3.014053180235e-01,-1.035896586668e+00,-4.988817108847e+00,-1.032765570284e+00,-5.012758588270e+00
1.485345778250e+00,3.024129134960e-01,2.710216225248e-01,-3.235258878370e-01,-2.985226578982e-01,-1.038074945789e+00,-4.987216398444e+00,-1.034954402599e+00,-5.011238051708e+00
1.485782496736e+00,3.025307139775e-01,2.684585481064e-01,-3.236556282368e-01,-2.956376722667e-01,-1.040252599113e+00,-4.985584828784e+00,-1.037142564031e+00,-5.009686209425e+00
1.486219215221e+00,3.026473946386e-01,2.658932826230e-01,-3.237841082160e-01,-2.927504247984e-01,-1.042429533164e+00,-4.983922412040e+00,-1.039330040912e+00,-5.008103071204e+00
1.486655933706e+00,3.027629545342e-01,2.633258801903e-01,-3.239113268010e-01,-2.898609791869e-01,-1.044605734473e+00,-4.982229160759e+00,-1.041516819575e+00,-5.006488647234e+00
1.487092652192e+00,3.028773927429e-01,2.607563949465e-01,-3.240372830456e-01,-2.869693991468e-01,-1.046781189579e+00,-4.980505087864e+00,-1.043702886361e+00,-5.004842948104e+00
1.487529370677e+00,3.029907083669e-01,2.581848810501e-01,-3.241619760315e-01,-2.840757484101e-01,-1.048955885023e+00,-4.978750206655e+00,-1.045888227612e+00,-5.003165984809e+00
1.487966089162e+00,3.031029005322e-01,2.556113926764e-01,-3.242854048685e-01,-2.811800907230e-01,-1.051129807353e+00,-4.976964530806e+00,-1.048072829678e+00,-5.001457768743e+00
1.488402807648e+00,3.032139683881e-01,2.530359840147e-01,-3.244075686939e-01,-2.782824898417e-01,-1.053302943125e+00,-4.975148074363e+00,-1.050256678913e+00,-4.999718311708e+00
1.488839526133e+00,3.033239111080e-01,2.504587092654e-01,-3.245284666730e-01,-2.753830095296e-01,-1.055475278898e+00,-4.973300851752e+00,-1.052439761676e+00,-4.997947625903e+00
1.489276244618e+00,3.034327278888e-01,2.478796226367e-01,-3.246480979990e-01,-2.724817135534e-01,-1.057646801240e+00,-4.971422877770e+00,-1.054622064331e+00,-4.996145723936e+00
1.489712963104e+00,3.035404179509e-01,2.452987783420e-01,-3.247664618929e-01,-2.695786656798e-01,-1.059817496725e+00,-4.969514167589e+00,-1.056803573248e+00,-4.994312618812e+00
1.490149681589e+00,3.036469805387e-01,2.427162305967e-01,-3.248835576035e-01,-2.666739296718e-01,-1.061987351933e+00,-4.967574736757e+00,-1.058984274805e+00,-4.992448323944e+00
1.490586400075e+00,3.037524149200e-01,2.401320336154e-01,-3.249993844075e-01,-2.637675692853e-01,-1.064156353450e+00,-4.965604601192e+00,-1.061164155381e+00,-4.990552853144e+00
1.491023118560e+00,3.038567203864e-01,2.375462416086e-01,-3.251139416094e-01,-2.608596482658e-01,-1.066324487872e+00,-4.963603777189e+00,-1.063343201367e+00,-4.988626220628e+00
1.491459837045e+00,3.039598962532e-01,2.349589087800e-01,-3.252272285416e-01,-2.579502303445e-01,-1.068491741800e+00,-4.961572281416e+00,-1.065521399154e+00,-4.986668441014e+00
1.491896555531e+00,3.040619418593e-01,2.323700893235e-01,-3.253392445643e-01,-2.550393792353e-01,-1.070658101842e+00,-4.959510130913e+00,-1.067698735146e+00,-4.984679529321e+00
1.492333274016e+00,3.041628565673e-01,2.297798374203e-01,-3.254499890654e-01,-2.521271586308e-01,-1.072823554615e+00,-4.957417343092e+00,-1.069875195748e+00,-4.982659500974e+00
1.492769992501e+00,3.042626397635e-01,2.271882072355e-01,-3.255594614608e-01,-2.492136321993e-01,-1.074988086743e+00,-4.955293935738e+00,-1.072050767375e+00,-4.980608371795e+00
1.493206710987e+00,3.043612908577e-01,2.245952529160e-01,-3.256676611941e-01,-2.462988635812e-01,-1.077151684857e+00,-4.953139927010e+00,-1.074225436449e+00,-4.978526158010e+00
1.493643429472e+00,3.044588092835e-01,2.220010285866e-01,-3.257745877368e-01,-2.433829163853e-01,-1.079314335598e+00,-4.950955335435e+00,-1.076399189397e+00,-4.976412876247e+00
1.494080147957e+00,3.045551944981e-01,2.194055883479e-01,-3.258802405879e-01,-2.404658541857e-01,-1.081476025613e+00,-4.948740179914e+00,-1.078572012656e+00,-4.974268543533e+00
1.494516866443e+00,3.046504459823e-01,2.168089862726e-01,-3.259846192744e-01,-2.375477405181e-01,-1.083636741560e+00,-4.946494479717e+00,-1.080743892669e+00,-4.972093177296e+00
1.494953584928e+00,3.047445632404e-01,2.142112764033e-01,-3.260877233510e-01,-2.346286388765e-01,-1.085796470102e+00,-4.944218254485e+00,-1.082914815887e+00,-4.969886795366e+00
1.495390303413e+00,3.048375458005e-01,2.116125127489e-01,-3.261895524001e-01,-2.317086127098e-01,-1.087955197913e+00,-4.941911524230e+00,-1.085084768768e+00,-4.967649415973e+00
1.495827021899e+00,3.049293932142e-01,2.090127492823e-01,-3.262901060318e-01,-2.287877254181e-01,-1.090112911677e+00,-4.939574309331e+00,-1.087253737780e+00,-4.965381057744e+00
1.496263740384e+00,3.050201050566e-01,2.064120399371e-01,-3.263893838837e-01,-2.258660403498e-01,-1.092269598083e+00,-4.937206630539e+00,-1.089421709397e+00,-4.963081739708e+00
1.496700458870e+00,3.051096809263e-01,2.038104386047e-01,-3.264873856214e-01,-2.229436207975e-01,-1.094425243832e+00,-4.934808508969e+00,-1.091588670104e+00,-4.960751481292e+00
1.497137177355e+00,3.051981204456e-01,2.012079991315e-01,-3.265841109379e-01,-2.200205299953e-01,-1.096579835635e+00,-4.932379966108e+00,-1.093754606392e+00,-4.958390302322e+00
1.497573895840e+00,3.052854232603e-01,1.986047753163e-01,-3.266795595539e-01,-2.170968311150e-01,-1.098733360210e+00,-4.929921023809e+00,-1.095919504762e+00,-4.955998223021e+00
1.498010614326e+00,3.053715890394e-01,1.960008209067e-01,-3.267737312175e-01,-2.141725872629e-01,-1.100885804287e+00,-4.927431704291e+00,-1.098083351723e+00,-4.953575264010e+00
1.498447332811e+00,3.054566174757e-01,1.933961895970e-01,-3.268666257045e-01,-2.112478614761e-01,-1.103037154603e+00,-4.924912030141e+00,-1.100246133796e+00,-4.951121446307e+00
1.498884051296e+00,3.055405082853e-01,1.907909350248e-01,-3.269582428182e-01,-2.083227167197e-01,-1.105187397908e+00,-4.922362024308e+00,-1.102407837508e+00,-4.948636791327e+00
1.499320769782e+00,3.056232612077e-01,1.881851107684e-01,-3.270485823893e-01,-2.053972158829e-01,-1.107336520961e+00,-4.919781710109e+00,-1.104568449395e+00,-4.946121320881e+00
1.499757488267e+00,3.057048760057e-01,1.855787703441e-01,-3.271376442762e-01,-2.024714217761e-01,-1.109484510529e+00,-4.917171111226e+00,-1.106727956007e+00,-4.943575057174e+00
1.500194206752e+00,3.057853524656e-01,1.829719672027e-01,-3.272254283643e-01,-1.995453971274e-01,-1.111631353393e+00,-4.914530251702e+00,-1.108886343899e+00,-4.940998022807e+00
1.500630925238e+00,3.058646903971e-01,1.803647547276e-01,-3.273119345667e-01,-1.966192045790e-01,-1.113777036342e+00,-4.911859155944e+00,-1.111043599638e+00,-4.938390240776e+00
1.501067643723e+00,3.059428896329e-01,1.777571862312e-01,-3.273971628237e-01,-1.936929066844e-01,-1.115921546178e+00,-4.909157848722e+00,-1.113199709802e+00,-4.935751734469e+00
1.501504362209e+00,3.060199500292e-01,1.751493149525e-01,-3.274811131030e-01,-1.907665659048e-01,-1.118064869711e+00,-4.906426355167e+00,-1.115354660978e+00,-4.933082527669e+00
1.501941080694e+00,3.060958714655e-01,1.725411940542e-01,-3.275637853994e-01,-1.878402446058e-01,-1.120206993764e+00,-4.903664700771e+00,-1.117508439763e+00,-4.930382644547e+00
1.502377799179e+00,3.061706538442e-01,1.699328766200e-01,-3.276451797351e-01,-1.849140050545e-01,-1.122347905172e+00,-4.900872911386e+00,-1.119661032766e+00,-4.927652109672e+00
1.502814517665e+00,3.062442970911e-01,1.673244156515e-01,-3.277252961593e-01,-1.819879094155e-01,-1.124487590779e+00,-4.898051013223e+00,-1.121812426607e+00,-4.924890947999e+00
1.503251236150e+00,3.063168011551e-01,1.647158640659e-01,-3.278041347484e-01,-1.790620197485e-01,-1.126626037443e+00,-4.895199032853e+00,-1.123962607915e+00,-4.922099184874e+00
1.503687954635e+00,3.063881660082e-01,1.621072746929e-01,-3.278816956059e-01,-1.761363980045e-01,-1.128763232031e+00,-4.892316997203e+00,-1.126111563332e+00,-4.919276846034e+00
1.504124673121e+00,3.064583916453e-01,1.594987002721e-01,-3.279579788623e-01,-1.732111060229e-01,-1.130899161424e+00,-4.889404933558e+00,-1.128259279510e+00,-4.916423957604e+00
1.504561391606e+00,3.065274780845e-01,1.568901934501e-01,-3.280329846751e-01,-1.702862055280e-01,-1.133033812514e+00,-4.886462869559e+00,-1.130405743115e+00,-4.913540546096e+00
1.504998110091e+00,3.065954253669e-01,1.542818067781e-01,-3.281067132287e-01,-1.673617581260e-01,-1.135167172205e+00,-4.883490833202e+00,-1.132550940821e+00,-4.910626638409e+00
1.505434828577e+00,3.066622335562e-01,1.516735927089e-01,-3.281791647345e-01,-1.644378253021e-01,-1.137299227415e+00,-4.880488852838e+00,-1.134694859317e+00,-4.907682261830e+00
1.505871547062e+00,3.067279027393e-01,1.490656035943e-01,-3.282503394305e-01,-1.615144684166e-01,-1.139429965072e+00,-4.877456957171e+00,-1.136837485302e+00,-4.904707444030e+00
1.506308265547e+00,3.067924330260e-01,1.464578916823e-01,-3.283202375816e-01,-1.585917487024e-01,-1.141559372119e+00,-4.874395175257e+00,-1.138978805488e+00,-4.901702213064e+00
1.506744984033e+00,3.068558245485e-01,1.438505091148e-01,-3.283888594795e-01,-1.556697272617e-01,-1.143687435509e+00,-4.871303536505e+00,-1.141118806600e+00,-4.898666597371e+00
1.507181702518e+00,3.069180774622e-01,1.412435079245e-01,-3.284562054424e-01,-1.527484650628e-01,-1.145814142210e+00,-4.868182070675e+00,-1.143257475373e+00,-4.895600625774e+00
1.507618421004e+00,3.069791919448e-01,1.386369400324e-01,-3.285222758152e-01,-1.498280229371e-01,-1.147939479203e+00,-4.865030807874e+00,-1.145394798558e+00,-4.892504327475e+00
1.508055139489e+00,3.070391681970e-01,1.360308572453e-01,-3.285870709692e-01,-1.469084615759e-01,-1.150063433482e+00,-4.861849778563e+00,-1.147530762917e+00,-4.889377732059e+00
1.508491857974e+00,3.070980064419e-01,1.334253112530e-01,-3.286505913024e-01,-1.439898415273e-01,-1.152185992053e+00,-4.858639013545e+00,-1.149665355224e+00,-4.886220869490e+00
1.508928576460e+00,3.071557069252e-01,1.308203536257e-01,-3.287128372390e-01,-1.410722231936e-01,-1.154307141937e+00,-4.855398543974e+00,-1.151798562269e+00,-4.883033770110e+00
1.509365294945e+00,3.072122699150e-01,1.282160358117e-01,-3.287738092296e-01,-1.381556668274e-01,-1.156426870169e+00,-4.852128401349e+00,-1.153930370852e+00,-4.879816464640e+00
1.509802013430e+00,3.072676957020e-01,1.256124091344e-01,-3.288335077511e-01,-1.352402325296e-01,-1.158545163797e+00,-4.848828617512e+00,-1.156060767790e+00,-4.876568984177e+00
1.510238731916e+00,3.073219845992e-01,1.230095247900e-01,-3.288919333067e-01,-1.323259802455e-01,-1.160662009883e+00,-4.845499224651e+00,-1.158189739911e+00,-4.873291360193e+00
1.510675450401e+00,3.073751369419e-01,1.204074338448e-01,-3.289490864256e-01,-1.294129697625e-01,-1.162777395503e+00,-4.842140255296e+00,-1.160317274058e+00,-4.869983624537e+00
1.511112168886e+00,3.074271530878e-01,1.178061872329e-01,-3.290049676632e-01,-1.265012607067e-01,-1.164891307748e+00,-4.838751742318e+00,-1.162443357088e+00,-4.866645809428e+00
1.511548887372e+00,3.074780334167e-01,1.152058357534e-01,-3.290595776007e-01,-1.235909125399e-01,-1.167003733723e+00,-4.835333718928e+00,-1.164567975871e+00,-4.863277947459e+00
1.511985605857e+00,3.075277783306e-01,1.126064300681e-01,-3.291129168455e-01,-1.206819845574e-01,-1.169114660548e+00,-4.831886218679e+00,-1.166691117292e+00,-4.859880071596e+00
1.512422324342e+00,3.075763882534e-01,1.100080206988e-01,-3.291649860307e-01,-1.177745358840e-01,-1.171224075356e+00,-4.828409275460e+00,-1.168812768252e+00,-4.856452215172e+00
1.512859042828e+00,3.076238636315e-01,1.074106580250e-01,-3.292157858153e-01,-1.148686254720e-01,-1.173331965297e+00,-4.824902923497e+00,-1.170932915664e+00,-4.852994411890e+00
1.513295761313e+00,3.076702049327e-01,1.048143922816e-01,-3.292653168837e-01,-1.119643120978e-01,-1.175438317535e+00,-4.821367197354e+00,-1.173051546458e+00,-4.849506695820e+00
1.513732479799e+00,3.077154126472e-01,1.022192735560e-01,-3.293135799464e-01,-1.090616543594e-01,-1.177543119250e+00,-4.817802131926e+00,-1.175168647578e+00,-4.845989101401e+00
1.514169198284e+00,3.077594872867e-01,9.962535178595e-02,-3.293605757390e-01,-1.061607106733e-01,-1.179646357636e+00,-4.814207762446e+00,-1.177284205982e+00,-4.842441663434e+00
1.514605916769e+00,3.078024293849e-01,9.703267675724e-02,-3.294063050229e-01,-1.032615392717e-01,-1.181748019903e+00,-4.810584124477e+00,-1.179398208646e+00,-4.838864417085e+00
1.515042635255e+00,3.078442394971e-01,9.444129810112e-02,-3.294507685847e-01,-1.003641982000e-01,-1.183848093278e+00,-4.806931253913e+00,-1.181510642559e+00,-4.835257397883e+00
1.515479353740e+00,3.078849182001e-01,9.185126529196e-02,-3.294939672365e-01,-9.746874531372e-02,-1.185946565001e+00,-4.803249186978e+00,-1.183621494727e+00,-4.831620641719e+00
1.515916072225e+00,3.079244660926e-01,8.926262764495e-02,-3.295359018153e-01,-9.457523827569e-02,-1.188043422330e+00,-4.799537960225e+00,-1.185730752171e+00,-4.827954184842e+00
1.516352790711e+00,3.079628837946e-01,8.667543431371e-02,-3.295765731835e-01,-9.168373455362e-02,-1.190138652538e+00,-4.795797610534e+00,-1.187838401928e+00,-4.824258063862e+00
1.516789509196e+00,3.080001719475e-01,8.408973428798e-02,-3.296159822286e-01,-8.879429141716e-02,-1.192232242916e+00,-4.792028175112e+00,-1.189944431051e+00,-4.820532315745e+00
1.517226227681e+00,3.080363312141e-01,8.150557639131e-02,-3.296541298628e-01,-8.590696593528e-02,-1.194324180768e+00,-4.788229691490e+00,-1.192048826610e+00,-4.816776977813e+00
1.517662946167e+00,3.080713622786e-01,7.892300927874e-02,-3.296910170235e-01,-8.302181497357e-02,-1.196414453418e+00,-4.784402197522e+00,-1.194151575690e+00,-4.812992087744e+00
1.518099664652e+00,3.081052658462e-01,7.634208143459e-02,-3.297266446726e-01,-8.013889519161e-02,-1.198503048204e+00,-4.780545731385e+00,-1.196252665394e+00,-4.809177683567e+00
1.518536383138e+00,3.081380426434e-01,7.376284117014e-02,-3.297610137969e-01,-7.725826304032e-02,-1.200589952482e+00,-4.776660331576e+00,-1.198352082841e+00,-4.805333803664e+00
1.518973101623e+00,3.081696934178e-01,7.118533662145e-02,-3.297941254077e-01,-7.437997475936e-02,-1.202675153625e+00,-4.772746036912e+00,-1.200449815167e+00,-4.801460486768e+00
1.519409820108e+00,3.082002189377e-01,6.860961574707e-02,-3.298259805408e-01,-7.150408637453e-02,-1.204758639022e+00,-4.768802886528e+00,-1.202545849524e+00,-4.797557771959e+00
1.519846538594e+00,3.082296199926e-01,6.603572632592e-02,-3.298565802565e-01,-6.863065369524e-02,-1.206840396080e+00,-4.764830919874e+00,-1.204640173084e+00,-4.793625698667e+00
1.520283257079e+00,3.082578973928e-01,6.346371595504e-02,-3.298859256394e-01,-6.575973231191e-02,-1.208920412223e+00,-4.760830176718e+00,-1.206732773031e+00,-4.789664306666e+00
1.520719975564e+00,3.082850519691e-01,6.089363204747e-02,-3.299140177983e-01,-6.289137759350e-02,-1.210998674893e+00,-4.756800697140e+00,-1.208823636573e+00,-4.785673636074e+00
1.521156694050e+00,3.083110845732e-01,5.832552183010e-02,-3.299408578662e-01,-6.002564468495e-02,-1.213075171548e+00,-4.752742521533e+00,-1.210912750931e+00,-4.781653727354e+00
1.521593412535e+00,3.083359960774e-01,5.575943234150e-02,-3.299664470001e-01,-5.716258850480e-02,-1.215149889666e+00,-4.748655690601e+00,-1.213000103344e+00,-4.777604621309e+00
1.522030131020e+00,3.083597873744e-01,5.319541042989e-02,-3.299907863808e-01,-5.430226374262e-02,-1.217222816741e+00,-4.744540245356e+00,-1.215085681072e+00,-4.773526359082e+00
1.522466849506e+00,3.083824593772e-01,5.063350275097e-02,-3.300138772131e-01,-5.144472485667e-02,-1.219293940286e+00,-4.740396227120e+00,-1.217169471389e+00,-4.769418982153e+00
1.522903567991e+00,3.084040130195e-01,4.807375576594e-02,-3.300357207256e-01,-4.859002607144e-02,-1.221363247832e+00,-4.736223677521e+00,-1.219251461591e+00,-4.765282532342e+00
1.523340286476e+00,3.084244492548e-01,4.551621573936e-02,-3.300563181703e-01,-4.573822137530e-02,-1.223430726927e+00,-4.732022638492e+00,-1.221331638990e+00,-4.761117051800e+00
1.523777004962e+00,3.084437690570e-01,4.296092873719e-02,-3.300756708228e-01,-4.288936451811e-02,-1.225496365139e+00,-4.727793152268e+00,-1.223409990916e+00,-4.756922583015e+00
1.524213723447e+00,3.084619734202e-01,4.040794062475e-02,-3.300937799823e-01,-4.004350900890e-02,-1.227560150053e+00,-4.723535261387e+00,-1.225486504720e+00,-4.752699168804e+00
1.524650441933e+00,3.084790633582e-01,3.785729706475e-02,-3.301106469710e-01,-3.720070811355e-02,-1.229622069275e+00,-4.719249008690e+00,-1.227561167770e+00,-4.748446852315e+00
1.525087160418e+00,3.084950399049e-01,3.530904351529e-02,-3.301262731346e-01,-3.436101485249e-02,-1.231682110428e+00,-4.714934437312e+00,-1.229633967453e+00,-4.744165677025e+00
1.525523878903e+00,3.085099041140e-01,3.276322522795e-02,-3.301406598418e-01,-3.152448199845e-02,-1.233740261153e+00,-4.710591590689e+00,-1.231704891176e+00,-4.739855686738e+00
1.525960597389e+00,3.085236570587e-01,3.021988724583e-02,-3.301538084843e-01,-2.869116207424e-02,-1.235796509113e+00,-4.706220512552e+00,-1.233773926363e+00,-4.735516925581e+00
1.526397315874e+00,3.085362998322e-01,2.767907440167e-02,-3.301657204765e-01,-2.586110735046e-02,-1.237850841986e+00,-4.701821246925e+00,-1.235841060461e+00,-4.731149438007e+00
1.526834034359e+00,3.085478335468e-01,2.514083131594e-02,-3.301763972559e-01,-2.303436984339e-02,-1.239903247474e+00,-4.697393838126e+00,-1.237906280934e+00,-4.726753268790e+00
1.527270752845e+00,3.085582593345e-01,2.260520239497e-02,-3.301858402824e-01,-2.021100131276e-02,-1.241953713295e+00,-4.692938330763e+00,-1.239969575265e+00,-4.722328463022e+00
1.527707471330e+00,3.085675783467e-01,2.007223182913e-02,-3.301940510385e-01,-1.739105325965e-02,-1.244002227188e+00,-4.688454769734e+00,-1.242030930958e+00,-4.717875066115e+00
1.528144189815e+00,3.085757917540e-01,1.754196359099e-02,-3.302010310293e-01,-1.457457692434e-02,-1.246048776911e+00,-4.683943200224e+00,-1.244090335537e+00,-4.713393123797e+00
1.528580908301e+00,3.085829007459e-01,1.501444143352e-02,-3.302067817821e-01,-1.176162328424e-02,-1.248093350242e+00,-4.679403667705e+00,-1.246147776547e+00,-4.708882682110e+00
1.529017626786e+00,3.085889065313e-01,1.248970888830e-02,-3.302113048462e-01,-8.952243051790e-03,-1.250135934979e+00,-4.674836217932e+00,-1.248203241550e+00,-4.704343787410e+00
1.529454345272e+00,3.085938103380e-01,9.967809263745e-03,-3.302146017934e-01,-6.146486672454e-03,-1.252176518940e+00,-4.670240896943e+00,-1.250256718131e+00,-4.699776486361e+00
1.529891063757e+00,3.085976134125e-01,7.448785643415e-03,-3.302166742172e-01,-3.344404322679e-03,-1.254215089965e+00,-4.665617751060e+00,-1.252308193895e+00,-4.695180825941e+00
1.530327782242e+00,3.086003170201e-01,4.932680884244e-03,-3.302175237330e-01,-5.460459079053e-04,-1.256251635910e+00,-4.660966826880e+00,-1.254357656466e+00,-4.690556853431e+00
1.530764500728e+00,3.086019224450e-01,2.419537614864e-03,-3.302171519779e-01,2.248538939396e-03,-1.258286144655e+00,-4.656288171281e+00,-1.256405093492e+00,-4.685904616418e+00
1.531201219213e+00,3.086024309897e-01,-9.060176606883e-05,-3.302155606107e-01,5.039300861669e-03,-1.260318604100e+00,-4.651581831414e+00,-1.258450492638e+00,-4.681224162796e+00
1.531637937698e+00,3.086018439752e-01,-2.597695091536e-03,-3.302127513117e-01,7.826190778186e-03,-1.262349002164e+00,-4.646847854708e+00,-1.260493841593e+00,-4.676515540756e+00
1.532074656184e+00,3.086001627410e-01,-5.101700427784e-03,-3.302087257825e-01,1.060915988694e-02,-1.264377326789e+00,-4.642086288861e+00,-1.262535128065e+00,-4.671778798792e+00
1.532511374669e+00,3.085973886448e-01,-7.602576075936e-03,-3.302034857459e-01,1.338815966650e-02,-1.266403565936e+00,-4.637297181843e+00,-1.264574339785e+00,-4.667013985695e+00
1.532948093154e+00,3.085935230625e-01,-1.010028057358e-02,-3.301970329461e-01,1.616314187787e-02,-1.268427707589e+00,-4.632480581893e+00,-1.266611464504e+00,-4.662221150551e+00
1.533384811640e+00,3.085885673878e-01,-1.259477269634e-02,-3.301893691480e-01,1.893405856628e-02,-1.270449739750e+00,-4.627636537519e+00,-1.268646489996e+00,-4.657400342742e+00
1.533821530125e+00,3.085825230327e-01,-1.508601145942e-02,-3.301804961375e-01,2.170086206297e-02,-1.272469650445e+00,-4.622765097492e+00,-1.270679404054e+00,-4.652551611940e+00
1.534258248610e+00,3.085753914270e-01,-1.757395611912e-02,-3.301704157213e-01,2.446350498698e-02,-1.274487427722e+00,-4.617866310847e+00,-1.272710194495e+00,-4.647675008109e+00
1.534694967096e+00,3.085671740179e-01,-2.005856617433e-02,-3.301591297266e-01,2.722194024685e-02,-1.276503059646e+00,-4.612940226882e+00,-1.274738849158e+00,-4.642770581500e+00
1.535131685581e+00,3.085578722706e-01,-2.253980136804e-02,-3.301466400013e-01,2.997612104232e-02,-1.278516534310e+00,-4.607986895155e+00,-1.276765355904e+00,-4.637838382650e+00
1.535568404067e+00,3.085474876677e-01,-2.501762168876e-02,-3.301329484134e-01,3.272600086607e-02,-1.280527839822e+00,-4.603006365482e+00,-1.278789702613e+00,-4.632878462382e+00
1.536005122552e+00,3.085360217093e-01,-2.749198737198e-02,-3.301180568515e-01,3.547153350531e-02,-1.282536964318e+00,-4.597998687935e+00,-1.280811877191e+00,-4.627890871799e+00
1.536441841037e+00,3.085234759125e-01,-2.996285890155e-02,-3.301019672239e-01,3.821267304341e-02,-1.284543895951e+00,-4.592963912842e+00,-1.282831867566e+00,-4.622875662286e+00
1.536878559523e+00,3.085098518121e-01,-3.243019701110e-02,-3.300846814593e-01,4.094937386156e-02,-1.286548622898e+00,-4.587902090781e+00,-1.284849661686e+00,-4.617832885505e+00
1.537315278008e+00,3.084951509596e-01,-3.489396268540e-02,-3.300662015060e-01,4.368159064028e-02,-1.288551133360e+00,-4.582813272585e+00,-1.286865247524e+00,-4.612762593395e+00
1.537751996493e+00,3.084793749236e-01,-3.735411716169e-02,-3.300465293321e-01,4.640927836101e-02,-1.290551415557e+00,-4.577697509334e+00,-1.288878613076e+00,-4.607664838168e+00
1.538188714979e+00,3.084625252896e-01,-3.981062193101e-02,-3.300256669252e-01,4.913239230758e-02,-1.292549457733e+00,-4.572554852354e+00,-1.290889746357e+00,-4.602539672311e+00
1.538625433464e+00,3.084446036599e-01,-4.226343873950e-02,-3.300036162926e-01,5.185088806776e-02,-1.294545248154e+00,-4.567385353220e+00,-1.292898635411e+00,-4.597387148576e+00
1.539062151949e+00,3.084256116533e-01,-4.471252958966e-02,-3.299803794607e-01,5.456472153470e-02,-1.296538775110e+00,-4.562189063746e+00,-1.294905268299e+00,-4.592207319989e+00
1.539498870435e+00,3.084055509053e-01,-4.715785674163e-02,-3.299559584751e-01,5.727384890837e-02,-1.298530026912e+00,-4.556966035992e+00,-1.296909633111e+00,-4.587000239837e+00
1.539935588920e+00,3.083844230678e-01,-4.959938271440e-02,-3.299303554007e-01,5.997822669697e-02,-1.300518991893e+00,-4.551716322256e+00,-1.298911717955e+00,-4.581765961673e+00
1.540372307405e+00,3.083622298089e-01,-5.203707028702e-02,-3.299035723210e-01,6.267781171831e-02,-1.302505658412e+00,-4.546439975072e+00,-1.300911510966e+00,-4.576504539311e+00
1.540809025891e+00,3.083389728130e-01,-5.447088249979e-02,-3.298756113386e-01,6.537256110119e-02,-1.304490014848e+00,-4.541137047213e+00,-1.302909000301e+00,-4.571216026826e+00
1.541245744376e+00,3.083146537805e-01,-5.690078265542e-02,-3.298464745745e-01,6.806243228672e-02,-1.306472049605e+00,-4.535807591685e+00,-1.304904174141e+00,-4.565900478549e+00
1.541682462862e+00,3.082892744279e-01,-5.932673432015e-02,-3.298161641683e-01,7.074738302961e-02,-1.308451751110e+00,-4.530451661726e+00,-1.306897020692e+00,-4.560557949067e+00
1.542119181347e+00,3.082628364875e-01,-6.174870132492e-02,-3.297846822781e-01,7.342737139948e-02,-1.310429107812e+00,-4.525069310805e+00,-1.308887528181e+00,-4.555188493220e+00
1.542555899832e+00,3.082353417072e-01,-6.416664776639e-02,-3.297520310802e-01,7.610235578207e-02,-1.312404108184e+00,-4.519660592617e+00,-1.310875684863e+00,-4.549792166100e+00
1.542992618318e+00,3.082067918507e-01,-6.658053800805e-02,-3.297182127687e-01,7.877229488050e-02,-1.314376740723e+00,-4.514225561086e+00,-1.312861479013e+00,-4.544369023046e+00
1.543429336803e+00,3.081771886972e-01,-6.899033668129e-02,-3.296832295562e-01,8.143714771642e-02,-1.316346993949e+00,-4.508764270360e+00,-1.314844898933e+00,-4.538919119646e+00
1.543866055288e+00,3.081465340412e-01,-7.139600868637e-02,-3.296470836726e-01,8.409687363125e-02,-1.318314856406e+00,-4.503276774808e+00,-1.316825932948e+00,-4.533442511733e+00
1.544302773774e+00,3.081148296924e-01,-7.379751919345e-02,-3.296097773659e-01,8.675143228723e-02,-1.320280316663e+00,-4.497763129022e+00,-1.318804569408e+00,-4.527939255379e+00
1.544739492259e+00,3.080820774758e-01,-7.619483364357e-02,-3.295713129015e-01,8.940078366862e-02,-1.322243363311e+00,-4.492223387810e+00,-1.320780796688e+00,-4.522409406900e+00
1.545176210744e+00,3.080482792314e-01,-7.858791774960e-02,-3.295316925620e-01,9.204488808274e-02,-1.324203984965e+00,-4.486657606198e+00,-1.322754603186e+00,-4.516853022848e+00
1.545612929230e+00,3.080134368141e-01,-8.097673749719e-02,-3.294909186476e-01,9.468370616103e-02,-1.326162170265e+00,-4.481065839428e+00,-1.324725977327e+00,-4.511270160014e+00
1.546049647715e+00,3.079775520936e-01,-8.336125914562e-02,-3.294489934754e-01,9.731719886009e-02,-1.328117907875e+00,-4.475448142951e+00,-1.326694907560e+00,-4.505660875418e+00
1.546486366201e+00,3.079406269543e-01,-8.574144922878e-02,-3.294059193795e-01,9.994532746269e-02,-1.330071186484e+00,-4.469804572432e+00,-1.328661382357e+00,-4.500025226316e+00
1.546923084686e+00,3.079026632951e-01,-8.811727455593e-02,-3.293616987110e-01,1.025680535788e-01,-1.332021994803e+00,-4.464135183745e+00,-1.330625390217e+00,-4.494363270191e+00
1.547359803171e+00,3.078636630292e-01,-9.048870221262e-02,-3.293163338375e-01,1.051853391463e-01,-1.333970321570e+00,-4.458440032968e+00,-1.332586919665e+00,-4.488675064754e+00
1.547796521657e+00,3.078236280845e-01,-9.285569956149e-02,-3.292698271432e-01,1.077971464324e-01,-1.335916155546e+00,-4.452719176385e+00,-1.334545959249e+00,-4.482960667941e+00
1.548233240142e+00,3.077825604028e-01,-9.521823424301e-02,-3.292221810289e-01,1.104034380339e-01,-1.337859485518e+00,-4.446972670485e+00,-1.336502497544e+00,-4.477220137910e+00
1.548669958627e+00,3.077404619399e-01,-9.757627417634e-02,-3.291733979113e-01,1.130041768786e-01,-1.339800300296e+00,-4.441200571954e+00,-1.338456523150e+00,-4.471453533041e+00
1.549106677113e+00,3.076973346658e-01,-9.992978756000e-02,-3.291234802234e-01,1.155993262259e-01,-1.341738588716e+00,-4.435402937680e+00,-1.340408024692e+00,-4.465660911931e+00
1.549543395598e+00,3.076531805643e-01,-1.022787428726e-01,-3.290724304144e-01,1.181888496676e-01,-1.343674339638e+00,-4.429579824745e+00,-1.342356990821e+00,-4.459842333393e+00
1.549980114083e+00,3.076080016326e-01,-1.046231088737e-01,-3.290202509490e-01,1.207727111287e-01,-1.345607541949e+00,-4.423731290429e+00,-1.344303410214e+00,-4.453997856456e+00
1.550416832569e+00,3.075617998819e-01,-1.069628546043e-01,-3.289669443076e-01,1.233508748683e-01,-1.347538184558e+00,-4.417857392202e+00,-1.346247271574e+00,-4.448127540357e+00
1.550853551054e+00,3.075145773365e-01,-1.092979493873e-01,-3.289125129864e-01,1.259233054802e-01,-1.349466256401e+00,-4.411958187726e+00,-1.348188563629e+00,-4.442231444545e+00
1.551290269539e+00,3.074663360343e-01,-1.116283628289e-01,-3.288569594967e-01,1.284899678935e-01,-1.351391746439e+00,-4.406033734852e+00,-1.350127275134e+00,-4.436309628676e+00
1.551815826252e+00,3.074069336870e-01,-1.144265834985e-01,-3.287886210903e-01,1.315710480974e-01,-1.353705484761e+00,-4.398870726758e+00,-1.352456925826e+00,-4.429149171346e+00
1.552341382965e+00,3.073460625228e-01,-1.172179290174e-01,-3.287186656257e-01,1.346436644847e-01,-1.356015448957e+00,-4.391671338864e+00,-1.354782803554e+00,-4.421951656999e+00
1.552866939678e+00,3.072837261683e-01,-1.200023480299e-01,-3.286470975666e-01,1.377077578427e-01,-1.358321619933e+00,-4.384435673016e+00,-1.357104888869e+00,-4.414717190726e+00
1.553392496390e+00,3.072199282771e-01,-1.227797898277e-01,-3.285739214077e-01,1.407632697418e-01,-1.360623978650e+00,-4.377163831532e+00,-1.359423162380e+00,-4.407445878136e+00
1.553918053103e+00,3.071546725294e-01,-1.255502042765e-01,-3.284991416742e-01,1.438101424247e-01,-1.362922506122e+00,-4.369855917051e+00,-1.361737604749e+00,-4.400137825190e+00
1.554443609816e+00,3.070879626315e-01,-1.283135418401e-01,-3.284227629214e-01,1.468483188419e-01,-1.365217183420e+00,-4.362512032575e+00,-1.364048196696e+00,-4.392793138245e+00
1.554969166529e+00,3.070198023154e-01,-1.310697535845e-01,-3.283447897347e-01,1.498777426576e-01,-1.367507991664e+00,-4.355132281467e+00,-1.366354918994e+00,-4.385411924053e+00
1.555494723241e+00,3.069501953390e-01,-1.338187911788e-01,-3.282652267286e-01,1.528983582504e-01,-1.369794912033e+00,-4.347716767446e+00,-1.368657752475e+00,-4.377994289761e+00
1.556020279954e+00,3.068791454852e-01,-1.365606068961e-01,-3.281840785466e-01,1.559101107146e-01,-1.372077925758e+00,-4.340265594584e+00,-1.370956678026e+00,-4.370540342896e+00
1.556545836667e+00,3.068066565618e-01,-1.392951536147e-01,-3.281013498613e-01,1.589129458613e-01,-1.374357014126e+00,-4.332778867298e+00,-1.373251676592e+00,-4.363050191366e+00
1.557071393380e+00,3.067327324015e-01,-1.420223848190e-01,-3.280170453731e-01,1.619068102192e-01,-1.376632158480e+00,-4.325256690346e+00,-1.375542729173e+00,-4.355523943453e+00
1.557596950092e+00,3.066573768609e-01,-1.447422546000e-01,-3.279311698106e-01,1.648916510354e-01,-1.378903340215e+00,-4.317699168824e+00,-1.377829816827e+00,-4.347961707807e+00
1.558122506805e+00,3.065805938208e-01,-1.474547176563e-01,-3.278437279298e-01,1.678674162763e-01,-1.381170540783e+00,-4.310106408157e+00,-1.380112920670e+00,-4.340363593438e+00
1.558648063518e+00,3.065023871856e-01,-1.501597292949e-01,-3.277547245140e-01,1.708340546285e-01,-1.383433741693e+00,-4.302478514097e+00,-1.382392021873e+00,-4.332729709714e+00
1.559173620231e+00,3.064227608830e-01,-1.528572454312e-01,-3.276641643731e-01,1.737915154989e-01,-1.385692924508e+00,-4.294815592715e+00,-1.384667101666e+00,-4.325060166351e+00
1.559699176943e+00,3.063417188638e-01,-1.555472225904e-01,-3.275720523436e-01,1.767397490156e-01,-1.387948070846e+00,-4.287117750398e+00,-1.386938141338e+00,-4.317355073413e+00
1.560224733656e+00,3.062592651014e-01,-1.582296179074e-01,-3.274783932878e-01,1.796787060284e-01,-1.390199162383e+00,-4.279385093846e+00,-1.389205122234e+00,-4.309614541300e+00
1.560750290369e+00,3.061754035915e-01,-1.609043891272e-01,-3.273831920938e-01,1.826083381091e-01,-1.392446180851e+00,-4.271617730060e+00,-1.391468025757e+00,-4.301838680746e+00
1.561275847082e+00,3.060901383521e-01,-1.635714946056e-01,-3.272864536749e-01,1.855285975518e-01,-1.394689108036e+00,-4.263815766343e+00,-1.393726833371e+00,-4.294027602813e+00
1.561801403794e+00,3.060034734227e-01,-1.662308933093e-01,-3.271881829693e-01,1.884394373731e-01,-1.396927925783e+00,-4.255979310294e+00,-1.395981526595e+00,-4.286181418883e+00
1.562326960507e+00,3.059154128642e-01,-1.688825448160e-01,-3.270883849398e-01,1.913408113122e-01,-1.399162615992e+00,-4.248108469800e+00,-1.398232087009e+00,-4.278300240656e+00
1.562852517220e+00,3.058259607588e-01,-1.715264093148e-01,-3.269870645731e-01,1.942326738315e-01,-1.401393160621e+00,-4.240203353033e+00,-1.400478496250e+00,-4.270384180140e+00
1.563378073933e+00,3.057351212091e-01,-1.741624476060e-01,-3.268842268798e-01,1.971149801157e-01,-1.403619541685e+00,-4.232264068444e+00,-1.402720736016e+00,-4.262433349649e+00
1.563903630645e+00,3.056428983386e-01,-1.767906211015e-01,-3.267798768939e-01,1.999876860726e-01,-1.405841741254e+00,-4.224290724759e+00,-1.404958788062e+00,-4.254447861796e+00
1.564429187358e+00,3.055492962905e-01,-1.794108918243e-01,-3.266740196722e-01,2.028507483325e-01,-1.408059741457e+00,-4.216283430974e+00,-1.407192634204e+00,-4.246427829484e+00
1.564954744071e+00,3.054543192280e-01,-1.820232224089e-01,-3.265666602943e-01,2.057041242482e-01,-1.410273524481e+00,-4.208242296348e+00,-1.409422256316e+00,-4.238373365905e+00
1.565480300784e+00,3.053579713338e-01,-1.846275761007e-01,-3.264578038619e-01,2.085477718943e-01,-1.412483072569e+00,-4.200167430400e+00,-1.411647636333e+00,-4.230284584535e+00
1.566005857496e+00,3.052602568097e-01,-1.872239167560e-01,-3.263474554986e-01,2.113816500675e-01,-1.414688368022e+00,-4.192058942900e+00,-1.413868756248e+00,-4.222161599121e+00
1.566531414209e+00,3.051611798763e-01,-1.898122088418e-01,-3.262356203495e-01,2.142057182857e-01,-1.416889393198e+00,-4.183916943870e+00,-1.416085598116e+00,-4.214004523683e+00
1.567056970922e+00,3.050607447728e-01,-1.923924174351e-01,-3.261223035806e-01,2.170199367876e-01,-1.419086130515e+00,-4.175741543575e+00,-1.418298144050e+00,-4.205813472505e+00
1.567582527635e+00,3.049589557566e-01,-1.949645082229e-01,-3.260075103789e-01,2.198242665321e-01,-1.421278562448e+00,-4.167532852518e+00,-1.420506376224e+00,-4.197588560130e+00
1.568108084347e+00,3.048558171028e-01,-1.975284475016e-01,-3.258912459514e-01,2.226186691978e-01,-1.423466671529e+00,-4.159290981437e+00,-1.422710276873e+00,-4.189329901353e+00
1.568633641060e+00,3.047513331042e-01,-2.000842021761e-01,-3.257735155254e-01,2.254031071822e-01,-1.425650440349e+00,-4.151016041295e+00,-1.424909828290e+00,-4.181037611217e+00
1.569159197773e+00,3.046455080709e-01,-2.026317397598e-01,-3.256543243475e-01,2.281775436007e-01,-1.427829851559e+00,-4.142708143283e+00,-1.427105012831e+00,-4.172711805007e+00
1.569684754486e+00,3.045383463298e-01,-2.051710283735e-01,-3.255336776837e-01,2.309419422861e-01,-1.430004887865e+00,-4.134367398807e+00,-1.429295812912e+00,-4.164352598243e+00
1.570210311198e+00,3.044298522243e-01,-2.077020367452e-01,-3.254115808185e-01,2.336962677876e-01,-1.432175532035e+00,-4.125993919488e+00,-1.431482211009e+00,-4.155960106677e+00
1.570735867911e+00,3.043200301144e-01,-2.102247342084e-01,-3.252880390552e-01,2.364404853695e-01,-1.434341766895e+00,-4.117587817155e+00,-1.433664189660e+00,-4.147534446286e+00
1.571370362463e+00,3.041856809832e-01,-2.132592209625e-01,-3.251369720906e-01,2.397400089847e-01,-1.436951120601e+00,-4.107395988637e+00,-1.436292536619e+00,-4.137318284584e+00
1.572004857014e+00,3.040494103600e-01,-2.162814988563e-01,-3.249838163043e-01,2.430246920198e-01,-1.439553992677e+00,-4.097156972008e+00,-1.438914386261e+00,-4.127054152658e+00
1.572639351566e+00,3.039112260072e-01,-2.192915173985e-01,-3.248285811308e-01,2.462944774345e-01,-1.442150353245e+00,-4.086870965134e+00,-1.441529708214e+00,-4.116742255754e+00
1.573273846118e+00,3.037711357188e-01,-2.222892274957e-01,-3.246712760401e-01,2.495493098680e-01,-1.444740172554e+00,-4.076538166432e+00,-1.444138472237e+00,-4.106382799711e+00
1.573908340669e+00,3.036291473197e-01,-2.252745812676e-01,-3.245119105368e-01,2.527891353745e-01,-1.447323420976e+00,-4.066158774619e+00,-1.446740648218e+00,-4.095975990693e+00
1.574542835221e+00,3.034852686648e-01,-2.282475321008e-01,-3.243504941594e-01,2.560139015000e-01,-1.449900069012e+00,-4.055732988775e+00,-1.449336206179e+00,-4.085522035249e+00
1.575177329773e+00,3.033395076378e-01,-2.312080346516e-01,-3.241870364792e-01,2.592235572881e-01,-1.452470087289e+00,-4.045261008339e+00,-1.451925116271e+00,-4.075021140313e+00
1.575811824324e+00,3.031918721514e-01,-2.341560448433e-01,-3.240215470993e-01,2.624180532755e-01,-1.455033446560e+00,-4.034743033094e+00,-1.454507348776e+00,-4.064473513187e+00
1.576446318876e+00,3.030423701452e-01,-2.370915198621e-01,-3.238540356537e-01,2.655973414884e-01,-1.457590117705e+00,-4.024179263158e+00,-1.457082874110e+00,-4.053879361531e+00
1.577080813427e+00,3.028910095861e-01,-2.400144181538e-01,-3.236845118065e-01,2.687613754373e-01,-1.460140071730e+00,-4.013569898968e+00,-1.459651662818e+00,-4.043238893344e+00
1.577715307979e+00,3.027377984667e-01,-2.429246994202e-01,-3.235129852506e-01,2.719101101127e-01,-1.462683279771e+00,-4.002915141270e+00,-1.462213685580e+00,-4.032552316953e+00
1.578349802531e+00,3.025827448047e-01,-2.458223246147e-01,-3.233394657071e-01,2.750435019803e-01,-1.465219713089e+00,-3.992215191107e+00,-1.464768913205e+00,-4.021819841001e+00
1.578984297082e+00,3.024258566425e-01,-2.487072559382e-01,-3.231639629244e-01,2.781615089757e-01,-1.467749343073e+00,-3.981470249804e+00,-1.467317316638e+00,-4.011041674428e+00
1.579618791634e+00,3.022671420457e-01,-2.515794568355e-01,-3.229864866770e-01,2.812640904993e-01,-1.470272141241e+00,-3.970680518960e+00,-1.469858866954e+00,-4.000218026464e+00
1.580253286186e+00,3.021066091031e-01,-2.544388919898e-01,-3.228070467646e-01,2.843512074110e-01,-1.472788079239e+00,-3.959846200431e+00,-1.472393535362e+00,-3.989349106611e+00
1.580887780737e+00,3.019442659251e-01,-2.572855273190e-01,-3.226256530113e-01,2.874228220243e-01,-1.475297128839e+00,-3.948967496323e+00,-1.474921293204e+00,-3.978435124629e+00
1.581522275289e+00,3.017801206436e-01,-2.601193299705e-01,-3.224423152649e-01,2.904788981010e-01,-1.477799261944e+00,-3.938044608976e+00,-1.477442111954e+00,-3.967476290527e+00
1.582156769841e+00,3.016141814109e-01,-2.629402683163e-01,-3.222570433955e-01,2.935194008446e-01,-1.480294450583e+00,-3.927077740953e+00,-1.479955963221e+00,-3.956472814545e+00
1.582791264392e+00,3.014464563991e-01,-2.657483119481e-01,-3.220698472948e-01,2.965442968950e-01,-1.482782666916e+00,-3.916067095029e+00,-1.482462818747e+00,-3.945424907145e+00
1.583425758944e+00,3.012769537989e-01,-2.685434316722e-01,-3.218807368754e-01,2.995535543213e-01,-1.485263883230e+00,-3.905012874181e+00,-1.484962650407e+00,-3.934332778994e+00
1.584060253495e+00,3.011056818195e-01,-2.713255995037e-01,-3.216897220696e-01,3.025471426163e-01,-1.487738071942e+00,-3.893915281570e+00,-1.487455430210e+00,-3.923196640953e+00
1.584694748047e+00,3.009326486872e-01,-2.740947886616e-01,-3.214968128284e-01,3.055250326890e-01,-1.490205205597e+00,-3.882774520537e+00,-1.489941130300e+00,-3.912016704064e+00
1.585329242599e+00,3.007578626450e-01,-2.768509735627e-01,-3.213020191213e-01,3.084871968585e-01,-1.492665256869e+00,-3.871590794586e+00,-1.492419722952e+00,-3.900793179536e+00
1.585963737150e+00,3.005813319518e-01,-2.795941298161e-01,-3.211053509345e-01,3.114336088467e-01,-1.495118198562e+00,-3.860364307376e+00,-1.494891180578e+00,-3.889526278734e+00
1.586598231702e+00,3.004030648816e-01,-2.823242342171e-01,-3.209068182705e-01,3.143642437711e-01,-1.497564003608e+00,-3.849095262706e+00,-1.497355475722e+00,-3.878216213166e+00
1.587232726254e+00,3.002230697226e-01,-2.850412647415e-01,-3.207064311473e-01,3.172790781380e-01,-1.500002645071e+00,-3.837783864506e+00,-1.499812581066e+00,-3.866863194466e+00
1.587867220805e+00,3.000413547769e-01,-2.877452005388e-01,-3.205041995973e-01,3.201780898346e-01,-1.502434096141e+00,-3.826430316826e+00,-1.502262469420e+00,-3.855467434389e+00
1.588501715357e+00,2.998579283592e-01,-2.904360219266e-01,-3.203001336665e-01,3.230612581219e-01,-1.504858330140e+00,-3.815034823823e+00,-1.504705113735e+00,-3.844029144793e+00
1.589136209909e+00,2.996727987963e-01,-2.931137103838e-01,-3.200942434135e-01,3.259285636265e-01,-1.507275320519e+00,-3.803597589753e+00,-1.507140487093e+00,-3.832548537628e+00
1.589770704460e+00,2.994859744265e-01,-2.957782485439e-01,-3.198865389090e-01,3.287799883331e-01,-1.509685040858e+00,-3.792118818956e+00,-1.509568562710e+00,-3.821025824925e+00
1.590405199012e+00,2.992974635989e-01,-2.984296201887e-01,-3.196770302344e-01,3.316155155764e-01,-1.512087464866e+00,-3.780598715846e+00,-1.511989313937e+00,-3.809461218782e+00
1.591039693563e+00,2.991072746723e-01,-3.010678102411e-01,-3.194657274815e-01,3.344351300330e-01,-1.514482566384e+00,-3.769037484904e+00,-1.514402714262e+00,-3.797854931353e+00
1.591674188115e+00,2.989154160146e-01,-3.036928047584e-01,-3.192526407513e-01,3.372388177131e-01,-1.516870319381e+00,-3.757435330662e+00,-1.516808737305e+00,-3.786207174836e+00
1.592308682667e+00,2.987218960026e-01,-3.063045909253e-01,-3.190377801534e-01,3.400265659521e-01,-1.519250697957e+00,-3.745792457694e+00,-1.519207356821e+00,-3.774518161461e+00
1.592943177218e+00,2.985267230205e-01,-3.089031570464e-01,-3.188211558047e-01,3.427983634020e-01,-1.521623676340e+00,-3.734109070609e+00,-1.521598546701e+00,-3.762788103478e+00
1.593577671770e+00,2.983299054597e-01,-3.114884925392e-01,-3.186027778291e-01,3.455542000227e-01,-1.523989228890e+00,-3.722385374034e+00,-1.523982280969e+00,-3.751017213145e+00
1.594212166322e+00,2.981314517180e-01,-3.140605879268e-01,-3.183826563566e-01,3.482940670735e-01,-1.526347330095e+00,-3.710621572608e+00,-1.526358533784e+00,-3.739205702719e+00
1.594846660873e+00,2.979313701989e-01,-3.166194348301e-01,-3.181608015219e-01,3.510179571037e-01,-1.528697954574e+00,-3.698817870972e+00,-1.528727279441e+00,-3.727353784440e+00
1.595481155425e+00,2.977296693107e-01,-3.191650259601e-01,-3.179372234646e-01,3.537258639441e-01,-1.531041077075e+00,-3.686974473755e+00,-1.531088492368e+00,-3.715461670524e+00
1.596115649977e+00,2.975263574661e-01,-3.216973551107e-01,-3.177119323272e-01,3.564177826973e-01,-1.533376672477e+00,-3.675091585567e+00,-1.533442147130e+00,-3.703529573149e+00
1.596750144528e+00,2.973214430815e-01,-3.242164171505e-01,-3.174849382554e-01,3.590937097286e-01,-1.535704715787e+00,-3.663169410988e+00,-1.535788218423e+00,-3.691557704445e+00
1.597384639080e+00,2.971149345759e-01,-3.267222080147e-01,-3.172562513966e-01,3.617536426570e-01,-1.538025182144e+00,-3.651208154559e+00,-1.538126681081e+00,-3.679546276483e+00
1.598019133631e+00,2.969068403709e-01,-3.292147246975e-01,-3.170258818993e-01,3.643975803451e-01,-1.540338046815e+00,-3.639208020770e+00,-1.540457510070e+00,-3.667495501263e+00
1.598653628183e+00,2.966971688895e-01,-3.316939652438e-01,-3.167938399123e-01,3.670255228896e-01,-1.542643285198e+00,-3.627169214050e+00,-1.542780680493e+00,-3.655405590705e+00
1.599288122735e+00,2.964859285555e-01,-3.341599287407e-01,-3.165601355841e-01,3.696374716119e-01,-1.544940872820e+00,-3.615091938761e+00,-1.545096167584e+00,-3.643276756637e+00
1.599922617286e+00,2.962731277932e-01,-3.366126153095e-01,-3.163247790619e-01,3.722334290481e-01,-1.547230785336e+00,-3.602976399186e+00,-1.547403946716e+00,-3.631109210785e+00
1.600557111838e+00,2.960587750264e-01,-3.390520260975e-01,-3.160877804908e-01,3.748133989387e-01,-1.549512998535e+00,-3.590822799516e+00,-1.549703993392e+00,-3.618903164762e+00
1.601191606390e+00,2.958428786777e-01,-3.414781632687e-01,-3.158491500133e-01,3.773773862192e-01,-1.551787488331e+00,-3.578631343849e+00,-1.551996283251e+00,-3.606658830058e+00
1.601826100941e+00,2.956254471682e-01,-3.438910299962e-01,-3.156088977683e-01,3.799253970095e-01,-1.554054230770e+00,-3.566402236171e+00,-1.554280792066e+00,-3.594376418029e+00
1.602460595493e+00,2.954064889166e-01,-3.462906304527e-01,-3.153670338906e-01,3.824574386037e-01,-1.556313202026e+00,-3.554135680355e+00,-1.556557495745e+00,-3.582056139888e+00
1.603095090045e+00,2.951860123386e-01,-3.486769698023e-01,-3.151235685098e-01,3.849735194602e-01,-1.558564378404e+00,-3.541831880146e+00,-1.558826370329e+00,-3.569698206696e+00
1.603729584596e+00,2.949640258464e-01,-3.510500541912e-01,-3.148785117498e-01,3.874736491907e-01,-1.560807736337e+00,-3.529491039155e+00,-1.561087391993e+00,-3.557302829348e+00
1.604364079148e+00,2.947405378480e-01,-3.534098907394e-01,-3.146318737282e-01,3.899578385500e-01,-1.563043252387e+00,-3.517113360850e+00,-1.563340537044e+00,-3.544870218568e+00
1.604998573700e+00,2.945155567464e-01,-3.557564875310e-01,-3.143836645552e-01,3.924260994254e-01,-1.565270903245e+00,-3.504699048546e+00,-1.565585781927e+00,-3.532400584895e+00
1.605633068251e+00,2.942890909393e-01,-3.580898536056e-01,-3.141338943333e-01,3.948784448262e-01,-1.567490665732e+00,-3.492248305397e+00,-1.567823103216e+00,-3.519894138678e+00
1.606267562803e+00,2.940611488184e-01,-3.604099989491e-01,-3.138825731563e-01,3.973148888725e-01,-1.569702516797e+00,-3.479761334386e+00,-1.570052477622e+00,-3.507351090062e+00
1.606902057354e+00,2.938317387687e-01,-3.627169344843e-01,-3.136297111086e-01,3.997354467847e-01,-1.571906433518e+00,-3.467238338320e+00,-1.572273881986e+00,-3.494771648982e+00
1.607536551906e+00,2.936008691680e-01,-3.650106720616e-01,-3.133753182648e-01,4.021401348726e-01,-1.574102393102e+00,-3.454679519818e+00,-1.574487293284e+00,-3.482156025154e+00
1.608171046458e+00,2.933685483862e-01,-3.672912244501e-01,-3.131194046886e-01,4.045289705244e-01,-1.576290372884e+00,-3.442085081303e+00,-1.576692688625e+00,-3.469504428061e+00
1.608805541009e+00,2.931347847850e-01,-3.695586053276e-01,-3.128619804325e-01,4.069019721956e-01,-1.578470350327e+00,-3.429455224995e+00,-1.578890045251e+00,-3.456817066951e+00
1.609440035561e+00,2.928995867171e-01,-3.718128292714e-01,-3.126030555369e-01,4.092591593977e-01,-1.580642303023e+00,-3.416790152905e+00,-1.581079340535e+00,-3.444094150823e+00
1.610074530113e+00,2.926629625253e-01,-3.740539117488e-01,-3.123426400294e-01,4.116005526874e-01,-1.582806208691e+00,-3.404090066821e+00,-1.583260551985e+00,-3.431335888421e+00
1.610709024664e+00,2.924249205429e-01,-3.762818691075e-01,-3.120807439243e-01,4.139261736552e-01,-1.584962045180e+00,-3.391355168307e+00,-1.585433657240e+00,-3.418542488223e+00
1.611343519216e+00,2.921854690921e-01,-3.784967185656e-01,-3.118173772220e-01,4.162360449140e-01,-1.587109790465e+00,-3.378585658689e+00,-1.587598634071e+00,-3.405714158436e+00
1.611978013768e+00,2.919446164841e-01,-3.806984782026e-01,-3.115525499080e-01,4.185301900878e-01,-1.589249422649e+00,-3.365781739052e+00,-1.589755460381e+00,-3.392851106985e+00
1.612612508319e+00,2.917023710184e-01,-3.828871669488e-01,-3.112862719526e-01,4.208086338003e-01,-1.591380919963e+00,-3.352943610230e+00,-1.591904114205e+00,-3.379953541504e+00
1.613247002871e+00,2.914587409819e-01,-3.850628045761e-01,-3.110185533103e-01,4.230714016634e-01,-1.593504260765e+00,-3.340071472799e+00,-1.594044573711e+00,-3.367021669330e+00
1.613881497422e+00,2.912137346492e-01,-3.872254116878e-01,-3.107494039187e-01,4.253185202657e-01,-1.595619423540e+00,-3.327165527071e+00,-1.596176817196e+00,-3.354055697496e+00
1.614515991974e+00,2.909673602811e-01,-3.893750097090e-01,-3.104788336986e-01,4.275500171608e-01,-1.597726386901e+00,-3.314225973083e+00,-1.598300823090e+00,-3.341055832720e+00
1.615150486526e+00,2.907196261248e-01,-3.915116208763e-01,-3.102068525527e-01,4.297659208560e-01,-1.599825129587e+00,-3.301253010595e+00,-1.600416569954e+00,-3.328022281398e+00
1.615784981077e+00,2.904705404131e-01,-3.936352682280e-01,-3.099334703656e-01,4.319662608003e-01,-1.601915630463e+00,-3.288246839078e+00,-1.602524036479e+00,-3.314955249598e+00
1.616419475629e+00,2.902201113639e-01,-3.957459755939e-01,-3.096586970027e-01,4.341510673728e-01,-1.603997868522e+00,-3.275207657711e+00,-1.604623201487e+00,-3.301854943052e+00
1.617053970181e+00,2.899683471798e-01,-3.978437675854e-01,-3.093825423099e-01,4.363203718708e-01,-1.606071822883e+00,-3.262135665372e+00,-1.606714043931e+00,-3.288721567148e+00
1.617688464732e+00,2.897152560474e-01,-3.999286695853e-01,-3.091050161130e-01,4.384742064985e-01,-1.608137472789e+00,-3.249031060630e+00,-1.608796542894e+00,-3.275555326921e+00
1.618322959284e+00,2.894608461370e-01,-4.020007077378e-01,-3.088261282171e-01,4.406126043546e-01,-1.610194797612e+00,-3.235894041743e+00,-1.610870677587e+00,-3.262356427050e+00
1.618957453836e+00,2.892051256022e-01,-4.040599089378e-01,-3.085458884058e-01,4.427355994207e-01,-1.612243776847e+00,-3.222724806646e+00,-1.612936427354e+00,-3.249125071849e+00
1.619591948387e+00,2.889481025792e-01,-4.061063008212e-01,-3.082643064412e-01,4.448432265494e-01,-1.614284390116e+00,-3.209523552949e+00,-1.614993771667e+00,-3.235861465259e+00
1.620226442939e+00,2.886897851864e-01,-4.081399117547e-01,-3.079813920628e-01,4.469355214524e-01,-1.616316617167e+00,-3.196290477928e+00,-1.617042690126e+00,-3.222565810840e+00
1.620860937490e+00,2.884301815241e-01,-4.101607708248e-01,-3.076971549872e-01,4.490125206884e-01,-1.618340437871e+00,-3.183025778519e+00,-1.619083162463e+00,-3.209238311771e+00
1.621495432042e+00,2.881692996737e-01,-4.121689078284e-01,-3.074116049075e-01,4.510742616514e-01,-1.620355832225e+00,-3.169729651314e+00,-1.621115168535e+00,-3.195879170836e+00
1.622129926594e+00,2.879071476977e-01,-4.141643532618e-01,-3.071247514929e-01,4.531207825583e-01,-1.622362780351e+00,-3.156402292552e+00,-1.623138688332e+00,-3.182488590421e+00
1.622764421145e+00,2.876437336389e-01,-4.161471383106e-01,-3.068366043881e-01,4.551521224373e-01,-1.624361262494e+00,-3.143043898115e+00,-1.625153701968e+00,-3.169066772507e+00
1.623398915697e+00,2.873790655202e-01,-4.181172948395e-01,-3.065471732127e-01,4.571683211155e-01,-1.626351259025e+00,-3.129654663522e+00,-1.627160189688e+00,-3.155613918665e+00
1.624033410249e+00,2.871131513439e-01,-4.200748553813e-01,-3.062564675608e-01,4.591694192073e-01,-1.628332750437e+00,-3.116234783924e+00,-1.629158131863e+00,-3.142130230049e+00
1.624667904800e+00,2.868459990917e-01,-4.220198531272e-01,-3.059644970006e-01,4.611554581016e-01,-1.630305717348e+00,-3.102784454097e+00,-1.631147508992e+00,-3.128615907389e+00
1.625302399352e+00,2.865776167237e-01,-4.239523219159e-01,-3.056712710737e-01,4.631264799505e-01,-1.632270140500e+00,-3.089303868436e+00,-1.633128301702e+00,-3.115071150987e+00
1.625936893904e+00,2.863080121787e-01,-4.258722962232e-01,-3.053767992946e-01,4.650825276567e-01,-1.634226000757e+00,-3.075793220953e+00,-1.635100490747e+00,-3.101496160711e+00
1.626571388455e+00,2.860371933731e-01,-4.277798111518e-01,-3.050810911506e-01,4.670236448616e-01,-1.636173279106e+00,-3.062252705267e+00,-1.637064057006e+00,-3.087891135989e+00
1.627205883007e+00,2.857651682011e-01,-4.296749024204e-01,-3.047841561009e-01,4.689498759328e-01,-1.638111956657e+00,-3.048682514603e+00,-1.639018981485e+00,-3.074256275804e+00
1.627840377558e+00,2.854919445339e-01,-4.315576063535e-01,-3.044860035764e-01,4.708612659528e-01,-1.640042014643e+00,-3.035082841786e+00,-1.640965245318e+00,-3.060591778687e+00
1.628474872110e+00,2.852175302194e-01,-4.334279598709e-01,-3.041866429790e-01,4.727578607059e-01,-1.641963434419e+00,-3.021453879233e+00,-1.642902829763e+00,-3.046897842714e+00
1.629109366662e+00,2.849419330820e-01,-4.352860004771e-01,-3.038860836817e-01,4.746397066668e-01,-1.643876197461e+00,-3.007795818953e+00,-1.644831716203e+00,-3.033174665502e+00
1.629743861213e+00,2.846651609221e-01,-4.371317662508e-01,-3.035843350273e-01,4.765068509881e-01,-1.645780285368e+00,-2.994108852538e+00,-1.646751886147e+00,-3.019422444198e+00
1.630378355765e+00,2.843872215158e-01,-4.389652958343e-01,-3.032814063290e-01,4.783593414882e-01,-1.647675679859e+00,-2.980393171161e+00,-1.648663321231e+00,-3.005641375482e+00
1.631012850317e+00,2.841081226144e-01,-4.407866284232e-01,-3.029773068691e-01,4.801972266393e-01,-1.649562362776e+00,-2.966648965572e+00,-1.650566003212e+00,-2.991831655556e+00
1.631647344868e+00,2.838278719443e-01,-4.425958037558e-01,-3.026720458989e-01,4.820205555552e-01,-1.651440316081e+00,-2.952876426089e+00,-1.652459913973e+00,-2.977993480144e+00
1.632281839420e+00,2.835464772064e-01,-4.443928621023e-01,-3.023656326386e-01,4.838293779791e-01,-1.653309521855e+00,-2.939075742600e+00,-1.654345035522e+00,-2.964127044485e+00
1.632916333972e+00,2.832639460759e-01,-4.461778442547e-01,-3.020580762766e-01,4.856237442718e-01,-1.655169962303e+00,-2.925247104555e+00,-1.656221349990e+00,-2.950232543327e+00
1.633550828523e+00,2.829802862019e-01,-4.479507915161e-01,-3.017493859689e-01,4.874037053992e-01,-1.657021619747e+00,-2.911390700962e+00,-1.658088839630e+00,-2.936310170927e+00
1.634185323075e+00,2.826955052074e-01,-4.497117456900e-01,-3.014395708392e-01,4.891693129203e-01,-1.658864476629e+00,-2.897506720384e+00,-1.659947486820e+00,-2.922360121044e+00
1.634819817626e+00,2.824096106884e-01,-4.514607490702e-01,-3.011286399782e-01,4.909206189754e-01,-1.660698515513e+00,-2.883595350935e+00,-1.661797274060e+00,-2.908382586937e+00
1.635454312178e+00,2.821226102141e-01,-4.531978444299e-01,-3.008166024435e-01,4.926576762737e-01,-1.662523719079e+00,-2.869656780275e+00,-1.663638183973e+00,-2.894377761356e+00
1.636088806730e+00,2.818345113263e-01,-4.549230750114e-01,-3.005034672589e-01,4.943805380816e-01,-1.664340070127e+00,-2.855691195608e+00,-1.665470199303e+00,-2.880345836547e+00
1.636723301281e+00,2.815453215393e-01,-4.566364845159e-01,-3.001892434142e-01,4.960892582103e-01,-1.666147551577e+00,-2.841698783679e+00,-1.667293302916e+00,-2.866287004238e+00
1.637357795833e+00,2.812550483395e-01,-4.583381170922e-01,-2.998739398651e-01,4.977838910041e-01,-1.667946146467e+00,-2.827679730766e+00,-1.669107477802e+00,-2.852201455645e+00
1.637992290385e+00,2.809636991851e-01,-4.600280173273e-01,-2.995575655325e-01,4.994644913280e-01,-1.669735837950e+00,-2.813634222683e+00,-1.670912707069e+00,-2.838089381461e+00
1.638626784936e+00,2.806712815060e-01,-4.617062302350e-01,-2.992401293023e-01,5.011311145563e-01,-1.671516609302e+00,-2.799562444771e+00,-1.672708973947e+00,-2.823950971859e+00
1.639261279488e+00,2.803778027034e-01,-4.633728012463e-01,-2.989216400253e-01,5.027838165603e-01,-1.673288443911e+00,-2.785464581898e+00,-1.674496261786e+00,-2.809786416482e+00
1.639895774040e+00,2.800832701493e-01,-4.650277761982e-01,-2.986021065164e-01,5.044226536964e-01,-1.675051325287e+00,-2.771340818456e+00,-1.676274554057e+00,-2.795595904446e+00
1.640530268591e+00,2.797876911868e-01,-4.666712013241e-01,-2.982815375549e-01,5.060476827942e-01,-1.676805237053e+00,-2.757191338357e+00,-1.678043834351e+00,-2.781379624334e+00
1.641164763143e+00,2.794910731294e-01,-4.683031232427e-01,-2.979599418836e-01,5.076589611449e-01,-1.678550162950e+00,-2.743016325029e+00,-1.679804086377e+00,-2.767137764193e+00
1.641799257694e+00,2.791934232608e-01,-4.699235889482e-01,-2.976373282091e-01,5.092565464889e-01,-1.680286086837e+00,-2.728815961416e+00,-1.681555293965e+00,-2.752870511531e+00
1.642433752246e+00,2.788947488351e-01,-4.715326457995e-01,-2.973137052009e-01,5.108404970048e-01,-1.682012992686e+00,-2.714590429972e+00,-1.683297441063e+00,-2.738578053317e+00
1.643068246798e+00,2.785950570758e-01,-4.731303415103e-01,-2.969890814919e-01,5.124108712968e-01,-1.683730864586e+00,-2.700339912663e+00,-1.685030511736e+00,-2.724260575976e+00
1.643702741349e+00,2.782943551763e-01,-4.747167241386e-01,-2.966634656772e-01,5.139677283836e-01,-1.685439686741e+00,-2.686064590957e+00,-1.686754490170e+00,-2.709918265384e+00
1.644337235901e+00,2.779926502994e-01,-4.762918420764e-01,-2.963368663146e-01,5.155111276862e-01,-1.687139443471e+00,-2.671764645832e+00,-1.688469360666e+00,-2.695551306873e+00
1.644971730453e+00,2.776899495770e-01,-4.778557440396e-01,-2.960092919240e-01,5.170411290166e-01,-1.688830119209e+00,-2.657440257763e+00,-1.690175107645e+00,-2.681159885222e+00
1.645606225004e+00,2.773862601100e-01,-4.794084790577e-01,-2.956807509873e-01,5.185577925660e-01,-1.690511698503e+00,-2.643091606726e+00,-1.691871715642e+00,-2.666744184656e+00
1.646240719556e+00,2.770815889681e-01,-4.809500964636e-01,-2.953512519480e-01,5.200611788933e-01,-1.692184166016e+00,-2.628718872197e+00,-1.693559169312e+00,-2.652304388847e+00
1.646875214108e+00,2.767759431896e-01,-4.824806458835e-01,-2.950208032111e-01,5.215513489134e-01,-1.693847506524e+00,-2.614322233143e+00,-1.695237453424e+00,-2.637840680910e+00
1.647509708659e+00,2.764693297814e-01,-4.840001772268e-01,-2.946894131428e-01,5.230283638858e-01,-1.695501704915e+00,-2.599901868029e+00,-1.696906552864e+00,-2.623353243400e+00
1.648144203211e+00,2.761617557183e-01,-4.855087406758e-01,-2.943570900704e-01,5.244922854030e-01,-1.697146746193e+00,-2.585457954809e+00,-1.698566452633e+00,-2.608842258312e+00
1.648778697763e+00,2.758532279434e-01,-4.870063866760e-01,-2.940238422821e-01,5.259431753792e-01,-1.698782615473e+00,-2.570990670927e+00,-1.700217137849e+00,-2.594307907080e+00
1.649413192314e+00,2.755437533678e-01,-4.884931659257e-01,-2.936896780264e-01,5.273810960390e-01,-1.700409297981e+00,-2.556500193316e+00,-1.701858593743e+00,-2.579750370573e+00
1.650047686866e+00,2.752333388701e-01,-4.899691293663e-01,-2.933546055126e-01,5.288061099057e-01,-1.702026779058e+00,-2.541986698394e+00,-1.703490805660e+00,-2.565169829094e+00
1.650682181417e+00,2.749219912967e-01,-4.914343281719e-01,-2.930186329099e-01,5.302182797903e-01,-1.703635044156e+00,-2.527450362068e+00,-1.705113759063e+00,-2.550566462382e+00
1.651316675969e+00,2.746097174614e-01,-4.928888137401e-01,-2.926817683479e-01,5.316176687802e-01,-1.705234078836e+00,-2.512891359723e+00,-1.706727439524e+00,-2.535940449605e+00
1.651951170521e+00,2.742965241453e-01,-4.943326376813e-01,-2.923440199157e-01,5.330043402281e-01,-1.706823868774e+00,-2.498309866232e+00,-1.708331832732e+00,-2.521291969365e+00
1.652585665072e+00,2.739824180968e-01,-4.957658518096e-01,-2.920053956626e-01,5.343783577404e-01,-1.708404399753e+00,-2.483706055945e+00,-1.709926924488e+00,-2.506621199693e+00
1.653220159624e+00,2.736674060311e-01,-4.971885081322e-01,-2.916659035969e-01,5.357397851667e-01,-1.709975657670e+00,-2.469080102694e+00,-1.711512700705e+00,-2.491928318048e+00
1.653854654176e+00,2.733514946306e-01,-4.986006588403e-01,-2.913255516868e-01,5.370886865882e-01,-1.711537628529e+00,-2.454432179789e+00,-1.713089147411e+00,-2.477213501317e+00
1.654489148727e+00,2.730346905444e-01,-5.000023562991e-01,-2.909843478596e-01,5.384251263072e-01,-1.713090298446e+00,-2.439762460020e+00,-1.714656250742e+00,-2.462476925816e+00
1.655123643279e+00,2.727170003884e-01,-5.013936530379e-01,-2.906423000016e-01,5.397491688356e-01,-1.714633653645e+00,-2.425071115651e+00,-1.716213996950e+00,-2.447718767287e+00
1.655758137831e+00,2.723984307451e-01,-5.027746017409e-01,-2.902994159583e-01,5.410608788846e-01,-1.716167680460e+00,-2.410358318425e+00,-1.717762372394e+00,-2.432939200897e+00
1.656392632382e+00,2.720789881635e-01,-5.041452552372e-01,-2.899557035339e-01,5.423603213534e-01,-1.717692365334e+00,-2.395624239559e+00,-1.719301363548e+00,-2.418138401239e+00
1.657027126934e+00,2.717586791591e-01,-5.055056664913e-01,-2.896111704916e-01,5.436475613184e-01,-1.719207694818e+00,-2.380869049745e+00,-1.720830956995e+00,-2.403316542332e+00
1.657661621485e+00,2.714375102136e-01,-5.068558885937e-01,-2.892658245531e-01,5.449226640230e-01,-1.720713655571e+00,-2.366092919151e+00,-1.722351139426e+00,-2.388473797620e+00
1.658296116037e+00,2.711154877751e-01,-5.081959747514e-01,-2.889196733986e-01,5.461856948663e-01,-1.722210234360e+00,-2.351296017417e+00,-1.723861897646e+00,-2.373610339969e+00
1.658930610589e+00,2.707926182580e-01,-5.095259782784e-01,-2.885727246669e-01,5.474367193927e-01,-1.723697418060e+00,-2.336478513657e+00,-1.725363218567e+00,-2.358726341672e+00
1.659565105140e+00,2.704689080426e-01,-5.108459525861e-01,-2.882249859551e-01,5.486758032815e-01,-1.725175193652e+00,-2.321640576458e+00,-1.726855089209e+00,-2.343821974445e+00
1.660199599692e+00,2.701443634755e-01,-5.121559511746e-01,-2.878764648186e-01,5.499030123361e-01,-1.726643548224e+00,-2.306782373882e+00,-1.728337496704e+00,-2.328897409429e+00
1.660834094244e+00,2.698189908691e-01,-5.134560276225e-01,-2.875271687710e-01,5.511184124740e-01,-1.728102468972e+00,-2.291904073462e+00,-1.729810428291e+00,-2.313952817190e+00
1.661468588795e+00,2.694927965021e-01,-5.147462355784e-01,-2.871771052840e-01,5.523220697158e-01,-1.729551943196e+00,-2.277005842204e+00,-1.731273871315e+00,-2.298988367716e+00
1.662103083347e+00,2.691657866189e-01,-5.160266287514e-01,-2.868262817874e-01,5.535140501755e-01,-1.730991958304e+00,-2.262087846586e+00,-1.732727813232e+00,-2.284004230424e+00
1.662737577899e+00,2.688379674299e-01,-5.172972609020e-01,-2.864747056692e-01,5.546944200496e-01,-1.732422501807e+00,-2.247150252562e+00,-1.734172241603e+00,-2.269000574153e+00
1.663372072450e+00,2.685093451113e-01,-5.185581858327e-01,-2.861223842751e-01,5.558632456077e-01,-1.733843561323e+00,-2.232193225555e+00,-1.735607144097e+00,-2.253977567169e+00
1.664006567002e+00,2.681799258052e-01,-5.198094573794e-01,-2.857693249090e-01,5.570205931815e-01,-1.735255124574e+00,-2.217216930465e+00,-1.737032508489e+00,-2.238935377164e+00
1.664641061553e+00,2.678497156195e-01,-5.210511294023e-01,-2.854155348324e-01,5.581665291554e-01,-1.736657179386e+00,-2.202221531663e+00,-1.738448322661e+00,-2.223874171258e+00
1.665275556105e+00,2.675187206281e-01,-5.222832557765e-01,-2.850610212649e-01,5.593011199560e-01,-1.738049713692e+00,-2.187207192995e+00,-1.739854574600e+00,-2.208794115997e+00
1.665910050657e+00,2.671869468704e-01,-5.235058903839e-01,-2.847057913838e-01,5.604244320426e-01,-1.739432715524e+00,-2.172174077782e+00,-1.741251252398e+00,-2.193695377357e+00
1.666544545208e+00,2.668544003518e-01,-5.247190871034e-01,-2.843498523245e-01,5.615365318969e-01,-1.740806173022e+00,-2.157122348820e+00,-1.742638344255e+00,-2.178578120741e+00
1.667179039760e+00,2.665210870436e-01,-5.259228998028e-01,-2.839932111797e-01,5.626374860134e-01,-1.742170074425e+00,-2.142052168379e+00,-1.744015838472e+00,-2.163442510984e+00
1.667813534312e+00,2.661870128828e-01,-5.271173823300e-01,-2.836358750005e-01,5.637273608898e-01,-1.743524408079e+00,-2.126963698208e+00,-1.745383723456e+00,-2.148288712353e+00
1.668448028863e+00,2.658521837722e-01,-5.283025885039e-01,-2.832778507953e-01,5.648062230170e-01,-1.744869162430e+00,-2.111857099531e+00,-1.746741987720e+00,-2.133116888543e+00
1.669082523415e+00,2.655166055806e-01,-5.294785721060e-01,-2.829191455307e-01,5.658741388695e-01,-1.746204326026e+00,-2.096732533052e+00,-1.748090619877e+00,-2.117927202688e+00
1.669717017967e+00,2.651802841425e-01,-5.306453868720e-01,-2.825597661309e-01,5.669311748963e-01,-1.747529887518e+00,-2.081590158951e+00,-1.749429608647e+00,-2.102719817352e+00
1.670351512518e+00,2.648432252587e-01,-5.318030864830e-01,-2.821997194780e-01,5.679773975106e-01,-1.748845835657e+00,-2.066430136890e+00,-1.750758942849e+00,-2.087494894537e+00
1.670986007070e+00,2.645054346955e-01,-5.329517245571e-01,-2.818390124120e-01,5.690128730813e-01,-1.750152159296e+00,-2.051252626013e+00,-1.752078611408e+00,-2.072252595683e+00
1.671620501621e+00,2.641669181854e-01,-5.340913546410e-01,-2.814776517308e-01,5.700376679230e-01,-1.751448847389e+00,-2.036057784942e+00,-1.753388603351e+00,-2.056993081667e+00
1.672254996173e+00,2.638276814271e-01,-5.352220302016e-01,-2.811156441903e-01,5.710518482869e-01,-1.752735888991e+00,-2.020845771786e+00,-1.754688907804e+00,-2.041716512806e+00
1.672889490725e+00,2.634877300851e-01,-5.363438046178e-01,-2.807529965044e-01,5.720554803519e-01,-1.754013273255e+00,-2.005616744137e+00,-1.755979513997e+00,-2.026423048862e+00
1.673523985276e+00,2.631470697903e-01,-5.374567311721e-01,-2.803897153448e-01,5.730486302148e-01,-1.755280989436e+00,-1.990370859072e+00,-1.757260411262e+00,-2.011112849037e+00
1.674158479828e+00,2.628057061398e-01,-5.385608630425e-01,-2.800258073415e-01,5.740313638819e-01,-1.756539026888e+00,-1.975108273157e+00,-1.758531589029e+00,-1.995786071981e+00
1.674792974380e+00,2.624636446969e-01,-5.396562532942e-01,-2.796612790827e-01,5.750037472595e-01,-1.757787375064e+00,-1.959829142445e+00,-1.759793036831e+00,-1.980442875787e+00
1.675427468931e+00,2.621208909914e-01,-5.407429548720e-01,-2.792961371146e-01,5.759658461454e-01,-1.759026023515e+00,-1.944533622480e+00,-1.761044744299e+00,-1.965083418002e+00
1.676061963483e+00,2.617774505192e-01,-5.418210205917e-01,-2.789303879419e-01,5.769177262196e-01,-1.760254961892e+00,-1.929221868296e+00,-1.762286701166e+00,-1.949707855621e+00
1.676696458035e+00,2.614333287433e-01,-5.428905031322e-01,-2.785640380276e-01,5.778594530359e-01,-1.761474179943e+00,-1.913894034423e+00,-1.763518897263e+00,-1.934316345091e+00
1.677330952586e+00,2.610885310928e-01,-5.439514550281e-01,-2.781970937931e-01,5.787910920129e-01,-1.762683667514e+00,-1.898550274884e+00,-1.764741322520e+00,-1.918909042316e+00
1.677965447138e+00,2.607430629639e-01,-5.450039286613e-01,-2.778295616184e-01,5.797127084255e-01,-1.763883414550e+00,-1.883190743199e+00,-1.765953966967e+00,-1.903486102657e+00
1.678599941689e+00,2.603969297192e-01,-5.460479762535e-01,-2.774614478421e-01,5.806243673963e-01,-1.765073411091e+00,-1.867815592386e+00,-1.767156820731e+00,-1.888047680931e+00
1.679234436241e+00,2.600501366888e-01,-5.470836498584e-01,-2.770927587615e-01,5.815261338869e-01,-1.766253647277e+00,-1.852424974967e+00,-1.768349874038e+00,-1.872593931421e+00
1.679868930793e+00,2.597026891692e-01,-5.481110013540e-01,-2.767235006327e-01,5.824180726900e-01,-1.767424113341e+00,-1.837019042961e+00,-1.769533117211e+00,-1.857125007871e+00
1.680503425344e+00,2.593545924244e-01,-5.491300824350e-01,-2.763536796710e-01,5.833002484204e-01,-1.768584799614e+00,-1.821597947896e+00,-1.770706540671e+00,-1.841641063492e+00
1.681137919896e+00,2.590058516857e-01,-5.501409446053e-01,-2.759833020504e-01,5.841727255070e-01,-1.769735696525e+00,-1.806161840804e+00,-1.771870134936e+00,-1.826142250962e+00
1.681772414448e+00,2.586564721516e-01,-5.511436391704e-01,-2.756123739044e-01,5.850355681847e-01,-1.770876794594e+00,-1.790710872225e+00,-1.773023890620e+00,-1.810628722432e+00
1.682406908999e+00,2.583064589882e-01,-5.521382172300e-01,-2.752409013255e-01,5.858888404862e-01,-1.772008084441e+00,-1.775245192213e+00,-1.774167798434e+00,-1.795100629527e+00
1.683041403551e+00,2.579558173292e-01,-5.531247296710e-01,-2.748688903660e-01,5.867326062336e-01,-1.773129556779e+00,-1.759764950332e+00,-1.775301849186e+00,-1.779558123346e+00
1.683675898103e+00,2.576045522762e-01,-5.541032271593e-01,-2.744963470374e-01,5.875669290309e-01,-1.774241202415e+00,-1.744270295662e+00,-1.776426033777e+00,-1.764001354469e+00
1.684310392654e+00,2.572526688986e-01,-5.550737601336e-01,-2.741232773112e-01,5.883918722558e-01,-1.775343012252e+00,-1.728761376801e+00,-1.777540343206e+00,-1.748430472957e+00
1.684944887206e+00,2.569001722339e-01,-5.560363787974e-01,-2.737496871187e-01,5.892074990518e-01,-1.776434977286e+00,-1.713238341867e+00,-1.778644768565e+00,-1.732845628354e+00
1.685579381757e+00,2.565470672878e-01,-5.569911331123e-01,-2.733755823510e-01,5.900138723206e-01,-1.777517088608e+00,-1.697701338501e+00,-1.779739301043e+00,-1.717246969694e+00
1.686213876309e+00,2.561933590345e-01,-5.579380727908e-01,-2.730009688597e-01,5.908110547142e-01,-1.778589337401e+00,-1.682150513868e+00,-1.780823931922e+00,-1.701634645499e+00
1.686848370861e+00,2.558390524166e-01,-5.588772472893e-01,-2.726258524565e-01,5.915991086275e-01,-1.779651714942e+00,-1.666586014660e+00,-1.781898652578e+00,-1.686008803784e+00
1.687482865412e+00,2.554841523455e-01,-5.598087058011e-01,-2.722502389136e-01,5.923780961905e-01,-1.780704212601e+00,-1.651007987102e+00,-1.782963454480e+00,-1.670369592062e+00
1.688117359964e+00,2.551286637014e-01,-5.607324972497e-01,-2.718741339641e-01,5.931480792610e-01,-1.781746821841e+00,-1.635416576948e+00,-1.784018329193e+00,-1.654717157344e+00
1.688751854516e+00,2.547725913336e-01,-5.616486702818e-01,-2.714975433015e-01,5.939091194171e-01,-1.782779534217e+00,-1.619811929491e+00,-1.785063268373e+00,-1.639051646142e+00
1.689386349067e+00,2.544159400605e-01,-5.625572732605e-01,-2.711204725809e-01,5.946612779498e-01,-1.783802341376e+00,-1.604194189559e+00,-1.786098263770e+00,-1.623373204475e+00
1.690020843619e+00,2.540587146702e-01,-5.634583542587e-01,-2.707429274180e-01,5.954046158560e-01,-1.784815235055e+00,-1.588563501525e+00,-1.787123307225e+00,-1.607681977871e+00
1.690655338171e+00,2.537009199200e-01,-5.643519610526e-01,-2.703649133904e-01,5.961391938308e-01,-1.785818207087e+00,-1.572920009303e+00,-1.788138390671e+00,-1.591978111367e+00
1.691289832722e+00,2.533425605373e-01,-5.652381411148e-01,-2.699864360369e-01,5.968650722610e-01,-1.786811249391e+00,-1.557263856354e+00,-1.789143506136e+00,-1.576261749520e+00
1.691924327274e+00,2.529836412193e-01,-5.661169416080e-01,-2.696075008584e-01,5.975823112176e-01,-1.787794353980e+00,-1.541595185691e+00,-1.790138645737e+00,-1.560533036400e+00
1.692558821826e+00,2.526241666335e-01,-5.669884093785e-01,-2.692281133176e-01,5.982909704489e-01,-1.788767512957e+00,-1.525914139878e+00,-1.791123801682e+00,-1.544792115603e+00
1.693193316377e+00,2.522641414176e-01,-5.678525909498e-01,-2.688482788393e-01,5.989911093738e-01,-1.789730718515e+00,-1.510220861035e+00,-1.792098966271e+00,-1.529039130248e+00
1.693827810929e+00,2.519035701802e-01,-5.687095325163e-01,-2.684680028111e-01,5.996827870748e-01,-1.790683962938e+00,-1.494515490842e+00,-1.793064131895e+00,-1.513274222983e+00
1.694462305480e+00,2.515424575003e-01,-5.695592799369e-01,-2.680872905828e-01,6.003660622913e-01,-1.791627238597e+00,-1.478798170541e+00,-1.794019291033e+00,-1.497497535990e+00
1.695096800032e+00,2.511808079282e-01,-5.704018787290e-01,-2.677061474672e-01,6.010409934129e-01,-1.792560537955e+00,-1.463069040938e+00,-1.794964436258e+00,-1.481709210985e+00
1.695731294584e+00,2.508186259852e-01,-5.712373740622e-01,-2.673245787403e-01,6.017076384729e-01,-1.793483853565e+00,-1.447328242409e+00,-1.795899560229e+00,-1.465909389225e+00
1.696365789135e+00,2.504559161644e-01,-5.720658107522e-01,-2.669425896411e-01,6.023660551415e-01,-1.794397178066e+00,-1.431575914902e+00,-1.796824655697e+00,-1.450098211509e+00
1.697000283687e+00,2.500926829303e-01,-5.728872332551e-01,-2.665601853724e-01,6.030163007196e-01,-1.795300504188e+00,-1.415812197939e+00,-1.797739715500e+00,-1.434275818183e+00
1.697634778239e+00,2.497289307193e-01,-5.737016856608e-01,-2.661773711006e-01,6.036584321323e-01,-1.796193824749e+00,-1.400037230621e+00,-1.798644732567e+00,-1.418442349144e+00
1.698269272790e+00,2.493646639400e-01,-5.745092116877e-01,-2.657941519561e-01,6.042925059226e-01,-1.797077132653e+00,-1.384251151632e+00,-1.799539699915e+00,-1.402597943843e+00
1.698903767342e+00,2.489998869735e-01,-5.753098546767e-01,-2.654105330338e-01,6.049185782452e-01,-1.797950420895e+00,-1.368454099240e+00,-1.800424610649e+00,-1.386742741290e+00
1.699538261894e+00,2.486346041734e-01,-5.761036575852e-01,-2.650265193927e-01,6.055367048603e-01,-1.798813682556e+00,-1.352646211304e+00,-1.801299457961e+00,-1.370876880057e+00
1.700172756445e+00,2.482688198662e-01,-5.768906629817e-01,-2.646421160569e-01,6.061469411274e-01,-1.799666910804e+00,-1.336827625272e+00,-1.802164235134e+00,-1.355000498281e+00
1.700807250997e+00,2.479025383514e-01,-5.776709130398e-01,-2.642573280152e-01,6.067493419995e-01,-1.800510098895e+00,-1.320998478191e+00,-1.803018935535e+00,-1.339113733669e+00
1.701441745548e+00,2.475357639021e-01,-5.784444495330e-01,-2.638721602219e-01,6.073439620168e-01,-1.801343240171e+00,-1.305158906706e+00,-1.803863552620e+00,-1.323216723504e+00
1.702076240100e+00,2.471685007649e-01,-5.792113138289e-01,-2.634866175968e-01,6.079308553012e-01,-1.802166328061e+00,-1.289309047067e+00,-1.804698079931e+00,-1.307309604644e+00
1.702710734652e+00,2.468007531601e-01,-5.799715468840e-01,-2.631007050253e-01,6.085100755503e-01,-1.802979356082e+00,-1.273449035129e+00,-1.805522511099e+00,-1.291392513531e+00
1.703345229203e+00,2.464325252825e-01,-5.807251892377e-01,-2.627144273590e-01,6.090816760316e-01,-1.803782317833e+00,-1.257579006358e+00,-1.806336839838e+00,-1.275465586192e+00
1.703979723755e+00,2.460638213011e-01,-5.814722810078e-01,-2.623277894160e-01,6.096457095770e-01,-1.804575207002e+00,-1.241699095836e+00,-1.807141059952e+00,-1.259528958245e+00
1.704614218307e+00,2.456946453596e-01,-5.822128618845e-01,-2.619407959807e-01,6.102022285771e-01,-1.805358017363e+00,-1.225809438262e+00,-1.807935165327e+00,-1.243582764902e+00
1.705248712858e+00,2.453250015767e-01,-5.829469711256e-01,-2.615534518046e-01,6.107512849756e-01,-1.806130742772e+00,-1.209910167957e+00,-1.808719149938e+00,-1.227627140973e+00
1.705883207410e+00,2.449548940463e-01,-5.836746475511e-01,-2.611657616064e-01,6.112929302640e-01,-1.806893377175e+00,-1.194001418868e+00,-1.809493007843e+00,-1.211662220872e+00
1.706517701962e+00,2.445843268377e-01,-5.843959295383e-01,-2.607777300721e-01,6.118272154763e-01,-1.807645914598e+00,-1.178083324573e+00,-1.810256733186e+00,-1.195688138620e+00
1.707152196513e+00,2.442133039963e-01,-5.851108550166e-01,-2.603893618558e-01,6.123541911832e-01,-1.808388349154e+00,-1.162156018281e+00,-1.811010320197e+00,-1.179705027847e+00
1.707786691065e+00,2.438418295432e-01,-5.858194614627e-01,-2.600006615792e-01,6.128739074875e-01,-1.809120675041e+00,-1.146219632843e+00,-1.811753763190e+00,-1.163713021802e+00
1.708421185616e+00,2.434699074762e-01,-5.865217858953e-01,-2.596116338328e-01,6.133864140186e-01,-1.809842886540e+00,-1.130274300747e+00,-1.812487056561e+00,-1.147712253351e+00
1.709055680168e+00,2.430975417694e-01,-5.872178648709e-01,-2.592222831754e-01,6.138917599273e-01,-1.810554978016e+00,-1.114320154130e+00,-1.813210194795e+00,-1.131702854987e+00
1.709690174720e+00,2.427247363743e-01,-5.879077344783e-01,-2.588326141351e-01,6.143899938809e-01,-1.811256943918e+00,-1.098357324778e+00,-1.813923172457e+00,-1.115684958830e+00
1.710324669271e+00,2.423514952192e-01,-5.885914303343e-01,-2.584426312090e-01,6.148811640585e-01,-1.811948778780e+00,-1.082385944131e+00,-1.814625984196e+00,-1.099658696634e+00
1.710959163823e+00,2.419778222104e-01,-5.892689875790e-01,-2.580523388639e-01,6.153653181456e-01,-1.812630477216e+00,-1.066406143287e+00,-1.815318624747e+00,-1.083624199790e+00
1.711593658375e+00,2.416037212316e-01,-5.899404408709e-01,-2.576617415366e-01,6.158425033295e-01,-1.813302033925e+00,-1.050418053006e+00,-1.816001088927e+00,-1.067581599334e+00
1.712228152926e+00,2.412291961449e-01,-5.906058243829e-01,-2.572708436339e-01,6.163127662948e-01,-1.813963443690e+00,-1.034421803716e+00,-1.816673371634e+00,-1.051531025944e+00
1.712862647478e+00,2.408542507910e-01,-5.912651717971e-01,-2.568796495333e-01,6.167761532183e-01,-1.814614701375e+00,-1.018417525513e+00,-1.817335467853e+00,-1.035472609953e+00
1.713497142030e+00,2.404788889892e-01,-5.919185163009e-01,-2.564881635832e-01,6.172327097648e-01,-1.815255801927e+00,-1.002405348170e+00,-1.817987372646e+00,-1.019406481349e+00
1.714131636581e+00,2.401031145379e-01,-5.925658905825e-01,-2.560963901031e-01,6.176824810821e-01,-1.815886740374e+00,-9.863854011380e-01,-1.818629081164e+00,-1.003332769781e+00
1.714766131133e+00,2.397269312149e-01,-5.932073268265e-01,-2.557043333839e-01,6.181255117969e-01,-1.816507511828e+00,-9.703578135530e-01,-1.819260588634e+00,-9.872516045614e-01
1.715400625684e+00,2.393503427779e-01,-5.938428567098e-01,-2.553119976886e-01,6.185618460102e-01,-1.817118111483e+00,-9.543227142377e-01,-1.819881890368e+00,-9.711631146742e-01
1.716035120236e+00,2.389733529646e-01,-5.944725113970e-01,-2.549193872522e-01,6.189915272931e-01,-1.817718534612e+00,-9.382802317073e-01,-1.820492981761e+00,-9.550674287772e-01
1.716669614788e+00,2.385959654929e-01,-5.950963215370e-01,-2.545265062824e-01,6.194145986824e-01,-1.818308776571e+00,-9.222304941738e-01,-1.821093858286e+00,-9.389646752075e-01
1.717304109339e+00,2.382181840617e-01,-5.957143172583e-01,-2.541333589596e-01,6.198311026765e-01,-1.818888832798e+00,-9.061736295502e-01,-1.821684515500e+00,-9.228549819862e-01
1.717938603891e+00,2.378400123509e-01,-5.963265281652e-01,-2.537399494374e-01,6.202410812310e-01,-1.819458698812e+00,-8.901097654548e-01,-1.822264949041e+00,-9.067384768231e-01
1.718573098443e+00,2.374614540215e-01,-5.969329833339e-01,-2.533462818431e-01,6.206445757552e-01,-1.820018370211e+00,-8.740390292161e-01,-1.822835154626e+00,-8.906152871215e-01
1.719207592994e+00,2.370825127166e-01,-5.975337113086e-01,-2.529523602778e-01,6.210416271074e-01,-1.820567842676e+00,-8.579615478770e-01,-1.823395128055e+00,-8.744855399829e-01
1.719842087546e+00,2.367031920611e-01,-5.981287400976e-01,-2.525581888169e-01,6.214322755915e-01,-1.821107111967e+00,-8.418774481995e-01,-1.823944865207e+00,-8.583493622122e-01
1.720476582098e+00,2.363234956624e-01,-5.987180971695e-01,-2.521637715104e-01,6.218165609529e-01,-1.821636173925e+00,-8.257868566689e-01,-1.824484362043e+00,-8.422068803218e-01
1.721111076649e+00,2.359434271106e-01,-5.993018094496e-01,-2.517691123831e-01,6.221945223747e-01,-1.822155024470e+00,-8.096898994989e-01,-1.825013614601e+00,-8.260582205374e-01
1.721745571201e+00,2.355629899790e-01,-5.998799033163e-01,-2.513742154354e-01,6.225661984740e-01,-1.822663659605e+00,-7.935867026356e-01,-1.825532619003e+00,-8.099035088021e-01
1.722380065752e+00,2.351821878243e-01,-6.004524045972e-01,-2.509790846431e-01,6.229316272984e-01,-1.823162075409e+00,-7.774773917628e-01,-1.826041371449e+00,-7.937428707818e-01
1.723014560304e+00,2.348010241868e-01,-6.010193385659e-01,-2.505837239583e-01,6.232908463221e-01,-1.823650268043e+00,-7.613620923059e-01,-1.826539868217e+00,-7.775764318698e-01
1.723649054856e+00,2.344195025911e-01,-6.015807299384e-01,-2.501881373093e-01,6.236438924424e-01,-1.824128233747e+00,-7.452409294372e-01,-1.827028105667e+00,-7.614043171921e-01
1.724283549407e+00,2.340376265465e-01,-6.021366028696e-01,-2.497923286013e-01,6.239908019765e-01,-1.824595968841e+00,-7.291140280800e-01,-1.827506080238e+00,-7.452266516120e-01
1.724918043959e+00,2.336553995466e-01,-6.026869809501e-01,-2.493963017165e-01,6.243316106579e-01,-1.825053469723e+00,-7.129815129140e-01,-1.827973788446e+00,-7.290435597352e-01
1.725552538511e+00,2.332728250709e-01,-6.032318872028e-01,-2.490000605148e-01,6.246663536331e-01,-1.825500732870e+00,-6.968435083793e-01,-1.828431226889e+00,-7.128551659149e-01
1.726187033062e+00,2.328899065838e-01,-6.037713440796e-01,-2.486036088339e-01,6.249950654582e-01,-1.825937754840e+00,-6.807001386817e-01,-1.828878392241e+00,-6.966615942567e-01
1.726821527614e+00,2.325066475362e-01,-6.043053734583e-01,-2.482069504898e-01,6.253177800959e-01,-1.826364532266e+00,-6.645515277971e-01,-1.829315281257e+00,-6.804629686238e-01
1.727456022166e+00,2.321230513650e-01,-6.048339966396e-01,-2.478100892769e-01,6.256345309124e-01,-1.826781061864e+00,-6.483977994765e-01,-1.829741890769e+00,-6.642594126418e-01
1.728090516717e+00,2.317391214937e-01,-6.053572343439e-01,-2.474130289690e-01,6.259453506738e-01,-1.827187340424e+00,-6.322390772508e-01,-1.830158217688e+00,-6.480510497038e-01
1.728725011269e+00,2.313548613331e-01,-6.058751067081e-01,-2.470157733191e-01,6.262502715439e-01,-1.827583364818e+00,-6.160754844354e-01,-1.830564259004e+00,-6.318380029759e-01
1.729359505820e+00,2.309702742813e-01,-6.063876332830e-01,-2.466183260599e-01,6.265493250804e-01,-1.827969131994e+00,-5.999071441354e-01,-1.830960011782e+00,-6.156203954015e-01
1.729994000372e+00,2.305853637241e-01,-6.068948330303e-01,-2.462206909045e-01,6.268425422328e-01,-1.828344638980e+00,-5.837341792500e-01,-1.831345473169e+00,-5.993983497071e-01
1.730628494924e+00,2.302001330354e-01,-6.073967243197e-01,-2.458228715463e-01,6.271299533391e-01,-1.828709882879e+00,-5.675567124780e-01,-1.831720640387e+00,-5.831719884073e-01
1.731262989475e+00,2.298145855780e-01,-6.078933249260e-01,-2.454248716599e-01,6.274115881229e-01,-1.829064860874e+00,-5.513748663219e-01,-1.832085510738e+00,-5.669414338096e-01
1.731897484027e+00,2.294287247032e-01,-6.083846520267e-01,-2.450266949010e-01,6.276874756912e-01,-1.829409570226e+00,-5.351887630937e-01,-1.832440081598e+00,-5.507068080199e-01
1.732531978579e+00,2.290425537517e-01,-6.088707221993e-01,-2.446283449072e-01,6.279576445314e-01,-1.829744008271e+00,-5.189985249189e-01,-1.832784350423e+00,-5.344682329473e-01
1.733166473130e+00,2.286560760541e-01,-6.093515514183e-01,-2.442298252982e-01,6.282221225091e-01,-1.830068172425e+00,-5.028042737423e-01,-1.833118314747e+00,-5.182258303098e-01
1.733800967682e+00,2.282692949307e-01,-6.098271550531e-01,-2.438311396761e-01,6.284809368649e-01,-1.830382060181e+00,-4.866061313324e-01,-1.833441972179e+00,-5.019797216390e-01
1.734435462234e+00,2.278822136925e-01,-6.102975478653e-01,-2.434322916260e-01,6.287341142126e-01,-1.830685669107e+00,-4.704042192864e-01,-1.833755320407e+00,-4.857300282854e-01
1.735069956785e+00,2.274948356413e-01,-6.107627440065e-01,-2.430332847164e-01,6.289816805369e-01,-1.830978996852e+00,-4.541986590357e-01,-1.834058357193e+00,-4.694768714238e-01
1.735704451337e+00,2.271071640700e-01,-6.112227570156e-01,-2.426341224993e-01,6.292236611902e-01,-1.831262041138e+00,-4.379895718502e-01,-1.834351080380e+00,-4.532203720584e-01
1.736338945889e+00,2.267192022632e-01,-6.116775998166e-01,-2.422348085110e-01,6.294600808915e-01,-1.831534799765e+00,-4.217770788438e-01,-1.834633487885e+00,-4.369606510281e-01
1.736973440440e+00,2.263309534975e-01,-6.121272847165e-01,-2.418353462722e-01,6.296909637232e-01,-1.831797270613e+00,-4.055613009793e-01,-1.834905577701e+00,-4.206978290113e-01
1.737607934992e+00,2.259424210417e-01,-6.125718234032e-01,-2.414357392887e-01,6.299163331298e-01,-1.832049451633e+00,-3.893423590732e-01,-1.835167347900e+00,-4.044320265319e-01
1.738242429543e+00,2.255536081577e-01,-6.130112269427e-01,-2.410359910514e-01,6.301362119150e-01,-1.832291340858e+00,-3.731203738014e-01,-1.835418796629e+00,-3.881633639639e-01
1.738876924095e+00,2.251645181004e-01,-6.134455057779e-01,-2.406361050371e-01,6.303506222406e-01,-1.832522936395e+00,-3.568954657034e-01,-1.835659922110e+00,-3.718919615371e-01
1.739511418647e+00,2.247751541181e-01,-6.138746697261e-01,-2.402360847086e-01,6.305595856238e-01,-1.832744236426e+00,-3.406677551882e-01,-1.835890722644e+00,-3.556179393421e-01
1.740145913198e+00,2.243855194535e-01,-6.142987279769e-01,-2.398359335153e-01,6.307631229355e-01,-1.832955239213e+00,-3.244373625388e-01,-1.836111196607e+00,-3.393414173357e-01
1.740780407750e+00,2.239956173432e-01,-6.147176890907e-01,-2.394356548938e-01,6.309612543989e-01,-1.833155943091e+00,-3.082044079175e-01,-1.836321342450e+00,-3.230625153461e-01
1.741414902302e+00,2.236054510190e-01,-6.151315609966e-01,-2.390352522677e-01,6.311539995870e-01,-1.833346346473e+00,-2.919690113713e-01,-1.836521158701e+00,-3.067813530783e-01
1.742049396853e+00,2.232150237075e-01,-6.155403509906e-01,-2.386347290486e-01,6.313413774218e-01,-1.833526447848e+00,-2.757312928366e-01,-1.836710643965e+00,-2.904980501194e-01
1.742683891405e+00,2.228243386310e-01,-6.159440657340e-01,-2.382340886363e-01,6.315234061716e-01,-1.833696245781e+00,-2.594913721444e-01,-1.836889796920e+00,-2.742127259438e-01
1.743318385957e+00,2.224333990080e-01,-6.163427112517e-01,-2.378333344191e-01,6.317001034505e-01,-1.833855738911e+00,-2.432493690257e-01,-1.837058616323e+00,-2.579254999186e-01
1.744079918508e+00,2.219638543337e-01,-6.168144877372e-01,-2.373521961472e-01,6.319051639399e-01,-1.834033557599e+00,-2.237528290096e-01,-1.837247590786e+00,-2.383749203885e-01
1.744841451060e+00,2.214939531608e-01,-6.172789776648e-01,-2.368709046194e-01,6.321025967374e-01,-1.834196528039e+00,-2.042536682042e-01,-1.837421675946e+00,-2.188219790063e-01
1.745602983612e+00,2.210237010355e-01,-6.177361878074e-01,-2.363894656344e-01,6.322924285490e-01,-1.834344648314e+00,-1.847520931023e-01,-1.837580870085e+00,-1.992668815987e-01
1.746364516164e+00,2.205531034997e-01,-6.181861235854e-01,-2.359078849707e-01,6.324746846931e-01,-1.834477916664e+00,-1.652483100559e-01,-1.837725171637e+00,-1.797098338334e-01
1.747126048716e+00,2.200821660914e-01,-6.186287890905e-01,-2.354261683886e-01,6.326493891218e-01,-1.834596331487e+00,-1.457425252586e-01,-1.837854579197e+00,-1.601510412092e-01
1.747887581268e+00,2.196108943461e-01,-6.190641870746e-01,-2.349443216301e-01,6.328165644106e-01,-1.834699891335e+00,-1.262349447689e-01,-1.837969091513e+00,-1.405907090770e-01
1.748649113819e+00,2.191392937978e-01,-6.194923189451e-01,-2.344623504211e-01,6.329762317549e-01,-1.834788594920e+00,-1.067257745232e-01,-1.838068707492e+00,-1.210290426534e-01
1.749410646371e+00,2.186673699798e-01,-6.199131847623e-01,-2.339802604713e-01,6.331284109668e-01,-1.834862441111e+00,-8.721522034914e-02,-1.838153426195e+00,-1.014662470344e-01
1.750172178923e+00,2.181951284259e-01,-6.203267832371e-01,-2.334980574764e-01,6.332731204735e-01,-1.834921428930e+00,-6.770348797898e-02,-1.838223246840e+00,-8.190252720818e-02
1.750933711475e+00,2.177225746715e-01,-6.207331117276e-01,-2.330157471181e-01,6.334103773145e-01,-1.834965557560e+00,-4.819078306210e-02,-1.838278168802e+00,-6.233808806915e-02
1.751695244027e+00,2.172497142544e-01,-6.211321662376e-01,-2.325333350661e-01,6.335401971400e-01,-1.834994826338e+00,-2.867731117839e-02,-1.838318191611e+00,-4.277313443076e-02
1.752456776579e+00,2.167765527160e-01,-6.215239414140e-01,-2.320508269784e-01,6.336625942086e-01,-1.835009234759e+00,-9.163277851169e-03,-1.838343314953e+00,-2.320787103905e-02
1.753218309130e+00,2.163030956024e-01,-6.219084305450e-01,-2.315682285028e-01,6.337775813862e-01,-1.835008782472e+00,1.035111143964e-02,-1.838353538669e+00,-3.642502585988e-03
1.753979841682e+00,2.158293484651e-01,-6.222856255581e-01,-2.310855452778e-01,6.338851701438e-01,-1.834993469285e+00,2.986565124448e-02,-1.838348862759e+00,1.592276627719e-02
1.754741374234e+00,2.153553168625e-01,-6.226555170184e-01,-2.306027829337e-01,6.339853705568e-01,-1.834963295161e+00,4.938013613099e-02,-1.838329287376e+00,3.548773092665e-02
1.755502906786e+00,2.148810063606e-01,-6.230180941274e-01,-2.301199470936e-01,6.340781913036e-01,-1.834918260222e+00,6.889436067094e-02,-1.838294812828e+00,5.505218675257e-02
1.756264439338e+00,2.144064225341e-01,-6.233733447216e-01,-2.296370433746e-01,6.341636396646e-01,-1.834858364742e+00,8.840811942707e-02,-1.838245439583e+00,7.461592914585e-02
1.757025971890e+00,2.139315709675e-01,-6.237212552712e-01,-2.291540773889e-01,6.342417215216e-01,-1.834783609156e+00,1.079212069400e-01,-1.838181168260e+00,9.417875348472e-02
1.757787504442e+00,2.134564572563e-01,-6.240618108793e-01,-2.286710547445e-01,6.343124413570e-01,-1.834693994052e+00,1.274334177149e-01,-1.838101999637e+00,1.137404551214e-01
1.758549036993e+00,2.129810870076e-01,-6.243949952813e-01,-2.281879810467e-01,6.343758022535e-01,-1.834589520176e+00,1.469445462086e-01,-1.838007934647e+00,1.333008293689e-01
1.759310569545e+00,2.125054658415e-01,-6.247207908438e-01,-2.277048618988e-01,6.344318058937e-01,-1.834470188432e+00,1.664543868165e-01,-1.837898974379e+00,1.528596714876e-01
1.760072102097e+00,2.120295993921e-01,-6.250391785648e-01,-2.272217029037e-01,6.344804525603e-01,-1.834335999877e+00,1.859627338589e-01,-1.837775120077e+00,1.724167766716e-01
1.760833634649e+00,2.115534933086e-01,-6.253501380729e-01,-2.267385096643e-01,6.345217411359e-01,-1.834186955728e+00,2.054693815683e-01,-1.837636373143e+00,1.919719400363e-01
1.761595167201e+00,2.110771532559e-01,-6.256536476278e-01,-2.262552877849e-01,6.345556691036e-01,-1.834023057357e+00,2.249741240764e-01,-1.837482735132e+00,2.115249566042e-01
1.762356699753e+00,2.106005849164e-01,-6.259496841198e-01,-2.257720428725e-01,6.345822325473e-01,-1.833844306294e+00,2.444767554002e-01,-1.837314207758e+00,2.310756212922e-01
1.763118232304e+00,2.101237939902e-01,-6.262382230706e-01,-2.252887805373e-01,6.346014261520e-01,-1.833650704225e+00,2.639770694297e-01,-1.837130792890e+00,2.506237288978e-01
1.763879764856e+00,2.096467861969e-01,-6.265192386336e-01,-2.248055063943e-01,6.346132432055e-01,-1.833442252993e+00,2.834748599141e-01,-1.836932492554e+00,2.701690740867e-01
1.764641297408e+00,2.091695672761e-01,-6.267927035945e-01,-2.243222260641e-01,6.346176755985e-01,-1.833218954598e+00,3.029699204491e-01,-1.836719308932e+00,2.897114513786e-01
1.765402829960e+00,2.086921429887e-01,-6.270585893721e-01,-2.238389451739e-01,6.346147138262e-01,-1.832980811197e+00,3.224620444636e-01,-1.836491244361e+00,3.092506551347e-01
1.766164362512e+00,2.082145191179e-01,-6.273168660196e-01,-2.233556693588e-01,6.346043469897e-01,-1.832727825107e+00,3.419510252063e-01,-1.836248301337e+00,3.287864795442e-01
1.766925895064e+00,2.077367014703e-01,-6.275675022254e-01,-2.228724042626e-01,6.345865627974e-01,-1.832459998799e+00,3.614366557331e-01,-1.835990482513e+00,3.483187186111e-01
1.767687427616e+00,2.072586958767e-01,-6.278104653147e-01,-2.223891555392e-01,6.345613475667e-01,-1.832177334904e+00,3.809187288935e-01,-1.835717790696e+00,3.678471661413e-01
1.768448960167e+00,2.067805081935e-01,-6.280457212512e-01,-2.219059288532e-01,6.345286862261e-01,-1.831879836210e+00,4.003970373178e-01,-1.835430228853e+00,3.873716157292e-01
1.769210492719e+00,2.063021443033e-01,-6.282732346386e-01,-2.214227298814e-01,6.344885623171e-01,-1.831567505662e+00,4.198713734039e-01,-1.835127800107e+00,4.068918607447e-01
1.769972025271e+00,2.058236101163e-01,-6.284929687226e-01,-2.209395643135e-01,6.344409579962e-01,-1.831240346364e+00,4.393415293042e-01,-1.834810507738e+00,4.264076943202e-01
1.770733557823e+00,2.053449115713e-01,-6.287048853931e-01,-2.204564378535e-01,6.343858540381e-01,-1.830898361581e+00,4.588072969126e-01,-1.834478355186e+00,4.459189093375e-01
1.771495090375e+00,2.048660546365e-01,-6.289089451864e-01,-2.199733562204e-01,6.343232298375e-01,-1.830541554731e+00,4.782684678513e-01,-1.834131346046e+00,4.654252984145e-01
1.772256622927e+00,2.043870453107e-01,-6.291051072879e-01,-2.194903251495e-01,6.342530634123e-01,-1.830169929397e+00,4.977248334581e-01,-1.833769484072e+00,4.849266538929e-01
1.773018155478e+00,2.039078896242e-01,-6.292933295343e-01,-2.190073503934e-01,6.341753314066e-01,-1.829783489316e+00,5.171761847730e-01,-1.833392773177e+00,5.044227678244e-01
1.773779688030e+00,2.034285936403e-01,-6.294735684171e-01,-2.185244377228e-01,6.340900090938e-01,-1.829382238386e+00,5.366223125254e-01,-1.833001217432e+00,5.239134319583e-01
1.774541220582e+00,2.029491634554e-01,-6.296457790853e-01,-2.180415929280e-01,6.339970703797e-01,-1.828966180666e+00,5.560630071213e-01,-1.832594821066e+00,5.433984377287e-01
1.775302753134e+00,2.024696052009e-01,-6.298099153485e-01,-2.175588218196e-01,6.338964878066e-01,-1.828535320373e+00,5.754980586300e-01,-1.832173588468e+00,5.628775762410e-01
1.776064285686e+00,2.019899250439e-01,-6.299659296808e-01,-2.170761302295e-01,6.337882325565e-01,-1.828089661885e+00,5.949272567713e-01,-1.831737524186e+00,5.823506382598e-01
1.776825818238e+00,2.015101291881e-01,-6.301137732239e-01,-2.165935240124e-01,6.336722744550e-01,-1.827629209738e+00,6.143503909029e-01,-1.831286632927e+00,6.018174141957e-01
1.777587350790e+00,2.010302238748e-01,-6.302533957913e-01,-2.161110090461e-01,6.335485819758e-01,-1.827153968632e+00,6.337672500070e-01,-1.830820919557e+00,6.212776940926e-01
1.778348883341e+00,2.005502153843e-01,-6.303847458722e-01,-2.156285912332e-01,6.334171222445e-01,-1.826663943426e+00,6.531776226779e-01,-1.830340389105e+00,6.407312676150e-01
1.779110415893e+00,2.000701100365e-01,-6.305077706356e-01,-2.151462765017e-01,6.332778610434e-01,-1.826159139139e+00,6.725812971090e-01,-1.829845046756e+00,6.601779240354e-01
1.779871948445e+00,1.995899141919e-01,-6.306224159350e-01,-2.146640708062e-01,6.331307628159e-01,-1.825639560954e+00,6.919780610802e-01,-1.829334897861e+00,6.796174522217e-01
1.780633480997e+00,1.991096342529e-01,-6.307286263124e-01,-2.141819801289e-01,6.329757906713e-01,-1.825105214214e+00,7.113677019446e-01,-1.828809947926e+00,6.990496406243e-01
1.781395013549e+00,1.986292766646e-01,-6.308263450039e-01,-2.137000104806e-01,6.328129063901e-01,-1.824556104425e+00,7.307500066166e-01,-1.828270202623e+00,7.184742772641e-01
1.782156546101e+00,1.981488479158e-01,-6.309155139440e-01,-2.132181679017e-01,6.326420704289e-01,-1.823992237254e+00,7.501247615587e-01,-1.827715667783e+00,7.378911497196e-01
1.782918078652e+00,1.976683545400e-01,-6.309960737712e-01,-2.127364584633e-01,6.324632419259e-01,-1.823413618533e+00,7.694917527689e-01,-1.827146349400e+00,7.573000451143e-01
1.783679611204e+00,1.971878031164e-01,-6.310679638331e-01,-2.122548882680e-01,6.322763787063e-01,-1.822820254256e+00,7.888507657682e-01,-1.826562253629e+00,7.767007501049e-01
1.784441143756e+00,1.967072002710e-01,-6.311311221924e-01,-2.117734634509e-01,6.320814372884e-01,-1.822212150579e+00,8.082015855880e-01,-1.825963386791e+00,7.960930508686e-01
1.785202676308e+00,1.962265526772e-01,-6.311854856321e-01,-2.112921901811e-01,6.318783728892e-01,-1.821589313826e+00,8.275439967576e-01,-1.825349755366e+00,8.154767330905e-01
1.785964208860e+00,1.957458670572e-01,-6.312309896620e-01,-2.108110746619e-01,6.316671394309e-01,-1.820951750480e+00,8.468777832918e-01,-1.824721365999e+00,8.348515819520e-01
1.786725741412e+00,1.952651501829e-01,-6.312675685247e-01,-2.103301231324e-01,6.314476895467e-01,-1.820299467193e+00,8.662027286782e-01,-1.824078225500e+00,8.542173821181e-01
1.787487273964e+00,1.947844088764e-01,-6.312951552021e-01,-2.098493418682e-01,6.312199745879e-01,-1.819632470780e+00,8.855186158651e-01,-1.823420340841e+00,8.735739177256e-01
1.788248806515e+00,1.943036500118e-01,-6.313136814216e-01,-2.093687371824e-01,6.309839446303e-01,-1.818950768223e+00,9.048252272489e-01,-1.822747719161e+00,8.929209723709e-01
1.789010339067e+00,1.938228805152e-01,-6.313230776636e-01,-2.088883154267e-01,6.307395484808e-01,-1.818254366667e+00,9.241223446623e-01,-1.822060367761e+00,9.122583290978e-01
1.789771871619e+00,1.933421073663e-01,-6.313232731678e-01,-2.084080829922e-01,6.304867336855e-01,-1.817543273426e+00,9.434097493613e-01,-1.821358294110e+00,9.315857703858e-01
1.790533404171e+00,1.928613375994e-01,-6.313141959411e-01,-2.079280463103e-01,6.302254465357e-01,-1.816817495981e+00,9.626872220137e-01,-1.820641505841e+00,9.509030781384e-01
1.791294936723e+00,1.923805783037e-01,-6.312957727644e-01,-2.074482118540e-01,6.299556320763e-01,-1.816077041978e+00,9.819545426866e-01,-1.819910010756e+00,9.702100336705e-01
1.792056469275e+00,1.918998366247e-01,-6.312679292007e-01,-2.069685861385e-01,6.296772341134e-01,-1.815321919233e+00,1.001211490834e+00,-1.819163816821e+00,9.895064176977e-01
1.792818001826e+00,1.914191197654e-01,-6.312305896028e-01,-2.064891757223e-01,6.293901952216e-01,-1.814552135729e+00,1.020457845287e+00,-1.818402932170e+00,1.008792010324e+00
1.793579534378e+00,1.909384349864e-01,-6.311836771213e-01,-2.060099872081e-01,6.290944567526e-01,-1.813767699617e+00,1.039693384237e+00,-1.817627365106e+00,1.028066591029e+00
1.794341066930e+00,1.904577896075e-01,-6.311271137130e-01,-2.055310272436e-01,6.287899588434e-01,-1.812968619220e+00,1.058917885230e+00,-1.816837124098e+00,1.047329938660e+00
1.795102599482e+00,1.899771910084e-01,-6.310608201493e-01,-2.050523025228e-01,6.284766404247e-01,-1.812154903026e+00,1.078131125148e+00,-1.816032217786e+00,1.066581831416e+00
1.795864132034e+00,1.894966466295e-01,-6.309847160250e-01,-2.045738197863e-01,6.281544392294e-01,-1.811326559699e+00,1.097332880205e+00,-1.815212654977e+00,1.085822046839e+00
1.796625664586e+00,1.890161639731e-01,-6.308987197671e-01,-2.040955858231e-01,6.278232918018e-01,-1.810483598068e+00,1.116522925928e+00,-1.814378444649e+00,1.105050361803e+00
1.797387197137e+00,1.885357506036e-01,-6.308027486440e-01,-2.036176074704e-01,6.274831335064e-01,-1.809626027137e+00,1.135701037150e+00,-1.813529595950e+00,1.124266552501e+00
1.798148729689e+00,1.880554141493e-01,-6.306967187750e-01,-2.031398916154e-01,6.271338985373e-01,-1.808753856080e+00,1.154866987995e+00,-1.812666118198e+00,1.143470394433e+00
1.798910262241e+00,1.875751623026e-01,-6.305805451397e-01,-2.026624451957e-01,6.267755199277e-01,-1.807867094245e+00,1.174020551872e+00,-1.811788020883e+00,1.162661662400e+00
1.799671794793e+00,1.870950028212e-01,-6.304541415878e-01,-2.021852752006e-01,6.264079295594e-01,-1.806965751150e+00,1.193161501456e+00,-1.810895313666e+00,1.181840130487e+00
1.800433327345e+00,1.866149435285e-01,-6.303174208494e-01,-2.017083886715e-01,6.260310581729e-01,-1.806049836489e+00,1.212289608683e+00,-1.809988006382e+00,1.201005572055e+00
1.801194859897e+00,1.861349923153e-01,-6.301702945447e-01,-2.012317927028e-01,6.256448353772e-01,-1.805119360128e+00,1.231404644736e+00,-1.809066109037e+00,1.220157759730e+00
1.801956392449e+00,1.856551571397e-01,-6.300126731950e-01,-2.007554944433e-01,6.252491896605e-01,-1.804174332110e+00,1.250506380033e+00,-1.808129631810e+00,1.239296465392e+00
1.802717925000e+00,1.851754460285e-01,-6.298444662331e-01,-2.002795010965e-01,6.248440484002e-01,-1.803214762651e+00,1.269594584218e+00,-1.807178585058e+00,1.258421460165e+00
1.803479457552e+00,1.846958670780e-01,-6.296655820145e-01,-1.998038199216e-01,6.244293378740e-01,-1.802240662143e+00,1.288669026150e+00,-1.806212979307e+00,1.277532514405e+00
1.804240990104e+00,1.842164284544e-01,-6.294759278280e-01,-1.993284582344e-01,6.240049832707e-01,-1.801252041156e+00,1.307729473888e+00,-1.805232825262e+00,1.296629397689e+00
1.805002522656e+00,1.837371383952e-01,-6.292754099078e-01,-1.988534234081e-01,6.235709087010e-01,-1.800248910434e+00,1.326775694687e+00,-1.804238133803e+00,1.315711878807e+00
1.805764055208e+00,1.832580052096e-01,-6.290639334443e-01,-1.983787228740e-01,6.231270372092e-01,-1.799231280901e+00,1.345807454981e+00,-1.803228915985e+00,1.334779725752e+00
1.806525587760e+00,1.827790372793e-01,-6.288414025968e-01,-1.979043641226e-01,6.226732907847e-01,-1.798199163658e+00,1.364824520374e+00,-1.802205183042e+00,1.353832705706e+00
1.807287120311e+00,1.823002430596e-01,-6.286077205047e-01,-1.974303547040e-01,6.222095903735e-01,-1.797152569986e+00,1.383826655633e+00,-1.801166946385e+00,1.372870585033e+00
1.808048652863e+00,1.818216310796e-01,-6.283627893003e-01,-1.969567022290e-01,6.217358558903e-01,-1.796091511344e+00,1.402813624672e+00,-1.800114217601e+00,1.391893129268e+00
1.808810185415e+00,1.813432099437e-01,-6.281065101213e-01,-1.964834143697e-01,6.212520062307e-01,-1.795015999372e+00,1.421785190545e+00,-1.799047008460e+00,1.410900103109e+00
1.809571717967e+00,1.808649883316e-01,-6.278387831234e-01,-1.960104988604e-01,6.207579592834e-01,-1.793926045891e+00,1.440741115437e+00,-1.797965330908e+00,1.429891270403e+00
1.810333250519e+00,1.803869749997e-01,-6.275595074933e-01,-1.955379634985e-01,6.202536319429e-01,-1.792821662902e+00,1.459681160647e+00,-1.796869197073e+00,1.448866394140e+00
1.811094783071e+00,1.799091787813e-01,-6.272685814620e-01,-1.950658161446e-01,6.197389401224e-01,-1.791702862590e+00,1.478605086588e+00,-1.795758619263e+00,1.467825236443e+00
1.811856315623e+00,1.794316085878e-01,-6.269659023182e-01,-1.945940647242e-01,6.192137987664e-01,-1.790569657322e+00,1.497512652769e+00,-1.794633609967e+00,1.486767558556e+00
1.812617848174e+00,1.789542734089e-01,-6.266513664219e-01,-1.941227172276e-01,6.186781218645e-01,-1.789422059648e+00,1.516403617786e+00,-1.793494181858e+00,1.505693120840e+00
1.813379380726e+00,1.784771823139e-01,-6.263248692186e-01,-1.936517817111e-01,6.181318224642e-01,-1.788260082302e+00,1.535277739318e+00,-1.792340347791e+00,1.524601682755e+00
1.814140913278e+00,1.780003444517e-01,-6.259863052532e-01,-1.931812662975e-01,6.175748126851e-01,-1.787083738205e+00,1.554134774110e+00,-1.791172120804e+00,1.543493002860e+00
1.814902445830e+00,1.775237690521e-01,-6.256355681843e-01,-1.927111791769e-01,6.170070037324e-01,-1.785893040460e+00,1.572974477969e+00,-1.789989514118e+00,1.562366838799e+00
1.815663978382e+00,1.770474654261e-01,-6.252725507994e-01,-1.922415286075e-01,6.164283059113e-01,-1.784688002361e+00,1.591796605751e+00,-1.788792541142e+00,1.581222947293e+00
1.816425510934e+00,1.765714429667e-01,-6.248971450291e-01,-1.917723229159e-01,6.158386286408e-01,-1.783468637384e+00,1.610600911353e+00,-1.787581215469e+00,1.600061084133e+00
1.817187043485e+00,1.760957111496e-01,-6.245092419627e-01,-1.913035704981e-01,6.152378804686e-01,-1.782234959197e+00,1.629387147704e+00,-1.786355550878e+00,1.618881004166e+00
1.817948576037e+00,1.756202795337e-01,-6.241087318631e-01,-1.908352798202e-01,6.146259690858e-01,-1.780986981654e+00,1.648155066758e+00,-1.785115561335e+00,1.637682461295e+00
1.818710108589e+00,1.751451577617e-01,-6.236955041831e-01,-1.903674594188e-01,6.140028013417e-01,-1.779724718799e+00,1.666904419478e+00,-1.783861260994e+00,1.656465208464e+00
1.819471641141e+00,1.746703555608e-01,-6.232694475805e-01,-1.899001179018e-01,6.133682832591e-01,-1.778448184866e+00,1.685634955837e+00,-1.782592664199e+00,1.675228997650e+00
1.820233173693e+00,1.741958827434e-01,-6.228304499346e-01,-1.894332639488e-01,6.127223200494e-01,-1.777157394280e+00,1.704346424802e+00,-1.781309785480e+00,1.693973579859e+00
1.820994706245e+00,1.737217492074e-01,-6.223783983624e-01,-1.889669063122e-01,6.120648161286e-01,-1.775852361658e+00,1.723038574327e+00,-1.780012639561e+00,1.712698705114e+00
1.821756238797e+00,1.732479649373e-01,-6.219131792351e-01,-1.885010538172e-01,6.113956751328e-01,-1.774533101808e+00,1.741711151347e+00,-1.778701241354e+00,1.731404122451e+00
1.822364821605e+00,1.728695953011e-01,-6.215318568324e-01,-1.881291342039e-01,6.108524988821e-01,-1.773468589951e+00,1.756619206035e+00,-1.777642994220e+00,1.746338325691e+00
1.822973404414e+00,1.724914603302e-01,-6.211419932979e-01,-1.877575474539e-01,6.103017787199e-01,-1.772395009200e+00,1.771514468341e+00,-1.776575662306e+00,1.761259652532e+00
1.823581987222e+00,1.721135652405e-01,-6.207435296035e-01,-1.873862981736e-01,6.097434643878e-01,-1.771312367382e+00,1.786396807712e+00,-1.775499253486e+00,1.776167973534e+00
1.824190570031e+00,1.717359152839e-01,-6.203364065225e-01,-1.870153910000e-01,6.091775054022e-01,-1.770220672400e+00,1.801266093112e+00,-1.774413775715e+00,1.791063158795e+00
1.824799152839e+00,1.713585157485e-01,-6.199205645207e-01,-1.866448306010e-01,6.086038509616e-01,-1.769119932238e+00,1.816122193100e+00,-1.773319237028e+00,1.805945078017e+00
1.825407735648e+00,1.709813719587e-01,-6.194959437997e-01,-1.862746216753e-01,6.080224499843e-01,-1.768010154962e+00,1.830964975796e+00,-1.772215645536e+00,1.820813600479e+00
1.826016318457e+00,1.706044892753e-01,-6.190624842997e-01,-1.859047689532e-01,6.074332511109e-01,-1.766891348716e+00,1.845794308887e+00,-1.771103009434e+00,1.835668595042e+00
1.826624901265e+00,1.702278730958e-01,-6.186201257052e-01,-1.855352771959e-01,6.068362027103e-01,-1.765763521726e+00,1.860610059621e+00,-1.769981336994e+00,1.850509930140e+00
1.827233484074e+00,1.698515288545e-01,-6.181688074513e-01,-1.851661511964e-01,6.062312528853e-01,-1.764626682298e+00,1.875412094806e+00,-1.768850636570e+00,1.865337473782e+00
1.827842066882e+00,1.694754620227e-01,-6.177084687292e-01,-1.847973957791e-01,6.056183494780e-01,-1.763480838820e+00,1.890200280807e+00,-1.767710916594e+00,1.880151093551e+00
1.828450649691e+00,1.690996781084e-01,-6.172390484931e-01,-1.844290158004e-01,6.049974400762e-01,-1.762325999762e+00,1.904974483543e+00,-1.766562185581e+00,1.894950656598e+00
1.829059232499e+00,1.687241826573e-01,-6.167604854659e-01,-1.840610161487e-01,6.043684720188e-01,-1.761162173673e+00,1.919734568487e+00,-1.765404452126e+00,1.909736029643e+00
1.829667815308e+00,1.683489812523e-01,-6.162727181453e-01,-1.836934017445e-01,6.037313924019e-01,-1.759989369188e+00,1.934480400662e+00,-1.764237724907e+00,1.924507078971e+00
1.830276398117e+00,1.679740795136e-01,-6.157756848109e-01,-1.833261775404e-01,6.030861480848e-01,-1.758807595021e+00,1.949211844638e+00,-1.763062012679e+00,1.939263670432e+00
1.830884980925e+00,1.675994830993e-01,-6.152693235298e-01,-1.829593485216e-01,6.024326856962e-01,-1.757616859970e+00,1.963928764535e+00,-1.761877324285e+00,1.954005669438e+00
1.831493563734e+00,1.672251977050e-01,-6.147535721634e-01,-1.825929197057e-01,6.017709516399e-01,-1.756417172915e+00,1.978631024012e+00,-1.760683668644e+00,1.968732940959e+00
1.832102146542e+00,1.668512290645e-01,-6.142283683741e-01,-1.822268961432e-01,6.011008921014e-01,-1.755208542821e+00,1.993318486275e+00,-1.759481054762e+00,1.983445349527e+00
1.832710729351e+00,1.664775829493e-01,-6.136936496313e-01,-1.818612829172e-01,6.004224530538e-01,-1.753990978734e+00,2.007991014066e+00,-1.758269491725e+00,1.998142759227e+00
1.833319312159e+00,1.661042651691e-01,-6.131493532189e-01,-1.814960851439e-01,5.997355802641e-01,-1.752764489785e+00,2.022648469667e+00,-1.757048988703e+00,2.012825033702e+00
1.833927894968e+00,1.657312815719e-01,-6.125954162411e-01,-1.811313079724e-01,5.990402192999e-01,-1.751529085190e+00,2.037290714897e+00,-1.755819554948e+00,2.027492036145e+00
1.834536477777e+00,1.653586380440e-01,-6.120317756300e-01,-1.807669565852e-01,5.983363155353e-01,-1.750284774246e+00,2.051917611108e+00,-1.754581199797e+00,2.042143629303e+00
1.835145060585e+00,1.649863405100e-01,-6.114583681518e-01,-1.804030361978e-01,5.976238141576e-01,-1.749031566337e+00,2.066529019186e+00,-1.753333932668e+00,2.056779675472e+00
1.835753643394e+00,1.646143949332e-01,-6.108751304141e-01,-1.800395520595e-01,5.969026601736e-01,-1.747769470932e+00,2.081124799546e+00,-1.752077763066e+00,2.071400036495e+00
1.836362226202e+00,1.642428073155e-01,-6.102819988726e-01,-1.796765094528e-01,5.961727984165e-01,-1.746498497584e+00,2.095704812134e+00,-1.750812700579e+00,2.086004573763e+00
1.836970809011e+00,1.638715836974e-01,-6.096789098385e-01,-1.793139136939e-01,5.954341735522e-01,-1.745218655932e+00,2.110268916423e+00,-1.749538754879e+00,2.100593148214e+00
1.837579391819e+00,1.635007301584e-01,-6.090657994851e-01,-1.789517701329e-01,5.946867300860e-01,-1.743929955700e+00,2.124816971412e+00,-1.748255935724e+00,2.115165620326e+00
1.838187974628e+00,1.631302528166e-01,-6.084426038552e-01,-1.785900841535e-01,5.939304123696e-01,-1.742632406698e+00,2.139348835624e+00,-1.746964252954e+00,2.129721850123e+00
1.838796557437e+00,1.627601578293e-01,-6.078092588686e-01,-1.782288611733e-01,5.931651646075e-01,-1.741326018824e+00,2.153864367105e+00,-1.745663716499e+00,2.144261697168e+00
1.839405140245e+00,1.623904513928e-01,-6.071657003289e-01,-1.778681066442e-01,5.923909308641e-01,-1.740010802060e+00,2.168363423422e+00,-1.744354336370e+00,2.158785020566e+00
1.840013723054e+00,1.620211397424e-01,-6.065118639309e-01,-1.775078260518e-01,5.916076550703e-01,-1.738686766476e+00,2.182845861664e+00,-1.743036122668e+00,2.173291678960e+00
1.840622305862e+00,1.616522291527e-01,-6.058476852685e-01,-1.771480249161e-01,5.908152810308e-01,-1.737353922230e+00,2.197311538436e+00,-1.741709085577e+00,2.187781530530e+00
1.841230888671e+00,1.612837259374e-01,-6.051730998415e-01,-1.767887087913e-01,5.900137524310e-01,-1.736012279566e+00,2.211760309863e+00,-1.740373235369e+00,2.202254432993e+00
1.841839471479e+00,1.609156364495e-01,-6.044880430636e-01,-1.764298832658e-01,5.892030128437e-01,-1.734661848815e+00,2.226192031584e+00,-1.739028582402e+00,2.216710243602e+00
1.842448054288e+00,1.605479670814e-01,-6.037924502698e-01,-1.760715539626e-01,5.883830057368e-01,-1.733302640400e+00,2.240606558755e+00,-1.737675137121e+00,2.231148819144e+00
1.843056637097e+00,1.601807242648e-01,-6.030862567240e-01,-1.757137265388e-01,5.875536744800e-01,-1.731934664827e+00,2.255003746045e+00,-1.736312910060e+00,2.245570015939e+00
1.843665219905e+00,1.598139144710e-01,-6.023693976269e-01,-1.753564066863e-01,5.867149623520e-01,-1.730557932694e+00,2.269383447636e+00,-1.734941911839e+00,2.259973689842e+00
1.844273802714e+00,1.594475442104e-01,-6.016418081235e-01,-1.749996001314e-01,5.858668125483e-01,-1.729172454688e+00,2.283745517221e+00,-1.733562153166e+00,2.274359696236e+00
1.844882385522e+00,1.590816200332e-01,-6.009034233111e-01,-1.746433126349e-01,5.850091681877e-01,-1.727778241582e+00,2.298089808006e+00,-1.732173644836e+00,2.288727890040e+00
1.845490968331e+00,1.587161485290e-01,-6.001541782474e-01,-1.742875499926e-01,5.841419723206e-01,-1.726375304243e+00,2.312416172706e+00,-1.730776397735e+00,2.303078125699e+00
1.846099551139e+00,1.583511363269e-01,-5.993940079579e-01,-1.739323180345e-01,5.832651679356e-01,-1.724963653624e+00,2.326724463544e+00,-1.729370422837e+00,2.317410257191e+00
1.846708133948e+00,1.579865900956e-01,-5.986228474444e-01,-1.735776226256e-01,5.823786979674e-01,-1.723543300770e+00,2.341014532252e+00,-1.727955731203e+00,2.331724138021e+00
1.847316716757e+00,1.576225165434e-01,-5.978406316929e-01,-1.732234696657e-01,5.814825053044e-01,-1.722114256816e+00,2.355286230073e+00,-1.726532333986e+00,2.346019621224e+00
1.847925299565e+00,1.572589224180e-01,-5.970472956818e-01,-1.728698650891e-01,5.805765327960e-01,-1.720676532988e+00,2.369539407752e+00,-1.725100242426e+00,2.360296559361e+00
1.848533882374e+00,1.568958145069e-01,-5.962427743897e-01,-1.725168148652e-01,5.796607232604e-01,-1.719230140602e+00,2.383773915544e+00,-1.723659467855e+00,2.374554804524e+00
1.849142465182e+00,1.565331996369e-01,-5.954270028042e-01,-1.721643249979e-01,5.787350194924e-01,-1.717775091066e+00,2.397989603209e+00,-1.722210021695e+00,2.388794208330e+00
1.849751047991e+00,1.561710846747e-01,-5.945999159300e-01,-1.718124015262e-01,5.777993642709e-01,-1.716311395879e+00,2.412186320012e+00,-1.720751915457e+00,2.403014621924e+00
1.850359630799e+00,1.558094765262e-01,-5.937614487970e-01,-1.714610505237e-01,5.768537003668e-01,-1.714839066634e+00,2.426363914725e+00,-1.719285160744e+00,2.417215895977e+00
1.850968213608e+00,1.554483821371e-01,-5.929115364692e-01,-1.711102780989e-01,5.758979705507e-01,-1.713358115012e+00,2.440522235622e+00,-1.717809769249e+00,2.431397880688e+00
1.851576796417e+00,1.550878084924e-01,-5.920501140525e-01,-1.707600903953e-01,5.749321176012e-01,-1.711868552792e+00,2.454661130485e+00,-1.716325752757e+00,2.445560425781e+00
1.852185379225e+00,1.547277626168e-01,-5.911771167039e-01,-1.704104935910e-01,5.739560843124e-01,-1.710370391840e+00,2.468780446597e+00,-1.714833123145e+00,2.459703380507e+00
1.852793962034e+00,1.543682515742e-01,-5.902924796398e-01,-1.700614938989e-01,5.729698135020e-01,-1.708863644120e+00,2.482880030747e+00,-1.713331892381e+00,2.473826593645e+00
1.853402544842e+00,1.540092824681e-01,-5.893961381446e-01,-1.697130975669e-01,5.719732480195e-01,-1.707348321686e+00,2.496959729229e+00,-1.711822072526e+00,2.487929913498e+00
1.854011127651e+00,1.536508624412e-01,-5.884880275793e-01,-1.693653108775e-01,5.709663307541e-01,-1.705824436688e+00,2.511019387840e+00,-1.710303675732e+00,2.502013187898e+00
1.854619710459e+00,1.532929986757e-01,-5.875680833904e-01,-1.690181401479e-01,5.699490046427e-01,-1.704292001369e+00,2.525058851880e+00,-1.708776714246e+00,2.516076264202e+00
1.855228293268e+00,1.529356983929e-01,-5.866362411190e-01,-1.686715917302e-01,5.689212126786e-01,-1.702751028065e+00,2.539077966156e+00,-1.707241200406e+00,2.530118989296e+00
1.855836876077e+00,1.525789688533e-01,-5.856924364088e-01,-1.683256720110e-01,5.678828979192e-01,-1.701201529208e+00,2.553076574979e+00,-1.705697146645e+00,2.544141209592e+00
1.856445458885e+00,1.522228173567e-01,-5.847366050158e-01,-1.679803874116e-01,5.668340034945e-01,-1.699643517327e+00,2.567054522163e+00,-1.704144565487e+00,2.558142771031e+00
1.857054041694e+00,1.518672512417e-01,-5.837686828171e-01,-1.676357443879e-01,5.657744726154e-01,-1.698077005042e+00,2.581011651030e+00,-1.702583469553e+00,2.572123519083e+00
1.857662624502e+00,1.515122778862e-01,-5.827886058195e-01,-1.672917494303e-01,5.647042485819e-01,-1.696502005070e+00,2.594947804406e+00,-1.701013871557e+00,2.586083298744e+00
1.858271207311e+00,1.511579047067e-01,-5.817963101690e-01,-1.669484090637e-01,5.636232747917e-01,-1.694918530226e+00,2.608862824622e+00,-1.699435784307e+00,2.600021954544e+00
1.858879790119e+00,1.508041391587e-01,-5.807917321598e-01,-1.666057298474e-01,5.625314947487e-01,-1.693326593419e+00,2.622756553519e+00,-1.697849220705e+00,2.613939330538e+00
1.859488372928e+00,1.504509887363e-01,-5.797748082432e-01,-1.662637183751e-01,5.614288520713e-01,-1.691726207654e+00,2.636628832442e+00,-1.696254193751e+00,2.627835270317e+00
1.860096955737e+00,1.500984609724e-01,-5.787454750372e-01,-1.659223812747e-01,5.603152905009e-01,-1.690117386035e+00,2.650479502247e+00,-1.694650716537e+00,2.641709617001e+00
1.860705538545e+00,1.497465634383e-01,-5.777036693354e-01,-1.655817252084e-01,5.591907539107e-01,-1.688500141759e+00,2.664308403296e+00,-1.693038802253e+00,2.655562213244e+00
1.861314121354e+00,1.493953037437e-01,-5.766493281167e-01,-1.652417568723e-01,5.580551863142e-01,-1.686874488125e+00,2.678115375464e+00,-1.691418464184e+00,2.669392901232e+00
1.861922704162e+00,1.490446895365e-01,-5.755823885541e-01,-1.649024829968e-01,5.569085318739e-01,-1.685240438527e+00,2.691900258133e+00,-1.689789715710e+00,2.683201522686e+00
1.862531286971e+00,1.486947285031e-01,-5.745027880245e-01,-1.645639103460e-01,5.557507349098e-01,-1.683598006457e+00,2.705662890201e+00,-1.688152570309e+00,2.696987918865e+00
1.863139869779e+00,1.483454283676e-01,-5.734104641183e-01,-1.642260457180e-01,5.545817399085e-01,-1.681947205506e+00,2.719403110074e+00,-1.686507041557e+00,2.710751930563e+00
1.863748452588e+00,1.479967968922e-01,-5.723053546481e-01,-1.638888959446e-01,5.534014915315e-01,-1.680288049362e+00,2.733120755675e+00,-1.684853143123e+00,2.724493398113e+00
1.864357035397e+00,1.476488418768e-01,-5.711873976592e-01,-1.635524678911e-01,5.522099346247e-01,-1.678620551813e+00,2.746815664442e+00,-1.683190888777e+00,2.738212161386e+00
1.864965618205e+00,1.473015711590e-01,-5.700565314385e-01,-1.632167684565e-01,5.510070142264e-01,-1.676944726746e+00,2.760487673329e+00,-1.681520292385e+00,2.751908059797e+00
1.865574201014e+00,1.469549926138e-01,-5.689126945244e-01,-1.628818045731e-01,5.497926755770e-01,-1.675260588148e+00,2.774136618808e+00,-1.679841367912e+00,2.765580932299e+00
1.866182783822e+00,1.466091141536e-01,-5.677558257162e-01,-1.625475832063e-01,5.485668641273e-01,-1.673568150105e+00,2.787762336870e+00,-1.678154129419e+00,2.779230617394e+00
1.866791366631e+00,1.462639437278e-01,-5.665858640842e-01,-1.622141113549e-01,5.473295255478e-01,-1.671867426801e+00,2.801364663028e+00,-1.676458591067e+00,2.792856953125e+00
1.867399949439e+00,1.459194893231e-01,-5.654027489790e-01,-1.618813960506e-01,5.460806057377e-01,-1.670158432524e+00,2.814943432317e+00,-1.674754767116e+00,2.806459777086e+00
1.868008532248e+00,1.455757589628e-01,-5.642064200415e-01,-1.615494443579e-01,5.448200508337e-01,-1.668441181660e+00,2.828498479296e+00,-1.673042671925e+00,2.820038926418e+00
1.868617115057e+00,1.452327607068e-01,-5.629968172128e-01,-1.612182633740e-01,5.435478072192e-01,-1.666715688696e+00,2.842029638052e+00,-1.671322319950e+00,2.833594237813e+00
1.869225697865e+00,1.448905026516e-01,-5.617738807438e-01,-1.608878602287e-01,5.422638215337e-01,-1.664981968221e+00,2.855536742197e+00,-1.669593725749e+00,2.847125547516e+00
1.869834280674e+00,1.445489929300e-01,-5.605375512052e-01,-1.605582420842e-01,5.409680406811e-01,-1.663240034925e+00,2.869019624877e+00,-1.667856903979e+00,2.860632691327e+00
1.870442863482e+00,1.442082397106e-01,-5.592877694974e-01,-1.602294161349e-01,5.396604118398e-01,-1.661489903600e+00,2.882478118766e+00,-1.666111869397e+00,2.874115504604e+00
1.871051446291e+00,1.438682511981e-01,-5.580244768606e-01,-1.599013896072e-01,5.383408824713e-01,-1.659731589139e+00,2.895912056075e+00,-1.664358636861e+00,2.887573822262e+00
1.871660029099e+00,1.435290356328e-01,-5.567476148844e-01,-1.595741697595e-01,5.370094003296e-01,-1.657965106539e+00,2.909321268551e+00,-1.662597221328e+00,2.901007478778e+00
1.872268611908e+00,1.431906012905e-01,-5.554571255183e-01,-1.592477638820e-01,5.356659134703e-01,-1.656190470897e+00,2.922705587481e+00,-1.660827637857e+00,2.914416308195e+00
1.872877194717e+00,1.428529564821e-01,-5.541529510813e-01,-1.589221792960e-01,5.343103702603e-01,-1.654407697415e+00,2.936064843690e+00,-1.659049901609e+00,2.927800144119e+00
1.873485777525e+00,1.425161095535e-01,-5.528350342724e-01,-1.585974233547e-01,5.329427193864e-01,-1.652616801397e+00,2.949398867549e+00,-1.657264027844e+00,2.941158819725e+00
1.874094360334e+00,1.421800688855e-01,-5.515033181803e-01,-1.582735034419e-01,5.315629098651e-01,-1.650817798252e+00,2.962707488976e+00,-1.655470031926e+00,2.954492167761e+00
1.874702943142e+00,1.418448428931e-01,-5.501577462937e-01,-1.579504269726e-01,5.301708910520e-01,-1.649010703490e+00,2.975990537437e+00,-1.653667929319e+00,2.967800020548e+00
1.875311525951e+00,1.415104400259e-01,-5.487982625118e-01,-1.576282013925e-01,5.287666126509e-01,-1.647195532726e+00,2.989247841950e+00,-1.651857735592e+00,2.981082209983e+00
1.875920108759e+00,1.411768687674e-01,-5.474248111536e-01,-1.573068341779e-01,5.273500247231e-01,-1.645372301681e+00,3.002479231086e+00,-1.650039466412e+00,2.994338567542e+00
1.876528691568e+00,1.408441376348e-01,-5.460373369693e-01,-1.569863328350e-01,5.259210776974e-01,-1.643541026178e+00,3.015684532977e+00,-1.648213137553e+00,3.007568924285e+00
1.877137274377e+00,1.405122551789e-01,-5.446357851494e-01,-1.566667049005e-01,5.244797223787e-01,-1.641701722146e+00,3.028863575313e+00,-1.646378764890e+00,3.020773110855e+00
1.877745857185e+00,1.401812299835e-01,-5.432201013358e-01,-1.563479579406e-01,5.230259099582e-01,-1.639854405618e+00,3.042016185348e+00,-1.644536364400e+00,3.033950957485e+00
1.878354439994e+00,1.398510706657e-01,-5.417902316316e-01,-1.560300995513e-01,5.215595920224e-01,-1.637999092734e+00,3.055142189903e+00,-1.642685952167e+00,3.047102293999e+00
1.878963022802e+00,1.395217858748e-01,-5.403461226114e-01,-1.557131373579e-01,5.200807205626e-01,-1.636135799738e+00,3.068241415371e+00,-1.640827544375e+00,3.060226949816e+00
1.879571605611e+00,1.391933842929e-01,-5.388877213321e-01,-1.553970790146e-01,5.185892479847e-01,-1.634264542980e+00,3.081313687715e+00,-1.638961157314e+00,3.073324753952e+00
1.880180188419e+00,1.388658746339e-01,-5.374149753426e-01,-1.550819322046e-01,5.170851271184e-01,-1.632385338916e+00,3.094358832480e+00,-1.637086807377e+00,3.086395535026e+00
1.880788771228e+00,1.385392656435e-01,-5.359278326945e-01,-1.547677046397e-01,5.155683112269e-01,-1.630498204110e+00,3.107376674786e+00,-1.635204511063e+00,3.099439121260e+00
1.881397354037e+00,1.382135660991e-01,-5.344262419524e-01,-1.544544040599e-01,5.140387540166e-01,-1.628603155230e+00,3.120367039342e+00,-1.633314284974e+00,3.112455340487e+00
1.882005936845e+00,1.378887848088e-01,-5.329101522043e-01,-1.541420382334e-01,5.124964096459e-01,-1.626700209051e+00,3.133329750444e+00,-1.631416145817e+00,3.125444020150e+00
1.882614519654e+00,1.375649306120e-01,-5.313795130720e-01,-1.538306149560e-01,5.109412327359e-01,-1.624789382458e+00,3.146264631978e+00,-1.629510110407e+00,3.138404987308e+00
1.883223102462e+00,1.372420123783e-01,-5.298342747215e-01,-1.535201420511e-01,5.093731783790e-01,-1.622870692441e+00,3.159171507427e+00,-1.627596195660e+00,3.151338068642e+00
1.883831685271e+00,1.369200390075e-01,-5.282743878731e-01,-1.532106273690e-01,5.077922021488e-01,-1.620944156097e+00,3.172050199876e+00,-1.625674418600e+00,3.164243090454e+00
1.884440268079e+00,1.365990194292e-01,-5.266998038125e-01,-1.529020787873e-01,5.061982601100e-01,-1.619009790632e+00,3.184900532011e+00,-1.623744796357e+00,3.177119878676e+00
1.885048850888e+00,1.362789626026e-01,-5.251104744005e-01,-1.525945042100e-01,5.045913088275e-01,-1.617067613359e+00,3.197722326129e+00,-1.621807346166e+00,3.189968258870e+00
1.885657433697e+00,1.359598775159e-01,-5.235063520839e-01,-1.522879115672e-01,5.029713053762e-01,-1.615117641701e+00,3.210515404137e+00,-1.619862085370e+00,3.202788056235e+00
1.886266016505e+00,1.356417731861e-01,-5.218873899058e-01,-1.519823088152e-01,5.013382073507e-01,-1.613159893188e+00,3.223279587562e+00,-1.617909031416e+00,3.215579095611e+00
1.886874599314e+00,1.353246586586e-01,-5.202535415160e-01,-1.516777039359e-01,4.996919728747e-01,-1.611194385460e+00,3.236014697551e+00,-1.615948201860e+00,3.228341201481e+00
1.887483182122e+00,1.350085430069e-01,-5.186047611815e-01,-1.513741049366e-01,4.980325606106e-01,-1.609221136263e+00,3.248720554877e+00,-1.613979614363e+00,3.241074197979e+00
1.888091764931e+00,1.346934353318e-01,-5.169410037968e-01,-1.510715198493e-01,4.963599297693e-01,-1.607240163456e+00,3.261396979946e+00,-1.612003286695e+00,3.253777908890e+00
1.888700347739e+00,1.343793447619e-01,-5.152622248946e-01,-1.507699567309e-01,4.946740401197e-01,-1.605251485006e+00,3.274043792797e+00,-1.610019236731e+00,3.266452157661e+00
1.889308930548e+00,1.340662804521e-01,-5.135683806559e-01,-1.504694236625e-01,4.929748519980e-01,-1.603255118988e+00,3.286660813111e+00,-1.608027482457e+00,3.279096767398e+00
1.889917513357e+00,1.337542515843e-01,-5.118594279209e-01,-1.501699287494e-01,4.912623263177e-01,-1.601251083590e+00,3.299247860217e+00,-1.606028041964e+00,3.291711560880e+00
1.890526096165e+00,1.334432673660e-01,-5.101353241988e-01,-1.498714801202e-01,4.895364245791e-01,-1.599239397106e+00,3.311804753092e+00,-1.604020933451e+00,3.304296360553e+00
1.891134678974e+00,1.331333370306e-01,-5.083960276787e-01,-1.495740859268e-01,4.877971088785e-01,-1.597220077944e+00,3.324331310369e+00,-1.602006175226e+00,3.316850988546e+00
1.891743261782e+00,1.328244698367e-01,-5.066414972400e-01,-1.492777543442e-01,4.860443419182e-01,-1.595193144621e+00,3.336827350345e+00,-1.599983785705e+00,3.329375266666e+00
1.892351844591e+00,1.325166750678e-01,-5.048716924624e-01,-1.489824935697e-01,4.842780870158e-01,-1.593158615765e+00,3.349292690981e+00,-1.597953783414e+00,3.341869016414e+00
1.892960427399e+00,1.322099620315e-01,-5.030865736367e-01,-1.486883118228e-01,4.824983081139e-01,-1.591116510113e+00,3.361727149912e+00,-1.595916186986e+00,3.354332058978e+00
1.893569010208e+00,1.319043400597e-01,-5.012861017750e-01,-1.483952173447e-01,4.807049697893e-01,-1.589066846516e+00,3.374130544451e+00,-1.593871015162e+00,3.366764215249e+00
1.894177593016e+00,1.315998185075e-01,-4.994702386209e-01,-1.481032183982e-01,4.788980372629e-01,-1.587009643935e+00,3.386502691594e+00,-1.591818286795e+00,3.379165305821e+00
1.894786175825e+00,1.312964067533e-01,-4.976389466603e-01,-1.478123232667e-01,4.770774764091e-01,-1.584944921442e+00,3.398843408027e+00,-1.589758020845e+00,3.391535150998e+00
1.895394758634e+00,1.309941141980e-01,-4.957921891310e-01,-1.475225402543e-01,4.752432537648e-01,-1.582872698221e+00,3.411152510131e+00,-1.587690236382e+00,3.403873570798e+00
1.896003341442e+00,1.306929502645e-01,-4.939299300339e-01,-1.472338776855e-01,4.733953365397e-01,-1.580792993568e+00,3.423429813988e+00,-1.585614952587e+00,3.416180384962e+00
1.896611924251e+00,1.303929243976e-01,-4.920521341423e-01,-1.469463439043e-01,4.715336926249e-01,-1.578705826890e+00,3.435675135388e+00,-1.583532188748e+00,3.428455412957e+00
1.897220507059e+00,1.300940460631e-01,-4.901587670129e-01,-1.466599472740e-01,4.696582906027e-01,-1.576611217709e+00,3.447888289835e+00,-1.581441964265e+00,3.440698473983e+00
1.897829089868e+00,1.297963247478e-01,-4.882497949958e-01,-1.463746961770e-01,4.677690997561e-01,-1.574509185657e+00,3.460069092553e+00,-1.579344298649e+00,3.452909386977e+00
1.898437672676e+00,1.294997699585e-01,-4.863251852446e-01,-1.460905990140e-01,4.658660900780e-01,-1.572399750478e+00,3.472217358492e+00,-1.577239211518e+00,3.465087970625e+00
1.899046255485e+00,1.292043912218e-01,-4.843849057264e-01,-1.458076642038e-01,4.639492322802e-01,-1.570282932030e+00,3.484332902335e+00,-1.575126722603e+00,3.477234043361e+00
1.899654838294e+00,1.289101980835e-01,-4.824289252324e-01,-1.455259001829e-01,4.620184978035e-01,-1.568158750284e+00,3.496415538504e+00,-1.573006851746e+00,3.489347423376e+00
1.900263421102e+00,1.286172001082e-01,-4.804572133878e-01,-1.452453154048e-01,4.600738588261e-01,-1.566027225323e+00,3.508465081169e+00,-1.570879618897e+00,3.501427928627e+00
1.900872003911e+00,1.283254068787e-01,-4.784697406616e-01,-1.449659183399e-01,4.581152882733e-01,-1.563888377345e+00,3.520481344251e+00,-1.568745044119e+00,3.513475376840e+00
1.901480586719e+00,1.280348279956e-01,-4.764664783770e-01,-1.446877174745e-01,4.561427598269e-01,-1.561742226658e+00,3.532464141433e+00,-1.566603147586e+00,3.525489585518e+00
1.902089169528e+00,1.277454730766e-01,-4.744473987213e-01,-1.444107213111e-01,4.541562479337e-01,-1.559588793688e+00,3.544413286163e+00,-1.564453949582e+00,3.537470371947e+00
1.902697752336e+00,1.274573517561e-01,-4.724124747557e-01,-1.441349383673e-01,4.521557278152e-01,-1.557428098971e+00,3.556328591665e+00,-1.562297470503e+00,3.549417553203e+00
1.903306335145e+00,1.271704736845e-01,-4.703616804253e-01,-1.438603771755e-01,4.501411754766e-01,-1.555260163157e+00,3.568209870942e+00,-1.560133730857e+00,3.561330946161e+00
1.903914917954e+00,1.268848485279e-01,-4.682949905691e-01,-1.435870462826e-01,4.481125677156e-01,-1.553085007012e+00,3.580056936788e+00,-1.557962751262e+00,3.573210367497e+00
1.904523500762e+00,1.266004859675e-01,-4.662123809296e-01,-1.433149542493e-01,4.460698821317e-01,-1.550902651414e+00,3.591869601791e+00,-1.555784552448e+00,3.585055633699e+00
1.905132083571e+00,1.263173956989e-01,-4.641138281627e-01,-1.430441096496e-01,4.440130971349e-01,-1.548713117356e+00,3.603647678345e+00,-1.553599155258e+00,3.596866561075e+00
1.905740666379e+00,1.260355874316e-01,-4.619993098475e-01,-1.427745210705e-01,4.419421919550e-01,-1.546516425946e+00,3.615390978652e+00,-1.551406580645e+00,3.608642965754e+00
1.906349249188e+00,1.257550708885e-01,-4.598688044957e-01,-1.425061971115e-01,4.398571466498e-01,-1.544312598404e+00,3.627099314736e+00,-1.549206849676e+00,3.620384663702e+00
1.906957831996e+00,1.254758558054e-01,-4.577222915615e-01,-1.422391463837e-01,4.377579421148e-01,-1.542101656066e+00,3.638772498445e+00,-1.546999983529e+00,3.632091470722e+00
1.907566414805e+00,1.251979519300e-01,-4.555597514511e-01,-1.419733775098e-01,4.356445600913e-01,-1.539883620384e+00,3.650410341463e+00,-1.544786003493e+00,3.643763202465e+00
1.908174997614e+00,1.249213690219e-01,-4.533811655322e-01,-1.417088991232e-01,4.335169831752e-01,-1.537658512921e+00,3.662012655316e+00,-1.542564930971e+00,3.655399674436e+00
1.908783580422e+00,1.246461168518e-01,-4.511865161432e-01,-1.414457198678e-01,4.313751948262e-01,-1.535426355359e+00,3.673579251382e+00,-1.540336787478e+00,3.667000702004e+00
1.909392163231e+00,1.243722052006e-01,-4.489757866031e-01,-1.411838483972e-01,4.292191793757e-01,-1.533187169491e+00,3.685109940895e+00,-1.538101594640e+00,3.678566100408e+00
1.910000746039e+00,1.240996438593e-01,-4.467489612204e-01,-1.409232933742e-01,4.270489220357e-01,-1.530940977227e+00,3.696604534959e+00,-1.535859374198e+00,3.690095684763e+00
1.910609328848e+00,1.238284426278e-01,-4.445060253023e-01,-1.406640634704e-01,4.248644089074e-01,-1.528687800592e+00,3.708062844552e+00,-1.533610148003e+00,3.701589270072e+00
1.911217911656e+00,1.235586113151e-01,-4.422469651645e-01,-1.404061673656e-01,4.226656269894e-01,-1.526427661725e+00,3.719484680537e+00,-1.531353938020e+00,3.713046671232e+00
1.911826494465e+00,1.232901597379e-01,-4.399717681396e-01,-1.401496137472e-01,4.204525641862e-01,-1.524160582881e+00,3.730869853668e+00,-1.529090766327e+00,3.724467703039e+00
1.912435077274e+00,1.230230977203e-01,-4.376804225866e-01,-1.398944113098e-01,4.182252093165e-01,-1.521886586431e+00,3.742218174601e+00,-1.526820655113e+00,3.735852180204e+00
1.913043660082e+00,1.227574350933e-01,-4.353729178997e-01,-1.396405687543e-01,4.159835521214e-01,-1.519605694859e+00,3.753529453904e+00,-1.524543626682e+00,3.747199917351e+00
1.913652242891e+00,1.224931816940e-01,-4.330492445173e-01,-1.393880947877e-01,4.137275832724e-01,-1.517317930766e+00,3.764803502061e+00,-1.522259703449e+00,3.758510729035e+00
1.914260825699e+00,1.222303473649e-01,-4.307093939306e-01,-1.391369981225e-01,4.114572943801e-01,-1.515023316868e+00,3.776040129484e+00,-1.519968907943e+00,3.769784429743e+00
1.914869408508e+00,1.219689419535e-01,-4.283533586929e-01,-1.388872874758e-01,4.091726780015e-01,-1.512721875996e+00,3.787239146526e+00,-1.517671262806e+00,3.781020833908e+00
1.915477991316e+00,1.217089753115e-01,-4.259811324276e-01,-1.386389715691e-01,4.068737276482e-01,-1.510413631097e+00,3.798400363480e+00,-1.515366790792e+00,3.792219755914e+00
1.916086574125e+00,1.214504572940e-01,-4.235927098371e-01,-1.383920591274e-01,4.045604377947e-01,-1.508098605233e+00,3.809523590599e+00,-1.513055514769e+00,3.803381010105e+00
1.916695156934e+00,1.211933977591e-01,-4.211880867116e-01,-1.381465588789e-01,4.022328038856e-01,-1.505776821582e+00,3.820608638098e+00,-1.510737457716e+00,3.814504410796e+00
1.917303739742e+00,1.209378065671e-01,-4.187672599369e-01,-1.379024795543e-01,3.998908223437e-01,-1.503448303438e+00,3.831655316168e+00,-1.508412642728e+00,3.825589772280e+00
1.917912322551e+00,1.206836935800e-01,-4.163302275031e-01,-1.376598298860e-01,3.975344905774e-01,-1.501113074208e+00,3.842663434982e+00,-1.506081093012e+00,3.836636908838e+00
1.918520905359e+00,1.204310686604e-01,-4.138769885128e-01,-1.374186186079e-01,3.951638069885e-01,-1.498771157418e+00,3.853632804707e+00,-1.503742831886e+00,3.847645634745e+00
1.919129488168e+00,1.201799416713e-01,-4.114075431894e-01,-1.371788544543e-01,3.927787709795e-01,-1.496422576706e+00,3.864563235512e+00,-1.501397882783e+00,3.858615764285e+00
1.919738070976e+00,1.199303224752e-01,-4.089218928847e-01,-1.369405461599e-01,3.903793829613e-01,-1.494067355829e+00,3.875454537580e+00,-1.499046269249e+00,3.869547111753e+00
1.920346653785e+00,1.196822209334e-01,-4.064200400872e-01,-1.367037024585e-01,3.879656443599e-01,-1.491705518656e+00,3.886306521115e+00,-1.496688014942e+00,3.880439491470e+00
1.920955236594e+00,1.194356469055e-01,-4.039019884300e-01,-1.364683320829e-01,3.855375576242e-01,-1.489337089175e+00,3.897118996355e+00,-1.494323143634e+00,3.891292717789e+00
1.921563819402e+00,1.191906102481e-01,-4.013677426983e-01,-1.362344437642e-01,3.830951262329e-01,-1.486962091488e+00,3.907891773580e+00,-1.491951679210e+00,3.902106605107e+00
1.922172402211e+00,1.189471208151e-01,-3.988173088372e-01,-1.360020462308e-01,3.806383547015e-01,-1.484580549811e+00,3.918624663120e+00,-1.489573645667e+00,3.912880967872e+00
1.922780985019e+00,1.187051884560e-01,-3.962506939592e-01,-1.357711482082e-01,3.781672485893e-01,-1.482192488476e+00,3.929317475373e+00,-1.487189067115e+00,3.923615620593e+00
1.923389567828e+00,1.184648230159e-01,-3.936679063517e-01,-1.355417584181e-01,3.756818145061e-01,-1.479797931934e+00,3.939970020805e+00,-1.484797967779e+00,3.934310377851e+00
1.923998150636e+00,1.182260343342e-01,-3.910689554842e-01,-1.353138855781e-01,3.731820601193e-01,-1.477396904745e+00,3.950582109969e+00,-1.482400371993e+00,3.944965054307e+00
1.924606733445e+00,1.179888322444e-01,-3.884538520158e-01,-1.350875384005e-01,3.706679941599e-01,-1.474989431590e+00,3.961153553510e+00,-1.479996304206e+00,3.955579464714e+00
1.925215316254e+00,1.177532265732e-01,-3.858226078018e-01,-1.348627255921e-01,3.681396264298e-01,-1.472575537261e+00,3.971684162179e+00,-1.477585788981e+00,3.966153423925e+00
1.925823899062e+00,1.175192271394e-01,-3.831752359012e-01,-1.346394558535e-01,3.655969678076e-01,-1.470155246669e+00,3.982173746839e+00,-1.475168850992e+00,3.976686746901e+00
1.926432481871e+00,1.172868437539e-01,-3.805117505834e-01,-1.344177378782e-01,3.630400302553e-01,-1.467728584836e+00,3.992622118484e+00,-1.472745515024e+00,3.987179248728e+00
1.927041064679e+00,1.170560862182e-01,-3.778321673346e-01,-1.341975803520e-01,3.604688268244e-01,-1.465295576902e+00,4.003029088239e+00,-1.470315805978e+00,3.997630744617e+00
1.927649647488e+00,1.168269643241e-01,-3.751365028652e-01,-1.339789919528e-01,3.578833716620e-01,-1.462856248121e+00,4.013394467379e+00,-1.467879748866e+00,4.008041049925e+00
1.928258230296e+00,1.165994878531e-01,-3.724247751155e-01,-1.337619813491e-01,3.552836800167e-01,-1.460410623861e+00,4.023718067339e+00,-1.465437368810e+00,4.018409980155e+00
1.928866813105e+00,1.163736665750e-01,-3.696970032626e-01,-1.335465572002e-01,3.526697682448e-01,-1.457958729607e+00,4.033999699720e+00,-1.462988691049e+00,4.028737350975e+00
1.929475395914e+00,1.161495102478e-01,-3.669532077263e-01,-1.333327281548e-01,3.500416538156e-01,-1.455500590955e+00,4.044239176305e+00,-1.460533740929e+00,4.039022978220e+00
1.930083978722e+00,1.159270286167e-01,-3.641934101758e-01,-1.331205028507e-01,3.473993553175e-01,-1.453036233619e+00,4.054436309068e+00,-1.458072543911e+00,4.049266677911e+00
1.930692561531e+00,1.157062314132e-01,-3.614176335348e-01,-1.329098899141e-01,3.447428924633e-01,-1.450565683425e+00,4.064590910187e+00,-1.455605125568e+00,4.059468266258e+00
1.931301144339e+00,1.154871283547e-01,-3.586259019882e-01,-1.327008979590e-01,3.420722860956e-01,-1.448088966314e+00,4.074702792053e+00,-1.453131511583e+00,4.069627559675e+00
1.931909727148e+00,1.152697291431e-01,-3.558182409876e-01,-1.324935355860e-01,3.393875581924e-01,-1.445606108342e+00,4.084771767281e+00,-1.450651727753e+00,4.079744374790e+00
1.932518309956e+00,1.150540434648e-01,-3.529946772565e-01,-1.322878113823e-01,3.366887318716e-01,-1.443117135678e+00,4.094797648726e+00,-1.448165799985e+00,4.089818528454e+00
1.933126892765e+00,1.148400809895e-01,-3.501552387962e-01,-1.320837339205e-01,3.339758313969e-01,-1.440622074605e+00,4.104780249488e+00,-1.445673754297e+00,4.099849837751e+00
1.933735475574e+00,1.146278513692e-01,-3.472999548910e-01,-1.318813117583e-01,3.312488821821e-01,-1.438120951519e+00,4.114719382928e+00,-1.443175616820e+00,4.109838120013e+00
1.934344058382e+00,1.144173642379e-01,-3.444288561131e-01,-1.316805534372e-01,3.285079107959e-01,-1.435613792931e+00,4.124614862680e+00,-1.440671413794e+00,4.119783192828e+00
1.934952641191e+00,1.142086292106e-01,-3.415419743282e-01,-1.314814674827e-01,3.257529449671e-01,-1.433100625465e+00,4.134466502658e+00,-1.438161171571e+00,4.129684874049e+00
1.935561223999e+00,1.140016558824e-01,-3.386393426998e-01,-1.312840624025e-01,3.229840135886e-01,-1.430581475856e+00,4.144274117074e+00,-1.435644916614e+00,4.139542981808e+00
1.936169806808e+00,1.137964538281e-01,-3.357209956941e-01,-1.310883466869e-01,3.202011467218e-01,-1.428056370954e+00,4.154037520443e+00,-1.433122675497e+00,4.149357334527e+00
1.936778389616e+00,1.135930326007e-01,-3.327869690849e-01,-1.308943288071e-01,3.174043756012e-01,-1.425525337723e+00,4.163756527601e+00,-1.430594474903e+00,4.159127750927e+00
1.937386972425e+00,1.133914017314e-01,-3.298372999575e-01,-1.307020172153e-01,3.145937326383e-01,-1.422988403236e+00,4.173430953714e+00,-1.428060341626e+00,4.168854050039e+00
1.937995555234e+00,1.131915707281e-01,-3.268720267135e-01,-1.305114203432e-01,3.117692514257e-01,-1.420445594682e+00,4.183060614289e+00,-1.425520302570e+00,4.178536051218e+00
1.938604138042e+00,1.129935490754e-01,-3.238911890744e-01,-1.303225466022e-01,3.089309667406e-01,-1.417896939360e+00,4.192645325189e+00,-1.422974384749e+00,4.188173574151e+00
1.939212720851e+00,1.127973462327e-01,-3.208948280861e-01,-1.301354043818e-01,3.060789145491e-01,-1.415342464681e+00,4.202184902641e+00,-1.420422615286e+00,4.197766438871e+00
1.939821303659e+00,1.126029716346e-01,-3.178829861222e-01,-1.299500020493e-01,3.032131320092e-01,-1.412782198169e+00,4.211679163253e+00,-1.417865021414e+00,4.207314465766e+00
1.940429886468e+00,1.124104346892e-01,-3.148557068880e-01,-1.297663479492e-01,3.003336574745e-01,-1.410216167458e+00,4.221127924022e+00,-1.415301630476e+00,4.216817475591e+00
1.941038469276e+00,1.122197447776e-01,-3.118130354239e-01,-1.295844504021e-01,2.974405304973e-01,-1.407644400295e+00,4.230531002348e+00,-1.412732469922e+00,4.226275289479e+00
1.941647052085e+00,1.120309112531e-01,-3.087550181086e-01,-1.294043177043e-01,2.945337918321e-01,-1.405066924536e+00,4.239888216046e+00,-1.410157567312e+00,4.235687728954e+00
1.942255634894e+00,1.118439434405e-01,-3.056817026623e-01,-1.292259581267e-01,2.916134834379e-01,-1.402483768150e+00,4.249199383358e+00,-1.407576950315e+00,4.245054615941e+00
1.942864217702e+00,1.116588506350e-01,-3.025931381499e-01,-1.290493799147e-01,2.886796484818e-01,-1.399894959213e+00,4.258464322966e+00,-1.404990646706e+00,4.254375772779e+00
1.943472800511e+00,1.114756421016e-01,-2.994893749834e-01,-1.288745912868e-01,2.857323313411e-01,-1.397300525916e+00,4.267682854005e+00,-1.402398684371e+00,4.263651022228e+00
1.944081383319e+00,1.112943270741e-01,-2.963704649249e-01,-1.287016004340e-01,2.827715776058e-01,-1.394700496555e+00,4.276854796071e+00,-1.399801091301e+00,4.272880187487e+00
1.944689966128e+00,1.111149147546e-01,-2.932364610890e-01,-1.285304155194e-01,2.797974340815e-01,-1.392094899540e+00,4.285979969242e+00,-1.397197895597e+00,4.282063092202e+00
1.945298548936e+00,1.109374143123e-01,-2.900874179449e-01,-1.283610446772e-01,2.768099487910e-01,-1.389483763387e+00,4.295058194080e+00,-1.394589125465e+00,4.291199560477e+00
1.945907131745e+00,1.107618348829e-01,-2.869233913188e-01,-1.281934960120e-01,2.738091709768e-01,-1.386867116723e+00,4.304089291652e+00,-1.391974809219e+00,4.300289416887e+00
1.946515714554e+00,1.105881855676e-01,-2.837444383957e-01,-1.280277775981e-01,2.707951511025e-01,-1.384244988283e+00,4.313073083538e+00,-1.389354975280e+00,4.309332486490e+00
1.947124297362e+00,1.104164754325e-01,-2.805506177212e-01,-1.278638974785e-01,2.677679408551e-01,-1.381617406910e+00,4.322009391846e+00,-1.386729652174e+00,4.318328594838e+00
1.947732880171e+00,1.102467135077e-01,-2.773419892031e-01,-1.277018636647e-01,2.647275931460e-01,-1.378984401557e+00,4.330898039223e+00,-1.384098868534e+00,4.327277567987e+00
1.948341462979e+00,1.100789087863e-01,-2.741186141126e-01,-1.275416841354e-01,2.616741621130e-01,-1.376346001282e+00,4.339738848867e+00,-1.381462653098e+00,4.336179232514e+00
1.948950045788e+00,1.099130702238e-01,-2.708805550861e-01,-1.273833668360e-01,2.586077031209e-01,-1.373702235253e+00,4.348531644542e+00,-1.378821034710e+00,4.345033415521e+00
1.949558628596e+00,1.097492067371e-01,-2.676278761256e-01,-1.272269196779e-01,2.555282727629e-01,-1.371053132743e+00,4.357276250589e+00,-1.376174042320e+00,4.353839944655e+00
1.950167211405e+00,1.095873272036e-01,-2.643606425998e-01,-1.270723505377e-01,2.524359288617e-01,-1.368398723133e+00,4.365972491940e+00,-1.373521704980e+00,4.362598648113e+00
1.950775794214e+00,1.094274404609e-01,-2.610789212449e-01,-1.269196672563e-01,2.493307304697e-01,-1.365739035910e+00,4.374620194127e+00,-1.370864051849e+00,4.371309354660e+00
1.951384377022e+00,1.092695553051e-01,-2.577827801650e-01,-1.267688776384e-01,2.462127378702e-01,-1.363074100668e+00,4.383219183300e+00,-1.368201112189e+00,4.379971893633e+00
1.951992959831e+00,1.091136804908e-01,-2.544722888324e-01,-1.266199894517e-01,2.430820125772e-01,-1.360403947104e+00,4.391769286236e+00,-1.365532915365e+00,4.388586094961e+00
1.952601542639e+00,1.089598247298e-01,-2.511475180875e-01,-1.264730104259e-01,2.399386173361e-01,-1.357728605022e+00,4.400270330354e+00,-1.362859490846e+00,4.397151789172e+00
1.953210125448e+00,1.088079966901e-01,-2.478085401391e-01,-1.263279482523e-01,2.367826161234e-01,-1.355048104332e+00,4.408722143726e+00,-1.360180868205e+00,4.405668807407e+00
1.953818708256e+00,1.086582049958e-01,-2.444554285638e-01,-1.261848105829e-01,2.336140741468e-01,-1.352362475046e+00,4.417124555090e+00,-1.357497077116e+00,4.414136981429e+00
1.954427291065e+00,1.085104582255e-01,-2.410882583058e-01,-1.260436050294e-01,2.304330578448e-01,-1.349671747281e+00,4.425477393864e+00,-1.354808147356e+00,4.422556143638e+00
1.955035873874e+00,1.083647649118e-01,-2.377071056758e-01,-1.259043391631e-01,2.272396348863e-01,-1.346975951259e+00,4.433780490157e+00,-1.352114108803e+00,4.430926127083e+00
1.955644456682e+00,1.082211335406e-01,-2.343120483507e-01,-1.257670205133e-01,2.240338741699e-01,-1.344275117302e+00,4.442033674783e+00,-1.349414991437e+00,4.439246765471e+00
1.956253039491e+00,1.080795725499e-01,-2.309031653721e-01,-1.256316565673e-01,2.208158458231e-01,-1.341569275839e+00,4.450236779274e+00,-1.346710825340e+00,4.447517893180e+00
1.956861622299e+00,1.079400903294e-01,-2.274805371452e-01,-1.254982547692e-01,2.175856212012e-01,-1.338858457397e+00,4.458389635891e+00,-1.344001640692e+00,4.455739345273e+00
1.957470205108e+00,1.078026952192e-01,-2.240442454376e-01,-1.253668225195e-01,2.143432728864e-01,-1.336142692607e+00,4.466492077638e+00,-1.341287467776e+00,4.463910957508e+00
1.958078787916e+00,1.076673955095e-01,-2.205943733769e-01,-1.252373671739e-01,2.110888746860e-01,-1.333422012202e+00,4.474543938277e+00,-1.338568336972e+00,4.472032566351e+00
1.958687370725e+00,1.075341994393e-01,-2.171310054499e-01,-1.251098960429e-01,2.078225016313e-01,-1.330696447015e+00,4.482545052336e+00,-1.335844278762e+00,4.480104008983e+00
1.959295953534e+00,1.074031151958e-01,-2.136542274995e-01,-1.249844163911e-01,2.045442299756e-01,-1.327966027979e+00,4.490495255124e+00,-1.333115323726e+00,4.488125123322e+00
1.959904536342e+00,1.072741509136e-01,-2.101641267233e-01,-1.248609354361e-01,2.012541371924e-01,-1.325230786128e+00,4.498394382745e+00,-1.330381502540e+00,4.496095748023e+00
1.960513119151e+00,1.071473146739e-01,-2.066607916705e-01,-1.247394603481e-01,1.979523019732e-01,-1.322490752595e+00,4.506242272108e+00,-1.327642845982e+00,4.504015722500e+00
1.961121701959e+00,1.070226145033e-01,-2.031443122396e-01,-1.246199982491e-01,1.946388042255e-01,-1.319745958612e+00,4.514038760943e+00,-1.324899384925e+00,4.511884886932e+00
1.961730284768e+00,1.069000583736e-01,-1.996147796755e-01,-1.245025562120e-01,1.913137250700e-01,-1.316996435511e+00,4.521783687811e+00,-1.322151150339e+00,4.519703082274e+00
1.962338867576e+00,1.067796542006e-01,-1.960722865662e-01,-1.243871412599e-01,1.879771468381e-01,-1.314242214718e+00,4.529476892116e+00,-1.319398173291e+00,4.527470150274e+00
1.962947450385e+00,1.066614098432e-01,-1.925169268398e-01,-1.242737603657e-01,1.846291530693e-01,-1.311483327761e+00,4.537118214122e+00,-1.316640484945e+00,4.535185933480e+00
1.963556033194e+00,1.065453331027e-01,-1.889487957609e-01,-1.241624204507e-01,1.812698285077e-01,-1.308719806263e+00,4.544707494958e+00,-1.313878116559e+00,4.542850275256e+00
1.964164616002e+00,1.064314317224e-01,-1.853679899268e-01,-1.240531283847e-01,1.778992590994e-01,-1.305951681942e+00,4.552244576640e+00,-1.311111099487e+00,4.550463019787e+00
1.964773198811e+00,1.063197133859e-01,-1.817746072637e-01,-1.239458909844e-01,1.745175319885e-01,-1.303178986615e+00,4.559729302076e+00,-1.308339465177e+00,4.558024012099e+00
1.965381781619e+00,1.062101857172e-01,-1.781687470227e-01,-1.238407150135e-01,1.711247355140e-01,-1.300401752191e+00,4.567161515080e+00,-1.305563245172e+00,4.565533098064e+00
1.965990364428e+00,1.061028562792e-01,-1.745505097754e-01,-1.237376071812e-01,1.677209592060e-01,-1.297620010677e+00,4.574541060389e+00,-1.302782471107e+00,4.572990124416e+00
1.966598947236e+00,1.059977325734e-01,-1.709199974093e-01,-1.236365741421e-01,1.643062937814e-01,-1.294833794172e+00,4.581867783668e+00,-1.299997174712e+00,4.580394938759e+00
1.967207530045e+00,1.058948220389e-01,-1.672773131230e-01,-1.235376224952e-01,1.608808311401e-01,-1.292043134868e+00,4.589141531528e+00,-1.297207387809e+00,4.587747389582e+00
1.967816112854e+00,1.057941320514e-01,-1.636225614217e-01,-1.234407587832e-01,1.574446643606e-01,-1.289248065054e+00,4.596362151537e+00,-1.294413142309e+00,4.595047326268e+00
1.968424695662e+00,1.056956699227e-01,-1.599558481115e-01,-1.233459894917e-01,1.539978876955e-01,-1.286448617106e+00,4.603529492232e+00,-1.291614470219e+00,4.602294599107e+00
1.969033278471e+00,1.055994429000e-01,-1.562772802945e-01,-1.232533210486e-01,1.505405965667e-01,-1.283644823496e+00,4.610643403128e+00,-1.288811403634e+00,4.609489059306e+00
1.969641861279e+00,1.055054581647e-01,-1.525869663627e-01,-1.231627598236e-01,1.470728875606e-01,-1.280836716787e+00,4.617703734737e+00,-1.286003974739e+00,4.616630559002e+00
1.970250444088e+00,1.054137228318e-01,-1.488850159930e-01,-1.230743121270e-01,1.435948584230e-01,-1.278024329629e+00,4.624710338574e+00,-1.283192215810e+00,4.623718951272e+00
1.970859026896e+00,1.053242439494e-01,-1.451715401404e-01,-1.229879842094e-01,1.401066080540e-01,-1.275207694767e+00,4.631663067171e+00,-1.280376159213e+00,4.630754090145e+00
1.971467609705e+00,1.052370284975e-01,-1.414466510324e-01,-1.229037822607e-01,1.366082365023e-01,-1.272386845032e+00,4.638561774091e+00,-1.277555837399e+00,4.637735830614e+00
1.972076192514e+00,1.051520833875e-01,-1.377104621622e-01,-1.228217124099e-01,1.330998449596e-01,-1.269561813345e+00,4.645406313938e+00,-1.274731282911e+00,4.644664028645e+00
1.972562738028e+00,1.050858095906e-01,-1.347154263652e-01,-1.227576373617e-01,1.302878394809e-01,-1.267300290050e+00,4.650839282058e+00,-1.272470104390e+00,4.650164329370e+00
1.973049283542e+00,1.050209947396e-01,-1.317133008173e-01,-1.226949320115e-01,1.274695478800e-01,-1.265036131830e+00,4.656237463373e+00,-1.270206258089e+00,4.655630243988e+00
1.973535829055e+00,1.049576422695e-01,-1.287041450894e-01,-1.226335994047e-01,1.246450232897e-01,-1.262769355631e+00,4.661600784959e+00,-1.267939760754e+00,4.661061700187e+00
1.974022374569e+00,1.048957555863e-01,-1.256880195047e-01,-1.225736425609e-01,1.218143195216e-01,-1.260499978429e+00,4.666929174485e+00,-1.265670629168e+00,4.666458626205e+00
1.974508920083e+00,1.048353380662e-01,-1.226649847875e-01,-1.225150644733e-01,1.189774907499e-01,-1.258228017239e+00,4.672222560004e+00,-1.263398880150e+00,4.671820950642e+00
1.974995465597e+00,1.047763930561e-01,-1.196351021745e-01,-1.224578681089e-01,1.161345916119e-01,-1.255953489108e+00,4.677480870025e+00,-1.261124530552e+00,4.677148602524e+00
1.975482011111e+00,1.047189238726e-01,-1.165984334024e-01,-1.224020564076e-01,1.132856771964e-01,-1.253676411121e+00,4.682704033511e+00,-1.258847597261e+00,4.682441511301e+00
1.975968556625e+00,1.046629338024e-01,-1.135550407047e-01,-1.223476322826e-01,1.104308030417e-01,-1.251396800394e+00,4.687891979884e+00,-1.256568097198e+00,4.687699606855e+00
1.976455102139e+00,1.046084261018e-01,-1.105049868095e-01,-1.222945986201e-01,1.075700251327e-01,-1.249114674080e+00,4.693044639024e+00,-1.254286047318e+00,4.692922819495e+00
1.976941647653e+00,1.045554039963e-01,-1.074483349369e-01,-1.222429582788e-01,1.047033998993e-01,-1.246830049364e+00,4.698161941281e+00,-1.252001464610e+00,4.698111079970e+00
1.977428193167e+00,1.045038706807e-01,-1.043851487960e-01,-1.221927140898e-01,1.018309842132e-01,-1.244542943465e+00,4.703243817470e+00,-1.249714366097e+00,4.703264319466e+00
1.977914738681e+00,1.044538293186e-01,-1.013154925821e-01,-1.221438688564e-01,9.895283538623e-02,-1.242253373638e+00,4.708290198880e+00,-1.247424768835e+00,4.708382469611e+00
1.978401284195e+00,1.044052830421e-01,-9.823943097419e-02,-1.220964253541e-01,9.606901116710e-02,-1.239961357168e+00,4.713301017276e+00,-1.245132689913e+00,4.713465462481e+00
1.978887829709e+00,1.043582349521e-01,-9.515702913194e-02,-1.220503863301e-01,9.317956973934e-02,-1.237666911374e+00,4.718276204903e+00,-1.242838146453e+00,4.718513230600e+00
1.979374375223e+00,1.043126881173e-01,-9.206835269261e-02,-1.220057545031e-01,9.028456971853e-02,-1.235370053610e+00,4.723215694490e+00,-1.240541155609e+00,4.723525706944e+00
1.979860920737e+00,1.042686455745e-01,-8.897346776820e-02,-1.219625325632e-01,8.738407014964e-02,-1.233070801260e+00,4.728119419251e+00,-1.238241734569e+00,4.728502824946e+00
1.980347466251e+00,1.042261103282e-01,-8.587244094238e-02,-1.219207231719e-01,8.447813050433e-02,-1.230769171741e+00,4.732987312892e+00,-1.235939900552e+00,4.733444518499e+00
1.980834011765e+00,1.041850853505e-01,-8.276533926741e-02,-1.218803289612e-01,8.156681067824e-02,-1.228465182503e+00,4.737819309612e+00,-1.233635670811e+00,4.738350721959e+00
1.981320557279e+00,1.041455735806e-01,-7.965223026096e-02,-1.218413525344e-01,7.865017098817e-02,-1.226158851027e+00,4.742615344109e+00,-1.231329062627e+00,4.743221370145e+00
1.981807102793e+00,1.041075779248e-01,-7.653318190295e-02,-1.218037964649e-01,7.572827216923e-02,-1.223850194827e+00,4.747375351580e+00,-1.229020093317e+00,4.748056398349e+00
1.982293648307e+00,1.040711012562e-01,-7.340826263228e-02,-1.217676632967e-01,7.280117537196e-02,-1.221539231447e+00,4.752099267728e+00,-1.226708780227e+00,4.752855742335e+00
1.982780193821e+00,1.040361464145e-01,-7.027754134353e-02,-1.217329555439e-01,6.986894215939e-02,-1.219225978462e+00,4.756787028762e+00,-1.224395140734e+00,4.757619338341e+00
1.983266739334e+00,1.040027162058e-01,-6.714108738358e-02,-1.216996756904e-01,6.693163450406e-02,-1.216910453478e+00,4.761438571405e+00,-1.222079192247e+00,4.762347123086e+00
1.983753284848e+00,1.039708134024e-01,-6.399897054828e-02,-1.216678261902e-01,6.398931478497e-02,-1.214592674134e+00,4.766053832892e+00,-1.219760952204e+00,4.767039033772e+00
1.984239830362e+00,1.039404407423e-01,-6.085126107888e-02,-1.216374094664e-01,6.104204578455e-02,-1.212272658096e+00,4.770632750977e+00,-1.217440438076e+00,4.771695008083e+00
1.984726375876e+00,1.039116009295e-01,-5.769802965863e-02,-1.216084279117e-01,5.808989068547e-02,-1.209950423063e+00,4.775175263934e+00,-1.215117667361e+00,4.776314984195e+00
1.985212921390e+00,1.038842966334e-01,-5.453934740914e-02,-1.215808838881e-01,5.513291306753e-02,-1.207625986762e+00,4.779681310564e+00,-1.212792657590e+00,4.780898900775e+00
1.985699466904e+00,1.038585304885e-01,-5.137528588683e-02,-1.215547797263e-01,5.217117690438e-02,-1.205299366950e+00,4.784150830192e+00,-1.210465426323e+00,4.785446696984e+00
1.986186012418e+00,1.038343050948e-01,-4.820591707921e-02,-1.215301177259e-01,4.920474656035e-02,-1.202970581413e+00,4.788583762677e+00,-1.208135991147e+00,4.789958312482e+00
1.986672557932e+00,1.038116230166e-01,-4.503131340122e-02,-1.215069001551e-01,4.623368678705e-02,-1.200639647969e+00,4.792980048411e+00,-1.205804369681e+00,4.794433687429e+00
1.987159103446e+00,1.037904867835e-01,-4.185154769147e-02,-1.214851292505e-01,4.325806272008e-02,-1.198306584461e+00,4.797339628323e+00,-1.203470579572e+00,4.798872762490e+00
1.987645648960e+00,1.037708988890e-01,-3.866669320836e-02,-1.214648072168e-01,4.027793987559e-02,-1.195971408763e+00,4.801662443883e+00,-1.201134638497e+00,4.803275478837e+00
1.988132194474e+00,1.037528617913e-01,-3.547682362632e-02,-1.214459362270e-01,3.729338414687e-02,-1.193634138776e+00,4.805948437105e+00,-1.198796564159e+00,4.807641778151e+00
1.988618739988e+00,1.037363779123e-01,-3.228201303183e-02,-1.214285184216e-01,3.430446180087e-02,-1.191294792430e+00,4.810197550547e+00,-1.196456374291e+00,4.811971602626e+00
1.989105285502e+00,1.037214496379e-01,-2.908233591950e-02,-1.214125559090e-01,3.131123947464e-02,-1.188953387682e+00,4.814409727320e+00,-1.194114086653e+00,4.816264894974e+00
1.989591831016e+00,1.037080793178e-01,-2.587786718803e-02,-1.213980507652e-01,2.831378417177e-02,-1.186609942519e+00,4.818584911084e+00,-1.191769719034e+00,4.820521598423e+00
1.990078376530e+00,1.036962692649e-01,-2.266868213620e-02,-1.213850050331e-01,2.531216325878e-02,-1.184264474951e+00,4.822723046058e+00,-1.189423289250e+00,4.824741656724e+00
1.990564922044e+00,1.036860217555e-01,-1.945485645874e-02,-1.213734207231e-01,2.230644446145e-02,-1.181917003019e+00,4.826824077018e+00,-1.187074815145e+00,4.828925014152e+00
1.991051467558e+00,1.036773390291e-01,-1.623646624220e-02,-1.213632998125e-01,1.929669586111e-02,-1.179567544788e+00,4.830887949301e+00,-1.184724314587e+00,4.833071615509e+00
1.991538013072e+00,1.036702232877e-01,-1.301358796073e-02,-1.213546442452e-01,1.628298589093e-02,-1.177216118352e+00,4.834914608807e+00,-1.182371805473e+00,4.837181406127e+00
1.992024558586e+00,1.036646766965e-01,-9.786298471857e-03,-1.213474559319e-01,1.326538333208e-02,-1.174862741828e+00,4.838904002007e+00,-1.180017305728e+00,4.841254331873e+00
1.992511104100e+00,1.036607013828e-01,-6.554675012210e-03,-1.213417367498e-01,1.024395730994e-02,-1.172507433361e+00,4.842856075939e+00,-1.177660833300e+00,4.845290339146e+00
1.992997649614e+00,1.036582994365e-01,-3.318795193160e-03,-1.213374885422e-01,7.218777290207e-03,-1.170150211122e+00,4.846770778213e+00,-1.175302406166e+00,4.849289374884e+00
1.993484195127e+00,1.036574729095e-01,-7.873699645101e-05,-1.213347131187e-01,4.189913074996e-03,-1.167791093307e+00,4.850648057017e+00,-1.172942042325e+00,4.853251386568e+00
1.993970740641e+00,1.036582238157e-01,3.165421230218e-03,-1.213334122546e-01,1.157434798871e-03,-1.165430098135e+00,4.854487861114e+00,-1.170579759805e+00,4.857176322219e+00
1.994457286155e+00,1.036605541308e-01,6.413600777668e-03,-1.213335876913e-01,-1.878587075141e-03,-1.163067243853e+00,4.858290139852e+00,-1.168215576657e+00,4.861064130407e+00
1.994943831669e+00,1.036644657921e-01,9.665722579752e-03,-1.213352411357e-01,-4.918081759585e-03,-1.160702548730e+00,4.862054843157e+00,-1.165849510958e+00,4.864914760249e+00
1.995430377183e+00,1.036699606984e-01,1.292170721791e-02,-1.213383742601e-01,-7.960978146656e-03,-1.158336031061e+00,4.865781921545e+00,-1.163481580809e+00,4.868728161413e+00
1.995916922697e+00,1.036770407098e-01,1.618147492577e-02,-1.213429887023e-01,-1.100720481231e-02,-1.155967709163e+00,4.869471326119e+00,-1.161111804336e+00,4.872504284121e+00
1.996403468211e+00,1.036857076473e-01,1.944494559379e-02,-1.213490860651e-01,-1.405669002043e-02,-1.153597601380e+00,4.873123008573e+00,-1.158740199687e+00,4.876243079151e+00
1.996890013725e+00,1.036959632931e-01,2.271203877395e-02,-1.213566679164e-01,-1.710936172700e-02,-1.151225726074e+00,4.876736921195e+00,-1.156366785038e+00,4.879944497838e+00
1.997376559239e+00,1.037078093901e-01,2.598267368447e-02,-1.213657357890e-01,-2.016514758434e-02,-1.148852101636e+00,4.880313016868e+00,-1.153991578584e+00,4.883608492080e+00
1.997863104753e+00,1.037212476416e-01,2.925676921458e-02,-1.213762911805e-01,-2.322397494539e-02,-1.146476746475e+00,4.883851249074e+00,-1.151614598547e+00,4.887235014338e+00
1.998349650267e+00,1.037362797118e-01,3.253424392935e-02,-1.213883355529e-01,-2.628577086801e-02,-1.144099679026e+00,4.887351571895e+00,-1.149235863168e+00,4.890824017635e+00
1.998836195781e+00,1.037529072247e-01,3.581501607452e-02,-1.214018703326e-01,-2.935046211929e-02,-1.141720917744e+00,4.890813940018e+00,-1.146855390715e+00,4.894375455567e+00
1.999322741295e+00,1.037711317648e-01,3.909900358139e-02,-1.214168969107e-01,-3.241797518000e-02,-1.139340481106e+00,4.894238308731e+00,-1.144473199475e+00,4.897889282295e+00
1.999809286809e+00,1.037909548764e-01,4.238612407176e-02,-1.214334166419e-01,-3.548823624894e-02,-1.136958387612e+00,4.897624633934e+00,-1.142089307759e+00,4.901365452557e+00
2.000295832323e+00,1.038123780639e-01,4.567629486293e-02,-1.214514308455e-01,-3.856117124743e-02,-1.134574655782e+00,4.900972872135e+00,-1.139703733900e+00,4.904803921661e+00
2.000782377837e+00,1.038354027910e-01,4.896943297264e-02,-1.214709408041e-01,-4.163670582378e-02,-1.132189304158e+00,4.904282980452e+00,-1.137316496252e+00,4.908204645495e+00
2.001268923351e+00,1.038600304814e-01,5.226545512419e-02,-1.214919477646e-01,-4.471476535783e-02,-1.129802351302e+00,4.907554916620e+00,-1.134927613189e+00,4.911567580523e+00
2.001755468865e+00,1.038862625178e-01,5.556427775147e-02,-1.215144529371e-01,-4.779527496549e-02,-1.127413815796e+00,4.910788638989e+00,-1.132537103110e+00,4.914892683792e+00
2.002242014379e+00,1.039141002424e-01,5.886581700413e-02,-1.215384574956e-01,-5.087815950334e-02,-1.125023716244e+00,4.913984106525e+00,-1.130144984429e+00,4.918179912931e+00
2.002728559893e+00,1.039435449565e-01,6.216998875269e-02,-1.215639625771e-01,-5.396334357326e-02,-1.122632071267e+00,4.917141278817e+00,-1.127751275587e+00,4.921429226152e+00
2.003215105407e+00,1.039745979205e-01,6.547670859380e-02,-1.215909692821e-01,-5.705075152708e-02,-1.120238899508e+00,4.920260116074e+00,-1.125355995039e+00,4.924640582257e+00
2.003701650920e+00,1.040072603535e-01,6.878589185540e-02,-1.216194786741e-01,-6.014030747128e-02,-1.117844219629e+00,4.923340579130e+00,-1.122959161264e+00,4.927813940634e+00
2.004188196434e+00,1.040415334334e-01,7.209745360205e-02,-1.216494917797e-01,-6.323193527169e-02,-1.115448050308e+00,4.926382629445e+00,-1.120560792760e+00,4.930949261263e+00
2.004674741948e+00,1.040774182966e-01,7.541130864017e-02,-1.216810095884e-01,-6.632555855830e-02,-1.113050410246e+00,4.929386229106e+00,-1.118160908042e+00,4.934046504717e+00
2.005161287462e+00,1.041149160383e-01,7.872737152344e-02,-1.217140330525e-01,-6.942110072996e-02,-1.110651318159e+00,4.932351340830e+00,-1.115759525647e+00,4.937105632160e+00
2.005647832976e+00,1.041540277118e-01,8.204555655812e-02,-1.217485630868e-01,-7.251848495929e-02,-1.108250792782e+00,4.935277927963e+00,-1.113356664129e+00,4.940126605356e+00
2.006134378490e+00,1.041947543286e-01,8.536577780848e-02,-1.217846005689e-01,-7.561763419746e-02,-1.105848852868e+00,4.938165954487e+00,-1.110952342062e+00,4.943109386666e+00
2.006620924004e+00,1.042370968586e-01,8.868794910222e-02,-1.218221463388e-01,-7.871847117910e-02,-1.103445517186e+00,4.941015385017e+00,-1.108546578035e+00,4.946053939047e+00
2.007107469518e+00,1.042810562296e-01,9.201198403593e-02,-1.218612011987e-01,-8.182091842719e-02,-1.101040804525e+00,4.943826184803e+00,-1.106139390659e+00,4.948960226062e+00
2.007594015032e+00,1.043266333271e-01,9.533779598061e-02,-1.219017659132e-01,-8.492489825802e-02,-1.098634733689e+00,4.946598319736e+00,-1.103730798560e+00,4.951828211873e+00
2.008080560546e+00,1.043738289946e-01,9.866529808718e-02,-1.219438412091e-01,-8.803033278612e-02,-1.096227323496e+00,4.949331756342e+00,-1.101320820381e+00,4.954657861249e+00
2.008567106060e+00,1.044226440334e-01,1.019944032920e-01,-1.219874277751e-01,-9.113714392926e-02,-1.093818592785e+00,4.952026461791e+00,-1.098909474783e+00,4.957449139563e+00
2.009053651574e+00,1.044730792021e-01,1.053250243226e-01,-1.220325262620e-01,-9.424525341350e-02,-1.091408560406e+00,4.954682403893e+00,-1.096496780445e+00,4.960202012797e+00
2.009540197088e+00,1.045251352170e-01,1.086570737032e-01,-1.220791372824e-01,-9.735458277818e-02,-1.088997245229e+00,4.957299551104e+00,-1.094082756059e+00,4.962916447541e+00
2.010026742602e+00,1.045788127518e-01,1.119904637601e-01,-1.221272614107e-01,-1.004650533810e-01,-1.086584666136e+00,4.959877872522e+00,-1.091667420336e+00,4.965592410995e+00
2.010513288116e+00,1.046341124373e-01,1.153251066279e-01,-1.221768991829e-01,-1.035765864033e-01,-1.084170842024e+00,4.962417337892e+00,-1.089250792002e+00,4.968229870972e+00
2.010999833630e+00,1.046910348617e-01,1.186609142547e-01,-1.222280510969e-01,-1.066891028547e-01,-1.081755791807e+00,4.964917917609e+00,-1.086832889799e+00,4.970828795896e+00
2.011486379144e+00,1.047495805702e-01,1.219977984083e-01,-1.222807176117e-01,-1.098025235789e-01,-1.079339534411e+00,4.967379582713e+00,-1.084413732482e+00,4.973389154807e+00
2.011972924658e+00,1.048097500651e-01,1.253356706812e-01,-1.223348991481e-01,-1.129167692582e-01,-1.076922088777e+00,4.969802304896e+00,-1.081993338823e+00,4.975910917361e+00
2.012459470172e+00,1.048715438057e-01,1.286744424974e-01,-1.223905960881e-01,-1.160317604193e-01,-1.074503473858e+00,4.972186056500e+00,-1.079571727609e+00,4.978394053830e+00
2.012946015686e+00,1.049349622079e-01,1.320140251171e-01,-1.224478087751e-01,-1.191474174380e-01,-1.072083708623e+00,4.974530810520e+00,-1.077148917640e+00,4.980838535104e+00
2.013432561200e+00,1.050000056447e-01,1.353543296436e-01,-1.225065375136e-01,-1.222636605447e-01,-1.069662812052e+00,4.976836540603e+00,-1.074724927730e+00,4.983244332692e+00
2.013919106713e+00,1.050666744456e-01,1.386952670282e-01,-1.225667825693e-01,-1.253804098297e-01,-1.067240803138e+00,4.979103221051e+00,-1.072299776707e+00,4.985611418725e+00
2.014405652227e+00,1.051349688969e-01,1.420367480767e-01,-1.226285441691e-01,-1.284975852482e-01,-1.064817700887e+00,4.981330826820e+00,-1.069873483414e+00,4.987939765953e+00
2.014892197741e+00,1.052048892413e-01,1.453786834551e-01,-1.226918225008e-01,-1.316151066261e-01,-1.062393524315e+00,4.983519333522e+00,-1.067446066704e+00,4.990229347751e+00
2.015378743255e+00,1.052764356782e-01,1.487209836953e-01,-1.227566177132e-01,-1.347328936648e-01,-1.059968292453e+00,4.985668717426e+00,-1.065017545445e+00,4.992480138114e+00
2.015865288769e+00,1.053496083632e-01,1.520635592014e-01,-1.228229299159e-01,-1.378508659466e-01,-1.057542024341e+00,4.987778955460e+00,-1.062587938518e+00,4.994692111666e+00
2.016351834283e+00,1.054244074085e-01,1.554063202554e-01,-1.228907591795e-01,-1.409689429406e-01,-1.055114739031e+00,4.989850025208e+00,-1.060157264813e+00,4.996865243653e+00
2.016838379797e+00,1.055008328824e-01,1.587491770232e-01,-1.229601055353e-01,-1.440870440072e-01,-1.052686455585e+00,4.991881904914e+00,-1.057725543237e+00,4.998999509947e+00
2.017324925311e+00,1.055788848097e-01,1.620920395608e-01,-1.230309689755e-01,-1.472050884045e-01,-1.050257193076e+00,4.993874573481e+00,-1.055292792703e+00,5.001094887048e+00
2.017811470825e+00,1.056585631713e-01,1.654348178199e-01,-1.231033494527e-01,-1.503229952927e-01,-1.047826970587e+00,4.995828010474e+00,-1.052859032138e+00,5.003151352085e+00
2.018298016339e+00,1.057398679042e-01,1.687774216543e-01,-1.231772468803e-01,-1.534406837403e-01,-1.045395807211e+00,4.997742196117e+00,-1.050424280482e+00,5.005168882813e+00
2.018784561853e+00,1.058227989016e-01,1.721197608259e-01,-1.232526611325e-01,-1.565580727292e-01,-1.042963722050e+00,4.999617111297e+00,-1.047988556682e+00,5.007147457617e+00
2.019271107367e+00,1.059073560128e-01,1.754617450104e-01,-1.233295920437e-01,-1.596750811600e-01,-1.040530734215e+00,5.001452737561e+00,-1.045551879698e+00,5.009087055514e+00
2.019757652881e+00,1.059935390431e-01,1.788032838038e-01,-1.234080394090e-01,-1.627916278580e-01,-1.038096862827e+00,5.003249057120e+00,-1.043114268498e+00,5.010987656147e+00
2.020244198395e+00,1.060813477537e-01,1.821442867283e-01,-1.234880029841e-01,-1.659076315780e-01,-1.035662127013e+00,5.005006052846e+00,-1.040675742060e+00,5.012849239795e+00
2.020730743909e+00,1.061707818619e-01,1.854846632384e-01,-1.235694824849e-01,-1.690230110104e-01,-1.033226545912e+00,5.006723708277e+00,-1.038236319375e+00,5.014671787365e+00
2.021217289423e+00,1.062618410409e-01,1.888243227269e-01,-1.236524775879e-01,-1.721376847864e-01,-1.030790138668e+00,5.008402007611e+00,-1.035796019437e+00,5.016455280399e+00
2.021703834937e+00,1.063545249197e-01,1.921631745314e-01,-1.237369879300e-01,-1.752515714834e-01,-1.028352924433e+00,5.010040935711e+00,-1.033354861255e+00,5.018199701067e+00
2.022190380451e+00,1.064488330834e-01,1.955011279400e-01,-1.238230131085e-01,-1.783645896310e-01,-1.025914922365e+00,5.011640478104e+00,-1.030912863841e+00,5.019905032178e+00
2.022676925965e+00,1.065447650726e-01,1.988380921975e-01,-1.239105526808e-01,-1.814766577159e-01,-1.023476151633e+00,5.013200620981e+00,-1.028470046220e+00,5.021571257169e+00
2.023163471479e+00,1.066423203842e-01,2.021739765120e-01,-1.239996061649e-01,-1.845876941882e-01,-1.021036631408e+00,5.014721351197e+00,-1.026026427422e+00,5.023198360113e+00
2.023650016993e+00,1.067414984704e-01,2.055086900604e-01,-1.240901730390e-01,-1.876976174661e-01,-1.018596380870e+00,5.016202656270e+00,-1.023582026486e+00,5.024786325717e+00
2.024136562506e+00,1.068422987397e-01,2.088421419951e-01,-1.241822527417e-01,-1.908063459423e-01,-1.016155419203e+00,5.017644524383e+00,-1.021136862456e+00,5.026335139322e+00
2.024623108020e+00,1.069447205560e-01,2.121742414500e-01,-1.242758446718e-01,-1.939137979890e-01,-1.013713765599e+00,5.019046944385e+00,-1.018690954386e+00,5.027844786903e+00
2.025109653534e+00,1.070487632393e-01,2.155048975466e-01,-1.243709481884e-01,-1.970198919637e-01,-1.011271439252e+00,5.020409905785e+00,-1.016244321336e+00,5.029315255070e+00
2.025596199048e+00,1.071544260651e-01,2.188340194003e-01,-1.244675626108e-01,-2.001245462148e-01,-1.008828459364e+00,5.021733398759e+00,-1.013796982370e+00,5.030746531066e+00
2.026082744562e+00,1.072617082648e-01,2.221615161266e-01,-1.245656872186e-01,-2.032276790872e-01,-1.006384845141e+00,5.023017414147e+00,-1.011348956560e+00,5.032138602771e+00
2.026569290076e+00,1.073706090257e-01,2.254872968472e-01,-1.246653212519e-01,-2.063292089277e-01,-1.003940615792e+00,5.024261943449e+00,-1.008900262984e+00,5.033491458699e+00
2.027055835590e+00,1.074811274907e-01,2.288112706963e-01,-1.247664639108e-01,-2.094290540909e-01,-1.001495790530e+00,5.025466978832e+00,-1.006450920725e+00,5.034805087998e+00
2.027542381104e+00,1.075932627586e-01,2.321333468268e-01,-1.248691143558e-01,-2.125271329447e-01,-9.990503885730e-01,5.026632513125e+00,-1.004000948871e+00,5.036079480450e+00
2.028028926618e+00,1.077070138840e-01,2.354534344164e-01,-1.249732717075e-01,-2.156233638759e-01,-9.966044291419e-01,5.027758539819e+00,-1.001550366515e+00,5.037314626475e+00
2.028515472132e+00,1.078223798773e-01,2.387714426742e-01,-1.250789350472e-01,-2.187176652956e-01,-9.941579314600e-01,5.028845053068e+00,-9.990991927531e-01,5.038510517124e+00
2.029002017646e+00,1.079393597047e-01,2.420872808463e-01,-1.251861034160e-01,-2.218099556452e-01,-9.917109147538e-01,5.029892047686e+00,-9.966474466882e-01,5.039667144083e+00
2.029488563160e+00,1.080579522883e-01,2.454008582225e-01,-1.252947758158e-01,-2.249001534019e-01,-9.892633982520e-01,5.030899519150e+00,-9.941951474252e-01,5.040784499673e+00
2.029975108674e+00,1.081781565060e-01,2.487120841424e-01,-1.254049512086e-01,-2.279881770840e-01,-9.868154011853e-01,5.031867463598e+00,-9.917423140733e-01,5.041862576849e+00
2.030461654188e+00,1.082999711918e-01,2.520208680015e-01,-1.255166285167e-01,-2.310739452569e-01,-9.843669427862e-01,5.032795877827e+00,-9.892889657447e-01,5.042901369198e+00
2.030948199702e+00,1.084233951354e-01,2.553271192575e-01,-1.256298066230e-01,-2.341573765387e-01,-9.819180422885e-01,5.033684759296e+00,-9.868351215547e-01,5.043900870941e+00
2.031434745216e+00,1.085484270826e-01,2.586307474364e-01,-1.257444843706e-01,-2.372383896055e-01,-9.794687189273e-01,5.034534106118e+00,-9.843808006211e-01,5.044861076933e+00
2.031921290730e+00,1.086750657352e-01,2.619316621391e-01,-1.258606605633e-01,-2.403169031974e-01,-9.770189919382e-01,5.035343917070e+00,-9.819260220644e-01,5.045781982660e+00
2.032407836244e+00,1.088033097509e-01,2.652297730469e-01,-1.259783339652e-01,-2.433928361237e-01,-9.745688805573e-01,5.036114191583e+00,-9.794708050067e-01,5.046663584239e+00
2.032894381758e+00,1.089331577436e-01,2.685249899286e-01,-1.260975033009e-01,-2.464661072689e-01,-9.721184040210e-01,5.036844929744e+00,-9.770151685721e-01,5.047505878421e+00
2.033380927272e+00,1.090646082834e-01,2.718172226457e-01,-1.262181672556e-01,-2.495366355981e-01,-9.696675815652e-01,5.037536132300e+00,-9.745591318862e-01,5.048308862586e+00
2.033867472786e+00,1.091976598963e-01,2.751063811593e-01,-1.263403244752e-01,-2.526043401626e-01,-9.672164324255e-01,5.038187800648e+00,-9.721027140754e-01,5.049072534745e+00
2.034354018299e+00,1.093323110648e-01,2.783923755362e-01,-1.264639735660e-01,-2.556691401055e-01,-9.647649758366e-01,5.038799936842e+00,-9.696459342672e-01,5.049796893539e+00
2.034840563813e+00,1.094685602276e-01,2.816751159547e-01,-1.265891130953e-01,-2.587309546674e-01,-9.623132310320e-01,5.039372543588e+00,-9.671888115896e-01,5.050481938237e+00
2.035327109327e+00,1.096064057795e-01,2.849545127111e-01,-1.267157415908e-01,-2.617897031917e-01,-9.598612172438e-01,5.039905624245e+00,-9.647313651706e-01,5.051127668737e+00
2.035813654841e+00,1.097458460721e-01,2.882304762258e-01,-1.268438575412e-01,-2.648453051305e-01,-9.574089537022e-01,5.040399182822e+00,-9.622736141383e-01,5.051734085566e+00
2.036300200355e+00,1.098868794129e-01,2.915029170493e-01,-1.269734593959e-01,-2.678976800500e-01,-9.549564596354e-01,5.040853223977e+00,-9.598155776203e-01,5.052301189876e+00
2.036786745869e+00,1.100295040665e-01,2.947717458683e-01,-1.271045455654e-01,-2.709467476361e-01,-9.525037542692e-01,5.041267753019e+00,-9.573572747434e-01,5.052828983444e+00
2.037273291383e+00,1.101737182537e-01,2.980368735123e-01,-1.272371144210e-01,-2.739924276998e-01,-9.500508568265e-01,5.041642775903e+00,-9.548987246336e-01,5.053317468675e+00
2.037759836897e+00,1.103195201521e-01,3.012982109590e-01,-1.273711642950e-01,-2.770346401831e-01,-9.475977865272e-01,5.041978299230e+00,-9.524399464154e-01,5.053766648597e+00
2.038246382411e+00,1.104669078959e-01,3.045556693410e-01,-1.275066934808e-01,-2.800733051638e-01,-9.451445625880e-01,5.042274330247e+00,-9.499809592117e-01,5.054176526861e+00
2.038732927925e+00,1.106158795762e-01,3.078091599514e-01,-1.276437002330e-01,-2.831083428621e-01,-9.426912042217e-01,5.042530876845e+00,-9.475217821436e-01,5.054547107741e+00
2.039219473439e+00,1.107664332409e-01,3.110585942503e-01,-1.277821827673e-01,-2.861396736450e-01,-9.402377306372e-01,5.042747947557e+00,-9.450624343299e-01,5.054878396132e+00
2.039706018953e+00,1.109185668951e-01,3.143038838706e-01,-1.279221392610e-01,-2.891672180326e-01,-9.377841610392e-01,5.042925551555e+00,-9.426029348867e-01,5.055170397548e+00
2.040192564467e+00,1.110722785006e-01,3.175449406239e-01,-1.280635678523e-01,-2.921908967029e-01,-9.353305146274e-01,5.043063698653e+00,-9.401433029274e-01,5.055423118126e+00
2.040679109981e+00,1.112275659766e-01,3.207816765069e-01,-1.282064666413e-01,-2.952106304980e-01,-9.328768105971e-01,5.043162399303e+00,-9.376835575625e-01,5.055636564617e+00
2.041165655495e+00,1.113844271994e-01,3.240140037073e-01,-1.283508336893e-01,-2.982263404290e-01,-9.304230681379e-01,5.043221664593e+00,-9.352237178986e-01,5.055810744391e+00
2.041652201009e+00,1.115428600027e-01,3.272418346093e-01,-1.284966670194e-01,-3.012379476814e-01,-9.279693064342e-01,5.043241506244e+00,-9.327638030389e-01,5.055945665434e+00
2.042138746523e+00,1.117028621776e-01,3.304650818005e-01,-1.286439646163e-01,-3.042453736209e-01,-9.255155446644e-01,5.043221936614e+00,-9.303038320825e-01,5.056041336345e+00
2.042625292037e+00,1.118644314726e-01,3.336836580768e-01,-1.287927244265e-01,-3.072485397987e-01,-9.230618020005e-01,5.043162968690e+00,-9.278438241240e-01,5.056097766338e+00
2.043111837551e+00,1.120275655939e-01,3.368974764492e-01,-1.289429443584e-01,-3.102473679566e-01,-9.206080976085e-01,5.043064616091e+00,-9.253837982537e-01,5.056114965238e+00
2.043598383065e+00,1.121922622056e-01,3.401064501491e-01,-1.290946222823e-01,-3.132417800324e-01,-9.181544506472e-01,5.042926893062e+00,-9.229237735566e-01,5.056092943480e+00
2.044084928579e+00,1.123585189295e-01,3.433104926345e-01,-1.292477560308e-01,-3.162316981658e-01,-9.157008802686e-01,5.042749814477e+00,-9.204637691128e-01,5.056031712110e+00
2.044571474092e+00,1.125263333452e-01,3.465095175958e-01,-1.294023433984e-01,-3.192170447030e-01,-9.132474056172e-01,5.042533395833e+00,-9.180038039966e-01,5.055931282780e+00
2.045058019606e+00,1.126957029906e-01,3.497034389617e-01,-1.295583821420e-01,-3.221977422023e-01,-9.107940458297e-01,5.042277653252e+00,-9.155438972766e-01,5.055791667749e+00
2.045544565120e+00,1.128666253616e-01,3.528921709047e-01,-1.297158699808e-01,-3.251737134395e-01,-9.083408200349e-01,5.041982603476e+00,-9.130840680154e-01,5.055612879882e+00
2.046031110634e+00,1.130390979126e-01,3.560756278475e-01,-1.298748045966e-01,-3.281448814132e-01,-9.058877473535e-01,5.041648263865e+00,-9.106243352691e-01,5.055394932646e+00
2.046517656148e+00,1.132131180563e-01,3.592537244680e-01,-1.300351836336e-01,-3.311111693496e-01,-9.034348468973e-01,5.041274652398e+00,-9.081647180869e-01,5.055137840110e+00
2.047004201662e+00,1.133886831639e-01,3.624263757057e-01,-1.301970046989e-01,-3.340725007082e-01,-9.009821377693e-01,5.040861787669e+00,-9.057052355114e-01,5.054841616943e+00
2.047490747176e+00,1.135657905654e-01,3.655934967670e-01,-1.303602653623e-01,-3.370287991869e-01,-8.985296390634e-01,5.040409688885e+00,-9.032459065777e-01,5.054506278413e+00
2.047977292690e+00,1.137444375496e-01,3.687550031313e-01,-1.305249631567e-01,-3.399799887268e-01,-8.960773698639e-01,5.039918375864e+00,-9.007867503133e-01,5.054131840385e+00
2.048463838204e+00,1.139246213641e-01,3.719108105561e-01,-1.306910955777e-01,-3.429259935179e-01,-8.936253492453e-01,5.039387869034e+00,-8.983277857378e-01,5.053718319319e+00
2.048950383718e+00,1.141063392157e-01,3.750608350830e-01,-1.308586600845e-01,-3.458667380040e-01,-8.911735962720e-01,5.038818189430e+00,-8.958690318629e-01,5.053265732269e+00
2.049436929232e+00,1.142895882704e-01,3.782049930434e-01,-1.310276540993e-01,-3.488021468875e-01,-8.887221299983e-01,5.038209358690e+00,-8.934105076915e-01,5.052774096881e+00
2.049923474746e+00,1.144743656537e-01,3.813432010637e-01,-1.311980750079e-01,-3.517321451349e-01,-8.862709694674e-01,5.037561399058e+00,-8.909522322181e-01,5.052243431388e+00
2.050410020260e+00,1.146606684503e-01,3.844753760712e-01,-1.313699201595e-01,-3.546566579817e-01,-8.838201337118e-01,5.036874333374e+00,-8.884942244280e-01,5.051673754616e+00
2.050896565774e+00,1.148484937048e-01,3.876014352994e-01,-1.315431868672e-01,-3.575756109374e-01,-8.813696417526e-01,5.036148185082e+00,-8.860365032973e-01,5.051065085972e+00
2.051383111288e+00,1.150378384215e-01,3.907212962935e-01,-1.317178724077e-01,-3.604889297904e-01,-8.789195125996e-01,5.035382978216e+00,-8.835790877923e-01,5.050417445453e+00
2.051869656802e+00,1.152286995648e-01,3.938348769161e-01,-1.318939740218e-01,-3.633965406132e-01,-8.764697652504e-01,5.034578737409e+00,-8.811219968697e-01,5.049730853634e+00
2.052356202316e+00,1.154210740590e-01,3.969420953522e-01,-1.320714889144e-01,-3.662983697670e-01,-8.740204186907e-01,5.033735487881e+00,-8.786652494760e-01,5.049005331672e+00
2.052842747830e+00,1.156149587888e-01,4.000428701148e-01,-1.322504142546e-01,-3.691943439071e-01,-8.715714918937e-01,5.032853255442e+00,-8.762088645470e-01,5.048240901304e+00
2.053329293344e+00,1.158103505993e-01,4.031371200503e-01,-1.324307471759e-01,-3.720843899871e-01,-8.691230038201e-01,5.031932066491e+00,-8.737528610081e-01,5.047437584840e+00
2.053815838858e+00,1.160072462964e-01,4.062247643439e-01,-1.326124847763e-01,-3.749684352644e-01,-8.666749734173e-01,5.030971948007e+00,-8.712972577737e-01,5.046595405169e+00
2.054302384372e+00,1.162056426463e-01,4.093057225244e-01,-1.327956241185e-01,-3.778464073047e-01,-8.642274196197e-01,5.029972927554e+00,-8.688420737466e-01,5.045714385749e+00
2.054788929885e+00,1.164055363766e-01,4.123799144702e-01,-1.329801622302e-01,-3.807182339866e-01,-8.617803613479e-01,5.028935033273e+00,-8.663873278183e-01,5.044794550609e+00
2.055275475399e+00,1.166069241757e-01,4.154472604137e-01,-1.331660961037e-01,-3.835838435068e-01,-8.593338175088e-01,5.027858293882e+00,-8.639330388686e-01,5.043835924347e+00
2.055762020913e+00,1.168098026935e-01,4.185076809470e-01,-1.333534226969e-01,-3.864431643846e-01,-8.568878069953e-01,5.026742738673e+00,-8.614792257648e-01,5.042838532127e+00
2.056248566427e+00,1.170141685412e-01,4.215610970271e-01,-1.335421389326e-01,-3.892961254663e-01,-8.544423486858e-01,5.025588397509e+00,-8.590259073622e-01,5.041802399677e+00
2.056735111941e+00,1.172200182916e-01,4.246074299804e-01,-1.337322416994e-01,-3.921426559305e-01,-8.519974614439e-01,5.024395300822e+00,-8.565731025033e-01,5.040727553285e+00
2.057221657455e+00,1.174273484795e-01,4.276466015085e-01,-1.339237278512e-01,-3.949826852920e-01,-8.495531641186e-01,5.023163479610e+00,-8.541208300175e-01,5.039614019801e+00
2.057708202969e+00,1.176361556015e-01,4.306785336926e-01,-1.341165942080e-01,-3.978161434069e-01,-8.471094755432e-01,5.021892965434e+00,-8.516691087214e-01,5.038461826629e+00
2.058194748483e+00,1.178464361165e-01,4.337031489989e-01,-1.343108375555e-01,-4.006429604769e-01,-8.446664145359e-01,5.020583790416e+00,-8.492179574176e-01,5.037271001730e+00
2.058681293997e+00,1.180581864458e-01,4.367203702833e-01,-1.345064546458e-01,-4.034630670540e-01,-8.422239998991e-01,5.019235987236e+00,-8.467673948956e-01,5.036041573618e+00
2.059167839511e+00,1.182714029731e-01,4.397301207964e-01,-1.347034421969e-01,-4.062763940446e-01,-8.397822504189e-01,5.017849589129e+00,-8.443174399302e-01,5.034773571355e+00
2.059654385025e+00,1.184860820450e-01,4.427323241882e-01,-1.349017968936e-01,-4.090828727145e-01,-8.373411848654e-01,5.016424629880e+00,-8.418681112826e-01,5.033467024553e+00
2.060140930539e+00,1.187022199711e-01,4.457269045133e-01,-1.351015153874e-01,-4.118824346927e-01,-8.349008219919e-01,5.014961143828e+00,-8.394194276989e-01,5.032121963367e+00
2.060627476053e+00,1.189198130238e-01,4.487137862351e-01,-1.353025942962e-01,-4.146750119764e-01,-8.324611805351e-01,5.013459165856e+00,-8.369714079107e-01,5.030738418497e+00
2.061114021567e+00,1.191388574394e-01,4.516928942311e-01,-1.355050302054e-01,-4.174605369346e-01,-8.300222792143e-01,5.011918731390e+00,-8.345240706346e-01,5.029316421183e+00
2.061600567081e+00,1.193593494173e-01,4.546641537972e-01,-1.357088196672e-01,-4.202389423131e-01,-8.275841367317e-01,5.010339876398e+00,-8.320774345715e-01,5.027856003201e+00
2.062087112595e+00,1.195812851208e-01,4.576274906525e-01,-1.359139592014e-01,-4.230101612382e-01,-8.251467717716e-01,5.008722637386e+00,-8.296315184071e-01,5.026357196867e+00
2.062573658109e+00,1.198046606772e-01,4.605828309438e-01,-1.361204452954e-01,-4.257741272212e-01,-8.227102030007e-01,5.007067051396e+00,-8.271863408110e-01,5.024820035025e+00
2.063060203623e+00,1.200294721780e-01,4.635301012502e-01,-1.363282744040e-01,-4.285307741625e-01,-8.202744490674e-01,5.005373155999e+00,-8.247419204369e-01,5.023244551053e+00
2.063546749137e+00,1.202557156789e-01,4.664692285878e-01,-1.365374429504e-01,-4.312800363558e-01,-8.178395286017e-01,5.003640989298e+00,-8.222982759219e-01,5.021630778855e+00
2.064033294651e+00,1.204833872005e-01,4.694001404136e-01,-1.367479473255e-01,-4.340218484919e-01,-8.154054602148e-01,5.001870589920e+00,-8.198554258867e-01,5.019978752860e+00
2.064519840165e+00,1.207124827279e-01,4.723227646308e-01,-1.369597838889e-01,-4.367561456632e-01,-8.129722624993e-01,5.000061997018e+00,-8.174133889349e-01,5.018288508022e+00
2.065006385678e+00,1.209429982115e-01,4.752370295922e-01,-1.371729489684e-01,-4.394828633673e-01,-8.105399540284e-01,4.998215250262e+00,-8.149721836531e-01,5.016560079812e+00
2.065492931192e+00,1.211749295666e-01,4.781428641053e-01,-1.373874388607e-01,-4.422019375111e-01,-8.081085533558e-01,4.996330389839e+00,-8.125318286105e-01,5.014793504221e+00
2.065979476706e+00,1.214082726745e-01,4.810401974360e-01,-1.376032498313e-01,-4.449133044150e-01,-8.056780790157e-01,4.994407456451e+00,-8.100923423586e-01,5.012988817753e+00
2.066466022220e+00,1.216430233816e-01,4.839289593132e-01,-1.378203781150e-01,-4.476169008161e-01,-8.032485495223e-01,4.992446491311e+00,-8.076537434313e-01,5.011146057424e+00
2.066952567734e+00,1.218791775007e-01,4.868090799329e-01,-1.380388199158e-01,-4.503126638729e-01,-8.008199833697e-01,4.990447536139e+00,-8.052160503439e-01,5.009265260760e+00
2.067439113248e+00,1.221167308106e-01,4.896804899623e-01,-1.382585714072e-01,-4.530005311683e-01,-7.983923990313e-01,4.988410633158e+00,-8.027792815936e-01,5.007346465793e+00
2.067925658762e+00,1.223556790563e-01,4.925431205436e-01,-1.384796287324e-01,-4.556804407139e-01,-7.959658149603e-01,4.986335825094e+00,-8.003434556590e-01,5.005389711059e+00
2.068412204276e+00,1.225960179496e-01,4.953969032986e-01,-1.387019880047e-01,-4.583523309534e-01,-7.935402495886e-01,4.984223155170e+00,-7.979085909997e-01,5.003395035596e+00
2.068898749790e+00,1.228377431692e-01,4.982417703322e-01,-1.389256453075e-01,-4.610161407663e-01,-7.911157213271e-01,4.982072667105e+00,-7.954747060562e-01,5.001362478938e+00
2.069385295304e+00,1.230808503607e-01,5.010776542366e-01,-1.391505966945e-01,-4.636718094717e-01,-7.886922485652e-01,4.979884405109e+00,-7.930418192498e-01,4.999292081115e+00
2.069871840818e+00,1.233253351372e-01,5.039044880950e-01,-1.393768381901e-01,-4.663192768316e-01,-7.862698496709e-01,4.977658413879e+00,-7.906099489821e-01,4.997183882650e+00
2.070358386332e+00,1.235711930792e-01,5.067222054853e-01,-1.396043657893e-01,-4.689584830545e-01,-7.838485429902e-01,4.975394738599e+00,-7.881791136347e-01,4.995037924557e+00
2.070844931846e+00,1.238184197351e-01,5.095307404845e-01,-1.398331754582e-01,-4.715893687992e-01,-7.814283468469e-01,4.973093424934e+00,-7.857493315695e-01,4.992854248333e+00
2.071331477360e+00,1.240670106214e-01,5.123300276718e-01,-1.400632631344e-01,-4.742118751776e-01,-7.790092795426e-01,4.970754519026e+00,-7.833206211276e-01,4.990632895963e+00
2.071818022874e+00,1.243169612228e-01,5.151200021322e-01,-1.402946247266e-01,-4.768259437586e-01,-7.765913593564e-01,4.968378067495e+00,-7.808930006301e-01,4.988373909910e+00
2.072304568388e+00,1.245682669926e-01,5.179005994608e-01,-1.405272561154e-01,-4.794315165713e-01,-7.741746045443e-01,4.965964117432e+00,-7.784664883769e-01,4.986077333117e+00
2.072791113902e+00,1.248209233528e-01,5.206717557658e-01,-1.407611531531e-01,-4.820285361081e-01,-7.717590333396e-01,4.963512716394e+00,-7.760411026470e-01,4.983743209001e+00
2.073277659416e+00,1.250749256945e-01,5.234334076720e-01,-1.409963116644e-01,-4.846169453283e-01,-7.693446639522e-01,4.961023912407e+00,-7.736168616984e-01,4.981371581451e+00
2.073764204930e+00,1.253302693780e-01,5.261854923247e-01,-1.412327274462e-01,-4.871966876608e-01,-7.669315145685e-01,4.958497753956e+00,-7.711937837672e-01,4.978962494827e+00
2.074250750444e+00,1.255869497334e-01,5.289279473926e-01,-1.414703962679e-01,-4.897677070078e-01,-7.645196033514e-01,4.955934289985e+00,-7.687718870683e-01,4.976515993952e+00
2.074737295958e+00,1.258449620604e-01,5.316607110715e-01,-1.417093138720e-01,-4.923299477475e-01,-7.621089484395e-01,4.953333569895e+00,-7.663511897941e-01,4.974032124116e+00
2.075223841471e+00,1.261043016287e-01,5.343837220874e-01,-1.419494759738e-01,-4.948833547370e-01,-7.596995679476e-01,4.950695643536e+00,-7.639317101155e-01,4.971510931066e+00
2.075710386985e+00,1.263649636785e-01,5.370969196999e-01,-1.421908782621e-01,-4.974278733160e-01,-7.572914799659e-01,4.948020561207e+00,-7.615134661805e-01,4.968952461007e+00
2.076196932499e+00,1.266269434204e-01,5.398002437053e-01,-1.424335163989e-01,-4.999634493090e-01,-7.548847025603e-01,4.945308373653e+00,-7.590964761147e-01,4.966356760601e+00
2.076683478013e+00,1.268902360360e-01,5.424936344396e-01,-1.426773860203e-01,-5.024900290286e-01,-7.524792537715e-01,4.942559132059e+00,-7.566807580210e-01,4.963723876956e+00
2.077170023527e+00,1.271548366779e-01,5.451770327819e-01,-1.429224827363e-01,-5.050075592782e-01,-7.500751516156e-01,4.939772888048e+00,-7.542663299792e-01,4.961053857632e+00
2.077656569041e+00,1.274207404701e-01,5.478503801571e-01,-1.431688021310e-01,-5.075159873548e-01,-7.476724140833e-01,4.936949693679e+00,-7.518532100456e-01,4.958346750633e+00
2.078143114555e+00,1.276879425082e-01,5.505136185390e-01,-1.434163397631e-01,-5.100152610519e-01,-7.452710591398e-01,4.934089601439e+00,-7.494414162535e-01,4.955602604404e+00
2.078629660069e+00,1.279564378598e-01,5.531666904534e-01,-1.436650911660e-01,-5.125053286619e-01,-7.428711047246e-01,4.931192664246e+00,-7.470309666122e-01,4.952821467829e+00
2.079116205583e+00,1.282262215646e-01,5.558095389805e-01,-1.439150518481e-01,-5.149861389791e-01,-7.404725687517e-01,4.928258935440e+00,-7.446218791071e-01,4.950003390229e+00
2.079602751097e+00,1.284972886346e-01,5.584421077582e-01,-1.441662172929e-01,-5.174576413020e-01,-7.380754691087e-01,4.925288468781e+00,-7.422141716997e-01,4.947148421356e+00
2.080089296611e+00,1.287696340549e-01,5.610643409843e-01,-1.444185829596e-01,-5.199197854360e-01,-7.356798236570e-01,4.922281318449e+00,-7.398078623270e-01,4.944256611391e+00
2.080575842125e+00,1.290432527831e-01,5.636761834198e-01,-1.446721442827e-01,-5.223725216959e-01,-7.332856502317e-01,4.919237539034e+00,-7.374029689016e-01,4.941328010944e+00
2.081062387639e+00,1.293181397505e-01,5.662775803910e-01,-1.449268966730e-01,-5.248158009082e-01,-7.308929666412e-01,4.916157185537e+00,-7.349995093113e-01,4.938362671045e+00
2.081548933153e+00,1.295942898617e-01,5.688684777924e-01,-1.451828355174e-01,-5.272495744135e-01,-7.285017906667e-01,4.913040313368e+00,-7.325975014191e-01,4.935360643146e+00
2.082035478667e+00,1.298716979950e-01,5.714488220890e-01,-1.454399561791e-01,-5.296737940691e-01,-7.261121400629e-01,4.909886978338e+00,-7.301969630626e-01,4.932321979115e+00
2.082522024181e+00,1.301503590032e-01,5.740185603189e-01,-1.456982539983e-01,-5.320884122511e-01,-7.237240325568e-01,4.906697236656e+00,-7.277979120543e-01,4.929246731234e+00
2.083008569695e+00,1.304302677130e-01,5.765776400956e-01,-1.459577242919e-01,-5.344933818563e-01,-7.213374858482e-01,4.903471144930e+00,-7.254003661811e-01,4.926134952195e+00
2.083495115209e+00,1.307114189261e-01,5.791260096104e-01,-1.462183623541e-01,-5.368886563052e-01,-7.189525176092e-01,4.900208760158e+00,-7.230043432042e-01,4.922986695098e+00
2.083981660723e+00,1.309938074190e-01,5.816636176346e-01,-1.464801634566e-01,-5.392741895432e-01,-7.165691454840e-01,4.896910139729e+00,-7.206098608588e-01,4.919802013445e+00
2.084468206237e+00,1.312774279434e-01,5.841904135219e-01,-1.467431228487e-01,-5.416499360434e-01,-7.141873870889e-01,4.893575341416e+00,-7.182169368539e-01,4.916580961143e+00
2.084954751751e+00,1.315622752265e-01,5.867063472104e-01,-1.470072357578e-01,-5.440158508082e-01,-7.118072600119e-01,4.890204423373e+00,-7.158255888723e-01,4.913323592492e+00
2.085441297264e+00,1.318483439714e-01,5.892113692246e-01,-1.472724973896e-01,-5.463718893714e-01,-7.094287818126e-01,4.886797444134e+00,-7.134358345703e-01,4.910029962190e+00
2.085927842778e+00,1.321356288570e-01,5.917054306779e-01,-1.475389029280e-01,-5.487180078000e-01,-7.070519700222e-01,4.883354462606e+00,-7.110476915774e-01,4.906700125324e+00
2.086414388292e+00,1.324241245390e-01,5.941884832740e-01,-1.478064475359e-01,-5.510541626966e-01,-7.046768421429e-01,4.879875538069e+00,-7.086611774963e-01,4.903334137371e+00
2.086900933806e+00,1.327138256492e-01,5.966604793092e-01,-1.480751263553e-01,-5.533803112002e-01,-7.023034156482e-01,4.876360730169e+00,-7.062763099025e-01,4.899932054190e+00
2.087387479320e+00,1.330047267969e-01,5.991213716742e-01,-1.483449345072e-01,-5.556964109891e-01,-6.999317079824e-01,4.872810098916e+00,-7.038931063443e-01,4.896493932026e+00
2.087874024834e+00,1.332968225681e-01,6.015711138561e-01,-1.486158670923e-01,-5.580024202816e-01,-6.975617365605e-01,4.869223704682e+00,-7.015115843426e-01,4.893019827497e+00
2.088360570348e+00,1.335901075267e-01,6.040096599397e-01,-1.488879191912e-01,-5.602982978384e-01,-6.951935187679e-01,4.865601608194e+00,-6.991317613905e-01,4.889509797599e+00
2.088847115862e+00,1.338845762142e-01,6.064369646095e-01,-1.491610858642e-01,-5.625840029639e-01,-6.928270719607e-01,4.861943870533e+00,-6.967536549534e-01,4.885963899701e+00
2.089333661376e+00,1.341802231503e-01,6.088529831513e-01,-1.494353621524e-01,-5.648594955074e-01,-6.904624134649e-01,4.858250553130e+00,-6.943772824687e-01,4.882382191538e+00
2.089820206890e+00,1.344770428331e-01,6.112576714539e-01,-1.497107430773e-01,-5.671247358653e-01,-6.880995605767e-01,4.854521717763e+00,-6.920026613455e-01,4.878764731212e+00
2.090306752404e+00,1.347750297393e-01,6.136509860103e-01,-1.499872236410e-01,-5.693796849820e-01,-6.857385305620e-01,4.850757426551e+00,-6.896298089648e-01,4.875111577186e+00
2.090793297918e+00,1.350741783245e-01,6.160328839195e-01,-1.502647988272e-01,-5.716243043516e-01,-6.833793406566e-01,4.846957741953e+00,-6.872587426788e-01,4.871422788283e+00
2.091279843432e+00,1.353744830238e-01,6.184033228877e-01,-1.505434636007e-01,-5.738585560189e-01,-6.810220080657e-01,4.843122726762e+00,-6.848894798110e-01,4.867698423681e+00
2.091766388946e+00,1.356759382518e-01,6.207622612297e-01,-1.508232129081e-01,-5.760824025809e-01,-6.786665499638e-01,4.839252444107e+00,-6.825220376562e-01,4.863938542910e+00
2.092252934460e+00,1.359785384029e-01,6.231096578702e-01,-1.511040416778e-01,-5.782958071881e-01,-6.763129834947e-01,4.835346957440e+00,-6.801564334802e-01,4.860143205850e+00
2.092739479974e+00,1.362822778517e-01,6.254454723449e-01,-1.513859448205e-01,-5.804987335454e-01,-6.739613257714e-01,4.831406330542e+00,-6.777926845192e-01,4.856312472726e+00
2.093226025488e+00,1.365871509532e-01,6.277696648019e-01,-1.516689172293e-01,-5.826911459134e-01,-6.716115938754e-01,4.827430627514e+00,-6.754308079804e-01,4.852446404105e+00
2.093712571002e+00,1.368931520432e-01,6.300821960027e-01,-1.519529537803e-01,-5.848730091096e-01,-6.692638048573e-01,4.823419912774e+00,-6.730708210413e-01,4.848545060895e+00
2.094199116516e+00,1.372002754387e-01,6.323830273231e-01,-1.522380493322e-01,-5.870442885090e-01,-6.669179757361e-01,4.819374251055e+00,-6.707127408497e-01,4.844608504339e+00
2.094685662030e+00,1.375085154378e-01,6.346721207544e-01,-1.525241987274e-01,-5.892049500455e-01,-6.645741234993e-01,4.815293707402e+00,-6.683565845235e-01,4.840636796013e+00
2.095172207544e+00,1.378178663205e-01,6.369494389043e-01,-1.528113967915e-01,-5.913549602124e-01,-6.622322651026e-01,4.811178347165e+00,-6.660023691506e-01,4.836629997823e+00
2.095658753057e+00,1.381283223485e-01,6.392149449977e-01,-1.530996383343e-01,-5.934942860636e-01,-6.598924174700e-01,4.807028235998e+00,-6.636501117886e-01,4.832588172000e+00
2.096145298571e+00,1.384398777660e-01,6.414686028774e-01,-1.533889181493e-01,-5.956228952141e-01,-6.575545974932e-01,4.802843439857e+00,-6.612998294649e-01,4.828511381099e+00
2.096631844085e+00,1.387525267996e-01,6.437103770053e-01,-1.536792310148e-01,-5.977407558412e-01,-6.552188220320e-01,4.798624024993e+00,-6.589515391763e-01,4.824399687995e+00
2.097118389599e+00,1.390662636589e-01,6.459402324626e-01,-1.539705716934e-01,-5.998478366844e-01,-6.528851079138e-01,4.794370057951e+00,-6.566052578889e-01,4.820253155879e+00
2.097604935113e+00,1.393810825366e-01,6.481581349505e-01,-1.542629349329e-01,-6.019441070470e-01,-6.505534719335e-01,4.790081605564e+00,-6.542610025380e-01,4.816071848255e+00
2.098091480627e+00,1.396969776087e-01,6.503640507913e-01,-1.545563154661e-01,-6.040295367958e-01,-6.482239308535e-01,4.785758734953e+00,-6.519187900280e-01,4.811855828937e+00
2.098578026141e+00,1.400139430352e-01,6.525579469283e-01,-1.548507080113e-01,-6.061040963622e-01,-6.458965014034e-01,4.781401513521e+00,-6.495786372321e-01,4.807605162048e+00
2.099164836482e+00,1.403976424317e-01,6.551879122138e-01,-1.552071060286e-01,-6.085916670812e-01,-6.430922808159e-01,4.776100778987e+00,-6.467590024836e-01,4.802432540718e+00
2.099751646822e+00,1.407828799589e-01,6.578002906026e-01,-1.555649591118e-01,-6.110633339161e-01,-6.402911853510e-01,4.770750294910e+00,-6.439424178093e-01,4.797209727782e+00
2.100338457163e+00,1.411696452807e-01,6.603950276450e-01,-1.559242579142e-01,-6.135190482188e-01,-6.374932441671e-01,4.765350181074e+00,-6.411289126285e-01,4.791936837409e+00
2.100925267503e+00,1.415579280294e-01,6.629720703716e-01,-1.562849930606e-01,-6.159587626727e-01,-6.346984863522e-01,4.759900557982e+00,-6.383185162937e-01,4.786613984541e+00
2.101512077844e+00,1.419477178067e-01,6.655313670457e-01,-1.566471551488e-01,-6.183824310893e-01,-6.319069409231e-01,4.754401546611e+00,-6.355112580893e-01,4.781241284651e+00
2.102098888184e+00,1.423390041841e-01,6.680728672407e-01,-1.570107347494e-01,-6.207900084716e-01,-6.291186368260e-01,4.748853268480e+00,-6.327071672320e-01,4.775818853803e+00
2.102685698525e+00,1.427317767042e-01,6.705965218493e-01,-1.573757224073e-01,-6.231814510221e-01,-6.263336029351e-01,4.743255845648e+00,-6.299062728704e-01,4.770346808657e+00
2.103272508866e+00,1.431260248808e-01,6.731022830828e-01,-1.577421086418e-01,-6.255567161425e-01,-6.235518680532e-01,4.737609400703e+00,-6.271086040841e-01,4.764825266460e+00
2.103859319206e+00,1.435217382004e-01,6.755901044716e-01,-1.581098839479e-01,-6.279157624340e-01,-6.207734609107e-01,4.731914056757e+00,-6.243141898840e-01,4.759254345036e+00
2.104446129547e+00,1.439189061225e-01,6.780599408646e-01,-1.584790387961e-01,-6.302585496969e-01,-6.179984101660e-01,4.726169937435e+00,-6.215230592116e-01,4.753634162778e+00
2.105032939887e+00,1.443175180803e-01,6.805117484287e-01,-1.588495636343e-01,-6.325850389304e-01,-6.152267444043e-01,4.720377166865e+00,-6.187352409387e-01,4.747964838644e+00
2.105619750228e+00,1.447175634819e-01,6.829454846481e-01,-1.592214488874e-01,-6.348951923319e-01,-6.124584921383e-01,4.714535869676e+00,-6.159507638673e-01,4.742246492144e+00
2.106206560568e+00,1.451190317108e-01,6.853611083235e-01,-1.595946849586e-01,-6.371889732967e-01,-6.096936818072e-01,4.708646170980e+00,-6.131696567289e-01,4.736479243334e+00
2.106793370909e+00,1.455219121267e-01,6.877585795710e-01,-1.599692622300e-01,-6.394663464169e-01,-6.069323417766e-01,4.702708196371e+00,-6.103919481846e-01,4.730663212806e+00
2.107380181249e+00,1.459261940661e-01,6.901378598212e-01,-1.603451710634e-01,-6.417272774804e-01,-6.041745003382e-01,4.696722071914e+00,-6.076176668244e-01,4.724798521686e+00
2.107966991590e+00,1.463318668435e-01,6.924989118174e-01,-1.607224018006e-01,-6.439717334700e-01,-6.014201857099e-01,4.690687924137e+00,-6.048468411671e-01,4.718885291618e+00
2.108553801930e+00,1.467389197518e-01,6.948416996143e-01,-1.611009447646e-01,-6.461996825623e-01,-5.986694260350e-01,4.684605880020e+00,-6.020794996602e-01,4.712923644761e+00
2.109140612271e+00,1.471473420633e-01,6.971661885765e-01,-1.614807902600e-01,-6.484110941256e-01,-5.959222493820e-01,4.678476066991e+00,-5.993156706790e-01,4.706913703780e+00
2.109727422612e+00,1.475571230301e-01,6.994723453762e-01,-1.618619285737e-01,-6.506059387189e-01,-5.931786837449e-01,4.672298612916e+00,-5.965553825269e-01,4.700855591839e+00
2.110314232952e+00,1.479682518855e-01,7.017601379919e-01,-1.622443499758e-01,-6.527841880903e-01,-5.904387570422e-01,4.666073646087e+00,-5.937986634349e-01,4.694749432590e+00
2.110901043293e+00,1.483807178441e-01,7.040295357052e-01,-1.626280447201e-01,-6.549458151745e-01,-5.877024971171e-01,4.659801295221e+00,-5.910455415612e-01,4.688595350169e+00
2.111487853633e+00,1.487945101029e-01,7.062805090994e-01,-1.630130030448e-01,-6.570907940912e-01,-5.849699317372e-01,4.653481689446e+00,-5.882960449910e-01,4.682393469185e+00
2.112074663974e+00,1.492096178422e-01,7.085130300566e-01,-1.633992151735e-01,-6.592191001432e-01,-5.822410885941e-01,4.647114958296e+00,-5.855502017364e-01,4.676143914715e+00
2.112661474314e+00,1.496260302259e-01,7.107270717551e-01,-1.637866713153e-01,-6.613307098133e-01,-5.795159953034e-01,4.640701231699e+00,-5.828080397358e-01,4.669846812295e+00
2.113248284655e+00,1.500437364028e-01,7.129226086665e-01,-1.641753616662e-01,-6.634256007626e-01,-5.767946794043e-01,4.634240639976e+00,-5.800695868538e-01,4.663502287910e+00
2.113835094995e+00,1.504627255069e-01,7.150996165527e-01,-1.645652764092e-01,-6.655037518275e-01,-5.740771683593e-01,4.627733313825e+00,-5.773348708811e-01,4.657110467992e+00
2.114421905336e+00,1.508829866586e-01,7.172580724631e-01,-1.649564057152e-01,-6.675651430171e-01,-5.713634895543e-01,4.621179384318e+00,-5.746039195340e-01,4.650671479405e+00
2.115008715676e+00,1.513045089648e-01,7.193979547310e-01,-1.653487397440e-01,-6.696097555102e-01,-5.686536702980e-01,4.614578982894e+00,-5.718767604541e-01,4.644185449444e+00
2.115595526017e+00,1.517272815206e-01,7.215192429702e-01,-1.657422686444e-01,-6.716375716523e-01,-5.659477378219e-01,4.607932241346e+00,-5.691534212084e-01,4.637652505825e+00
2.116182336358e+00,1.521512934090e-01,7.236219180714e-01,-1.661369825553e-01,-6.736485749526e-01,-5.632457192801e-01,4.601239291819e+00,-5.664339292887e-01,4.631072776674e+00
2.116769146698e+00,1.525765337025e-01,7.257059621988e-01,-1.665328716063e-01,-6.756427500804e-01,-5.605476417491e-01,4.594500266796e+00,-5.637183121115e-01,4.624446390525e+00
2.117355957039e+00,1.530029914634e-01,7.277713587857e-01,-1.669299259182e-01,-6.776200828618e-01,-5.578535322275e-01,4.587715299098e+00,-5.610065970178e-01,4.617773476311e+00
2.117942767379e+00,1.534306557445e-01,7.298180925308e-01,-1.673281356040e-01,-6.795805602763e-01,-5.551634176359e-01,4.580884521870e+00,-5.582988112728e-01,4.611054163352e+00
2.118529577720e+00,1.538595155903e-01,7.318461493939e-01,-1.677274907693e-01,-6.815241704526e-01,-5.524773248166e-01,4.574008068574e+00,-5.555949820656e-01,4.604288581356e+00
2.119116388060e+00,1.542895600372e-01,7.338555165917e-01,-1.681279815131e-01,-6.834509026652e-01,-5.497952805335e-01,4.567086072988e+00,-5.528951365094e-01,4.597476860402e+00
2.119703198401e+00,1.547207781145e-01,7.358461825932e-01,-1.685295979283e-01,-6.853607473304e-01,-5.471173114720e-01,4.560118669188e+00,-5.501993016406e-01,4.590619130941e+00
2.120290008741e+00,1.551531588451e-01,7.378181371150e-01,-1.689323301028e-01,-6.872536960017e-01,-5.444434442387e-01,4.553105991550e+00,-5.475075044191e-01,4.583715523786e+00
2.120876819082e+00,1.555866912464e-01,7.397713711168e-01,-1.693361681196e-01,-6.891297413660e-01,-5.417737053612e-01,4.546048174737e+00,-5.448197717279e-01,4.576766170100e+00
2.121463629422e+00,1.560213643305e-01,7.417058767964e-01,-1.697411020578e-01,-6.909888772392e-01,-5.391081212881e-01,4.538945353694e+00,-5.421361303730e-01,4.569771201396e+00
2.122050439763e+00,1.564571671057e-01,7.436216475846e-01,-1.701471219935e-01,-6.928310985614e-01,-5.364467183886e-01,4.531797663640e+00,-5.394566070831e-01,4.562730749526e+00
2.122637250103e+00,1.568940885766e-01,7.455186781400e-01,-1.705542179996e-01,-6.946564013927e-01,-5.337895229526e-01,4.524605240061e+00,-5.367812285093e-01,4.555644946675e+00
2.123224060444e+00,1.573321177449e-01,7.473969643439e-01,-1.709623801476e-01,-6.964647829079e-01,-5.311365611903e-01,4.517368218703e+00,-5.341100212253e-01,4.548513925353e+00
2.123810870785e+00,1.577712436104e-01,7.492565032947e-01,-1.713715985072e-01,-6.982562413920e-01,-5.284878592323e-01,4.510086735564e+00,-5.314430117267e-01,4.541337818388e+00
2.124397681125e+00,1.582114551715e-01,7.510972933025e-01,-1.717818631477e-01,-7.000307762352e-01,-5.258434431293e-01,4.502760926888e+00,-5.287802264311e-01,4.534116758921e+00
2.124984491466e+00,1.586527414261e-01,7.529193338830e-01,-1.721931641383e-01,-7.017883879276e-01,-5.232033388518e-01,4.495390929157e+00,-5.261216916781e-01,4.526850880395e+00
2.125571301806e+00,1.590950913720e-01,7.547226257523e-01,-1.726054915487e-01,-7.035290780539e-01,-5.205675722904e-01,4.487976879087e+00,-5.234674337286e-01,4.519540316553e+00
2.126158112147e+00,1.595384940078e-01,7.565071708202e-01,-1.730188354499e-01,-7.052528492883e-01,-5.179361692553e-01,4.480518913616e+00,-5.208174787651e-01,4.512185201429e+00
2.126744922487e+00,1.599829383336e-01,7.582729721850e-01,-1.734331859150e-01,-7.069597053887e-01,-5.153091554761e-01,4.473017169900e+00,-5.181718528914e-01,4.504785669338e+00
2.127331732828e+00,1.604284133516e-01,7.600200341264e-01,-1.738485330193e-01,-7.086496511915e-01,-5.126865566023e-01,4.465471785308e+00,-5.155305821324e-01,4.497341854875e+00
2.127918543168e+00,1.608749080670e-01,7.617483620997e-01,-1.742648668414e-01,-7.103226926053e-01,-5.100683982022e-01,4.457882897412e+00,-5.128936924337e-01,4.489853892905e+00
2.128505353509e+00,1.613224114885e-01,7.634579627294e-01,-1.746821774638e-01,-7.119788366058e-01,-5.074547057637e-01,4.450250643983e+00,-5.102612096621e-01,4.482321918557e+00
2.129092163849e+00,1.617709126288e-01,7.651488438024e-01,-1.751004549731e-01,-7.136180912291e-01,-5.048455046936e-01,4.442575162982e+00,-5.076331596045e-01,4.474746067215e+00
2.129678974190e+00,1.622204005059e-01,7.668210142611e-01,-1.755196894613e-01,-7.152404655662e-01,-5.022408203177e-01,4.434856592555e+00,-5.050095679689e-01,4.467126474516e+00
2.130265784531e+00,1.626708641430e-01,7.684744841973e-01,-1.759398710257e-01,-7.168459697568e-01,-4.996406778809e-01,4.427095071026e+00,-5.023904603831e-01,4.459463276340e+00
2.130852594871e+00,1.631222925699e-01,7.701092648447e-01,-1.763609897701e-01,-7.184346149827e-01,-4.970451025467e-01,4.419290736891e+00,-4.997758623953e-01,4.451756608805e+00
2.131439405212e+00,1.635746748230e-01,7.717253685721e-01,-1.767830358049e-01,-7.200064134617e-01,-4.944541193971e-01,4.411443728811e+00,-4.971657994739e-01,4.444006608260e+00
2.132026215552e+00,1.640279999466e-01,7.733228088759e-01,-1.772059992484e-01,-7.215613784410e-01,-4.918677534331e-01,4.403554185606e+00,-4.945602970071e-01,4.436213411278e+00
2.132613025893e+00,1.644822569930e-01,7.749016003736e-01,-1.776298702265e-01,-7.230995241907e-01,-4.892860295739e-01,4.395622246251e+00,-4.919593803027e-01,4.428377154651e+00
2.133199836233e+00,1.649374350236e-01,7.764617587958e-01,-1.780546388741e-01,-7.246208659972e-01,-4.867089726571e-01,4.387648049863e+00,-4.893630745884e-01,4.420497975384e+00
2.133786646574e+00,1.653935231091e-01,7.780033009789e-01,-1.784802953352e-01,-7.261254201563e-01,-4.841366074388e-01,4.379631735703e+00,-4.867714050115e-01,4.412576010686e+00
2.134373456914e+00,1.658505103307e-01,7.795262448575e-01,-1.789068297637e-01,-7.276132039661e-01,-4.815689585932e-01,4.371573443166e+00,-4.841843966385e-01,4.404611397967e+00
2.134960267255e+00,1.663083857803e-01,7.810306094571e-01,-1.793342323241e-01,-7.290842357207e-01,-4.790060507127e-01,4.363473311774e+00,-4.816020744555e-01,4.396604274830e+00
2.135547077595e+00,1.667671385612e-01,7.825164148857e-01,-1.797624931916e-01,-7.305385347023e-01,-4.764479083079e-01,4.355331481173e+00,-4.790244633674e-01,4.388554779064e+00
2.136133887936e+00,1.672267577889e-01,7.839836823264e-01,-1.801916025532e-01,-7.319761211748e-01,-4.738945558072e-01,4.347148091123e+00,-4.764515881985e-01,4.380463048642e+00
2.136720698277e+00,1.676872325918e-01,7.854324340295e-01,-1.806215506081e-01,-7.333970163760e-01,-4.713460175571e-01,4.338923281499e+00,-4.738834736921e-01,4.372329221711e+00
2.137307508617e+00,1.681485521113e-01,7.868626933038e-01,-1.810523275683e-01,-7.348012425105e-01,-4.688023178220e-01,4.330657192276e+00,-4.713201445101e-01,4.364153436587e+00
2.137894318958e+00,1.686107055032e-01,7.882744845094e-01,-1.814839236588e-01,-7.361888227422e-01,-4.662634807841e-01,4.322349963531e+00,-4.687616252336e-01,4.355935831748e+00
2.138481129298e+00,1.690736819376e-01,7.896678330484e-01,-1.819163291189e-01,-7.375597811871e-01,-4.637295305433e-01,4.314001735434e+00,-4.662079403620e-01,4.347676545834e+00
2.139067939639e+00,1.695374705998e-01,7.910427653575e-01,-1.823495342020e-01,-7.389141429049e-01,-4.612004911174e-01,4.305612648244e+00,-4.636591143134e-01,4.339375717631e+00
2.139654749979e+00,1.700020606913e-01,7.923993088991e-01,-1.827835291766e-01,-7.402519338924e-01,-4.586763864417e-01,4.297182842299e+00,-4.611151714247e-01,4.331033486077e+00
2.140241560320e+00,1.704674414294e-01,7.937374921527e-01,-1.832183043268e-01,-7.415731810748e-01,-4.561572403691e-01,4.288712458018e+00,-4.585761359508e-01,4.322649990244e+00
2.140828370660e+00,1.709336020490e-01,7.950573446067e-01,-1.836538499526e-01,-7.428779122983e-01,-4.536430766704e-01,4.280201635888e+00,-4.560420320653e-01,4.314225369345e+00
2.141415181001e+00,1.714005318023e-01,7.963588967493e-01,-1.840901563708e-01,-7.441661563223e-01,-4.511339190334e-01,4.271650516465e+00,-4.535128838599e-01,4.305759762716e+00
2.142001991341e+00,1.718682199597e-01,7.976421800600e-01,-1.845272139151e-01,-7.454379428109e-01,-4.486297910640e-01,4.263059240364e+00,-4.509887153445e-01,4.297253309821e+00
2.142588801682e+00,1.723366558103e-01,7.989072270006e-01,-1.849650129372e-01,-7.466933023254e-01,-4.461307162851e-01,4.254427948255e+00,-4.484695504472e-01,4.288706150240e+00
2.143175612023e+00,1.728058286627e-01,8.001540710065e-01,-1.854035438066e-01,-7.479322663157e-01,-4.436367181374e-01,4.245756780861e+00,-4.459554130140e-01,4.280118423665e+00
2.143762422363e+00,1.732757278453e-01,8.013827464775e-01,-1.858427969119e-01,-7.491548671123e-01,-4.411478199786e-01,4.237045878948e+00,-4.434463268092e-01,4.271490269896e+00
2.144349232704e+00,1.737463427071e-01,8.025932887689e-01,-1.862827626607e-01,-7.503611379180e-01,-4.386640450841e-01,4.228295383323e+00,-4.409423155147e-01,4.262821828835e+00
2.144936043044e+00,1.742176626178e-01,8.037857341821e-01,-1.867234314804e-01,-7.515511127995e-01,-4.361854166466e-01,4.219505434828e+00,-4.384434027305e-01,4.254113240479e+00
2.145522853385e+00,1.746896769691e-01,8.049601199555e-01,-1.871647938185e-01,-7.527248266789e-01,-4.337119577762e-01,4.210676174335e+00,-4.359496119743e-01,4.245364644916e+00
2.146109663725e+00,1.751623751745e-01,8.061164842556e-01,-1.876068401435e-01,-7.538823153254e-01,-4.312436915001e-01,4.201807742741e+00,-4.334609666816e-01,4.236576182323e+00
2.146696474066e+00,1.756357466703e-01,8.072548661669e-01,-1.880495609451e-01,-7.550236153464e-01,-4.287806407630e-01,4.192900280965e+00,-4.309774902058e-01,4.227747992954e+00
2.147283284406e+00,1.761097809159e-01,8.083753056833e-01,-1.884929467344e-01,-7.561487641794e-01,-4.263228284269e-01,4.183953929941e+00,-4.284992058175e-01,4.218880217141e+00
2.147870094747e+00,1.765844673947e-01,8.094778436978e-01,-1.889369880451e-01,-7.572578000827e-01,-4.238702772710e-01,4.174968830612e+00,-4.260261367056e-01,4.209972995284e+00
2.148456905087e+00,1.770597956140e-01,8.105625219939e-01,-1.893816754333e-01,-7.583507621271e-01,-4.214230099920e-01,4.165945123931e+00,-4.235583059759e-01,4.201026467852e+00
2.149043715428e+00,1.775357551062e-01,8.116293832349e-01,-1.898269994786e-01,-7.594276901871e-01,-4.189810492035e-01,4.156882950850e+00,-4.210957366523e-01,4.192040775372e+00
2.149630525769e+00,1.780123354287e-01,8.126784709554e-01,-1.902729507838e-01,-7.604886249316e-01,-4.165444174369e-01,4.147782452318e+00,-4.186384516759e-01,4.183016058428e+00
2.150217336109e+00,1.784895261650e-01,8.137098295506e-01,-1.907195199762e-01,-7.615336078157e-01,-4.141131371404e-01,4.138643769279e+00,-4.161864739055e-01,4.173952457653e+00
2.150804146450e+00,1.789673169246e-01,8.147235042672e-01,-1.911666977073e-01,-7.625626810710e-01,-4.116872306797e-01,4.129467042664e+00,-4.137398261172e-01,4.164850113728e+00
2.151390956790e+00,1.794456973439e-01,8.157195411931e-01,-1.916144746539e-01,-7.635758876971e-01,-4.092667203380e-01,4.120252413387e+00,-4.112985310046e-01,4.155709167375e+00
2.151977767131e+00,1.799246570868e-01,8.166979872479e-01,-1.920628415182e-01,-7.645732714523e-01,-4.068516283156e-01,4.111000022342e+00,-4.088626111786e-01,4.146529759351e+00
2.152564577471e+00,1.804041858447e-01,8.176588901729e-01,-1.925117890281e-01,-7.655548768447e-01,-4.044419767300e-01,4.101710010400e+00,-4.064320891678e-01,4.137312030446e+00
2.153151387812e+00,1.808842733374e-01,8.186022985210e-01,-1.929613079380e-01,-7.665207491226e-01,-4.020377876164e-01,4.092382518400e+00,-4.040069874178e-01,4.128056121478e+00
2.153738198152e+00,1.813649093133e-01,8.195282616465e-01,-1.934113890290e-01,-7.674709342659e-01,-3.996390829270e-01,4.083017687151e+00,-4.015873282918e-01,4.118762173284e+00
2.154325008493e+00,1.818460835502e-01,8.204368296956e-01,-1.938620231096e-01,-7.684054789763e-01,-3.972458845317e-01,4.073615657424e+00,-3.991731340703e-01,4.109430326724e+00
2.154911818833e+00,1.823277858553e-01,8.213280535959e-01,-1.943132010156e-01,-7.693244306685e-01,-3.948582142176e-01,4.064176569946e+00,-3.967644269511e-01,4.100060722669e+00
2.155498629174e+00,1.828100060662e-01,8.222019850462e-01,-1.947649136109e-01,-7.702278374605e-01,-3.924760936893e-01,4.054700565403e+00,-3.943612290494e-01,4.090653501998e+00
2.156085439515e+00,1.832927340507e-01,8.230586765066e-01,-1.952171517881e-01,-7.711157481642e-01,-3.900995445688e-01,4.045187784430e+00,-3.919635623976e-01,4.081208805598e+00
2.156672249855e+00,1.837759597080e-01,8.238981811881e-01,-1.956699064684e-01,-7.719882122765e-01,-3.877285883957e-01,4.035638367607e+00,-3.895714489455e-01,4.071726774354e+00
2.157259060196e+00,1.842596729684e-01,8.247205530422e-01,-1.961231686022e-01,-7.728452799694e-01,-3.853632466271e-01,4.026052455460e+00,-3.871849105604e-01,4.062207549148e+00
2.157845870536e+00,1.847438637943e-01,8.255258467511e-01,-1.965769291698e-01,-7.736870020805e-01,-3.830035406376e-01,4.016430188454e+00,-3.848039690265e-01,4.052651270854e+00
2.158432680877e+00,1.852285221804e-01,8.263141177166e-01,-1.970311791812e-01,-7.745134301038e-01,-3.806494917193e-01,4.006771706989e+00,-3.824286460459e-01,4.043058080333e+00
2.159019491217e+00,1.857136381539e-01,8.270854220507e-01,-1.974859096770e-01,-7.753246161800e-01,-3.783011210822e-01,3.997077151396e+00,-3.800589632375e-01,4.033428118432e+00
2.159606301558e+00,1.861992017753e-01,8.278398165644e-01,-1.979411117287e-01,-7.761206130869e-01,-3.759584498537e-01,3.987346661936e+00,-3.776949421380e-01,4.023761525975e+00
2.160193111898e+00,1.866852031387e-01,8.285773587576e-01,-1.983967764387e-01,-7.769014742299e-01,-3.736214990791e-01,3.977580378794e+00,-3.753366042012e-01,4.014058443763e+00
2.160779922239e+00,1.871716323719e-01,8.292981068088e-01,-1.988528949410e-01,-7.776672536322e-01,-3.712902897214e-01,3.967778442077e+00,-3.729839707983e-01,4.004319012567e+00
2.161366732579e+00,1.876584796374e-01,8.300021195645e-01,-1.993094584015e-01,-7.784180059257e-01,-3.689648426614e-01,3.957940991809e+00,-3.706370632180e-01,3.994543373127e+00
2.161953542920e+00,1.881457351320e-01,8.306894565285e-01,-1.997664580184e-01,-7.791537863404e-01,-3.666451786977e-01,3.948068167928e+00,-3.682959026665e-01,3.984731666147e+00
2.162540353261e+00,1.886333890880e-01,8.313601778518e-01,-2.002238850225e-01,-7.798746506956e-01,-3.643313185469e-01,3.938160110284e+00,-3.659605102672e-01,3.974884032288e+00
2.163127163601e+00,1.891214317729e-01,8.320143443219e-01,-2.006817306772e-01,-7.805806553897e-01,-3.620232828436e-01,3.928216958635e+00,-3.636309070611e-01,3.965000612170e+00
2.163713973942e+00,1.896098534902e-01,8.326520173522e-01,-2.011399862797e-01,-7.812718573906e-01,-3.597210921402e-01,3.918238852643e+00,-3.613071140068e-01,3.955081546365e+00
2.164300784282e+00,1.900986445796e-01,8.332732589714e-01,-2.015986431603e-01,-7.819483142260e-01,-3.574247669075e-01,3.908225931870e+00,-3.589891519803e-01,3.945126975391e+00
2.164887594623e+00,1.905877954172e-01,8.338781318132e-01,-2.020576926835e-01,-7.826100839736e-01,-3.551343275341e-01,3.898178335779e+00,-3.566770417752e-01,3.935137039713e+00
2.165474404963e+00,1.910772964164e-01,8.344666991053e-01,-2.025171262480e-01,-7.832572252514e-01,-3.528497943271e-01,3.888096203725e+00,-3.543708041026e-01,3.925111879737e+00
2.166061215304e+00,1.915671380276e-01,8.350390246591e-01,-2.029769352870e-01,-7.838897972076e-01,-3.505711875115e-01,3.877979674956e+00,-3.520704595913e-01,3.915051635805e+00
2.166648025644e+00,1.920573107388e-01,8.355951728592e-01,-2.034371112685e-01,-7.845078595114e-01,-3.482985272311e-01,3.867828888611e+00,-3.497760287879e-01,3.904956448194e+00
2.167234835985e+00,1.925478050760e-01,8.361352086523e-01,-2.038976456959e-01,-7.851114723424e-01,-3.460318335475e-01,3.857643983711e+00,-3.474875321565e-01,3.894826457113e+00
2.167821646325e+00,1.930386116036e-01,8.366591975370e-01,-2.043585301077e-01,-7.857006963817e-01,-3.437711264413e-01,3.847425099163e+00,-3.452049900790e-01,3.884661802696e+00
2.168408456666e+00,1.935297209244e-01,8.371672055531e-01,-2.048197560785e-01,-7.862755928011e-01,-3.415164258113e-01,3.837172373754e+00,-3.429284228551e-01,3.874462625000e+00
2.168995267007e+00,1.940211236802e-01,8.376592992708e-01,-2.052813152187e-01,-7.868362232541e-01,-3.392677514750e-01,3.826885946146e+00,-3.406578507024e-01,3.864229064006e+00
2.169582077347e+00,1.945128105521e-01,8.381355457803e-01,-2.057431991752e-01,-7.873826498656e-01,-3.370251231685e-01,3.816565954878e+00,-3.383932937563e-01,3.853961259607e+00
2.170168887688e+00,1.950047722605e-01,8.385960126809e-01,-2.062053996314e-01,-7.879149352222e-01,-3.347885605467e-01,3.806212538360e+00,-3.361347720702e-01,3.843659351614e+00
2.170755698028e+00,1.954969995658e-01,8.390407680705e-01,-2.066679083075e-01,-7.884331423623e-01,-3.325580831834e-01,3.795825834870e+00,-3.338823056154e-01,3.833323479747e+00
2.171342508369e+00,1.959894832685e-01,8.394698805351e-01,-2.071307169610e-01,-7.889373347663e-01,-3.303337105711e-01,3.785405982555e+00,-3.316359142813e-01,3.822953783631e+00
2.171929318709e+00,1.964822142093e-01,8.398834191378e-01,-2.075938173865e-01,-7.894275763468e-01,-3.281154621215e-01,3.774953119424e+00,-3.293956178753e-01,3.812550402798e+00
2.172516129050e+00,1.969751832698e-01,8.402814534087e-01,-2.080572014164e-01,-7.899039314388e-01,-3.259033571651e-01,3.764467383346e+00,-3.271614361232e-01,3.802113476679e+00
2.173102939390e+00,1.974683813724e-01,8.406640533335e-01,-2.085208609211e-01,-7.903664647894e-01,-3.236974149518e-01,3.753948912052e+00,-3.249333886687e-01,3.791643144605e+00
2.173689749731e+00,1.979617994808e-01,8.410312893439e-01,-2.089847878089e-01,-7.908152415489e-01,-3.214976546505e-01,3.743397843128e+00,-3.227114950740e-01,3.781139545801e+00
2.174276560071e+00,1.984554286000e-01,8.413832323061e-01,-2.094489740265e-01,-7.912503272600e-01,-3.193040953495e-01,3.732814314013e+00,-3.204957748195e-01,3.770602819381e+00
2.174863370412e+00,1.989492597768e-01,8.417199535106e-01,-2.099134115592e-01,-7.916717878485e-01,-3.171167560566e-01,3.722198461998e+00,-3.182862473040e-01,3.760033104353e+00
2.175450180753e+00,1.994432841000e-01,8.420415246616e-01,-2.103780924311e-01,-7.920796896135e-01,-3.149356556989e-01,3.711550424224e+00,-3.160829318449e-01,3.749430539607e+00
2.176036991093e+00,1.999374927005e-01,8.423480178665e-01,-2.108430087053e-01,-7.924740992175e-01,-3.127608131231e-01,3.700870337677e+00,-3.138858476780e-01,3.738795263919e+00
2.176623801434e+00,2.004318767518e-01,8.426395056250e-01,-2.113081524842e-01,-7.928550836763e-01,-3.105922470957e-01,3.690158339191e+00,-3.116950139577e-01,3.728127415942e+00
2.177210611774e+00,2.009264274698e-01,8.429160608189e-01,-2.117735159094e-01,-7.932227103500e-01,-3.084299763028e-01,3.679414565438e+00,-3.095104497572e-01,3.717427134209e+00
2.177797422115e+00,2.014211361134e-01,8.431777567016e-01,-2.122390911624e-01,-7.935770469323e-01,-3.062740193504e-01,3.668639152934e+00,-3.073321740682e-01,3.706694557128e+00
2.178384232455e+00,2.019159939847e-01,8.434246668873e-01,-2.127048704643e-01,-7.939181614415e-01,-3.041243947644e-01,3.657832238031e+00,-3.051602058015e-01,3.695929822977e+00
2.178971042796e+00,2.024109924289e-01,8.436568653406e-01,-2.131708460763e-01,-7.942461222104e-01,-3.019811209909e-01,3.646993956917e+00,-3.029945637866e-01,3.685133069905e+00
2.179557853136e+00,2.029061228349e-01,8.438744263662e-01,-2.136370102999e-01,-7.945609978766e-01,-2.998442163958e-01,3.636124445616e+00,-3.008352667721e-01,3.674304435928e+00
2.180144663477e+00,2.034013766351e-01,8.440774245984e-01,-2.141033554768e-01,-7.948628573729e-01,-2.977136992657e-01,3.625223839981e+00,-2.986823334255e-01,3.663444058925e+00
2.180731473817e+00,2.038967453060e-01,8.442659349905e-01,-2.145698739893e-01,-7.951517699175e-01,-2.955895878071e-01,3.614292275698e+00,-2.965357823337e-01,3.652552076637e+00
2.181318284158e+00,2.043922203680e-01,8.444400328045e-01,-2.150365582603e-01,-7.954278050045e-01,-2.934719001471e-01,3.603329888278e+00,-2.943956320024e-01,3.641628626664e+00
2.181905094499e+00,2.048877933859e-01,8.445997936008e-01,-2.155034007537e-01,-7.956910323942e-01,-2.913606543334e-01,3.592336813061e+00,-2.922619008570e-01,3.630673846464e+00
2.182491904839e+00,2.053834559687e-01,8.447452932278e-01,-2.159703939744e-01,-7.959415221033e-01,-2.892558683342e-01,3.581313185208e+00,-2.901346072421e-01,3.619687873348e+00
2.183078715180e+00,2.058791997703e-01,8.448766078115e-01,-2.164375304683e-01,-7.961793443956e-01,-2.871575600385e-01,3.570259139706e+00,-2.880137694217e-01,3.608670844477e+00
2.183665525520e+00,2.063750164891e-01,8.449938137453e-01,-2.169048028228e-01,-7.964045697722e-01,-2.850657472561e-01,3.559174811359e+00,-2.858994055795e-01,3.597622896865e+00
2.184252335861e+00,2.068708978685e-01,8.450969876797e-01,-2.173722036666e-01,-7.966172689620e-01,-2.829804477179e-01,3.548060334794e+00,-2.837915338187e-01,3.586544167371e+00
2.184839146201e+00,2.073668356969e-01,8.451862065121e-01,-2.178397256701e-01,-7.968175129123e-01,-2.809016790756e-01,3.536915844452e+00,-2.816901721625e-01,3.575434792699e+00
2.185425956542e+00,2.078628218079e-01,8.452615473764e-01,-2.183073615453e-01,-7.970053727792e-01,-2.788294589024e-01,3.525741474590e+00,-2.795953385535e-01,3.564294909396e+00
2.186012766882e+00,2.083588480806e-01,8.453230876331e-01,-2.187751040460e-01,-7.971809199182e-01,-2.767638046923e-01,3.514537359279e+00,-2.775070508547e-01,3.553124653848e+00
2.186599577223e+00,2.088549064394e-01,8.453709048592e-01,-2.192429459679e-01,-7.973442258747e-01,-2.747047338612e-01,3.503303632404e+00,-2.754253268487e-01,3.541924162281e+00
2.187186387563e+00,2.093509888542e-01,8.454050768376e-01,-2.197108801488e-01,-7.974953623746e-01,-2.726522637462e-01,3.492040427659e+00,-2.733501842385e-01,3.530693570755e+00
2.187773197904e+00,2.098470873407e-01,8.454256815478e-01,-2.201788994687e-01,-7.976344013150e-01,-2.706064116059e-01,3.480747878547e+00,-2.712816406471e-01,3.519433015166e+00
2.188360008244e+00,2.103431939606e-01,8.454327971551e-01,-2.206469968498e-01,-7.977614147548e-01,-2.685671946209e-01,3.469426118378e+00,-2.692197136179e-01,3.508142631240e+00
2.188946818585e+00,2.108393008212e-01,8.454265020012e-01,-2.211151652565e-01,-7.978764749053e-01,-2.665346298935e-01,3.458075280272e+00,-2.671644206149e-01,3.496822554533e+00
2.189533628926e+00,2.113354000759e-01,8.454068745938e-01,-2.215833976958e-01,-7.979796541212e-01,-2.645087344479e-01,3.446695497148e+00,-2.651157790221e-01,3.485472920430e+00
2.190120439266e+00,2.118314839244e-01,8.453739935970e-01,-2.220516872170e-01,-7.980710248911e-01,-2.624895252303e-01,3.435286901733e+00,-2.630738061447e-01,3.474093864141e+00
2.190707249607e+00,2.123275446125e-01,8.453279378215e-01,-2.225200269122e-01,-7.981506598285e-01,-2.604770191093e-01,3.423849626554e+00,-2.610385192081e-01,3.462685520698e+00
2.191294059947e+00,2.128235744322e-01,8.452687862144e-01,-2.229884099160e-01,-7.982186316624e-01,-2.584712328756e-01,3.412383803938e+00,-2.590099353589e-01,3.451248024959e+00
2.191880870288e+00,2.133195657219e-01,8.451966178495e-01,-2.234568294057e-01,-7.982750132283e-01,-2.564721832424e-01,3.400889566014e+00,-2.569880716644e-01,3.439781511597e+00
2.192467680628e+00,2.138155108665e-01,8.451115119180e-01,-2.239252786015e-01,-7.983198774592e-01,-2.544798868453e-01,3.389367044706e+00,-2.549729451129e-01,3.428286115108e+00
2.193054490969e+00,2.143114022974e-01,8.450135477181e-01,-2.243937507662e-01,-7.983532973764e-01,-2.524943602427e-01,3.377816371736e+00,-2.529645726141e-01,3.416761969800e+00
2.193641301309e+00,2.148072324926e-01,8.449028046459e-01,-2.248622392057e-01,-7.983753460806e-01,-2.505156199158e-01,3.366237678622e+00,-2.509629709985e-01,3.405209209799e+00
2.194228111650e+00,2.153029939764e-01,8.447793621857e-01,-2.253307372687e-01,-7.983860967428e-01,-2.485436822684e-01,3.354631096676e+00,-2.489681570184e-01,3.393627969042e+00
2.194814921990e+00,2.157986793202e-01,8.446432999002e-01,-2.257992383469e-01,-7.983856225956e-01,-2.465785636276e-01,3.342996757003e+00,-2.469801473473e-01,3.382018381278e+00
2.195401732331e+00,2.162942811420e-01,8.444946974211e-01,-2.262677358750e-01,-7.983739969240e-01,-2.446202802434e-01,3.331334790501e+00,-2.449989585803e-01,3.370380580064e+00
2.195988542672e+00,2.167897921062e-01,8.443336344396e-01,-2.267362233306e-01,-7.983512930569e-01,-2.426688482893e-01,3.319645327859e+00,-2.430246072342e-01,3.358714698767e+00
2.196575353012e+00,2.172852049245e-01,8.441601906973e-01,-2.272046942344e-01,-7.983175843580e-01,-2.407242838620e-01,3.307928499555e+00,-2.410571097477e-01,3.347020870558e+00
2.197162163353e+00,2.177805123550e-01,8.439744459764e-01,-2.276731421503e-01,-7.982729442171e-01,-2.387866029817e-01,3.296184435856e+00,-2.390964824812e-01,3.335299228414e+00
2.197748973693e+00,2.182757072029e-01,8.437764800905e-01,-2.281415606851e-01,-7.982174460417e-01,-2.368558215922e-01,3.284413266818e+00,-2.371427417174e-01,3.323549905115e+00
2.198335784034e+00,2.187707823199e-01,8.435663728755e-01,-2.286099434887e-01,-7.981511632480e-01,-2.349319555612e-01,3.272615122284e+00,-2.351959036609e-01,3.311773033242e+00
2.198922594374e+00,2.192657306050e-01,8.433442041803e-01,-2.290782842542e-01,-7.980741692523e-01,-2.330150206802e-01,3.260790131882e+00,-2.332559844386e-01,3.299968745175e+00
2.199509404715e+00,2.197605450038e-01,8.431100538576e-01,-2.295465767176e-01,-7.979865374626e-01,-2.311050326645e-01,3.248938425026e+00,-2.313230000998e-01,3.288137173095e+00
2.200096215055e+00,2.202552185086e-01,8.428640017547e-01,-2.300148146581e-01,-7.978883412701e-01,-2.292020071538e-01,3.237060130914e+00,-2.293969666165e-01,3.276278448979e+00
2.200683025396e+00,2.207497441590e-01,8.426061277047e-01,-2.304829918980e-01,-7.977796540404e-01,-2.273059597119e-01,3.225155378527e+00,-2.274778998830e-01,3.264392704599e+00
2.201269835736e+00,2.212441150409e-01,8.423365115175e-01,-2.309511023025e-01,-7.976605491054e-01,-2.254169058271e-01,3.213224296629e+00,-2.255658157165e-01,3.252480071521e+00
2.201856646077e+00,2.217383242875e-01,8.420552329704e-01,-2.314191397798e-01,-7.975310997551e-01,-2.235348609119e-01,3.201267013767e+00,-2.236607298570e-01,3.240540681107e+00
2.202443456418e+00,2.222323650786e-01,8.417623717998e-01,-2.318870982813e-01,-7.973913792285e-01,-2.216598403039e-01,3.189283658266e+00,-2.217626579675e-01,3.228574664506e+00
2.203030266758e+00,2.227262306406e-01,8.414580076920e-01,-2.323549718013e-01,-7.972414607063e-01,-2.197918592650e-01,3.177274358234e+00,-2.198716156341e-01,3.216582152662e+00
2.203617077099e+00,2.232199142470e-01,8.411422202747e-01,-2.328227543767e-01,-7.970814173020e-01,-2.179309329823e-01,3.165239241557e+00,-2.179876183662e-01,3.204563276305e+00
2.204203887439e+00,2.237134092177e-01,8.408150891079e-01,-2.332904400879e-01,-7.969113220539e-01,-2.160770765678e-01,3.153178435901e+00,-2.161106815964e-01,3.192518165955e+00
2.204790697780e+00,2.242067089195e-01,8.404766936756e-01,-2.337580230574e-01,-7.967312479173e-01,-2.142303050586e-01,3.141092068709e+00,-2.142408206808e-01,3.180446951918e+00
2.205377508120e+00,2.246998067657e-01,8.401271133773e-01,-2.342254974512e-01,-7.965412677559e-01,-2.123906334173e-01,3.128980267202e+00,-2.123780508993e-01,3.168349764283e+00
2.205964318461e+00,2.251926962161e-01,8.397664275188e-01,-2.346928574775e-01,-7.963414543343e-01,-2.105580765316e-01,3.116843158378e+00,-2.105223874552e-01,3.156226732929e+00
2.206551128801e+00,2.256853707771e-01,8.393947153047e-01,-2.351600973874e-01,-7.961318803096e-01,-2.087326492150e-01,3.104680869010e+00,-2.086738454759e-01,3.144077987513e+00
2.207137939142e+00,2.261778240016e-01,8.390120558290e-01,-2.356272114746e-01,-7.959126182238e-01,-2.069143662065e-01,3.092493525650e+00,-2.068324400128e-01,3.131903657476e+00
2.207724749482e+00,2.266700494887e-01,8.386185280675e-01,-2.360941940752e-01,-7.956837404960e-01,-2.051032421711e-01,3.080281254621e+00,-2.049981860411e-01,3.119703872042e+00
2.208311559823e+00,2.271620408840e-01,8.382142108692e-01,-2.365610395680e-01,-7.954453194144e-01,-2.032992916994e-01,3.068044182024e+00,-2.031710984606e-01,3.107478760213e+00
2.208898370164e+00,2.276537918792e-01,8.377991829480e-01,-2.370277423739e-01,-7.951974271286e-01,-2.015025293085e-01,3.055782433733e+00,-2.013511920952e-01,3.095228450770e+00
2.209485180504e+00,2.281452962122e-01,8.373735228746e-01,-2.374942969562e-01,-7.949401356420e-01,-1.997129694414e-01,3.043496135394e+00,-1.995384816934e-01,3.082953072274e+00
2.210071990845e+00,2.286365476669e-01,8.369373090686e-01,-2.379606978206e-01,-7.946735168042e-01,-1.979306264675e-01,3.031185412429e+00,-1.977329819285e-01,3.070652753061e+00
2.210658801185e+00,2.291275400733e-01,8.364906197901e-01,-2.384269395146e-01,-7.943976423034e-01,-1.961555146828e-01,3.018850390032e+00,-1.959347073981e-01,3.058327621246e+00
2.211245611526e+00,2.296182673072e-01,8.360335331320e-01,-2.388930166279e-01,-7.941125836588e-01,-1.943876483096e-01,3.006491193168e+00,-1.941436726252e-01,3.045977804716e+00
2.211832421866e+00,2.301087232901e-01,8.355661270121e-01,-2.393589237921e-01,-7.938184122136e-01,-1.926270414973e-01,2.994107946575e+00,-1.923598920575e-01,3.033603431135e+00
2.212419232207e+00,2.305989019893e-01,8.350884791650e-01,-2.398246556807e-01,-7.935151991268e-01,-1.908737083219e-01,2.981700774763e+00,-1.905833800680e-01,3.021204627940e+00
2.213006042547e+00,2.310887974176e-01,8.346006671344e-01,-2.402902070086e-01,-7.932030153666e-01,-1.891276627865e-01,2.969269802013e+00,-1.888141509548e-01,3.008781522342e+00
2.213592852888e+00,2.315784036332e-01,8.341027682656e-01,-2.407555725325e-01,-7.928819317028e-01,-1.873889188214e-01,2.956815152377e+00,-1.870522189417e-01,2.996334241321e+00
2.214179663228e+00,2.320677147397e-01,8.335948596978e-01,-2.412207470507e-01,-7.925520186998e-01,-1.856574902841e-01,2.944336949677e+00,-1.852975981778e-01,2.983862911632e+00
2.214766473569e+00,2.325567248859e-01,8.330770183561e-01,-2.416857254026e-01,-7.922133467091e-01,-1.839333909595e-01,2.931835317509e+00,-1.835503027380e-01,2.971367659797e+00
2.215353283910e+00,2.330454282655e-01,8.325493209447e-01,-2.421505024689e-01,-7.918659858625e-01,-1.822166345600e-01,2.919310379233e+00,-1.818103466229e-01,2.958848612112e+00
2.215940094250e+00,2.335338191176e-01,8.320118439387e-01,-2.426150731714e-01,-7.915100060652e-01,-1.805072347259e-01,2.906762257985e+00,-1.800777437594e-01,2.946305894639e+00
2.216526904591e+00,2.340218917255e-01,8.314646635772e-01,-2.430794324729e-01,-7.911454769882e-01,-1.788052050250e-01,2.894191076668e+00,-1.783525080001e-01,2.933739633209e+00
2.217113714931e+00,2.345096404176e-01,8.309078558559e-01,-2.435435753769e-01,-7.907724680623e-01,-1.771105589533e-01,2.881596957954e+00,-1.766346531240e-01,2.921149953422e+00
2.217700525272e+00,2.349970595667e-01,8.303414965197e-01,-2.440074969277e-01,-7.903910484704e-01,-1.754233099346e-01,2.868980024287e+00,-1.749241928365e-01,2.908536980645e+00
2.218287335612e+00,2.354841435899e-01,8.297656610558e-01,-2.444711922100e-01,-7.900012871414e-01,-1.737434713213e-01,2.856340397878e+00,-1.732211407694e-01,2.895900840011e+00
2.218874145953e+00,2.359708869487e-01,8.291804246861e-01,-2.449346563490e-01,-7.896032527428e-01,-1.720710563938e-01,2.843678200708e+00,-1.715255104812e-01,2.883241656419e+00
2.219460956293e+00,2.364572841484e-01,8.285858623607e-01,-2.453978845100e-01,-7.891970136749e-01,-1.704060783612e-01,2.830993554527e+00,-1.698373154572e-01,2.870559554536e+00
2.220047766634e+00,2.369433297385e-01,8.279820487507e-01,-2.458608718984e-01,-7.887826380632e-01,-1.687485503612e-01,2.818286580855e+00,-1.681565691095e-01,2.857854658791e+00
2.220634576974e+00,2.374290183119e-01,8.273690582410e-01,-2.463236137595e-01,-7.883601937528e-01,-1.670984854601e-01,2.805557400981e+00,-1.664832847775e-01,2.845127093378e+00
2.221221387315e+00,2.379143445053e-01,8.267469649240e-01,-2.467861053784e-01,-7.879297483012e-01,-1.654558966533e-01,2.792806135961e+00,-1.648174757274e-01,2.832376982259e+00
2.221808197656e+00,2.383993029988e-01,8.261158425925e-01,-2.472483420795e-01,-7.874913689724e-01,-1.638207968651e-01,2.780032906623e+00,-1.631591551532e-01,2.819604449154e+00
2.222395007996e+00,2.388838885155e-01,8.254757647330e-01,-2.477103192270e-01,-7.870451227303e-01,-1.621931989490e-01,2.767237833561e+00,-1.615083361759e-01,2.806809617551e+00
2.222981818337e+00,2.393680958219e-01,8.248268045191e-01,-2.481720322239e-01,-7.865910762323e-01,-1.605731156879e-01,2.754421037140e+00,-1.598650318445e-01,2.793992610698e+00
2.223568628677e+00,2.398519197269e-01,8.241690348052e-01,-2.486334765124e-01,-7.861292958234e-01,-1.589605597939e-01,2.741582637494e+00,-1.582292551354e-01,2.781153551608e+00
2.224155439018e+00,2.403353550824e-01,8.235025281194e-01,-2.490946475737e-01,-7.856598475300e-01,-1.573555439089e-01,2.728722754525e+00,-1.566010189532e-01,2.768292563054e+00
2.224742249358e+00,2.408183967825e-01,8.228273566579e-01,-2.495555409273e-01,-7.851827970535e-01,-1.557580806045e-01,2.715841507906e+00,-1.549803361304e-01,2.755409767572e+00
2.225329059699e+00,2.413010397639e-01,8.221435922777e-01,-2.500161521314e-01,-7.846982097644e-01,-1.541681823819e-01,2.702939017078e+00,-1.533672194275e-01,2.742505287459e+00
2.225915870039e+00,2.417832790050e-01,8.214513064912e-01,-2.504764767824e-01,-7.842061506967e-01,-1.525858616725e-01,2.690015401251e+00,-1.517616815336e-01,2.729579244775e+00
2.226502680380e+00,2.422651095263e-01,8.207505704595e-01,-2.509365105148e-01,-7.837066845413e-01,-1.510111308378e-01,2.677070779407e+00,-1.501637350660e-01,2.716631761340e+00
2.227089490720e+00,2.427465263900e-01,8.200414549863e-01,-2.513962490009e-01,-7.831998756409e-01,-1.494440021695e-01,2.664105270295e+00,-1.485733925707e-01,2.703662958734e+00
2.227676301061e+00,2.432275246994e-01,8.193240305119e-01,-2.518556879507e-01,-7.826857879837e-01,-1.478844878896e-01,2.651118992437e+00,-1.469906665225e-01,2.690672958299e+00
2.228263111402e+00,2.437080995993e-01,8.185983671073e-01,-2.523148231115e-01,-7.821644851979e-01,-1.463326001509e-01,2.638112064122e+00,-1.454155693248e-01,2.677661881137e+00
2.228849921742e+00,2.441882462756e-01,8.178645344681e-01,-2.527736502681e-01,-7.816360305460e-01,-1.447883510364e-01,2.625084603413e+00,-1.438481133104e-01,2.664629848111e+00
2.229436732083e+00,2.446679599548e-01,8.171226019085e-01,-2.532321652421e-01,-7.811004869193e-01,-1.432517525604e-01,2.612036728141e+00,-1.422883107408e-01,2.651576979844e+00
2.230023542423e+00,2.451472359039e-01,8.163726383561e-01,-2.536903638920e-01,-7.805579168322e-01,-1.417228166678e-01,2.598968555909e+00,-1.407361738072e-01,2.638503396718e+00
2.230610352764e+00,2.456260694304e-01,8.156147123454e-01,-2.541482421127e-01,-7.800083824171e-01,-1.402015552345e-01,2.585880204090e+00,-1.391917146299e-01,2.625409218877e+00
2.231197163104e+00,2.461044558818e-01,8.148488920128e-01,-2.546057958357e-01,-7.794519454186e-01,-1.386879800678e-01,2.572771789832e+00,-1.376549452590e-01,2.612294566224e+00
2.231783973445e+00,2.465823906456e-01,8.140752450907e-01,-2.550630210285e-01,-7.788886671884e-01,-1.371821029063e-01,2.559643430050e+00,-1.361258776742e-01,2.599159558421e+00
2.232370783785e+00,2.470598691488e-01,8.132938389019e-01,-2.555199136945e-01,-7.783186086799e-01,-1.356839354200e-01,2.546495241437e+00,-1.346045237850e-01,2.586004314893e+00
2.232957594126e+00,2.475368868578e-01,8.125047403546e-01,-2.559764698725e-01,-7.777418304432e-01,-1.341934892104e-01,2.533327340453e+00,-1.330908954311e-01,2.572828954821e+00
2.233544404466e+00,2.480134392781e-01,8.117080159365e-01,-2.564326856373e-01,-7.771583926199e-01,-1.327107758109e-01,2.520139843334e+00,-1.315850043822e-01,2.559633597149e+00
2.234131214807e+00,2.484895219542e-01,8.109037317099e-01,-2.568885570982e-01,-7.765683549380e-01,-1.312358066866e-01,2.506932866090e+00,-1.300868623381e-01,2.546418360581e+00
2.234718025148e+00,2.489651304692e-01,8.100919533063e-01,-2.573440803999e-01,-7.759717767067e-01,-1.297685932347e-01,2.493706524503e+00,-1.285964809293e-01,2.533183363579e+00
2.235304835488e+00,2.494402604445e-01,8.092727459211e-01,-2.577992517215e-01,-7.753687168120e-01,-1.283091467846e-01,2.480460934130e+00,-1.271138717167e-01,2.519928724367e+00
2.235891645829e+00,2.499149075398e-01,8.084461743090e-01,-2.582540672768e-01,-7.747592337110e-01,-1.268574785977e-01,2.467196210302e+00,-1.256390461920e-01,2.506654560930e+00
2.236478456169e+00,2.503890674524e-01,8.076123027785e-01,-2.587085233135e-01,-7.741433854281e-01,-1.254135998679e-01,2.453912468128e+00,-1.241720157776e-01,2.493360991011e+00
2.237065266510e+00,2.508627359175e-01,8.067711951871e-01,-2.591626161134e-01,-7.735212295494e-01,-1.239775217219e-01,2.440609822488e+00,-1.227127918270e-01,2.480048132116e+00
2.237652076850e+00,2.513359087075e-01,8.059229149365e-01,-2.596163419918e-01,-7.728928232184e-01,-1.225492552185e-01,2.427288388043e+00,-1.212613856248e-01,2.466716101511e+00
2.238238887191e+00,2.518085816318e-01,8.050675249678e-01,-2.600696972977e-01,-7.722582231314e-01,-1.211288113498e-01,2.413948279227e+00,-1.198178083867e-01,2.453365016223e+00
2.238825697531e+00,2.522807505368e-01,8.042050877566e-01,-2.605226784129e-01,-7.716174855327e-01,-1.197162010406e-01,2.400589610254e+00,-1.183820712599e-01,2.439994993042e+00
2.239412507872e+00,2.527524113051e-01,8.033356653087e-01,-2.609752817522e-01,-7.709706662105e-01,-1.183114351486e-01,2.387212495114e+00,-1.169541853233e-01,2.426606148517e+00
2.239999318212e+00,2.532235598560e-01,8.024593191549e-01,-2.614275037631e-01,-7.703178204922e-01,-1.169145244650e-01,2.373817047575e+00,-1.155341615873e-01,2.413198598960e+00
2.240586128553e+00,2.536941921443e-01,8.015761103472e-01,-2.618793409252e-01,-7.696590032398e-01,-1.155254797140e-01,2.360403381187e+00,-1.141220109941e-01,2.399772460446e+00
2.241172938894e+00,2.541643041608e-01,8.006860994538e-01,-2.623307897505e-01,-7.689942688464e-01,-1.141443115534e-01,2.346971609277e+00,-1.127177444179e-01,2.386327848812e+00
2.241759749234e+00,2.546338919315e-01,7.997893465549e-01,-2.627818467825e-01,-7.683236712311e-01,-1.127710305745e-01,2.333521844952e+00,-1.113213726651e-01,2.372864879658e+00
2.242346559575e+00,2.551029515178e-01,7.988859112384e-01,-2.632325085962e-01,-7.676472638352e-01,-1.114056473023e-01,2.320054201103e+00,-1.099329064741e-01,2.359383668346e+00
2.242933369915e+00,2.555714790155e-01,7.979758525957e-01,-2.636827717980e-01,-7.669650996181e-01,-1.100481721957e-01,2.306568790398e+00,-1.085523565159e-01,2.345884330003e+00
2.243520180256e+00,2.560394705552e-01,7.970592292174e-01,-2.641326330251e-01,-7.662772310534e-01,-1.086986156474e-01,2.293065725292e+00,-1.071797333938e-01,2.332366979521e+00
2.244106990596e+00,2.565069223018e-01,7.961360991893e-01,-2.645820889454e-01,-7.655837101246e-01,-1.073569879844e-01,2.279545118019e+00,-1.058150476440e-01,2.318831731553e+00
2.244693800937e+00,2.569738304540e-01,7.952065200882e-01,-2.650311362571e-01,-7.648845883213e-01,-1.060232994675e-01,2.266007080600e+00,-1.044583097353e-01,2.305278700521e+00
2.245280611277e+00,2.574401912441e-01,7.942705489781e-01,-2.654797716886e-01,-7.641799166354e-01,-1.046975602924e-01,2.252451724839e+00,-1.031095300695e-01,2.291708000610e+00
2.245867421618e+00,2.579060009378e-01,7.933282424064e-01,-2.659279919978e-01,-7.634697455573e-01,-1.033797805887e-01,2.238879162326e+00,-1.017687189815e-01,2.278119745772e+00
2.246454231958e+00,2.583712558339e-01,7.923796563998e-01,-2.663757939724e-01,-7.627541250721e-01,-1.020699704209e-01,2.225289504434e+00,-1.004358867393e-01,2.264514049724e+00
2.247041042299e+00,2.588359522637e-01,7.914248464605e-01,-2.668231744292e-01,-7.620331046560e-01,-1.007681397881e-01,2.211682862327e+00,-9.911104354418e-02,2.250891025952e+00
2.247627852640e+00,2.593000865912e-01,7.904638675628e-01,-2.672701302137e-01,-7.613067332726e-01,-9.947429862434e-02,2.198059346955e+00,-9.779419953113e-02,2.237250787709e+00
2.248214662980e+00,2.597636552123e-01,7.894967741494e-01,-2.677166582002e-01,-7.605750593696e-01,-9.818845679847e-02,2.184419069056e+00,-9.648536476859e-02,2.223593448014e+00
2.248801473321e+00,2.602266545548e-01,7.885236201275e-01,-2.681627552912e-01,-7.598381308748e-01,-9.691062411451e-02,2.170762139158e+00,-9.518454925877e-02,2.209919119657e+00
2.249388283661e+00,2.606890810779e-01,7.875444588657e-01,-2.686084184171e-01,-7.590959951934e-01,-9.564081031165e-02,2.157088667579e+00,-9.389176293776e-02,2.196227915199e+00
2.249975094002e+00,2.611509312719e-01,7.865593431905e-01,-2.690536445360e-01,-7.583486992039e-01,-9.437902506440e-02,2.143398764427e+00,-9.260701567568e-02,2.182519946966e+00
2.250561904342e+00,2.616122016582e-01,7.855683253827e-01,-2.694984306335e-01,-7.575962892553e-01,-9.312527798276e-02,2.129692539604e+00,-9.133031727680e-02,2.168795327060e+00
2.251148714683e+00,2.620728887885e-01,7.845714571745e-01,-2.699427737220e-01,-7.568388111639e-01,-9.187957861224e-02,2.115970102804e+00,-9.006167747966e-02,2.155054167351e+00
2.251735525023e+00,2.625329892446e-01,7.835687897458e-01,-2.703866708408e-01,-7.560763102095e-01,-9.064193643409e-02,2.102231563515e+00,-8.880110595723e-02,2.141296579483e+00
2.252322335364e+00,2.629924996385e-01,7.825603737215e-01,-2.708301190555e-01,-7.553088311331e-01,-8.941236086535e-02,2.088477031019e+00,-8.754861231705e-02,2.127522674872e+00
2.252909145704e+00,2.634514166115e-01,7.815462591680e-01,-2.712731154580e-01,-7.545364181333e-01,-8.819086125899e-02,2.074706614396e+00,-8.630420610131e-02,2.113732564707e+00
2.253495956045e+00,2.639097368340e-01,7.805264955905e-01,-2.717156571657e-01,-7.537591148634e-01,-8.697744690404e-02,2.060920422519e+00,-8.506789678705e-02,2.099926359954e+00
2.254082766385e+00,2.643674570057e-01,7.795011319298e-01,-2.721577413216e-01,-7.529769644287e-01,-8.577212702570e-02,2.047118564064e+00,-8.383969378625e-02,2.086104171351e+00
2.254669576726e+00,2.648245738545e-01,7.784702165597e-01,-2.725993650938e-01,-7.521900093833e-01,-8.457491078544e-02,2.033301147500e+00,-8.261960644596e-02,2.072266109415e+00
2.255256387067e+00,2.652810841366e-01,7.774337972837e-01,-2.730405256753e-01,-7.513982917275e-01,-8.338580728117e-02,2.019468281102e+00,-8.140764404847e-02,2.058412284438e+00
2.255843197407e+00,2.657369846362e-01,7.763919213326e-01,-2.734812202835e-01,-7.506018529049e-01,-8.220482554729e-02,2.005620072941e+00,-8.020381581140e-02,2.044542806490e+00
2.256430007748e+00,2.661922721648e-01,7.753446353618e-01,-2.739214461599e-01,-7.498007337999e-01,-8.103197455486e-02,1.991756630892e+00,-7.900813088784e-02,2.030657785420e+00
2.257016818088e+00,2.666469435614e-01,7.742919854485e-01,-2.743612005700e-01,-7.489949747348e-01,-7.986726321169e-02,1.977878062634e+00,-7.782059836648e-02,2.016757330857e+00
2.257603628429e+00,2.671009956917e-01,7.732340170891e-01,-2.748004808026e-01,-7.481846154675e-01,-7.871070036245e-02,1.963984475650e+00,-7.664122727177e-02,2.002841552210e+00
2.258190438769e+00,2.675544254479e-01,7.721707751969e-01,-2.752392841698e-01,-7.473696951887e-01,-7.756229478882e-02,1.950075977226e+00,-7.547002656399e-02,1.988910558671e+00
2.258777249110e+00,2.680072297485e-01,7.711023040994e-01,-2.756776080064e-01,-7.465502525197e-01,-7.642205520955e-02,1.936152674458e+00,-7.430700513943e-02,1.974964459211e+00
2.259364059450e+00,2.684594055378e-01,7.700286475361e-01,-2.761154496699e-01,-7.457263255098e-01,-7.528999028063e-02,1.922214674247e+00,-7.315217183049e-02,1.961003362588e+00
2.259950869791e+00,2.689109497855e-01,7.689498486562e-01,-2.765528065397e-01,-7.448979516339e-01,-7.416610859536e-02,1.908262083305e+00,-7.200553540581e-02,1.947027377343e+00
2.260537680131e+00,2.693618594866e-01,7.678659500162e-01,-2.769896760173e-01,-7.440651677906e-01,-7.305041868447e-02,1.894295008153e+00,-7.086710457041e-02,1.933036611802e+00
2.261124490472e+00,2.698121316607e-01,7.667769935777e-01,-2.774260555255e-01,-7.432280102996e-01,-7.194292901625e-02,1.880313555124e+00,-6.973688796579e-02,1.919031174079e+00
2.261711300813e+00,2.702617633522e-01,7.656830207054e-01,-2.778619425082e-01,-7.423865148995e-01,-7.084364799664e-02,1.866317830362e+00,-6.861489417009e-02,1.905011172074e+00
2.262298111153e+00,2.707107516291e-01,7.645840721651e-01,-2.782973344303e-01,-7.415407167458e-01,-6.975258396936e-02,1.852307939828e+00,-6.750113169818e-02,1.890976713478e+00
2.262884921494e+00,2.711590935836e-01,7.634801881214e-01,-2.787322287769e-01,-7.406906504092e-01,-6.866974521599e-02,1.838283989295e+00,-6.639560900180e-02,1.876927905770e+00
2.263471731834e+00,2.716067863310e-01,7.623714081359e-01,-2.791666230535e-01,-7.398363498727e-01,-6.759513995610e-02,1.824246084355e+00,-6.529833446968e-02,1.862864856221e+00
2.264058542175e+00,2.720538270098e-01,7.612577711654e-01,-2.796005147852e-01,-7.389778485307e-01,-6.652877634736e-02,1.810194330415e+00,-6.420931642768e-02,1.848787671893e+00
2.264645352515e+00,2.725002127811e-01,7.601393155601e-01,-2.800339015165e-01,-7.381151791863e-01,-6.547066248563e-02,1.796128832704e+00,-6.312856313887e-02,1.834696459643e+00
2.265232162856e+00,2.729459408283e-01,7.590160790615e-01,-2.804667808111e-01,-7.372483740499e-01,-6.442080640507e-02,1.782049696270e+00,-6.205608280369e-02,1.820591326122e+00
2.265818973196e+00,2.733910083569e-01,7.578880988012e-01,-2.808991502512e-01,-7.363774647372e-01,-6.337921607826e-02,1.767957025983e+00,-6.099188356006e-02,1.806472377777e+00
2.266405783537e+00,2.738354125939e-01,7.567554112989e-01,-2.813310074377e-01,-7.355024822676e-01,-6.234589941629e-02,1.753850926535e+00,-5.993597348348e-02,1.792339720853e+00
2.266992593877e+00,2.742791507875e-01,7.556180524608e-01,-2.817623499892e-01,-7.346234570624e-01,-6.132086426885e-02,1.739731502446e+00,-5.888836058718e-02,1.778193461390e+00
2.267579404218e+00,2.747222202070e-01,7.544760575785e-01,-2.821931755423e-01,-7.337404189436e-01,-6.030411842438e-02,1.725598858059e+00,-5.784905282222e-02,1.764033705232e+00
2.268166214559e+00,2.751646181420e-01,7.533294613268e-01,-2.826234817506e-01,-7.328533971316e-01,-5.929566961011e-02,1.711453097545e+00,-5.681805807759e-02,1.749860558021e+00
2.268753024899e+00,2.756063419024e-01,7.521782977631e-01,-2.830532662849e-01,-7.319624202443e-01,-5.829552549221e-02,1.697294324904e+00,-5.579538418037e-02,1.735674125204e+00
2.269339835240e+00,2.760473888179e-01,7.510226003256e-01,-2.834825268326e-01,-7.310675162956e-01,-5.730369367587e-02,1.683122643968e+00,-5.478103889580e-02,1.721474512029e+00
2.270044870556e+00,2.765763946940e-01,7.496281155652e-01,-2.839975744063e-01,-7.299871618539e-01,-5.612304100233e-02,1.666078866982e+00,-5.357335875737e-02,1.704396817499e+00
2.270749905873e+00,2.771044151384e-01,7.482271890685e-01,-2.845118583238e-01,-7.289012244682e-01,-5.495441124614e-02,1.649016785556e+00,-5.237772558624e-02,1.687300430169e+00
2.271454941189e+00,2.776314456284e-01,7.468198752943e-01,-2.850253746650e-01,-7.278097492772e-01,-5.379781724942e-02,1.631936578800e+00,-5.119415249756e-02,1.670185531455e+00
2.272159976505e+00,2.781574816797e-01,7.454062273374e-01,-2.855381195408e-01,-7.267127800776e-01,-5.265327172814e-02,1.614838425529e+00,-5.002265247867e-02,1.653052302418e+00
2.272865011822e+00,2.786825188445e-01,7.439862970222e-01,-2.860500890929e-01,-7.256103594299e-01,-5.152078727231e-02,1.597722504197e+00,-4.886323838941e-02,1.635900923704e+00
2.273570047138e+00,2.792065527115e-01,7.425601348708e-01,-2.865612794924e-01,-7.245025286217e-01,-5.040037634626e-02,1.580588992926e+00,-4.771592296241e-02,1.618731575571e+00
2.274275082455e+00,2.797295789044e-01,7.411277900969e-01,-2.870716869389e-01,-7.233893276616e-01,-4.929205128885e-02,1.563438069510e+00,-4.658071880334e-02,1.601544437890e+00
2.274980117771e+00,2.802515930809e-01,7.396893106043e-01,-2.875813076600e-01,-7.222707952766e-01,-4.819582431367e-02,1.546269911419e+00,-4.545763839117e-02,1.584339690154e+00
2.275685153088e+00,2.807725909325e-01,7.382447429843e-01,-2.880901379101e-01,-7.211469689098e-01,-4.711170750935e-02,1.529084695807e+00,-4.434669407848e-02,1.567117511475e+00
2.276390188404e+00,2.812925681827e-01,7.367941325146e-01,-2.885981739694e-01,-7.200178847186e-01,-4.603971283969e-02,1.511882599511e+00,-4.324789809170e-02,1.549878080597e+00
2.277095223720e+00,2.818115205865e-01,7.353375231574e-01,-2.891054121433e-01,-7.188835775721e-01,-4.497985214395e-02,1.494663799056e+00,-4.216126253134e-02,1.532621575892e+00
2.277800259037e+00,2.823294439296e-01,7.338749575583e-01,-2.896118487612e-01,-7.177440810499e-01,-4.393213713703e-02,1.477428470663e+00,-4.108679937231e-02,1.515348175368e+00
2.278505294353e+00,2.828463340273e-01,7.324064770447e-01,-2.901174801759e-01,-7.165994274402e-01,-4.289657940969e-02,1.460176790252e+00,-4.002452046414e-02,1.498058056673e+00
2.279210329670e+00,2.833621867232e-01,7.309321216249e-01,-2.906223027624e-01,-7.154496477382e-01,-4.187319042877e-02,1.442908933442e+00,-3.897443753122e-02,1.480751397100e+00
2.279915364986e+00,2.838769978892e-01,7.294519299875e-01,-2.911263129169e-01,-7.142947716449e-01,-4.086198153740e-02,1.425625075563e+00,-3.793656217309e-02,1.463428373588e+00
2.280620400303e+00,2.843907634236e-01,7.279659395002e-01,-2.916295070565e-01,-7.131348275657e-01,-3.986296395520e-02,1.408325391653e+00,-3.691090586465e-02,1.446089162731e+00
2.281325435619e+00,2.849034792507e-01,7.264741862094e-01,-2.921318816175e-01,-7.119698426095e-01,-3.887614877846e-02,1.391010056469e+00,-3.589747995641e-02,1.428733940778e+00
2.282030470935e+00,2.854151413199e-01,7.249767048399e-01,-2.926334330552e-01,-7.107998425876e-01,-3.790154698040e-02,1.373679244488e+00,-3.489629567476e-02,1.411362883642e+00
2.282735506252e+00,2.859257456043e-01,7.234735287946e-01,-2.931341578422e-01,-7.096248520134e-01,-3.693916941127e-02,1.356333129912e+00,-3.390736412216e-02,1.393976166899e+00
2.283440541568e+00,2.864352881003e-01,7.219646901543e-01,-2.936340524683e-01,-7.084448941009e-01,-3.598902679865e-02,1.338971886673e+00,-3.293069627742e-02,1.376573965799e+00
2.284145576885e+00,2.869437648265e-01,7.204502196777e-01,-2.941331134390e-01,-7.072599907652e-01,-3.505112974754e-02,1.321595688440e+00,-3.196630299587e-02,1.359156455265e+00
2.284850612201e+00,2.874511718226e-01,7.189301468018e-01,-2.946313372749e-01,-7.060701626214e-01,-3.412548874063e-02,1.304204708619e+00,-3.101419500967e-02,1.341723809903e+00
2.285555647518e+00,2.879575051485e-01,7.174044996423e-01,-2.951287205108e-01,-7.048754289848e-01,-3.321211413840e-02,1.286799120364e+00,-3.007438292797e-02,1.324276204003e+00
2.286260682834e+00,2.884627608838e-01,7.158733049939e-01,-2.956252596943e-01,-7.036758078708e-01,-3.231101617939e-02,1.269379096577e+00,-2.914687723713e-02,1.306813811544e+00
2.286965718150e+00,2.889669351262e-01,7.143365883311e-01,-2.961209513855e-01,-7.024713159949e-01,-3.142220498026e-02,1.251944809915e+00,-2.823168830098e-02,1.289336806201e+00
2.287670753467e+00,2.894700239909e-01,7.127943738090e-01,-2.966157921558e-01,-7.012619687729e-01,-3.054569053609e-02,1.234496432796e+00,-2.732882636101e-02,1.271845361350e+00
2.288375788783e+00,2.899720236099e-01,7.112466842644e-01,-2.971097785870e-01,-7.000477803214e-01,-2.968148272044e-02,1.217034137402e+00,-2.643830153657e-02,1.254339650070e+00
2.289080824100e+00,2.904729301306e-01,7.096935412167e-01,-2.976029072703e-01,-6.988287634584e-01,-2.882959128557e-02,1.199558095686e+00,-2.556012382507e-02,1.236819845152e+00
2.289785859416e+00,2.909727397154e-01,7.081349648693e-01,-2.980951748057e-01,-6.976049297036e-01,-2.799002586258e-02,1.182068479375e+00,-2.469430310222e-02,1.219286119102e+00
2.290490894733e+00,2.914714485400e-01,7.065709741111e-01,-2.985865778006e-01,-6.963762892794e-01,-2.716279596159e-02,1.164565459979e+00,-2.384084912220e-02,1.201738644147e+00
2.291195930049e+00,2.919690527935e-01,7.050015865181e-01,-2.990771128693e-01,-6.951428511119e-01,-2.634791097186e-02,1.147049208793e+00,-2.299977151785e-02,1.184177592239e+00
2.291900965365e+00,2.924655486766e-01,7.034268183547e-01,-2.995667766320e-01,-6.939046228319e-01,-2.554538016195e-02,1.129519896903e+00,-2.217107980088e-02,1.166603135063e+00
2.292606000682e+00,2.929609324010e-01,7.018466845763e-01,-3.000555657136e-01,-6.926616107760e-01,-2.475521267989e-02,1.111977695194e+00,-2.135478336205e-02,1.149015444041e+00
2.293311035998e+00,2.934552001886e-01,7.002611988305e-01,-3.005434767433e-01,-6.914138199880e-01,-2.397741755328e-02,1.094422774350e+00,-2.055089147135e-02,1.131414690335e+00
2.294016071315e+00,2.939483482705e-01,6.986703734600e-01,-3.010305063531e-01,-6.901612542205e-01,-2.321200368945e-02,1.076855304866e+00,-1.975941327819e-02,1.113801044858e+00
2.294721106631e+00,2.944403728858e-01,6.970742195044e-01,-3.015166511774e-01,-6.889039159362e-01,-2.245897987562e-02,1.059275457051e+00,-1.898035781156e-02,1.096174678275e+00
2.295426141948e+00,2.949312702813e-01,6.954727467028e-01,-3.020019078518e-01,-6.876418063099e-01,-2.171835477896e-02,1.041683401030e+00,-1.821373398021e-02,1.078535761010e+00
2.296131177264e+00,2.954210367099e-01,6.938659634964e-01,-3.024862730124e-01,-6.863749252302e-01,-2.099013694678e-02,1.024079306757e+00,-1.745955057281e-02,1.060884463253e+00
2.296836212581e+00,2.959096684301e-01,6.922538770313e-01,-3.029697432945e-01,-6.851032713018e-01,-2.027433480662e-02,1.006463344013e+00,-1.671781625814e-02,1.043220954966e+00
2.297541247897e+00,2.963971617050e-01,6.906364931612e-01,-3.034523153323e-01,-6.838268418471e-01,-1.957095666639e-02,9.888356824186e-01,-1.598853958522e-02,1.025545405884e+00
2.298246283213e+00,2.968835128013e-01,6.890138164505e-01,-3.039339857573e-01,-6.825456329090e-01,-1.888001071443e-02,9.711964914350e-01,-1.527172898346e-02,1.007857985530e+00
2.298951318530e+00,2.973687179885e-01,6.873858501775e-01,-3.044147511981e-01,-6.812596392530e-01,-1.820150501970e-02,9.535459403724e-01,-1.456739276287e-02,9.901588632096e-01
2.299656353846e+00,2.978527735381e-01,6.857525963376e-01,-3.048946082790e-01,-6.799688543696e-01,-1.753544753182e-02,9.358841983953e-01,-1.387553911412e-02,9.724482080281e-01
2.300361389163e+00,2.983356757223e-01,6.841140556466e-01,-3.053735536192e-01,-6.786732704775e-01,-1.688184608119e-02,9.182114345285e-01,-1.319617610874e-02,9.547261888894e-01
2.301066424479e+00,2.988174208136e-01,6.824702275448e-01,-3.058515838321e-01,-6.773728785256e-01,-1.624070837910e-02,9.005278176630e-01,-1.252931169926e-02,9.369929745045e-01
2.301771459796e+00,2.992980050834e-01,6.808211101998e-01,-3.063286955241e-01,-6.760676681965e-01,-1.561204201781e-02,8.828335165626e-01,-1.187495371931e-02,9.192487333979e-01
2.302476495112e+00,2.997774248017e-01,6.791667005113e-01,-3.068048852942e-01,-6.747576279095e-01,-1.499585447062e-02,8.651286998694e-01,-1.123310988377e-02,9.014936339133e-01
2.303181530428e+00,3.002556762355e-01,6.775069941141e-01,-3.072801497324e-01,-6.734427448234e-01,-1.439215309200e-02,8.474135361107e-01,-1.060378778890e-02,8.837278442206e-01
2.303886565745e+00,3.007327556485e-01,6.758419853832e-01,-3.077544854194e-01,-6.721230048401e-01,-1.380094511761e-02,8.296881937048e-01,-9.986994912453e-03,8.659515323214e-01
2.304591601061e+00,3.012086592999e-01,6.741716674372e-01,-3.082278889256e-01,-6.707983926077e-01,-1.322223766444e-02,8.119528409673e-01,-9.382738613787e-03,8.481648660562e-01
2.305296636378e+00,3.016833834438e-01,6.724960321431e-01,-3.087003568100e-01,-6.694688915246e-01,-1.265603773081e-02,7.942076461179e-01,-8.791026133985e-03,8.303680131106e-01
2.306001671694e+00,3.021569243278e-01,6.708150701207e-01,-3.091718856195e-01,-6.681344837426e-01,-1.210235219650e-02,7.764527772862e-01,-8.211864595955e-03,8.125611410218e-01
2.306706707011e+00,3.026292781927e-01,6.691287707473e-01,-3.096424718879e-01,-6.667951501710e-01,-1.156118782277e-02,7.586884025188e-01,-7.645261004538e-03,7.947444171853e-01
2.307411742327e+00,3.031004412713e-01,6.674371221622e-01,-3.101121121353e-01,-6.654508704803e-01,-1.103255125241e-02,7.409146897852e-01,-7.091222246602e-03,7.769180088618e-01
2.308116777643e+00,3.035704097877e-01,6.657401112719e-01,-3.105808028668e-01,-6.641016231064e-01,-1.051644900985e-02,7.231318069847e-01,-6.549755091134e-03,7.590820831834e-01
2.308821812960e+00,3.040391799560e-01,6.640377237551e-01,-3.110485405720e-01,-6.627473852548e-01,-1.001288750114e-02,7.053399219529e-01,-6.020866189332e-03,7.412368071608e-01
2.309526848276e+00,3.045067479802e-01,6.623299440676e-01,-3.115153217241e-01,-6.613881329048e-01,-9.521873014019e-03,6.875392024686e-01,-5.504562074686e-03,7.233823476900e-01
2.310231883593e+00,3.049731100527e-01,6.606167554477e-01,-3.119811427786e-01,-6.600238408138e-01,-9.043411717968e-03,6.697298162598e-01,-5.000849163054e-03,7.055188715591e-01
2.310936918909e+00,3.054382623536e-01,6.588981399219e-01,-3.124460001731e-01,-6.586544825220e-01,-8.577509664219e-03,6.519119310114e-01,-4.509733752740e-03,6.876465454554e-01
2.311641954226e+00,3.059022010500e-01,6.571740783099e-01,-3.129098903259e-01,-6.572800303571e-01,-8.124172785797e-03,6.340857143710e-01,-4.031222024561e-03,6.697655359723e-01
2.312346989542e+00,3.063649222950e-01,6.554445502308e-01,-3.133728096356e-01,-6.559004554388e-01,-7.683406897540e-03,6.162513339566e-01,-3.565320041909e-03,6.518760096164e-01
2.313052024858e+00,3.068264222271e-01,6.537095341084e-01,-3.138347544797e-01,-6.545157276839e-01,-7.255217696116e-03,5.984089573628e-01,-3.112033750812e-03,6.339781328144e-01
2.313757060175e+00,3.072866969689e-01,6.519690071776e-01,-3.142957212144e-01,-6.531258158115e-01,-6.839610760040e-03,5.805587521681e-01,-2.671368979986e-03,6.160720719206e-01
2.314462095491e+00,3.077457426266e-01,6.502229454900e-01,-3.147557061732e-01,-6.517306873476e-01,-6.436591549680e-03,5.627008859417e-01,-2.243331440886e-03,5.981579932238e-01
2.315167130808e+00,3.082035552891e-01,6.484713239204e-01,-3.152147056664e-01,-6.503303086308e-01,-6.046165407265e-03,5.448355262505e-01,-1.827926727746e-03,5.802360629547e-01
2.315872166124e+00,3.086601310274e-01,6.467141161730e-01,-3.156727159800e-01,-6.489246448177e-01,-5.668337556880e-03,5.269628406664e-01,-1.425160317621e-03,5.623064472930e-01
2.316577201441e+00,3.091154658933e-01,6.449512947877e-01,-3.161297333752e-01,-6.475136598880e-01,-5.303113104461e-03,5.090829967730e-01,-1.035037570418e-03,5.443693123752e-01
2.317282236757e+00,3.095695559189e-01,6.431828311467e-01,-3.165857540873e-01,-6.460973166507e-01,-4.950497037787e-03,4.911961621729e-01,-6.575637289252e-04,5.264248243014e-01
2.317987272073e+00,3.100223971156e-01,6.414086954816e-01,-3.170407743250e-01,-6.446755767493e-01,-4.610494226461e-03,4.733025044948e-01,-2.927439188338e-04,5.084731491433e-01
2.318692307390e+00,3.104739854736e-01,6.396288568792e-01,-3.174947902694e-01,-6.432484006678e-01,-4.283109421889e-03,4.554021914011e-01,5.941685124352e-05,4.905144529512e-01
2.319397342706e+00,3.109243169609e-01,6.378432832895e-01,-3.179477980737e-01,-6.418157477370e-01,-3.968347257257e-03,4.374953905946e-01,3.989136897608e-04,4.725489017620e-01
2.320102378023e+00,3.113733875224e-01,6.360519415322e-01,-3.183997938616e-01,-6.403775761403e-01,-3.666212247496e-03,4.195822698260e-01,7.257418222318e-04,4.545766616065e-01
2.320807413339e+00,3.118211930792e-01,6.342547973037e-01,-3.188507737272e-01,-6.389338429199e-01,-3.376708789248e-03,4.016629969014e-01,1.039896591228e-03,4.365978985172e-01
2.321512448656e+00,3.122677295279e-01,6.324518151849e-01,-3.193007337337e-01,-6.374845039831e-01,-3.099841160824e-03,3.837377396894e-01,1.341373456385e-03,4.186127785358e-01
2.322217483972e+00,3.127129927396e-01,6.306429586481e-01,-3.197496699131e-01,-6.360295141092e-01,-2.835613522156e-03,3.658066661287e-01,1.630167994406e-03,4.006214677211e-01
2.322922519289e+00,3.131569785596e-01,6.288281900649e-01,-3.201975782648e-01,-6.345688269556e-01,-2.584029914747e-03,3.478699442354e-01,1.906275899083e-03,3.826241321568e-01
2.323627554605e+00,3.135996828058e-01,6.270074707137e-01,-3.206444547554e-01,-6.331023950644e-01,-2.345094261612e-03,3.299277421108e-01,2.169692981313e-03,3.646209379590e-01
2.324332589921e+00,3.140411012688e-01,6.251807607875e-01,-3.210902953175e-01,-6.316301698699e-01,-2.118810367216e-03,3.119802279482e-01,2.420415169128e-03,3.466120512846e-01
2.325037625238e+00,3.144812297106e-01,6.233480194016e-01,-3.215350958490e-01,-6.301521017048e-01,-1.905181917408e-03,2.940275700415e-01,2.658438507719e-03,3.285976383389e-01
2.325742660554e+00,3.149200638641e-01,6.215092046021e-01,-3.219788522127e-01,-6.286681398076e-01,-1.704212479345e-03,2.760699367918e-01,2.883759159480e-03,3.105778653832e-01
2.326447695871e+00,3.153575994319e-01,6.196642733735e-01,-3.224215602349e-01,-6.271782323298e-01,-1.515905501413e-03,2.581074967155e-01,3.096373404048e-03,2.925528987436e-01
2.327152731187e+00,3.157938320865e-01,6.178131816474e-01,-3.228632157051e-01,-6.256823263429e-01,-1.340264313147e-03,2.401404184520e-01,3.296277638351e-03,2.745229048184e-01
2.327857766504e+00,3.162287574684e-01,6.159558843104e-01,-3.233038143751e-01,-6.241803678464e-01,-1.177292125138e-03,2.221688707712e-01,3.483468376661e-03,2.564880500864e-01
2.328562801820e+00,3.166623711862e-01,6.140923352130e-01,-3.237433519584e-01,-6.226723017745e-01,-1.026992028941e-03,2.041930225812e-01,3.657942250656e-03,2.384485011150e-01
2.329267837136e+00,3.170946688157e-01,6.122224871783e-01,-3.241818241289e-01,-6.211580720044e-01,-8.893669969715e-04,1.862130429364e-01,3.819696009483e-03,2.204044245682e-01
2.329972872453e+00,3.175256458987e-01,6.103462920103e-01,-3.246192265211e-01,-6.196376213640e-01,-7.644198824021e-04,1.682291010447e-01,3.968726519832e-03,2.023559872152e-01
2.330677907769e+00,3.179552979431e-01,6.084637005029e-01,-3.250555547284e-01,-6.181108916394e-01,-6.521534190513e-04,1.502413662759e-01,4.105030766008e-03,1.843033559381e-01
2.331382943086e+00,3.183836204214e-01,6.065746624492e-01,-3.254908043029e-01,-6.165778235832e-01,-5.525702212657e-04,1.322500081690e-01,4.228605850018e-03,1.662466977407e-01
2.332087978402e+00,3.188106087707e-01,6.046791266503e-01,-3.259249707546e-01,-6.150383569227e-01,-4.656727837986e-04,1.142551964406e-01,4.339448991659e-03,1.481861797564e-01
2.332793013719e+00,3.192362583913e-01,6.027770409244e-01,-3.263580495508e-01,-6.134924303678e-01,-3.914634816819e-04,9.625710099235e-02,4.437557528612e-03,1.301219692567e-01
2.333498049035e+00,3.196605646465e-01,6.008683521166e-01,-3.267900361150e-01,-6.119399816197e-01,-3.299445700924e-04,7.825589191913e-02,4.522928916540e-03,1.120542336596e-01
2.334203084351e+00,3.200835228620e-01,5.989530061078e-01,-3.272209258265e-01,-6.103809473793e-01,-2.811181842135e-04,6.025173951690e-02,4.595560729197e-03,9.398314053791e-02
2.334908119668e+00,3.205051283247e-01,5.970309478248e-01,-3.276507140196e-01,-6.088152633555e-01,-2.449863390901e-04,4.224481429068e-02,4.655450658540e-03,7.590885762780e-02
2.335613154984e+00,3.209253762825e-01,5.951021212494e-01,-3.280793959830e-01,-6.072428642745e-01,-2.215509294783e-04,2.423528696255e-02,4.702596514846e-03,5.783155283727e-02
2.336318190301e+00,3.213442619434e-01,5.931664694290e-01,-3.285069669590e-01,-6.056636838881e-01,-2.108137296901e-04,6.223328479697e-03,4.736996226837e-03,3.975139425459e-02
2.337023225617e+00,3.217617804750e-01,5.912239344856e-01,-3.289334221428e-01,-6.040776549828e-01,-2.127763934313e-04,-1.179088997758e-02,4.758647841808e-03,2.166855015689e-02
2.337728260934e+00,3.221779270038e-01,5.892744576266e-01,-3.293587566820e-01,-6.024847093892e-01,-2.274404536346e-04,-2.980719698780e-02,4.767549525768e-03,3.583189018728e-03
2.338433296250e+00,3.225926966142e-01,5.873179791548e-01,-3.297829656757e-01,-6.008847779908e-01,-2.548073222866e-04,-4.782542088020e-02,4.763699563577e-03,-1.450452047934e-02
2.339138331566e+00,3.230060843488e-01,5.853544384782e-01,-3.302060441739e-01,-5.992777907334e-01,-2.948782902493e-04,-6.584538972666e-02,4.747096359097e-03,-3.259440944210e-02
2.339843366883e+00,3.234180852065e-01,5.833837741211e-01,-3.306279871770e-01,-5.976636766348e-01,-3.476545270756e-04,-8.386693133354e-02,4.717738435345e-03,-5.068630875103e-02
2.340548402199e+00,3.238286941431e-01,5.814059237342e-01,-3.310487896349e-01,-5.960423637939e-01,-4.131370808193e-04,-1.018898732336e-01,4.675624434655e-03,-6.878004905564e-02
2.341253437516e+00,3.242379060699e-01,5.794208241054e-01,-3.314684464467e-01,-5.944137794008e-01,-4.913268778395e-04,-1.199140426778e-01,4.620753118845e-03,-8.687546076475e-02
2.341958472832e+00,3.246457158532e-01,5.774284111705e-01,-3.318869524597e-01,-5.927778497466e-01,-5.822247225989e-04,-1.379392666271e-01,4.553123369387e-03,-1.049723740377e-01
2.342663508149e+00,3.250521183141e-01,5.754286200239e-01,-3.323043024689e-01,-5.911345002330e-01,-6.858312974565e-04,-1.559653717443e-01,4.472734187587e-03,-1.230706187758e-01
2.343368543465e+00,3.254571082275e-01,5.734213849300e-01,-3.327204912163e-01,-5.894836553825e-01,-8.021471624543e-04,-1.739921843861e-01,4.379584694774e-03,-1.411700246132e-01
2.344073578781e+00,3.258606803217e-01,5.714066393340e-01,-3.331355133907e-01,-5.878252388487e-01,-9.311727550989e-04,-1.920195305943e-01,4.273674132486e-03,-1.592704209085e-01
2.344778614098e+00,3.262628292777e-01,5.693843158734e-01,-3.335493636265e-01,-5.861591734264e-01,-1.072908390136e-03,-2.100472360882e-01,4.155001862668e-03,-1.773716367355e-01
2.345483649414e+00,3.266635497289e-01,5.673543463889e-01,-3.339620365035e-01,-5.844853810623e-01,-1.227354259322e-03,-2.280751262559e-01,4.023567367880e-03,-1.954735008748e-01
2.346188684731e+00,3.270628362603e-01,5.653166619363e-01,-3.343735265460e-01,-5.828037828650e-01,-1.394510431184e-03,-2.461030261464e-01,3.879370251504e-03,-2.135758418045e-01
2.346893720047e+00,3.274606834080e-01,5.632711927979e-01,-3.347838282226e-01,-5.811142991163e-01,-1.574376850782e-03,-2.641307604611e-01,3.722410237959e-03,-2.316784876918e-01
2.347598755364e+00,3.278570856585e-01,5.612178684943e-01,-3.351929359453e-01,-5.794168492816e-01,-1.766953339457e-03,-2.821581535457e-01,3.552687172927e-03,-2.497812663836e-01
2.348303790680e+00,3.282520374488e-01,5.591566177962e-01,-3.356008440691e-01,-5.777113520207e-01,-1.972239594581e-03,-3.001850293819e-01,3.370201023579e-03,-2.678840053981e-01
2.349008825997e+00,3.286455331649e-01,5.570873687361e-01,-3.360075468913e-01,-5.759977251993e-01,-2.190235189294e-03,-3.182112115790e-01,3.174951878810e-03,-2.859865319153e-01
2.349713861313e+00,3.290375671422e-01,5.550100486209e-01,-3.364130386510e-01,-5.742758858996e-01,-2.420939572242e-03,-3.362365233660e-01,2.966939949484e-03,-3.040886727687e-01
2.350418896629e+00,3.294281336643e-01,5.529245840434e-01,-3.368173135286e-01,-5.725457504320e-01,-2.664352067302e-03,-3.542607875827e-01,2.746165568676e-03,-3.221902544359e-01
2.351123931946e+00,3.298172269631e-01,5.508309008951e-01,-3.372203656453e-01,-5.708072343462e-01,-2.920471873309e-03,-3.722838266723e-01,2.512629191930e-03,-3.402911030296e-01
2.351828967262e+00,3.302048412178e-01,5.487289243786e-01,-3.376221890624e-01,-5.690602524432e-01,-3.189298063769e-03,-3.903054626722e-01,2.266331397520e-03,-3.583910442893e-01
2.352534002579e+00,3.305909705546e-01,5.466185790198e-01,-3.380227777810e-01,-5.673047187861e-01,-3.470829586575e-03,-4.083255172063e-01,2.007272886712e-03,-3.764899035713e-01
2.353239037895e+00,3.309756090465e-01,5.444997886808e-01,-3.384221257411e-01,-5.655405467127e-01,-3.765065263707e-03,-4.263438114767e-01,1.735454484043e-03,-3.945875058405e-01
2.353944073212e+00,3.313587507122e-01,5.423724765727e-01,-3.388202268216e-01,-5.637676488471e-01,-4.072003790936e-03,-4.443601662553e-01,1.450877137595e-03,-4.126836756612e-01
2.354649108528e+00,3.317403895164e-01,5.402365652683e-01,-3.392170748394e-01,-5.619859371117e-01,-4.391643737517e-03,-4.623744018754e-01,1.153541919283e-03,-4.307782371880e-01
2.355354143844e+00,3.321205193688e-01,5.380919767153e-01,-3.396126635492e-01,-5.601953227391e-01,-4.723983545875e-03,-4.803863382239e-01,8.434500251469e-04,-4.488710141568e-01
2.356059179161e+00,3.324991341239e-01,5.359386322491e-01,-3.400069866428e-01,-5.583957162851e-01,-5.069021531289e-03,-4.983957947326e-01,5.206027756510e-04,-4.669618298761e-01
2.356764214477e+00,3.328762275806e-01,5.337764526067e-01,-3.404000377487e-01,-5.565870276402e-01,-5.426755881567e-03,-5.164025903702e-01,1.850016159859e-04,-4.850505072174e-01
2.357469249794e+00,3.332517934815e-01,5.316053579394e-01,-3.407918104315e-01,-5.547691660428e-01,-5.797184656718e-03,-5.344065436340e-01,-1.633518836184e-04,-5.031368686070e-01
2.358174285110e+00,3.336258255130e-01,5.294252678263e-01,-3.411822981919e-01,-5.529420400916e-01,-6.180305788617e-03,-5.524074725418e-01,-5.244560275761e-04,-5.212207360162e-01
2.358879320427e+00,3.339983173044e-01,5.272361012886e-01,-3.415714944656e-01,-5.511055577584e-01,-6.576117080661e-03,-5.704051946236e-01,-8.983089946212e-04,-5.393019309529e-01
2.359584355743e+00,3.343692624277e-01,5.250377768024e-01,-3.419593926235e-01,-5.492596264011e-01,-6.984616207427e-03,-5.883995269134e-01,-1.284908837478e-03,-5.573802744524e-01
2.360289391059e+00,3.347386543973e-01,5.228302123132e-01,-3.423459859708e-01,-5.474041527765e-01,-7.405800714315e-03,-6.063902859412e-01,-1.684253482524e-03,-5.754555870682e-01
2.360994426376e+00,3.351064866697e-01,5.206133252496e-01,-3.427312677468e-01,-5.455390430538e-01,-7.839668017192e-03,-6.243772877245e-01,-2.096340729450e-03,-5.935276888635e-01
2.361699461692e+00,3.354727526427e-01,5.183870325373e-01,-3.431152311243e-01,-5.436642028276e-01,-8.286215402028e-03,-6.423603477608e-01,-2.521168250905e-03,-6.115963994017e-01
2.362404497009e+00,3.358374456556e-01,5.161512506134e-01,-3.434978692097e-01,-5.417795371314e-01,-8.745440024524e-03,-6.603392810187e-01,-2.958733592148e-03,-6.296615377379e-01
2.363109532325e+00,3.362005589886e-01,5.139058954407e-01,-3.438791750418e-01,-5.398849504514e-01,-9.217338909741e-03,-6.783139019306e-01,-3.409034170681e-03,-6.477229224098e-01
2.363814567642e+00,3.365620858623e-01,5.116508825221e-01,-3.442591415922e-01,-5.379803467398e-01,-9.701908951715e-03,-6.962840243841e-01,-3.872067275884e-03,-6.657803714285e-01
2.364519602958e+00,3.369220194378e-01,5.093861269149e-01,-3.446377617646e-01,-5.360656294287e-01,-1.019914691307e-02,-7.142494617141e-01,-4.347830068639e-03,-6.838337022699e-01
2.365224638274e+00,3.372803528161e-01,5.071115432461e-01,-3.450150283941e-01,-5.341407014445e-01,-1.070904942463e-02,-7.322100266949e-01,-4.836319580952e-03,-7.018827318659e-01
2.365929673591e+00,3.376370790377e-01,5.048270457265e-01,-3.453909342477e-01,-5.322054652211e-01,-1.123161298501e-02,-7.501655315323e-01,-5.337532715564e-03,-7.199272765952e-01
2.366634708907e+00,3.379921910828e-01,5.025325481659e-01,-3.457654720229e-01,-5.302598227149e-01,-1.176683396023e-02,-7.681157878554e-01,-5.851466245555e-03,-7.379671522746e-01
2.367339744224e+00,3.383456818702e-01,5.002279639880e-01,-3.461386343483e-01,-5.283036754186e-01,-1.231470858330e-02,-7.860606067088e-01,-6.378116813953e-03,-7.560021741501e-01
2.368044779540e+00,3.386975442581e-01,4.979132062456e-01,-3.465104137828e-01,-5.263369243760e-01,-1.287523295378e-02,-8.039997985450e-01,-6.917480933321e-03,-7.740321568880e-01
2.368749814857e+00,3.390477710430e-01,4.955881876360e-01,-3.468808028153e-01,-5.243594701964e-01,-1.344840303741e-02,-8.219331732159e-01,-7.469554985348e-03,-7.920569145666e-01
2.369454850173e+00,3.393963549595e-01,4.932528205159e-01,-3.472497938646e-01,-5.223712130692e-01,-1.403421466561e-02,-8.398605399659e-01,-8.034335220432e-03,-8.100762606668e-01
2.370159885489e+00,3.397432886807e-01,4.909070169173e-01,-3.476173792788e-01,-5.203720527791e-01,-1.463266353515e-02,-8.577817074232e-01,-8.611817757253e-03,-8.280900080636e-01
2.370864920806e+00,3.400885648174e-01,4.885506885630e-01,-3.479835513354e-01,-5.183618887206e-01,-1.524374520762e-02,-8.756964835928e-01,-9.201998582347e-03,-8.460979690175e-01
2.371569956122e+00,3.404321759179e-01,4.861837468820e-01,-3.483483022406e-01,-5.163406199137e-01,-1.586745510902e-02,-8.936046758486e-01,-9.804873549667e-03,-8.640999551657e-01
2.372274991439e+00,3.407741144683e-01,4.838061030257e-01,-3.487116241297e-01,-5.143081450184e-01,-1.650378852935e-02,-9.115060909255e-01,-1.042043838014e-02,-8.820957775137e-01
2.372980026755e+00,3.411143728917e-01,4.814176678838e-01,-3.490735090660e-01,-5.122643623507e-01,-1.715274062208e-02,-9.294005349122e-01,-1.104868866121e-02,-9.000852464261e-01
2.373685062072e+00,3.414529435483e-01,4.790183521001e-01,-3.494339490412e-01,-5.102091698977e-01,-1.781430640378e-02,-9.472878132434e-01,-1.168961984642e-02,-9.180681716189e-01
2.374390097388e+00,3.417898187354e-01,4.766080660887e-01,-3.497929359749e-01,-5.081424653334e-01,-1.848848075357e-02,-9.651677306926e-01,-1.234322725489e-02,-9.360443621501e-01
2.375095132705e+00,3.421249906868e-01,4.741867200507e-01,-3.501504617144e-01,-5.060641460345e-01,-1.917525841272e-02,-9.830400913642e-01,-1.300950607092e-02,-9.540136264118e-01
2.375800168021e+00,3.424584515732e-01,4.717542239899e-01,-3.505065180349e-01,-5.039741090961e-01,-1.987463398414e-02,-1.000904698687e+00,-1.368845134344e-02,-9.719757721214e-01
2.376505203337e+00,3.427901935016e-01,4.693104877300e-01,-3.508610966384e-01,-5.018722513476e-01,-2.058660193190e-02,-1.018761355404e+00,-1.438005798560e-02,-9.899306063136e-01
2.377210238654e+00,3.431202085155e-01,4.668554209306e-01,-3.512141891544e-01,-4.997584693694e-01,-2.131115658078e-02,-1.036609863572e+00,-1.508432077427e-02,-1.007877935332e+00
2.377915273970e+00,3.434484885944e-01,4.643889331043e-01,-3.515657871395e-01,-4.976326595085e-01,-2.204829211573e-02,-1.054450024545e+00,-1.580123434950e-02,-1.025817564819e+00
2.378620309287e+00,3.437750256542e-01,4.619109336337e-01,-3.519158820769e-01,-4.954947178952e-01,-2.279800258141e-02,-1.072281638974e+00,-1.653079321411e-02,-1.043749299711e+00
2.379325344603e+00,3.440998115469e-01,4.594213317876e-01,-3.522644653766e-01,-4.933445404599e-01,-2.356028188167e-02,-1.090104506799e+00,-1.727299173310e-02,-1.061672944229e+00
2.380030379920e+00,3.444228380602e-01,4.569200367391e-01,-3.526115283752e-01,-4.911820229491e-01,-2.433512377909e-02,-1.107918427237e+00,-1.802782413320e-02,-1.079588301866e+00
2.380735415236e+00,3.447440969181e-01,4.544069575820e-01,-3.529570623357e-01,-4.890070609429e-01,-2.512252189439e-02,-1.125723198783e+00,-1.879528450234e-02,-1.097495175387e+00
2.381440450552e+00,3.450635797803e-01,4.518820033482e-01,-3.533010584473e-01,-4.868195498712e-01,-2.592246970599e-02,-1.143518619197e+00,-1.957536678913e-02,-1.115393366813e+00
2.382145485869e+00,3.453812782423e-01,4.493450830254e-01,-3.536435078258e-01,-4.846193850313e-01,-2.673496054946e-02,-1.161304485498e+00,-2.036806480233e-02,-1.133282677420e+00
2.382850521185e+00,3.456971838355e-01,4.467961055744e-01,-3.539844015126e-01,-4.824064616050e-01,-2.755998761699e-02,-1.179080593959e+00,-2.117337221033e-02,-1.151162907725e+00
2.383555556502e+00,3.460112880272e-01,4.442349799468e-01,-3.543237304758e-01,-4.801806746756e-01,-2.839754395688e-02,-1.196846740102e+00,-2.199128254060e-02,-1.169033857482e+00
2.384260591818e+00,3.463235822203e-01,4.416616151023e-01,-3.546614856088e-01,-4.779419192455e-01,-2.924762247300e-02,-1.214602718686e+00,-2.282178917917e-02,-1.186895325674e+00
2.384965627135e+00,3.466340577537e-01,4.390759200273e-01,-3.549976577316e-01,-4.756900902536e-01,-3.011021592424e-02,-1.232348323705e+00,-2.366488537006e-02,-1.204747110501e+00
2.385670662451e+00,3.469427059020e-01,4.364778037521e-01,-3.553322375897e-01,-4.734250825935e-01,-3.098531692396e-02,-1.250083348381e+00,-2.452056421475e-02,-1.222589009380e+00
2.386375697767e+00,3.472495178759e-01,4.338671753694e-01,-3.556652158547e-01,-4.711467911306e-01,-3.187291793950e-02,-1.267807585154e+00,-2.538881867159e-02,-1.240420818931e+00
2.387080733084e+00,3.475544848218e-01,4.312439440522e-01,-3.559965831238e-01,-4.688551107204e-01,-3.277301129154e-02,-1.285520825682e+00,-2.626964155527e-02,-1.258242334971e+00
2.387785768400e+00,3.478575978223e-01,4.286080190720e-01,-3.563263299205e-01,-4.665499362265e-01,-3.368558915363e-02,-1.303222860830e+00,-2.716302553625e-02,-1.276053352509e+00
2.388490803717e+00,3.481588478959e-01,4.259593098176e-01,-3.566544466937e-01,-4.642311625388e-01,-3.461064355157e-02,-1.320913480664e+00,-2.806896314015e-02,-1.293853665735e+00
2.389195839033e+00,3.484582259973e-01,4.232977258127e-01,-3.569809238186e-01,-4.618986845918e-01,-3.554816636288e-02,-1.338592474448e+00,-2.898744674722e-02,-1.311643068016e+00
2.389900874350e+00,3.487557230176e-01,4.206231767354e-01,-3.573057515962e-01,-4.595523973829e-01,-3.649814931621e-02,-1.356259630637e+00,-2.991846859173e-02,-1.329421351886e+00
2.390605909666e+00,3.490513297841e-01,4.179355724362e-01,-3.576289202535e-01,-4.571921959911e-01,-3.746058399076e-02,-1.373914736868e+00,-3.086202076136e-02,-1.347188309043e+00
2.391310944982e+00,3.493450370608e-01,4.152348229569e-01,-3.579504199434e-01,-4.548179755955e-01,-3.843546181575e-02,-1.391557579961e+00,-3.181809519665e-02,-1.364943730336e+00
2.392015980299e+00,3.496368355482e-01,4.125208385496e-01,-3.582702407453e-01,-4.524296314945e-01,-3.942277406979e-02,-1.409187945905e+00,-3.278668369039e-02,-1.382687405763e+00
2.392721015615e+00,3.499267158836e-01,4.097935296955e-01,-3.585883726645e-01,-4.500270591240e-01,-4.042251188031e-02,-1.426805619861e+00,-3.376777788699e-02,-1.400419124464e+00
2.393426050932e+00,3.502146686413e-01,4.070528071239e-01,-3.589048056328e-01,-4.476101540771e-01,-4.143466622298e-02,-1.444410386149e+00,-3.476136928190e-02,-1.418138674710e+00
2.394131086248e+00,3.505006843330e-01,4.042985818315e-01,-3.592195295085e-01,-4.451788121229e-01,-4.245922792111e-02,-1.462002028249e+00,-3.576744922099e-02,-1.435845843901e+00
2.394836121565e+00,3.507847534073e-01,4.015307651015e-01,-3.595325340762e-01,-4.427329292258e-01,-4.349618764507e-02,-1.479580328791e+00,-3.678600889991e-02,-1.453540418558e+00
2.395541156881e+00,3.510668662506e-01,3.987492685228e-01,-3.598438090476e-01,-4.402724015652e-01,-4.454553591164e-02,-1.497145069554e+00,-3.781703936352e-02,-1.471222184315e+00
2.396246192197e+00,3.513470131873e-01,3.959540040098e-01,-3.601533440611e-01,-4.377971255544e-01,-4.560726308349e-02,-1.514696031458e+00,-3.886053150519e-02,-1.488890925915e+00
2.396951227514e+00,3.516251844793e-01,3.931448838215e-01,-3.604611286821e-01,-4.353069978607e-01,-4.668135936849e-02,-1.532232994560e+00,-3.991647606624e-02,-1.506546427202e+00
2.397656262830e+00,3.519013703272e-01,3.903218205812e-01,-3.607671524033e-01,-4.328019154250e-01,-4.776781481916e-02,-1.549755738050e+00,-4.098486363527e-02,-1.524188471117e+00
2.398361298147e+00,3.521755608700e-01,3.874847272964e-01,-3.610714046448e-01,-4.302817754816e-01,-4.886661933202e-02,-1.567264040246e+00,-4.206568464752e-02,-1.541816839689e+00
2.399066333463e+00,3.524477461855e-01,3.846335173782e-01,-3.613738747546e-01,-4.277464755781e-01,-4.997776264699e-02,-1.584757678589e+00,-4.315892938421e-02,-1.559431314031e+00
2.399771368780e+00,3.527179162906e-01,3.817681046614e-01,-3.616745520082e-01,-4.251959135957e-01,-5.110123434677e-02,-1.602236429641e+00,-4.426458797195e-02,-1.577031674336e+00
2.400476404096e+00,3.529860611415e-01,3.788884034243e-01,-3.619734256095e-01,-4.226299877691e-01,-5.223702385622e-02,-1.619700069078e+00,-4.538265038203e-02,-1.594617699866e+00
2.401181439413e+00,3.532521706343e-01,3.759943284088e-01,-3.622704846907e-01,-4.200485967070e-01,-5.338512044173e-02,-1.637148371686e+00,-4.651310642978e-02,-1.612189168953e+00
2.401886474729e+00,3.535162346052e-01,3.730857948404e-01,-3.625657183127e-01,-4.174516394124e-01,-5.454551321057e-02,-1.654581111358e+00,-4.765594577392e-02,-1.629745858990e+00
2.402591510045e+00,3.537782428306e-01,3.701627184484e-01,-3.628591154653e-01,-4.148390153029e-01,-5.571819111031e-02,-1.671998061093e+00,-4.881115791589e-02,-1.647287546424e+00
2.403296545362e+00,3.540381850278e-01,3.672250154863e-01,-3.631506650674e-01,-4.122106242317e-01,-5.690314292815e-02,-1.689398992986e+00,-4.997873219919e-02,-1.664814006756e+00
2.404001580678e+00,3.542960508551e-01,3.642726027517e-01,-3.634403559678e-01,-4.095663665081e-01,-5.810035729028e-02,-1.706783678230e+00,-5.115865780870e-02,-1.682325014530e+00
2.404706615995e+00,3.545518299127e-01,3.613053976072e-01,-3.637281769448e-01,-4.069061429181e-01,-5.930982266127e-02,-1.724151887110e+00,-5.235092377000e-02,-1.699820343335e+00
2.405411651311e+00,3.548055117423e-01,3.583233180005e-01,-3.640141167072e-01,-4.042298547459e-01,-6.053152734339e-02,-1.741503389002e+00,-5.355551894871e-02,-1.717299765793e+00
2.406116686628e+00,3.550570858282e-01,3.553262824851e-01,-3.642981638943e-01,-4.015374037941e-01,-6.176545947600e-02,-1.758837952366e+00,-5.477243204981e-02,-1.734763053559e+00
2.406821721944e+00,3.553065415976e-01,3.523142102408e-01,-3.645803070762e-01,-3.988286924056e-01,-6.301160703491e-02,-1.776155344747e+00,-5.600165161691e-02,-1.752209977317e+00
2.407526757260e+00,3.555538684207e-01,3.492870210945e-01,-3.648605347546e-01,-3.961036234840e-01,-6.426995783169e-02,-1.793455332770e+00,-5.724316603165e-02,-1.769640306771e+00
2.408231792577e+00,3.557990556115e-01,3.462446355407e-01,-3.651388353629e-01,-3.933621005158e-01,-6.554049951306e-02,-1.810737682137e+00,-5.849696351291e-02,-1.787053810648e+00
2.408936827893e+00,3.560420924282e-01,3.431869747626e-01,-3.654151972665e-01,-3.906040275909e-01,-6.682321956024e-02,-1.828002157628e+00,-5.976303211620e-02,-1.804450256687e+00
2.409641863210e+00,3.562829680738e-01,3.401139606525e-01,-3.656896087636e-01,-3.878293094246e-01,-6.811810528825e-02,-1.845248523094e+00,-6.104135973292e-02,-1.821829411639e+00
2.410346898526e+00,3.565216716964e-01,3.370255158333e-01,-3.659620580852e-01,-3.850378513792e-01,-6.942514384531e-02,-1.862476541458e+00,-6.233193408966e-02,-1.839191041263e+00
2.411051933843e+00,3.567581923896e-01,3.339215636788e-01,-3.662325333961e-01,-3.822295594852e-01,-7.074432221217e-02,-1.879685974712e+00,-6.363474274752e-02,-1.856534910320e+00
2.411756969159e+00,3.569925191936e-01,3.308020283355e-01,-3.665010227949e-01,-3.794043404635e-01,-7.207562720145e-02,-1.896876583915e+00,-6.494977310140e-02,-1.873860782575e+00
2.412462004475e+00,3.572246410953e-01,3.276668347427e-01,-3.667675143148e-01,-3.765621017469e-01,-7.341904545695e-02,-1.914048129192e+00,-6.627701237928e-02,-1.891168420786e+00
2.413167039792e+00,3.574545470287e-01,3.245159086545e-01,-3.670319959239e-01,-3.737027515022e-01,-7.477456345305e-02,-1.931200369731e+00,-6.761644764154e-02,-1.908457586709e+00
2.413872075108e+00,3.576822258761e-01,3.213491766604e-01,-3.672944555259e-01,-3.708261986521e-01,-7.614216749401e-02,-1.948333063785e+00,-6.896806578022e-02,-1.925728041090e+00
2.414577110425e+00,3.579076664682e-01,3.181665662066e-01,-3.675548809605e-01,-3.679323528971e-01,-7.752184371330e-02,-1.965445968666e+00,-7.033185351832e-02,-1.942979543664e+00
2.415282145741e+00,3.581308575848e-01,3.149680056176e-01,-3.678132600040e-01,-3.650211247379e-01,-7.891357807299e-02,-1.982538840748e+00,-7.170779740909e-02,-1.960211853150e+00
2.415987181058e+00,3.583517879555e-01,3.117534241168e-01,-3.680695803700e-01,-3.620924254975e-01,-8.031735636302e-02,-1.999611435466e+00,-7.309588383532e-02,-1.977424727255e+00
2.416692216374e+00,3.585704462605e-01,3.085227518486e-01,-3.683238297098e-01,-3.591461673431e-01,-8.173316420060e-02,-2.016663507312e+00,-7.449609900861e-02,-1.994617922665e+00
2.417397251690e+00,3.587868211309e-01,3.052759198992e-01,-3.685759956130e-01,-3.561822633091e-01,-8.316098702950e-02,-2.033694809839e+00,-7.590842896864e-02,-2.011791195044e+00
2.418102287007e+00,3.590009011496e-01,3.020128603179e-01,-3.688260656084e-01,-3.532006273188e-01,-8.460081011941e-02,-2.050705095657e+00,-7.733285958248e-02,-2.028944299039e+00
2.418807322323e+00,3.592126748519e-01,2.987335061392e-01,-3.690740271642e-01,-3.502011742074e-01,-8.605261856525e-02,-2.067694116436e+00,-7.876937654387e-02,-2.046076988267e+00
2.419512357640e+00,3.594221307262e-01,2.954377914032e-01,-3.693198676892e-01,-3.471838197442e-01,-8.751639728656e-02,-2.084661622904e+00,-8.021796537244e-02,-2.063189015326e+00
2.420217392956e+00,3.596292572151e-01,2.921256511782e-01,-3.695635745328e-01,-3.441484806552e-01,-8.899213102679e-02,-2.101607364849e+00,-8.167861141307e-02,-2.080280131783e+00
2.420922428273e+00,3.598340427153e-01,2.887970215812e-01,-3.698051349862e-01,-3.410950746458e-01,-9.047980435263e-02,-2.118531091118e+00,-8.315129983510e-02,-2.097350088179e+00
2.421627463589e+00,3.600364755791e-01,2.854518397998e-01,-3.700445362830e-01,-3.380235204234e-01,-9.197940165340e-02,-2.135432549619e+00,-8.463601563165e-02,-2.114398634027e+00
2.422332498905e+00,3.602365441150e-01,2.820900441138e-01,-3.702817655997e-01,-3.349337377202e-01,-9.349090714034e-02,-2.152311487320e+00,-8.613274361885e-02,-2.131425517811e+00
2.423037534222e+00,3.604342365881e-01,2.787115739166e-01,-3.705168100567e-01,-3.318256473160e-01,-9.501430484594e-02,-2.169167650255e+00,-8.764146843517e-02,-2.148430486986e+00
2.423742569538e+00,3.606295412214e-01,2.753163697365e-01,-3.707496567189e-01,-3.286991710607e-01,-9.654957862335e-02,-2.186000783518e+00,-8.916217454063e-02,-2.165413287977e+00
2.424447604855e+00,3.608224461962e-01,2.719043732586e-01,-3.709802925963e-01,-3.255542318975e-01,-9.809671214565e-02,-2.202810631270e+00,-9.069484621613e-02,-2.182373666179e+00
2.425152640171e+00,3.610129396533e-01,2.684755273460e-01,-3.712087046454e-01,-3.223907538855e-01,-9.965568890520e-02,-2.219596936741e+00,-9.223946756270e-02,-2.199311365958e+00
2.425857675488e+00,3.612010096935e-01,2.650297760616e-01,-3.714348797691e-01,-3.192086622229e-01,-1.012264922130e-01,-2.236359442228e+00,-9.379602250077e-02,-2.216226130652e+00
2.426562710804e+00,3.613866443787e-01,2.615670646893e-01,-3.716588048181e-01,-3.160078832697e-01,-1.028091051981e-01,-2.253097889100e+00,-9.536449476945e-02,-2.233117702567e+00
2.427267746121e+00,3.615698317324e-01,2.580873397558e-01,-3.718804665919e-01,-3.127883445707e-01,-1.044035108068e-01,-2.269812017800e+00,-9.694486792582e-02,-2.249985822986e+00
2.427972781437e+00,3.617505597412e-01,2.545905490519e-01,-3.720998518389e-01,-3.095499748786e-01,-1.060096918021e-01,-2.286501567849e+00,-9.853712534418e-02,-2.266830232163e+00
2.428677816753e+00,3.619288163551e-01,2.510766416538e-01,-3.723169472579e-01,-3.062927041769e-01,-1.076276307631e-01,-2.303166277844e+00,-1.001412502153e-01,-2.283650669328e+00
2.429382852070e+00,3.621045894888e-01,2.475455679452e-01,-3.725317394989e-01,-3.030164637029e-01,-1.092573100841e-01,-2.319805885467e+00,-1.017572255459e-01,-2.300446872685e+00
2.430087887386e+00,3.622778670223e-01,2.439972796380e-01,-3.727442151637e-01,-2.997211859709e-01,-1.108987119743e-01,-2.336420127487e+00,-1.033850341575e-01,-2.317218579418e+00
2.430792922703e+00,3.624486368023e-01,2.404317297940e-01,-3.729543608070e-01,-2.964068047950e-01,-1.125518184570e-01,-2.353008739758e+00,-1.050246586861e-01,-2.333965525692e+00
2.431497958019e+00,3.626168866426e-01,2.368488728464e-01,-3.731621629373e-01,-2.930732553124e-01,-1.142166113687e-01,-2.369571457230e+00,-1.066760815815e-01,-2.350687446651e+00
2.432202993336e+00,3.627826043257e-01,2.332486646208e-01,-3.733676080180e-01,-2.897204740063e-01,-1.158930723592e-01,-2.386108013951e+00,-1.083392851061e-01,-2.367384076427e+00
2.432908028652e+00,3.629457776031e-01,2.296310623570e-01,-3.735706824680e-01,-2.863483987288e-01,-1.175811828899e-01,-2.402618143067e+00,-1.100142513347e-01,-2.384055148136e+00
2.433613063968e+00,3.631063941968e-01,2.259960247296e-01,-3.737713726630e-01,-2.829569687243e-01,-1.192809242341e-01,-2.419101576831e+00,-1.117009621535e-01,-2.400700393888e+00
2.434318099285e+00,3.632644418003e-01,2.223435118697e-01,-3.739696649362e-01,-2.795461246524e-01,-1.209922774760e-01,-2.435558046608e+00,-1.133993992595e-01,-2.417319544783e+00
2.435023134601e+00,3.634199080794e-01,2.186734853860e-01,-3.741655455797e-01,-2.761158086105e-01,-1.227152235100e-01,-2.451987282876e+00,-1.151095441598e-01,-2.433912330919e+00
2.435728169918e+00,3.635727806734e-01,2.149859083857e-01,-3.743590008451e-01,-2.726659641575e-01,-1.244497430401e-01,-2.468389015234e+00,-1.168313781708e-01,-2.450478481396e+00
2.436433205234e+00,3.637230471960e-01,2.112807454956e-01,-3.745500169448e-01,-2.691965363364e-01,-1.261958165796e-01,-2.484762972408e+00,-1.185648824175e-01,-2.467017724317e+00
2.437138240551e+00,3.638706952367e-01,2.075579628832e-01,-3.747385800531e-01,-2.657074716969e-01,-1.279534244500e-01,-2.501108882252e+00,-1.203100378330e-01,-2.483529786792e+00
2.437843275867e+00,3.640157123614e-01,2.038175282775e-01,-3.749246763070e-01,-2.621987183192e-01,-1.297225467806e-01,-2.517426471762e+00,-1.220668251576e-01,-2.500014394946e+00
2.438548311183e+00,3.641580861143e-01,2.000594109900e-01,-3.751082918074e-01,-2.586702258359e-01,-1.315031635082e-01,-2.533715467073e+00,-1.238352249381e-01,-2.516471273923e+00
2.439253346500e+00,3.642978040180e-01,1.962835819352e-01,-3.752894126204e-01,-2.551219454557e-01,-1.332952543760e-01,-2.549975593473e+00,-1.256152175271e-01,-2.532900147885e+00
2.439958381816e+00,3.644348535755e-01,1.924900136515e-01,-3.754680247783e-01,-2.515538299856e-01,-1.350987989332e-01,-2.566206575404e+00,-1.274067830827e-01,-2.549300740025e+00
2.440663417133e+00,3.645692222709e-01,1.886786803217e-01,-3.756441142804e-01,-2.479658338538e-01,-1.369137765345e-01,-2.582408136474e+00,-1.292099015672e-01,-2.565672772570e+00
2.441368452449e+00,3.647008975707e-01,1.848495577936e-01,-3.758176670948e-01,-2.443579131325e-01,-1.387401663394e-01,-2.598579999458e+00,-1.310245527468e-01,-2.582015966782e+00
2.442073487766e+00,3.648298669249e-01,1.810026236003e-01,-3.759886691589e-01,-2.407300255608e-01,-1.405779473117e-01,-2.614721886311e+00,-1.328507161910e-01,-2.598330042972e+00
2.442778523082e+00,3.649561177684e-01,1.771378569807e-01,-3.761571063813e-01,-2.370821305665e-01,-1.424270982190e-01,-2.630833518172e+00,-1.346883712714e-01,-2.614614720499e+00
2.443483558398e+00,3.650796375220e-01,1.732552388995e-01,-3.763229646422e-01,-2.334141892894e-01,-1.442875976316e-01,-2.646914615374e+00,-1.365374971618e-01,-2.630869717781e+00
2.444188593715e+00,3.652004135937e-01,1.693547520674e-01,-3.764862297951e-01,-2.297261646033e-01,-1.461594239229e-01,-2.662964897452e+00,-1.383980728369e-01,-2.647094752301e+00
2.444893629031e+00,3.653184333799e-01,1.654363809614e-01,-3.766468876682e-01,-2.260180211386e-01,-1.480425552679e-01,-2.678984083149e+00,-1.402700770721e-01,-2.663289540611e+00
2.445598664348e+00,3.654336842668e-01,1.615001118441e-01,-3.768049240652e-01,-2.222897253045e-01,-1.499369696430e-01,-2.694971890427e+00,-1.421534884424e-01,-2.679453798345e+00
2.446303699664e+00,3.655461536313e-01,1.575459327841e-01,-3.769603247666e-01,-2.185412453111e-01,-1.518426448258e-01,-2.710928036475e+00,-1.440482853221e-01,-2.695587240221e+00
2.447008734981e+00,3.656558288428e-01,1.535738336750e-01,-3.771130755314e-01,-2.147725511916e-01,-1.537595583940e-01,-2.726852237719e+00,-1.459544458841e-01,-2.711689580051e+00
2.447713770297e+00,3.657626972641e-01,1.495838062556e-01,-3.772631620980e-01,-2.109836148243e-01,-1.556876877250e-01,-2.742744209830e+00,-1.478719480992e-01,-2.727760530752e+00
2.448418805613e+00,3.658667462528e-01,1.455758441286e-01,-3.774105701857e-01,-2.071744099547e-01,-1.576270099959e-01,-2.758603667736e+00,-1.498007697353e-01,-2.743799804350e+00
2.449123840930e+00,3.659679631628e-01,1.415499427804e-01,-3.775552854958e-01,-2.033449122170e-01,-1.595775021820e-01,-2.774430325627e+00,-1.517408883572e-01,-2.759807111990e+00
2.449828876246e+00,3.660663353454e-01,1.375060995999e-01,-3.776972937132e-01,-1.994950991558e-01,-1.615391410574e-01,-2.790223896972e+00,-1.536922813256e-01,-2.775782163947e+00
2.450533911563e+00,3.661618501507e-01,1.334443138974e-01,-3.778365805078e-01,-1.956249502481e-01,-1.635119031934e-01,-2.805984094525e+00,-1.556549257966e-01,-2.791724669634e+00
2.451238946879e+00,3.662544949290e-01,1.293645869237e-01,-3.779731315354e-01,-1.917344469244e-01,-1.654957649590e-01,-2.821710630336e+00,-1.576287987214e-01,-2.807634337610e+00
2.451943982196e+00,3.663442570321e-01,1.252669218883e-01,-3.781069324395e-01,-1.878235725900e-01,-1.674907025196e-01,-2.837403215764e+00,-1.596138768450e-01,-2.823510875592e+00
2.452649017512e+00,3.664311238151e-01,1.211513239783e-01,-3.782379688529e-01,-1.838923126463e-01,-1.694966918370e-01,-2.853061561484e+00,-1.616101367064e-01,-2.839353990466e+00
2.453354052829e+00,3.665150826371e-01,1.170178003763e-01,-3.783662263985e-01,-1.799406545121e-01,-1.715137086689e-01,-2.868685377505e+00,-1.636175546374e-01,-2.855163388294e+00
2.454059088145e+00,3.665961208631e-01,1.128663602788e-01,-3.784916906911e-01,-1.759685876442e-01,-1.735417285680e-01,-2.884274373178e+00,-1.656361067625e-01,-2.870938774327e+00
2.454764123461e+00,3.666742258652e-01,1.086970149140e-01,-3.786143473388e-01,-1.719761035582e-01,-1.755807268821e-01,-2.899828257205e+00,-1.676657689979e-01,-2.886679853018e+00
2.455469158778e+00,3.667493850244e-01,1.045097775598e-01,-3.787341819446e-01,-1.679631958492e-01,-1.776306787535e-01,-2.915346737658e+00,-1.697065170513e-01,-2.902386328029e+00
2.456174194094e+00,3.668215857316e-01,1.003046635608e-01,-3.788511801075e-01,-1.639298602125e-01,-1.796915591180e-01,-2.930829521986e+00,-1.717583264212e-01,-2.918057902244e+00
2.456879229411e+00,3.668908153892e-01,9.608169034627e-02,-3.789653274243e-01,-1.598760944635e-01,-1.817633427055e-01,-2.946276317032e+00,-1.738211723961e-01,-2.933694277783e+00
2.457584264727e+00,3.669570614127e-01,9.184087744719e-02,-3.790766094912e-01,-1.558018985579e-01,-1.838460040386e-01,-2.961686829043e+00,-1.758950300546e-01,-2.949295156014e+00
2.458289300044e+00,3.670203112322e-01,8.758224651292e-02,-3.791850119048e-01,-1.517072746120e-01,-1.859395174327e-01,-2.977060763683e+00,-1.779798742643e-01,-2.964860237562e+00
2.458994335360e+00,3.670805522937e-01,8.330582132823e-02,-3.792905202642e-01,-1.475922269222e-01,-1.880438569956e-01,-2.992397826052e+00,-1.800756796814e-01,-2.980389222324e+00
2.459699370676e+00,3.671377720608e-01,7.901162782973e-02,-3.793931201722e-01,-1.434567619843e-01,-1.901589966268e-01,-3.007697720691e+00,-1.821824207504e-01,-2.995881809486e+00
2.460404405993e+00,3.671919580160e-01,7.469969412224e-02,-3.794927972370e-01,-1.393008885136e-01,-1.922849100174e-01,-3.022960151606e+00,-1.843000717034e-01,-3.011337697527e+00
2.461109441309e+00,3.672430976627e-01,7.037005049482e-02,-3.795895370737e-01,-1.351246174634e-01,-1.944215706497e-01,-3.038184822274e+00,-1.864286065597e-01,-3.026756584243e+00
2.461814476626e+00,3.672911785260e-01,6.602272943665e-02,-3.796833253060e-01,-1.309279620446e-01,-1.965689517967e-01,-3.053371435664e+00,-1.885679991253e-01,-3.042138166755e+00
2.462519511942e+00,3.673361881552e-01,6.165776565267e-02,-3.797741475676e-01,-1.267109377439e-01,-1.987270265216e-01,-3.068519694246e+00,-1.907182229924e-01,-3.057482141522e+00
2.463224547259e+00,3.673781141243e-01,5.727519607889e-02,-3.798619895040e-01,-1.224735623426e-01,-2.008957676781e-01,-3.083629300012e+00,-1.928792515389e-01,-3.072788204362e+00
2.463929582575e+00,3.674169440346e-01,5.287505989761e-02,-3.799468367741e-01,-1.182158559353e-01,-2.030751479092e-01,-3.098699954489e+00,-1.950510579283e-01,-3.088056050461e+00
2.464634617891e+00,3.674526655156e-01,4.845739855220e-02,-3.800286750517e-01,-1.139378409474e-01,-2.052651396476e-01,-3.113731358753e+00,-1.972336151086e-01,-3.103285374390e+00
2.465339653208e+00,3.674852662267e-01,4.402225576177e-02,-3.801074900272e-01,-1.096395421533e-01,-2.074657151149e-01,-3.128723213447e+00,-1.994268958125e-01,-3.118475870122e+00
2.466044688524e+00,3.675147338593e-01,3.956967753549e-02,-3.801832674095e-01,-1.053209866942e-01,-2.096768463216e-01,-3.143675218797e+00,-2.016308725566e-01,-3.133627231044e+00
2.466749723841e+00,3.675410561377e-01,3.509971218668e-02,-3.802559929272e-01,-1.009822040949e-01,-2.118985050668e-01,-3.158587074630e+00,-2.038455176413e-01,-3.148739149978e+00
2.467454759157e+00,3.675642208213e-01,3.061241034662e-02,-3.803256523307e-01,-9.662322628172e-02,-2.141306629375e-01,-3.173458480386e+00,-2.060708031501e-01,-3.163811319194e+00
2.468159794474e+00,3.675842157058e-01,2.610782497804e-02,-3.803922313939e-01,-9.224408759886e-02,-2.163732913091e-01,-3.188289135141e+00,-2.083067009493e-01,-3.178843430428e+00
2.468864829790e+00,3.676010286253e-01,2.158601138839e-02,-3.804557159156e-01,-8.784482482516e-02,-2.186263613444e-01,-3.203078737620e+00,-2.105531826878e-01,-3.193835174896e+00
2.469569865106e+00,3.676146474536e-01,1.704702724277e-02,-3.805160917214e-01,-8.342547719046e-02,-2.208898439938e-01,-3.217826986216e+00,-2.128102197966e-01,-3.208786243316e+00
2.470274900423e+00,3.676250601060e-01,1.249093257656e-02,-3.805733446655e-01,-7.898608639166e-02,-2.231637099949e-01,-3.232533579007e+00,-2.150777834884e-01,-3.223696325922e+00
2.470979935739e+00,3.676322545411e-01,7.917789807796e-03,-3.806274606322e-01,-7.452669660852e-02,-2.254479298724e-01,-3.247198213776e+00,-2.173558447575e-01,-3.238565112484e+00
2.471684971056e+00,3.676362187620e-01,3.327663749183e-03,-3.806784255382e-01,-7.004735451918e-02,-2.277424739377e-01,-3.261820588028e+00,-2.196443743791e-01,-3.253392292325e+00
2.472390006372e+00,3.676369408188e-01,-1.279378380178e-03,-3.807262253335e-01,-6.554810931535e-02,-2.300473122889e-01,-3.276400399006e+00,-2.219433429093e-01,-3.268177554338e+00
2.473095041689e+00,3.676344088095e-01,-5.903266943378e-03,-3.807708460042e-01,-6.102901271721e-02,-2.323624148107e-01,-3.290937343716e+00,-2.242527206848e-01,-3.282920587007e+00
2.473800077005e+00,3.676286108822e-01,-1.054392987463e-02,-3.808122735733e-01,-5.649011898807e-02,-2.346877511739e-01,-3.305431118940e+00,-2.265724778225e-01,-3.297621078425e+00
2.474505112321e+00,3.676195352366e-01,-1.520129266849e-02,-3.808504941032e-01,-5.193148494857e-02,-2.370232908355e-01,-3.319881421256e+00,-2.289025842192e-01,-3.312278716314e+00
2.475210147638e+00,3.676071701259e-01,-1.987527836950e-02,-3.808854936973e-01,-4.735316999077e-02,-2.393690030386e-01,-3.334287947062e+00,-2.312430095514e-01,-3.326893188043e+00
2.475915182954e+00,3.675915038584e-01,-2.456580756203e-02,-3.809172585016e-01,-4.275523609171e-02,-2.417248568121e-01,-3.348650392590e+00,-2.335937232752e-01,-3.341464180649e+00
2.476620218271e+00,3.675725247991e-01,-2.927279836060e-02,-3.809457747068e-01,-3.813774782676e-02,-2.440908209707e-01,-3.362968453930e+00,-2.359546946257e-01,-3.355991380855e+00
2.477325253587e+00,3.675502213718e-01,-3.399616640048e-02,-3.809710285502e-01,-3.350077238261e-02,-2.464668641148e-01,-3.377241827048e+00,-2.383258926173e-01,-3.370474475096e+00
2.478030288904e+00,3.675245820606e-01,-3.873582482866e-02,-3.809930063172e-01,-2.884437956994e-02,-2.488529546305e-01,-3.391470207807e+00,-2.407072860431e-01,-3.384913149532e+00
2.478735324220e+00,3.674955954116e-01,-4.349168429520e-02,-3.810116943433e-01,-2.416864183564e-02,-2.512490606893e-01,-3.405653291988e+00,-2.430988434748e-01,-3.399307090074e+00
2.479440359537e+00,3.674632500350e-01,-4.826365294488e-02,-3.810270790163e-01,-1.947363427483e-02,-2.536551502482e-01,-3.419790775310e+00,-2.455005332626e-01,-3.413655982404e+00
2.480145394853e+00,3.674275346065e-01,-5.305163640934e-02,-3.810391467776e-01,-1.475943464241e-02,-2.560711910497e-01,-3.433882353451e+00,-2.479123235351e-01,-3.427959511995e+00
2.480850430169e+00,3.673884378691e-01,-5.785553779945e-02,-3.810478841245e-01,-1.002612336425e-02,-2.584971506218e-01,-3.447927722072e+00,-2.503341821990e-01,-3.442217364136e+00
2.481555465486e+00,3.673459486353e-01,-6.267525769818e-02,-3.810532776118e-01,-5.273783548095e-03,-2.609329962779e-01,-3.461926576834e+00,-2.527660769391e-01,-3.456429223950e+00
2.482260500802e+00,3.673000557885e-01,-6.751069415380e-02,-3.810553138541e-01,-5.025009939697e-04,-2.633786951167e-01,-3.475878613422e+00,-2.552079752181e-01,-3.470594776419e+00
2.482965536119e+00,3.672507482846e-01,-7.236174267348e-02,-3.810539795273e-01,4.287635795696e-03,-2.658342140226e-01,-3.489783527568e+00,-2.576598442767e-01,-3.484713706405e+00
2.483670571435e+00,3.671980151544e-01,-7.722829621726e-02,-3.810492613705e-01,9.096535606390e-03,-2.682995196652e-01,-3.503641015071e+00,-2.601216511331e-01,-3.498785698674e+00
2.484375606752e+00,3.671418455049e-01,-8.211024519249e-02,-3.810411461884e-01,1.392410450221e-02,-2.707745785001e-01,-3.517450771819e+00,-2.625933625835e-01,-3.512810437918e+00
2.485080642068e+00,3.670822285214e-01,-8.700747744860e-02,-3.810296208525e-01,1.877024581697e-02,-2.732593567680e-01,-3.531212493816e+00,-2.650749452017e-01,-3.526787608779e+00
2.485785677384e+00,3.670191534689e-01,-9.191987827231e-02,-3.810146723039e-01,2.363486014570e-02,-2.757538204958e-01,-3.544925877198e+00,-2.675663653392e-01,-3.540716895870e+00
2.486347328795e+00,3.669664245404e-01,-9.584401753986e-02,-3.810003057759e-01,2.752330576219e-02,-2.777478912207e-01,-3.555815565390e+00,-2.695581204737e-01,-3.551778897148e+00
2.486908980206e+00,3.669114889482e-01,-9.977764816196e-02,-3.809837520377e-01,3.142335695486e-02,-2.797480694423e-01,-3.566674230868e+00,-2.715560799621e-01,-3.562810150970e+00
2.487470631617e+00,3.668543413785e-01,-1.037207088753e-01,-3.809650045863e-01,3.533495997801e-02,-2.817543376936e-01,-3.577501720200e+00,-2.735602264904e-01,-3.573810497875e+00
2.488032283028e+00,3.667949765526e-01,-1.076731370048e-01,-3.809440569489e-01,3.925805955347e-02,-2.837666784216e-01,-3.588297880128e+00,-2.755705426548e-01,-3.584779778488e+00
2.488593934439e+00,3.667333892271e-01,-1.116348689945e-01,-3.809209026845e-01,4.319259946371e-02,-2.857850739868e-01,-3.599062557455e+00,-2.775870109622e-01,-3.595717833440e+00
2.489155585850e+00,3.666695741946e-01,-1.156058402333e-01,-3.808955353834e-01,4.713852235520e-02,-2.878095066641e-01,-3.609795599087e+00,-2.796096138299e-01,-3.606624503404e+00
2.489717237261e+00,3.666035262844e-01,-1.195859850696e-01,-3.808679486691e-01,5.109576975435e-02,-2.898399586424e-01,-3.620496852045e+00,-2.816383335857e-01,-3.617499629099e+00
2.490278888672e+00,3.665352403627e-01,-1.235752368113e-01,-3.808381361976e-01,5.506428206589e-02,-2.918764120244e-01,-3.631166163464e+00,-2.836731524680e-01,-3.628343051303e+00
2.490840540083e+00,3.664647113337e-01,-1.275735277251e-01,-3.808060916592e-01,5.904399857109e-02,-2.939188488274e-01,-3.641803380608e+00,-2.857140526259e-01,-3.639154610855e+00
2.491402191494e+00,3.663919341399e-01,-1.315807890360e-01,-3.807718087784e-01,6.303485742630e-02,-2.959672509826e-01,-3.652408350873e+00,-2.877610161189e-01,-3.649934148666e+00
2.491963842904e+00,3.663169037626e-01,-1.355969509275e-01,-3.807352813146e-01,6.703679566143e-02,-2.980216003358e-01,-3.662980921797e+00,-2.898140249174e-01,-3.660681505730e+00
2.492525494315e+00,3.662396152227e-01,-1.396219425408e-01,-3.806965030632e-01,7.104974917870e-02,-3.000818786470e-01,-3.673520941068e+00,-2.918730609023e-01,-3.671396523126e+00
2.493087145726e+00,3.661600635811e-01,-1.436556919753e-01,-3.806554678558e-01,7.507365275140e-02,-3.021480675909e-01,-3.684028256530e+00,-2.939381058654e-01,-3.682079042032e+00
2.493648797137e+00,3.660782439396e-01,-1.476981262886e-01,-3.806121695608e-01,7.910844002284e-02,-3.042201487565e-01,-3.694502716193e+00,-2.960091415094e-01,-3.692728903729e+00
2.494210448548e+00,3.659941514409e-01,-1.517491714964e-01,-3.805666020844e-01,8.315404350537e-02,-3.062981036478e-01,-3.704944168240e+00,-2.980861494477e-01,-3.703345949613e+00
2.494772099959e+00,3.659077812699e-01,-1.558087525735e-01,-3.805187593709e-01,8.721039457954e-02,-3.083819136834e-01,-3.715352461034e+00,-3.001691112047e-01,-3.713930021201e+00
2.495333751370e+00,3.658191286537e-01,-1.598767934535e-01,-3.804686354035e-01,9.127742349342e-02,-3.104715601968e-01,-3.725727443128e+00,-3.022580082160e-01,-3.724480960141e+00
2.495895402781e+00,3.657281888626e-01,-1.639532170298e-01,-3.804162242048e-01,9.535505936196e-02,-3.125670244366e-01,-3.736068963270e+00,-3.043528218282e-01,-3.734998608221e+00
2.496457054192e+00,3.656349572103e-01,-1.680379451563e-01,-3.803615198378e-01,9.944323016657e-02,-3.146682875664e-01,-3.746376870416e+00,-3.064535332988e-01,-3.745482807373e+00
2.497018705603e+00,3.655394290547e-01,-1.721308986481e-01,-3.803045164059e-01,1.035418627548e-01,-3.167753306650e-01,-3.756651013733e+00,-3.085601237971e-01,-3.755933399688e+00
2.497580357014e+00,3.654415997987e-01,-1.762319972825e-01,-3.802452080541e-01,1.076508828399e-01,-3.188881347267e-01,-3.766891242610e+00,-3.106725744033e-01,-3.766350227423e+00
2.498142008424e+00,3.653414648904e-01,-1.803411598000e-01,-3.801835889695e-01,1.117702150012e-01,-3.210066806611e-01,-3.777097406664e+00,-3.127908661093e-01,-3.776733133004e+00
2.498703659835e+00,3.652390198236e-01,-1.844583039056e-01,-3.801196533818e-01,1.158997826836e-01,-3.231309492934e-01,-3.787269355751e+00,-3.149149798185e-01,-3.787081959044e+00
2.499265311246e+00,3.651342601390e-01,-1.885833462700e-01,-3.800533955640e-01,1.200395081982e-01,-3.252609213648e-01,-3.797406939972e+00,-3.170448963458e-01,-3.797396548345e+00
2.499826962657e+00,3.650271814243e-01,-1.927162025312e-01,-3.799848098330e-01,1.241893127224e-01,-3.273965775322e-01,-3.807510009684e+00,-3.191805964182e-01,-3.807676743908e+00
2.500000000000e+00,3.649937240271e-01,-1.939910439415e-01,-3.799632096555e-01,1.254698328079e-01,-3.280556876435e-01,-3.810615656896e+00,-3.198397401041e-01,-3.810836984604e+00
